timestamp, memory.used [MiB], utilization.gpu [%]
2026/08/29 18:18:12.700, 0 MiB, 0 %
2026/08/29 18:18:14.704, 0 MiB, 0 %
2026/08/29 18:18:16.759, 267 MiB, 0 %
2026/08/29 18:18:18.759, 267 MiB, 0 %
2026/08/29 18:18:20.759, 3689 MiB, 1 %
2026/08/29 18:18:22.759, 14661 MiB, 96 %
2026/08/29 18:18:24.760, 14661 MiB, 100 %
2026/08/29 18:18:26.760, 14661 MiB, 52 %
2026/08/29 18:18:28.760, 14661 MiB, 100 %
2026/08/29 18:18:30.761, 14661 MiB, 100 %
2026/08/29 18:18:32.761, 14661 MiB, 100 %
2026/08/29 18:18:34.761, 14661 MiB, 90 %
2026/08/29 18:18:36.762, 14661 MiB, 100 %
2026/08/29 18:18:38.762, 14661 MiB, 100 %
2026/08/29 18:18:40.762, 14661 MiB, 54 %
2026/08/29 18:18:42.762, 14661 MiB, 100 %
2026/08/29 18:18:44.763, 14661 MiB, 100 %
2026/08/29 18:18:46.763, 14661 MiB, 100 %
2026/08/29 18:18:48.763, 14661 MiB, 100 %
2026/08/29 18:18:50.764, 14661 MiB, 98 %
2026/08/29 18:18:52.764, 14661 MiB, 100 %
2026/08/29 18:18:54.764, 14661 MiB, 93 %
2026/08/29 18:18:56.765, 14661 MiB, 98 %
2026/08/29 18:18:58.765, 14661 MiB, 100 %
2026/08/29 18:19:00.765, 14661 MiB, 66 %
2026/08/29 18:19:02.766, 14661 MiB, 100 %
2026/08/29 18:19:04.766, 14661 MiB, 100 %
2026/08/29 18:19:06.766, 14661 MiB, 50 %
2026/08/29 18:19:08.767, 14661 MiB, 100 %
2026/08/29 18:19:10.767, 14661 MiB, 100 %
2026/08/29 18:19:12.767, 14661 MiB, 100 %
2026/08/29 18:19:14.768, 14661 MiB, 100 %
2026/08/29 18:19:16.768, 14661 MiB, 98 %
2026/08/29 18:19:18.768, 14661 MiB, 100 %
2026/08/29 18:19:20.769, 14661 MiB, 93 %
2026/08/29 18:19:22.770, 14661 MiB, 98 %
2026/08/29 18:19:24.770, 14661 MiB, 100 %
2026/08/29 18:19:26.771, 14661 MiB, 56 %
2026/08/29 18:19:28.771, 14661 MiB, 100 %
2026/08/29 18:19:30.771, 14661 MiB, 100 %
2026/08/29 18:19:32.772, 14661 MiB, 51 %
2026/08/29 18:19:34.772, 14661 MiB, 100 %
2026/08/29 18:19:36.772, 14661 MiB, 100 %
2026/08/29 18:19:38.772, 14661 MiB, 100 %
2026/08/29 18:19:40.773, 14661 MiB, 100 %
2026/08/29 18:19:42.773, 14661 MiB, 98 %
2026/08/29 18:19:44.773, 14661 MiB, 100 %
2026/08/29 18:19:46.774, 14661 MiB, 95 %
2026/08/29 18:19:48.774, 14661 MiB, 98 %
2026/08/29 18:19:50.774, 14661 MiB, 100 %
2026/08/29 18:19:52.775, 14661 MiB, 53 %
2026/08/29 18:19:54.775, 14661 MiB, 100 %
2026/08/29 18:19:56.775, 14661 MiB, 98 %
2026/08/29 18:19:58.776, 14661 MiB, 100 %
2026/08/29 18:20:00.776, 14661 MiB, 100 %
2026/08/29 18:20:02.776, 14661 MiB, 98 %
2026/08/29 18:20:04.777, 14661 MiB, 100 %
2026/08/29 18:20:06.777, 14661 MiB, 91 %
2026/08/29 18:20:08.777, 14661 MiB, 99 %
2026/08/29 18:20:10.777, 14661 MiB, 100 %
2026/08/29 18:20:12.778, 14661 MiB, 55 %
2026/08/29 18:20:14.778, 14661 MiB, 100 %
2026/08/29 18:20:16.778, 14661 MiB, 100 %
2026/08/29 18:20:18.779, 14661 MiB, 50 %
2026/08/29 18:20:20.779, 14661 MiB, 100 %
2026/08/29 18:20:22.779, 14661 MiB, 100 %
2026/08/29 18:20:24.780, 14661 MiB, 70 %
2026/08/29 18:20:26.780, 14661 MiB, 100 %
2026/08/29 18:20:28.780, 14661 MiB, 100 %
2026/08/29 18:20:30.781, 14661 MiB, 100 %
2026/08/29 18:20:32.781, 14661 MiB, 100 %
2026/08/29 18:20:34.781, 14661 MiB, 98 %
2026/08/29 18:20:36.781, 14661 MiB, 100 %
2026/08/29 18:20:38.782, 14661 MiB, 100 %
2026/08/29 18:20:40.782, 14661 MiB, 98 %
2026/08/29 18:20:42.782, 14661 MiB, 100 %
2026/08/29 18:20:44.783, 14661 MiB, 100 %
2026/08/29 18:20:46.783, 14661 MiB, 98 %
2026/08/29 18:20:48.783, 14661 MiB, 100 %
2026/08/29 18:20:50.784, 14661 MiB, 87 %
2026/08/29 18:20:52.784, 14661 MiB, 98 %
2026/08/29 18:20:54.784, 14661 MiB, 100 %
2026/08/29 18:20:56.785, 14661 MiB, 59 %
2026/08/29 18:20:58.785, 14661 MiB, 100 %
2026/08/29 18:21:00.785, 14661 MiB, 100 %
2026/08/29 18:21:02.786, 14661 MiB, 51 %
2026/08/29 18:21:04.786, 14661 MiB, 100 %
2026/08/29 18:21:06.786, 14661 MiB, 100 %
2026/08/29 18:21:08.787, 14661 MiB, 59 %
2026/08/29 18:21:10.787, 14661 MiB, 100 %
2026/08/29 18:21:12.787, 14661 MiB, 100 %
2026/08/29 18:21:14.787, 14661 MiB, 91 %
2026/08/29 18:21:16.788, 14661 MiB, 100 %
2026/08/29 18:21:18.788, 14661 MiB, 100 %
2026/08/29 18:21:20.788, 14661 MiB, 100 %
2026/08/29 18:21:22.789, 14661 MiB, 100 %
2026/08/29 18:21:24.789, 14661 MiB, 99 %
2026/08/29 18:21:26.789, 14661 MiB, 100 %
2026/08/29 18:21:28.790, 14661 MiB, 100 %
2026/08/29 18:21:30.790, 14661 MiB, 98 %
2026/08/29 18:21:32.790, 14661 MiB, 100 %
2026/08/29 18:21:34.791, 14661 MiB, 84 %
2026/08/29 18:21:36.791, 14661 MiB, 98 %
2026/08/29 18:21:38.791, 14661 MiB, 100 %
2026/08/29 18:21:40.792, 14661 MiB, 74 %
2026/08/29 18:21:42.792, 14661 MiB, 100 %
2026/08/29 18:21:44.792, 14661 MiB, 100 %
2026/08/29 18:21:46.793, 14661 MiB, 58 %
2026/08/29 18:21:48.793, 14661 MiB, 100 %
2026/08/29 18:21:50.793, 14661 MiB, 100 %
2026/08/29 18:21:52.793, 14661 MiB, 49 %
2026/08/29 18:21:54.794, 14661 MiB, 100 %
2026/08/29 18:21:56.794, 14661 MiB, 100 %
2026/08/29 18:21:58.794, 14661 MiB, 49 %
2026/08/29 18:22:00.795, 14661 MiB, 100 %
2026/08/29 18:22:02.795, 14661 MiB, 100 %
2026/08/29 18:22:04.795, 14661 MiB, 53 %
2026/08/29 18:22:06.796, 14661 MiB, 100 %
2026/08/29 18:22:08.797, 14661 MiB, 100 %
2026/08/29 18:22:10.797, 14661 MiB, 66 %
2026/08/29 18:22:12.797, 14661 MiB, 100 %
2026/08/29 18:22:14.797, 14661 MiB, 100 %
2026/08/29 18:22:16.797, 14661 MiB, 96 %
2026/08/29 18:22:18.798, 14661 MiB, 100 %
2026/08/29 18:22:20.798, 14661 MiB, 100 %
2026/08/29 18:22:22.798, 14661 MiB, 100 %
2026/08/29 18:22:24.798, 14661 MiB, 100 %
2026/08/29 18:22:26.798, 14661 MiB, 98 %
2026/08/29 18:22:28.798, 14661 MiB, 100 %
2026/08/29 18:22:30.798, 14661 MiB, 100 %
2026/08/29 18:22:32.799, 14661 MiB, 98 %
2026/08/29 18:22:34.799, 14661 MiB, 100 %
2026/08/29 18:22:36.799, 14661 MiB, 98 %
2026/08/29 18:22:38.799, 14661 MiB, 98 %
2026/08/29 18:22:40.799, 14661 MiB, 100 %
2026/08/29 18:22:42.799, 14661 MiB, 71 %
2026/08/29 18:22:44.799, 14661 MiB, 100 %
2026/08/29 18:22:46.799, 14661 MiB, 100 %
2026/08/29 18:22:48.800, 14661 MiB, 51 %
2026/08/29 18:22:50.800, 14661 MiB, 100 %
2026/08/29 18:22:52.800, 14661 MiB, 100 %
2026/08/29 18:22:54.800, 14661 MiB, 59 %
2026/08/29 18:22:56.800, 14661 MiB, 100 %
2026/08/29 18:22:58.800, 14661 MiB, 100 %
2026/08/29 18:23:00.800, 14661 MiB, 75 %
2026/08/29 18:23:02.801, 14661 MiB, 100 %
2026/08/29 18:23:04.801, 14661 MiB, 100 %
2026/08/29 18:23:06.801, 14661 MiB, 86 %
2026/08/29 18:23:08.801, 14661 MiB, 100 %
2026/08/29 18:23:10.801, 14661 MiB, 100 %
2026/08/29 18:23:12.801, 14661 MiB, 87 %
2026/08/29 18:23:14.801, 14661 MiB, 100 %
2026/08/29 18:23:16.802, 14661 MiB, 100 %
2026/08/29 18:23:18.802, 14661 MiB, 100 %
2026/08/29 18:23:20.802, 14661 MiB, 100 %
2026/08/29 18:23:22.802, 14661 MiB, 99 %
2026/08/29 18:23:24.802, 14661 MiB, 100 %
2026/08/29 18:23:26.803, 14661 MiB, 100 %
2026/08/29 18:23:28.803, 14661 MiB, 98 %
2026/08/29 18:23:30.803, 14661 MiB, 100 %
2026/08/29 18:23:32.803, 14661 MiB, 100 %
2026/08/29 18:23:34.804, 14661 MiB, 98 %
2026/08/29 18:23:36.804, 14661 MiB, 100 %
2026/08/29 18:23:38.804, 14661 MiB, 100 %
2026/08/29 18:23:40.805, 14661 MiB, 98 %
2026/08/29 18:23:42.805, 14661 MiB, 100 %
2026/08/29 18:23:44.805, 14661 MiB, 83 %
2026/08/29 18:23:46.806, 14661 MiB, 97 %
2026/08/29 18:23:48.806, 14661 MiB, 100 %
2026/08/29 18:23:50.806, 14661 MiB, 97 %
2026/08/29 18:23:52.807, 14661 MiB, 98 %
2026/08/29 18:23:54.807, 14661 MiB, 100 %
2026/08/29 18:23:56.807, 14661 MiB, 100 %
2026/08/29 18:23:58.808, 14661 MiB, 98 %
2026/08/29 18:24:00.808, 14661 MiB, 100 %
2026/08/29 18:24:02.808, 14661 MiB, 100 %
2026/08/29 18:24:04.808, 14661 MiB, 98 %
2026/08/29 18:24:06.809, 14661 MiB, 100 %
2026/08/29 18:24:08.809, 14661 MiB, 99 %
2026/08/29 18:24:10.809, 14661 MiB, 99 %
2026/08/29 18:24:12.809, 14661 MiB, 100 %
2026/08/29 18:24:14.809, 14661 MiB, 80 %
2026/08/29 18:24:16.809, 14661 MiB, 98 %
2026/08/29 18:24:18.810, 14661 MiB, 100 %
2026/08/29 18:24:20.810, 14661 MiB, 71 %
2026/08/29 18:24:22.810, 14661 MiB, 100 %
2026/08/29 18:24:24.810, 14661 MiB, 100 %
2026/08/29 18:24:26.810, 14661 MiB, 100 %
2026/08/29 18:24:28.810, 14661 MiB, 100 %
2026/08/29 18:24:30.811, 14661 MiB, 100 %
2026/08/29 18:24:32.811, 14661 MiB, 99 %
2026/08/29 18:24:34.811, 14661 MiB, 100 %
2026/08/29 18:24:36.811, 14661 MiB, 100 %
2026/08/29 18:24:38.811, 14661 MiB, 100 %
2026/08/29 18:24:40.812, 14661 MiB, 100 %
2026/08/29 18:24:42.812, 14661 MiB, 98 %
2026/08/29 18:24:44.812, 14661 MiB, 100 %
2026/08/29 18:24:46.812, 14661 MiB, 100 %
2026/08/29 18:24:48.812, 14661 MiB, 98 %
2026/08/29 18:24:50.812, 14661 MiB, 100 %
2026/08/29 18:24:52.813, 14661 MiB, 95 %
2026/08/29 18:24:54.813, 14661 MiB, 98 %
2026/08/29 18:24:56.813, 14661 MiB, 100 %
2026/08/29 18:24:58.813, 14661 MiB, 57 %
2026/08/29 18:25:00.813, 14661 MiB, 100 %
2026/08/29 18:25:02.813, 14661 MiB, 100 %
2026/08/29 18:25:04.814, 14661 MiB, 56 %
2026/08/29 18:25:06.814, 14661 MiB, 100 %
2026/08/29 18:25:08.814, 14661 MiB, 100 %
2026/08/29 18:25:10.814, 14661 MiB, 72 %
2026/08/29 18:25:12.815, 14661 MiB, 100 %
2026/08/29 18:25:14.815, 14661 MiB, 100 %
2026/08/29 18:25:16.815, 14661 MiB, 92 %
2026/08/29 18:25:18.816, 14661 MiB, 100 %
2026/08/29 18:25:20.816, 14661 MiB, 99 %
2026/08/29 18:25:22.816, 14661 MiB, 100 %
2026/08/29 18:25:24.816, 14661 MiB, 100 %
2026/08/29 18:25:26.816, 14661 MiB, 98 %
2026/08/29 18:25:28.817, 14661 MiB, 100 %
2026/08/29 18:25:30.817, 14661 MiB, 87 %
2026/08/29 18:25:32.817, 14661 MiB, 100 %
2026/08/29 18:25:34.817, 14661 MiB, 100 %
2026/08/29 18:25:36.817, 14661 MiB, 54 %
2026/08/29 18:25:38.817, 14661 MiB, 100 %
2026/08/29 18:25:40.817, 14661 MiB, 100 %
2026/08/29 18:25:42.818, 14661 MiB, 68 %
2026/08/29 18:25:44.818, 14661 MiB, 100 %
2026/08/29 18:25:46.818, 14661 MiB, 100 %
2026/08/29 18:25:48.818, 14661 MiB, 89 %
2026/08/29 18:25:50.818, 14661 MiB, 100 %
2026/08/29 18:25:52.818, 14661 MiB, 100 %
2026/08/29 18:25:54.819, 14661 MiB, 100 %
2026/08/29 18:25:56.819, 14661 MiB, 100 %
2026/08/29 18:25:58.819, 14661 MiB, 99 %
2026/08/29 18:26:00.819, 14661 MiB, 100 %
2026/08/29 18:26:02.819, 14661 MiB, 100 %
2026/08/29 18:26:04.819, 14661 MiB, 98 %
2026/08/29 18:26:06.820, 14661 MiB, 100 %
2026/08/29 18:26:08.820, 14661 MiB, 100 %
2026/08/29 18:26:10.820, 14661 MiB, 99 %
2026/08/29 18:26:12.820, 14661 MiB, 100 %
2026/08/29 18:26:14.821, 14661 MiB, 79 %
2026/08/29 18:26:16.821, 14661 MiB, 100 %
2026/08/29 18:26:18.821, 14661 MiB, 100 %
2026/08/29 18:26:20.821, 14661 MiB, 52 %
2026/08/29 18:26:22.821, 14661 MiB, 100 %
2026/08/29 18:26:24.822, 14661 MiB, 100 %
2026/08/29 18:26:26.822, 14661 MiB, 68 %
2026/08/29 18:26:28.822, 14661 MiB, 100 %
2026/08/29 18:26:30.822, 14661 MiB, 100 %
2026/08/29 18:26:32.822, 14661 MiB, 94 %
2026/08/29 18:26:34.823, 14661 MiB, 100 %
2026/08/29 18:26:36.823, 14661 MiB, 100 %
2026/08/29 18:26:38.823, 14661 MiB, 100 %
2026/08/29 18:26:40.823, 14661 MiB, 100 %
2026/08/29 18:26:42.823, 14661 MiB, 98 %
2026/08/29 18:26:44.823, 14661 MiB, 100 %
2026/08/29 18:26:46.824, 14661 MiB, 100 %
2026/08/29 18:26:48.824, 14661 MiB, 98 %
2026/08/29 18:26:50.824, 14661 MiB, 100 %
2026/08/29 18:26:52.824, 14661 MiB, 100 %
2026/08/29 18:26:54.824, 14661 MiB, 98 %
2026/08/29 18:26:56.846, 14661 MiB, 100 %
2026/08/29 18:26:58.847, 14661 MiB, 84 %
2026/08/29 18:27:00.847, 14661 MiB, 98 %
2026/08/29 18:27:02.847, 14661 MiB, 100 %
2026/08/29 18:27:04.847, 14661 MiB, 62 %
2026/08/29 18:27:06.847, 14661 MiB, 100 %
2026/08/29 18:27:08.847, 14661 MiB, 100 %
2026/08/29 18:27:10.848, 14661 MiB, 50 %
2026/08/29 18:27:12.848, 14661 MiB, 100 %
2026/08/29 18:27:14.848, 14661 MiB, 100 %
2026/08/29 18:27:16.848, 14661 MiB, 51 %
2026/08/29 18:27:18.848, 14661 MiB, 100 %
2026/08/29 18:27:20.848, 14661 MiB, 100 %
2026/08/29 18:27:22.848, 14661 MiB, 70 %
2026/08/29 18:27:24.849, 14661 MiB, 100 %
2026/08/29 18:27:26.849, 14661 MiB, 100 %
2026/08/29 18:27:28.849, 14661 MiB, 84 %
2026/08/29 18:27:30.849, 14661 MiB, 100 %
2026/08/29 18:27:32.849, 14661 MiB, 100 %
2026/08/29 18:27:34.849, 14661 MiB, 100 %
2026/08/29 18:27:36.850, 14661 MiB, 100 %
2026/08/29 18:27:38.850, 14661 MiB, 98 %
2026/08/29 18:27:40.850, 14661 MiB, 100 %
2026/08/29 18:27:42.850, 14661 MiB, 100 %
2026/08/29 18:27:44.850, 14661 MiB, 98 %
2026/08/29 18:27:46.851, 14661 MiB, 100 %
2026/08/29 18:27:48.851, 14661 MiB, 100 %
2026/08/29 18:27:50.851, 14661 MiB, 98 %
2026/08/29 18:27:52.851, 14661 MiB, 100 %
2026/08/29 18:27:54.851, 14661 MiB, 100 %
2026/08/29 18:27:56.852, 14661 MiB, 98 %
2026/08/29 18:27:58.852, 14661 MiB, 100 %
2026/08/29 18:28:00.852, 14661 MiB, 73 %
2026/08/29 18:28:02.852, 14661 MiB, 100 %
2026/08/29 18:28:04.852, 14661 MiB, 100 %
2026/08/29 18:28:06.852, 14661 MiB, 52 %
2026/08/29 18:28:08.853, 14661 MiB, 100 %
2026/08/29 18:28:10.853, 14661 MiB, 100 %
2026/08/29 18:28:12.853, 14661 MiB, 42 %
2026/08/29 18:28:14.853, 14661 MiB, 100 %
2026/08/29 18:28:16.853, 14661 MiB, 100 %
2026/08/29 18:28:18.853, 14661 MiB, 51 %
2026/08/29 18:28:20.854, 14661 MiB, 100 %
2026/08/29 18:28:22.854, 14661 MiB, 100 %
2026/08/29 18:28:24.854, 14661 MiB, 64 %
2026/08/29 18:28:26.854, 14661 MiB, 100 %
2026/08/29 18:28:28.854, 14661 MiB, 100 %
2026/08/29 18:28:30.854, 14661 MiB, 71 %
2026/08/29 18:28:32.855, 14661 MiB, 100 %
2026/08/29 18:28:34.855, 14661 MiB, 100 %
2026/08/29 18:28:36.855, 14661 MiB, 90 %
2026/08/29 18:28:38.855, 14661 MiB, 100 %
2026/08/29 18:28:40.855, 14661 MiB, 100 %
2026/08/29 18:28:42.856, 14661 MiB, 100 %
2026/08/29 18:28:44.856, 14661 MiB, 100 %
2026/08/29 18:28:46.856, 14661 MiB, 98 %
2026/08/29 18:28:48.856, 14661 MiB, 100 %
2026/08/29 18:28:50.856, 14661 MiB, 100 %
2026/08/29 18:28:52.856, 14661 MiB, 99 %
2026/08/29 18:28:54.856, 14661 MiB, 100 %
2026/08/29 18:28:56.857, 14661 MiB, 58 %
2026/08/29 18:28:58.857, 14661 MiB, 100 %
2026/08/29 18:29:00.857, 14661 MiB, 100 %
2026/08/29 18:29:02.857, 14661 MiB, 76 %
2026/08/29 18:29:04.857, 14661 MiB, 100 %
2026/08/29 18:29:06.857, 14661 MiB, 100 %
2026/08/29 18:29:08.857, 14661 MiB, 100 %
2026/08/29 18:29:10.857, 14661 MiB, 100 %
2026/08/29 18:29:12.858, 14661 MiB, 98 %
2026/08/29 18:29:14.858, 14661 MiB, 100 %
2026/08/29 18:29:16.858, 14661 MiB, 100 %
2026/08/29 18:29:18.858, 14661 MiB, 98 %
2026/08/29 18:29:20.858, 14661 MiB, 100 %
2026/08/29 18:29:22.858, 14661 MiB, 96 %
2026/08/29 18:29:24.859, 14661 MiB, 98 %
2026/08/29 18:29:26.859, 14661 MiB, 100 %
2026/08/29 18:29:28.859, 14661 MiB, 62 %
2026/08/29 18:29:30.859, 14661 MiB, 100 %
2026/08/29 18:29:32.859, 14661 MiB, 100 %
2026/08/29 18:29:34.859, 14661 MiB, 53 %
2026/08/29 18:29:36.860, 14661 MiB, 100 %
2026/08/29 18:29:38.860, 14661 MiB, 100 %
2026/08/29 18:29:40.860, 14661 MiB, 80 %
2026/08/29 18:29:42.860, 14661 MiB, 100 %
2026/08/29 18:29:44.860, 14661 MiB, 100 %
2026/08/29 18:29:46.860, 14661 MiB, 100 %
2026/08/29 18:29:48.860, 14661 MiB, 100 %
2026/08/29 18:29:50.861, 14661 MiB, 98 %
2026/08/29 18:29:52.861, 14661 MiB, 100 %
2026/08/29 18:29:54.861, 14661 MiB, 100 %
2026/08/29 18:29:56.861, 14661 MiB, 98 %
2026/08/29 18:29:58.861, 14661 MiB, 100 %
2026/08/29 18:30:00.862, 14661 MiB, 91 %
2026/08/29 18:30:02.862, 14661 MiB, 98 %
2026/08/29 18:30:04.862, 14661 MiB, 100 %
2026/08/29 18:30:06.862, 14661 MiB, 61 %
2026/08/29 18:30:08.862, 14661 MiB, 100 %
2026/08/29 18:30:10.862, 14661 MiB, 100 %
2026/08/29 18:30:12.862, 14661 MiB, 50 %
2026/08/29 18:30:14.863, 14661 MiB, 100 %
2026/08/29 18:30:16.863, 14661 MiB, 100 %
2026/08/29 18:30:18.863, 14661 MiB, 64 %
2026/08/29 18:30:20.863, 14661 MiB, 100 %
2026/08/29 18:30:22.863, 14661 MiB, 100 %
2026/08/29 18:30:24.864, 14661 MiB, 90 %
2026/08/29 18:30:26.864, 14661 MiB, 100 %
2026/08/29 18:30:28.864, 14661 MiB, 100 %
2026/08/29 18:30:30.864, 14661 MiB, 100 %
2026/08/29 18:30:32.864, 14661 MiB, 100 %
2026/08/29 18:30:34.865, 14661 MiB, 98 %
2026/08/29 18:30:36.865, 14661 MiB, 100 %
2026/08/29 18:30:38.865, 14661 MiB, 100 %
2026/08/29 18:30:40.865, 14661 MiB, 98 %
2026/08/29 18:30:42.865, 14661 MiB, 100 %
2026/08/29 18:30:44.865, 14661 MiB, 94 %
2026/08/29 18:30:46.866, 14661 MiB, 98 %
2026/08/29 18:30:48.866, 14661 MiB, 100 %
2026/08/29 18:30:50.866, 14661 MiB, 68 %
2026/08/29 18:30:52.866, 14661 MiB, 100 %
2026/08/29 18:30:54.866, 14661 MiB, 100 %
2026/08/29 18:30:56.866, 14661 MiB, 53 %
2026/08/29 18:30:58.866, 14661 MiB, 100 %
2026/08/29 18:31:00.867, 14661 MiB, 100 %
2026/08/29 18:31:02.867, 14661 MiB, 73 %
2026/08/29 18:31:04.867, 14661 MiB, 100 %
2026/08/29 18:31:06.867, 14661 MiB, 100 %
2026/08/29 18:31:08.867, 14661 MiB, 100 %
2026/08/29 18:31:10.867, 14661 MiB, 100 %
2026/08/29 18:31:12.867, 14661 MiB, 98 %
2026/08/29 18:31:14.868, 14661 MiB, 100 %
2026/08/29 18:31:16.868, 14661 MiB, 100 %
2026/08/29 18:31:18.868, 14661 MiB, 98 %
2026/08/29 18:31:20.868, 14661 MiB, 100 %
2026/08/29 18:31:22.868, 14661 MiB, 92 %
2026/08/29 18:31:24.868, 14661 MiB, 98 %
2026/08/29 18:31:26.868, 14661 MiB, 100 %
2026/08/29 18:31:28.869, 14661 MiB, 68 %
2026/08/29 18:31:30.869, 14661 MiB, 100 %
2026/08/29 18:31:32.869, 14661 MiB, 100 %
2026/08/29 18:31:34.869, 14661 MiB, 51 %
2026/08/29 18:31:36.869, 14661 MiB, 100 %
2026/08/29 18:31:38.869, 14661 MiB, 100 %
2026/08/29 18:31:40.870, 14661 MiB, 55 %
2026/08/29 18:31:42.870, 14661 MiB, 100 %
2026/08/29 18:31:44.870, 14661 MiB, 100 %
2026/08/29 18:31:46.870, 14661 MiB, 86 %
2026/08/29 18:31:48.870, 14661 MiB, 100 %
2026/08/29 18:31:50.870, 14661 MiB, 100 %
2026/08/29 18:31:52.870, 14661 MiB, 100 %
2026/08/29 18:31:54.871, 14661 MiB, 100 %
2026/08/29 18:31:56.871, 14661 MiB, 98 %
2026/08/29 18:31:58.871, 14661 MiB, 100 %
2026/08/29 18:32:00.871, 14661 MiB, 100 %
2026/08/29 18:32:02.871, 14661 MiB, 99 %
2026/08/29 18:32:04.871, 14661 MiB, 100 %
2026/08/29 18:32:06.872, 14661 MiB, 84 %
2026/08/29 18:32:08.872, 14661 MiB, 98 %
2026/08/29 18:32:10.872, 14661 MiB, 100 %
2026/08/29 18:32:12.872, 14661 MiB, 61 %
2026/08/29 18:32:14.872, 14661 MiB, 100 %
2026/08/29 18:32:16.872, 14661 MiB, 100 %
2026/08/29 18:32:18.873, 14661 MiB, 56 %
2026/08/29 18:32:20.873, 14661 MiB, 100 %
2026/08/29 18:32:22.873, 14661 MiB, 100 %
2026/08/29 18:32:24.873, 14661 MiB, 83 %
2026/08/29 18:32:26.873, 14661 MiB, 100 %
2026/08/29 18:32:28.874, 14661 MiB, 100 %
2026/08/29 18:32:30.874, 14661 MiB, 99 %
2026/08/29 18:32:32.874, 14661 MiB, 100 %
2026/08/29 18:32:34.874, 14661 MiB, 100 %
2026/08/29 18:32:36.874, 14661 MiB, 100 %
2026/08/29 18:32:38.874, 14661 MiB, 100 %
2026/08/29 18:32:40.875, 14661 MiB, 98 %
2026/08/29 18:32:42.875, 14661 MiB, 100 %
2026/08/29 18:32:44.875, 14661 MiB, 100 %
2026/08/29 18:32:46.875, 14661 MiB, 98 %
2026/08/29 18:32:48.875, 14661 MiB, 100 %
2026/08/29 18:32:50.876, 14661 MiB, 99 %
2026/08/29 18:32:52.876, 14661 MiB, 99 %
2026/08/29 18:32:54.876, 14661 MiB, 100 %
2026/08/29 18:32:56.876, 14661 MiB, 74 %
2026/08/29 18:32:58.877, 14661 MiB, 100 %
2026/08/29 18:33:00.877, 14661 MiB, 100 %
2026/08/29 18:33:02.877, 14661 MiB, 51 %
2026/08/29 18:33:04.877, 14661 MiB, 100 %
2026/08/29 18:33:06.877, 14661 MiB, 100 %
2026/08/29 18:33:08.877, 14661 MiB, 53 %
2026/08/29 18:33:10.877, 14661 MiB, 100 %
2026/08/29 18:33:12.878, 14661 MiB, 100 %
2026/08/29 18:33:14.878, 14661 MiB, 80 %
2026/08/29 18:33:16.878, 14661 MiB, 100 %
2026/08/29 18:33:18.878, 14661 MiB, 100 %
2026/08/29 18:33:20.878, 14661 MiB, 100 %
2026/08/29 18:33:22.878, 14661 MiB, 100 %
2026/08/29 18:33:24.879, 14661 MiB, 99 %
2026/08/29 18:33:26.879, 14661 MiB, 100 %
2026/08/29 18:33:28.879, 14661 MiB, 100 %
2026/08/29 18:33:30.879, 14661 MiB, 100 %
2026/08/29 18:33:32.880, 14661 MiB, 100 %
2026/08/29 18:33:34.880, 14661 MiB, 59 %
2026/08/29 18:33:36.880, 14661 MiB, 100 %
2026/08/29 18:33:38.880, 14661 MiB, 100 %
2026/08/29 18:33:40.880, 14661 MiB, 86 %
2026/08/29 18:33:42.881, 14661 MiB, 100 %
2026/08/29 18:33:44.881, 14661 MiB, 100 %
2026/08/29 18:33:46.881, 14661 MiB, 100 %
2026/08/29 18:33:48.881, 14661 MiB, 100 %
2026/08/29 18:33:50.881, 14661 MiB, 98 %
2026/08/29 18:33:52.882, 14661 MiB, 100 %
2026/08/29 18:33:54.882, 14661 MiB, 100 %
2026/08/29 18:33:56.882, 14661 MiB, 98 %
2026/08/29 18:33:58.882, 14661 MiB, 100 %
2026/08/29 18:34:00.882, 14661 MiB, 100 %
2026/08/29 18:34:02.883, 14661 MiB, 99 %
2026/08/29 18:34:04.883, 14661 MiB, 100 %
2026/08/29 18:34:06.883, 14661 MiB, 86 %
2026/08/29 18:34:08.883, 14661 MiB, 98 %
2026/08/29 18:34:10.883, 14661 MiB, 100 %
2026/08/29 18:34:12.884, 14661 MiB, 70 %
2026/08/29 18:34:14.884, 14661 MiB, 100 %
2026/08/29 18:34:16.884, 14661 MiB, 100 %
2026/08/29 18:34:18.884, 14661 MiB, 100 %
2026/08/29 18:34:20.884, 14661 MiB, 98 %
2026/08/29 18:34:22.885, 14661 MiB, 100 %
2026/08/29 18:34:24.885, 14661 MiB, 100 %
2026/08/29 18:34:26.885, 14661 MiB, 98 %
2026/08/29 18:34:28.885, 14661 MiB, 100 %
2026/08/29 18:34:30.885, 14661 MiB, 100 %
2026/08/29 18:34:32.885, 14661 MiB, 99 %
2026/08/29 18:34:34.886, 14661 MiB, 100 %
2026/08/29 18:34:36.886, 14661 MiB, 82 %
2026/08/29 18:34:38.886, 14661 MiB, 99 %
2026/08/29 18:34:40.886, 14661 MiB, 100 %
2026/08/29 18:34:42.886, 14661 MiB, 54 %
2026/08/29 18:34:44.887, 14661 MiB, 100 %
2026/08/29 18:34:46.887, 14661 MiB, 100 %
2026/08/29 18:34:48.887, 14661 MiB, 51 %
2026/08/29 18:34:50.887, 14661 MiB, 100 %
2026/08/29 18:34:52.887, 14661 MiB, 100 %
2026/08/29 18:34:54.888, 14661 MiB, 65 %
2026/08/29 18:34:56.888, 14661 MiB, 100 %
2026/08/29 18:34:58.888, 14661 MiB, 100 %
2026/08/29 18:35:00.888, 14661 MiB, 89 %
2026/08/29 18:35:02.888, 14661 MiB, 100 %
2026/08/29 18:35:04.888, 14661 MiB, 100 %
2026/08/29 18:35:06.889, 14661 MiB, 100 %
2026/08/29 18:35:08.889, 14661 MiB, 100 %
2026/08/29 18:35:10.889, 14661 MiB, 98 %
2026/08/29 18:35:12.889, 14661 MiB, 100 %
2026/08/29 18:35:14.889, 14661 MiB, 100 %
2026/08/29 18:35:16.889, 14661 MiB, 98 %
2026/08/29 18:35:18.889, 14661 MiB, 100 %
2026/08/29 18:35:20.890, 14661 MiB, 100 %
2026/08/29 18:35:22.890, 14661 MiB, 98 %
2026/08/29 18:35:24.890, 14661 MiB, 100 %
2026/08/29 18:35:26.890, 14661 MiB, 85 %
2026/08/29 18:35:28.890, 14661 MiB, 98 %
2026/08/29 18:35:30.890, 14661 MiB, 100 %
2026/08/29 18:35:32.891, 14661 MiB, 61 %
2026/08/29 18:35:34.891, 14661 MiB, 100 %
2026/08/29 18:35:36.891, 14661 MiB, 100 %
2026/08/29 18:35:38.891, 14661 MiB, 51 %
2026/08/29 18:35:40.891, 14661 MiB, 100 %
2026/08/29 18:35:42.892, 14661 MiB, 100 %
2026/08/29 18:35:44.892, 14661 MiB, 51 %
2026/08/29 18:35:46.892, 14661 MiB, 100 %
2026/08/29 18:35:48.892, 14661 MiB, 100 %
2026/08/29 18:35:50.892, 14661 MiB, 74 %
2026/08/29 18:35:52.892, 14661 MiB, 100 %
2026/08/29 18:35:54.893, 14661 MiB, 100 %
2026/08/29 18:35:56.893, 14661 MiB, 93 %
2026/08/29 18:35:58.893, 14661 MiB, 100 %
2026/08/29 18:36:00.893, 14661 MiB, 100 %
2026/08/29 18:36:02.894, 14661 MiB, 100 %
2026/08/29 18:36:04.894, 14661 MiB, 100 %
2026/08/29 18:36:06.894, 14661 MiB, 98 %
2026/08/29 18:36:08.894, 14661 MiB, 100 %
2026/08/29 18:36:10.894, 14661 MiB, 100 %
2026/08/29 18:36:12.894, 14661 MiB, 98 %
2026/08/29 18:36:14.895, 14661 MiB, 100 %
2026/08/29 18:36:16.895, 14661 MiB, 100 %
2026/08/29 18:36:18.895, 14661 MiB, 98 %
2026/08/29 18:36:20.895, 14661 MiB, 100 %
2026/08/29 18:36:22.895, 14661 MiB, 100 %
2026/08/29 18:36:24.895, 14661 MiB, 98 %
2026/08/29 18:36:26.896, 14661 MiB, 100 %
2026/08/29 18:36:28.896, 14661 MiB, 87 %
2026/08/29 18:36:30.896, 14661 MiB, 98 %
2026/08/29 18:36:32.896, 14661 MiB, 100 %
2026/08/29 18:36:34.896, 14661 MiB, 65 %
2026/08/29 18:36:36.896, 14661 MiB, 100 %
2026/08/29 18:36:38.897, 14661 MiB, 100 %
2026/08/29 18:36:40.897, 14661 MiB, 52 %
2026/08/29 18:36:42.897, 14661 MiB, 100 %
2026/08/29 18:36:44.897, 14661 MiB, 100 %
2026/08/29 18:36:46.897, 14661 MiB, 65 %
2026/08/29 18:36:48.897, 14661 MiB, 100 %
2026/08/29 18:36:50.897, 14661 MiB, 100 %
2026/08/29 18:36:52.897, 14661 MiB, 94 %
2026/08/29 18:36:54.898, 14661 MiB, 100 %
2026/08/29 18:36:56.898, 14661 MiB, 100 %
2026/08/29 18:36:58.898, 14661 MiB, 100 %
2026/08/29 18:37:00.898, 14661 MiB, 100 %
2026/08/29 18:37:02.899, 14661 MiB, 99 %
2026/08/29 18:37:04.899, 14661 MiB, 100 %
2026/08/29 18:37:06.899, 14661 MiB, 100 %
2026/08/29 18:37:08.899, 14661 MiB, 99 %
2026/08/29 18:37:10.899, 14661 MiB, 100 %
2026/08/29 18:37:12.899, 14661 MiB, 93 %
2026/08/29 18:37:14.900, 14661 MiB, 98 %
2026/08/29 18:37:16.900, 14661 MiB, 100 %
2026/08/29 18:37:18.900, 14661 MiB, 76 %
2026/08/29 18:37:20.900, 14661 MiB, 100 %
2026/08/29 18:37:22.900, 14661 MiB, 100 %
2026/08/29 18:37:24.900, 14661 MiB, 58 %
2026/08/29 18:37:26.900, 14661 MiB, 100 %
2026/08/29 18:37:28.901, 14661 MiB, 100 %
2026/08/29 18:37:30.901, 14661 MiB, 51 %
2026/08/29 18:37:32.901, 14661 MiB, 100 %
2026/08/29 18:37:34.901, 14661 MiB, 100 %
2026/08/29 18:37:36.901, 14661 MiB, 63 %
2026/08/29 18:37:38.902, 14661 MiB, 100 %
2026/08/29 18:37:40.902, 14661 MiB, 100 %
2026/08/29 18:37:42.902, 14661 MiB, 86 %
2026/08/29 18:37:44.902, 14661 MiB, 100 %
2026/08/29 18:37:46.902, 14661 MiB, 100 %
2026/08/29 18:37:48.903, 14661 MiB, 100 %
2026/08/29 18:37:50.903, 14661 MiB, 100 %
2026/08/29 18:37:52.903, 14661 MiB, 98 %
2026/08/29 18:37:54.903, 14661 MiB, 100 %
2026/08/29 18:37:56.903, 14661 MiB, 100 %
2026/08/29 18:37:58.904, 14661 MiB, 98 %
2026/08/29 18:38:00.904, 14661 MiB, 100 %
2026/08/29 18:38:02.904, 14661 MiB, 52 %
2026/08/29 18:38:04.904, 14661 MiB, 100 %
2026/08/29 18:38:06.905, 14661 MiB, 100 %
2026/08/29 18:38:08.905, 14661 MiB, 79 %
2026/08/29 18:38:10.905, 14661 MiB, 100 %
2026/08/29 18:38:12.905, 14661 MiB, 100 %
2026/08/29 18:38:14.905, 14661 MiB, 100 %
2026/08/29 18:38:16.905, 14661 MiB, 100 %
2026/08/29 18:38:18.906, 14661 MiB, 98 %
2026/08/29 18:38:20.906, 14661 MiB, 100 %
2026/08/29 18:38:22.906, 14661 MiB, 100 %
2026/08/29 18:38:24.906, 14661 MiB, 98 %
2026/08/29 18:38:26.906, 14661 MiB, 100 %
2026/08/29 18:38:28.907, 14661 MiB, 100 %
2026/08/29 18:38:30.907, 14661 MiB, 98 %
2026/08/29 18:38:32.907, 14661 MiB, 100 %
2026/08/29 18:38:34.907, 14661 MiB, 79 %
2026/08/29 18:38:36.907, 14661 MiB, 100 %
2026/08/29 18:38:38.908, 14661 MiB, 100 %
2026/08/29 18:38:40.908, 14661 MiB, 59 %
2026/08/29 18:38:42.908, 14661 MiB, 100 %
2026/08/29 18:38:44.908, 14661 MiB, 100 %
2026/08/29 18:38:46.908, 14661 MiB, 51 %
2026/08/29 18:38:48.908, 14661 MiB, 100 %
2026/08/29 18:38:50.909, 14661 MiB, 100 %
2026/08/29 18:38:52.909, 14661 MiB, 68 %
2026/08/29 18:38:54.909, 14661 MiB, 100 %
2026/08/29 18:38:56.909, 14661 MiB, 100 %
2026/08/29 18:38:58.910, 14661 MiB, 93 %
2026/08/29 18:39:00.910, 14661 MiB, 100 %
2026/08/29 18:39:02.910, 14661 MiB, 100 %
2026/08/29 18:39:04.910, 14661 MiB, 100 %
2026/08/29 18:39:06.910, 14661 MiB, 100 %
2026/08/29 18:39:08.911, 14661 MiB, 98 %
2026/08/29 18:39:10.911, 14661 MiB, 100 %
2026/08/29 18:39:12.911, 14661 MiB, 100 %
2026/08/29 18:39:14.911, 14661 MiB, 98 %
2026/08/29 18:39:16.911, 14661 MiB, 100 %
2026/08/29 18:39:18.911, 14661 MiB, 100 %
2026/08/29 18:39:20.912, 14661 MiB, 98 %
2026/08/29 18:39:22.912, 14661 MiB, 100 %
2026/08/29 18:39:24.912, 14661 MiB, 91 %
2026/08/29 18:39:26.912, 14661 MiB, 98 %
2026/08/29 18:39:28.912, 14661 MiB, 100 %
2026/08/29 18:39:30.913, 14661 MiB, 71 %
2026/08/29 18:39:32.913, 14661 MiB, 100 %
2026/08/29 18:39:34.913, 14661 MiB, 100 %
2026/08/29 18:39:36.913, 14661 MiB, 52 %
2026/08/29 18:39:38.913, 14661 MiB, 100 %
2026/08/29 18:39:40.914, 14661 MiB, 100 %
2026/08/29 18:39:42.914, 14661 MiB, 51 %
2026/08/29 18:39:44.914, 14661 MiB, 100 %
2026/08/29 18:39:46.914, 14661 MiB, 100 %
2026/08/29 18:39:48.914, 14661 MiB, 65 %
2026/08/29 18:39:50.915, 14661 MiB, 100 %
2026/08/29 18:39:52.915, 14661 MiB, 100 %
2026/08/29 18:39:54.915, 14661 MiB, 90 %
2026/08/29 18:39:56.915, 14661 MiB, 100 %
2026/08/29 18:39:58.916, 14661 MiB, 100 %
2026/08/29 18:40:00.916, 14661 MiB, 100 %
2026/08/29 18:40:02.916, 14661 MiB, 100 %
2026/08/29 18:40:04.916, 14661 MiB, 98 %
2026/08/29 18:40:06.917, 14661 MiB, 100 %
2026/08/29 18:40:08.917, 14661 MiB, 100 %
2026/08/29 18:40:10.917, 14661 MiB, 98 %
2026/08/29 18:40:12.917, 14661 MiB, 100 %
2026/08/29 18:40:14.917, 14661 MiB, 88 %
2026/08/29 18:40:16.917, 14661 MiB, 98 %
2026/08/29 18:40:18.918, 14661 MiB, 100 %
2026/08/29 18:40:20.918, 14661 MiB, 75 %
2026/08/29 18:40:22.918, 14661 MiB, 100 %
2026/08/29 18:40:24.918, 14661 MiB, 100 %
2026/08/29 18:40:26.919, 14661 MiB, 55 %
2026/08/29 18:40:28.919, 14661 MiB, 100 %
2026/08/29 18:40:30.919, 14661 MiB, 100 %
2026/08/29 18:40:32.919, 14661 MiB, 51 %
2026/08/29 18:40:34.920, 14661 MiB, 100 %
2026/08/29 18:40:36.920, 14661 MiB, 100 %
2026/08/29 18:40:38.920, 14661 MiB, 72 %
2026/08/29 18:40:40.920, 14661 MiB, 100 %
2026/08/29 18:40:42.920, 14661 MiB, 100 %
2026/08/29 18:40:44.921, 14661 MiB, 99 %
2026/08/29 18:40:46.921, 14661 MiB, 100 %
2026/08/29 18:40:48.921, 14661 MiB, 100 %
2026/08/29 18:40:50.921, 14661 MiB, 100 %
2026/08/29 18:40:52.921, 14661 MiB, 100 %
2026/08/29 18:40:54.921, 14661 MiB, 98 %
2026/08/29 18:40:56.922, 14661 MiB, 100 %
2026/08/29 18:40:58.922, 14661 MiB, 100 %
2026/08/29 18:41:00.922, 14661 MiB, 99 %
2026/08/29 18:41:02.922, 14661 MiB, 100 %
2026/08/29 18:41:04.923, 14661 MiB, 90 %
2026/08/29 18:41:06.923, 14661 MiB, 98 %
2026/08/29 18:41:08.923, 14661 MiB, 100 %
2026/08/29 18:41:10.923, 14661 MiB, 68 %
2026/08/29 18:41:12.923, 14661 MiB, 100 %
2026/08/29 18:41:14.923, 14661 MiB, 100 %
2026/08/29 18:41:16.924, 14661 MiB, 51 %
2026/08/29 18:41:18.924, 14661 MiB, 100 %
2026/08/29 18:41:20.924, 14661 MiB, 100 %
2026/08/29 18:41:22.925, 14661 MiB, 59 %
2026/08/29 18:41:24.925, 14661 MiB, 100 %
2026/08/29 18:41:26.925, 14661 MiB, 100 %
2026/08/29 18:41:28.925, 14661 MiB, 86 %
2026/08/29 18:41:30.926, 14661 MiB, 100 %
2026/08/29 18:41:32.926, 14661 MiB, 100 %
2026/08/29 18:41:34.926, 14661 MiB, 100 %
2026/08/29 18:41:36.926, 14661 MiB, 100 %
2026/08/29 18:41:38.926, 14661 MiB, 99 %
2026/08/29 18:41:40.927, 14661 MiB, 100 %
2026/08/29 18:41:42.927, 14661 MiB, 100 %
2026/08/29 18:41:44.927, 14661 MiB, 99 %
2026/08/29 18:41:46.927, 14661 MiB, 100 %
2026/08/29 18:41:48.927, 14661 MiB, 90 %
2026/08/29 18:41:50.927, 14661 MiB, 99 %
2026/08/29 18:41:52.927, 14661 MiB, 100 %
2026/08/29 18:41:54.928, 14661 MiB, 68 %
2026/08/29 18:41:56.928, 14661 MiB, 100 %
2026/08/29 18:41:58.928, 14661 MiB, 100 %
2026/08/29 18:42:00.928, 14661 MiB, 50 %
2026/08/29 18:42:02.928, 14661 MiB, 100 %
2026/08/29 18:42:04.928, 14661 MiB, 100 %
2026/08/29 18:42:06.928, 14661 MiB, 56 %
2026/08/29 18:42:08.929, 14661 MiB, 100 %
2026/08/29 18:42:10.929, 14661 MiB, 100 %
2026/08/29 18:42:12.929, 14661 MiB, 71 %
2026/08/29 18:42:14.929, 14661 MiB, 100 %
2026/08/29 18:42:16.930, 14661 MiB, 100 %
2026/08/29 18:42:18.930, 14661 MiB, 96 %
2026/08/29 18:42:20.930, 14661 MiB, 100 %
2026/08/29 18:42:22.931, 14661 MiB, 100 %
2026/08/29 18:42:24.931, 14661 MiB, 100 %
2026/08/29 18:42:26.931, 14661 MiB, 100 %
2026/08/29 18:42:28.931, 14661 MiB, 98 %
2026/08/29 18:42:30.932, 14661 MiB, 100 %
2026/08/29 18:42:32.932, 14661 MiB, 100 %
2026/08/29 18:42:34.932, 14661 MiB, 98 %
2026/08/29 18:42:36.932, 14661 MiB, 100 %
2026/08/29 18:42:38.933, 14661 MiB, 51 %
2026/08/29 18:42:40.933, 14661 MiB, 100 %
2026/08/29 18:42:42.933, 14661 MiB, 100 %
2026/08/29 18:42:44.933, 14661 MiB, 73 %
2026/08/29 18:42:46.933, 14661 MiB, 100 %
2026/08/29 18:42:48.934, 14661 MiB, 100 %
2026/08/29 18:42:50.934, 14661 MiB, 94 %
2026/08/29 18:42:52.934, 14661 MiB, 100 %
2026/08/29 18:42:54.934, 14661 MiB, 100 %
2026/08/29 18:42:56.934, 14661 MiB, 100 %
2026/08/29 18:42:58.935, 14661 MiB, 100 %
2026/08/29 18:43:00.935, 14661 MiB, 98 %
2026/08/29 18:43:02.935, 14661 MiB, 100 %
2026/08/29 18:43:04.935, 14661 MiB, 100 %
2026/08/29 18:43:06.936, 14661 MiB, 98 %
2026/08/29 18:43:08.936, 14661 MiB, 100 %
2026/08/29 18:43:10.936, 14661 MiB, 92 %
2026/08/29 18:43:12.936, 14661 MiB, 98 %
2026/08/29 18:43:14.936, 14661 MiB, 0 %
2026/08/29 18:43:16.937, 14661 MiB, 94 %
2026/08/29 18:43:18.937, 14661 MiB, 99 %
2026/08/29 18:43:20.939, 14661 MiB, 100 %
2026/08/29 18:43:22.939, 14661 MiB, 73 %
2026/08/29 18:43:24.939, 14661 MiB, 100 %
2026/08/29 18:43:26.939, 14661 MiB, 100 %
2026/08/29 18:43:28.940, 14661 MiB, 52 %
2026/08/29 18:43:30.940, 14661 MiB, 100 %
2026/08/29 18:43:32.940, 14661 MiB, 100 %
2026/08/29 18:43:34.940, 14661 MiB, 51 %
2026/08/29 18:43:36.940, 14661 MiB, 100 %
2026/08/29 18:43:38.940, 14661 MiB, 100 %
2026/08/29 18:43:40.941, 14661 MiB, 70 %
2026/08/29 18:43:42.941, 14661 MiB, 100 %
2026/08/29 18:43:44.941, 14661 MiB, 100 %
2026/08/29 18:43:46.941, 14661 MiB, 97 %
2026/08/29 18:43:48.941, 14661 MiB, 100 %
2026/08/29 18:43:50.942, 14661 MiB, 100 %
2026/08/29 18:43:52.942, 14661 MiB, 100 %
2026/08/29 18:43:54.942, 14661 MiB, 100 %
2026/08/29 18:43:56.942, 14661 MiB, 98 %
2026/08/29 18:43:58.942, 14661 MiB, 100 %
2026/08/29 18:44:00.943, 14661 MiB, 100 %
2026/08/29 18:44:02.943, 14661 MiB, 98 %
2026/08/29 18:44:04.943, 14661 MiB, 100 %
2026/08/29 18:44:06.943, 14661 MiB, 100 %
2026/08/29 18:44:08.943, 14661 MiB, 98 %
2026/08/29 18:44:10.944, 14661 MiB, 100 %
2026/08/29 18:44:12.944, 14661 MiB, 88 %
2026/08/29 18:44:14.944, 14661 MiB, 98 %
2026/08/29 18:44:16.944, 14661 MiB, 100 %
2026/08/29 18:44:18.944, 14661 MiB, 72 %
2026/08/29 18:44:20.945, 14661 MiB, 100 %
2026/08/29 18:44:22.945, 14661 MiB, 100 %
2026/08/29 18:44:24.945, 14661 MiB, 52 %
2026/08/29 18:44:26.945, 14661 MiB, 100 %
2026/08/29 18:44:28.945, 14661 MiB, 100 %
2026/08/29 18:44:30.946, 14661 MiB, 55 %
2026/08/29 18:44:32.946, 14661 MiB, 100 %
2026/08/29 18:44:34.946, 14661 MiB, 100 %
2026/08/29 18:44:36.946, 14661 MiB, 78 %
2026/08/29 18:44:38.947, 14661 MiB, 100 %
2026/08/29 18:44:40.947, 14661 MiB, 100 %
2026/08/29 18:44:42.947, 14661 MiB, 100 %
2026/08/29 18:44:44.947, 14661 MiB, 100 %
2026/08/29 18:44:46.947, 14661 MiB, 98 %
2026/08/29 18:44:48.948, 14661 MiB, 100 %
2026/08/29 18:44:50.948, 14661 MiB, 100 %
2026/08/29 18:44:52.948, 14661 MiB, 99 %
2026/08/29 18:44:54.948, 14661 MiB, 100 %
2026/08/29 18:44:56.948, 14661 MiB, 100 %
2026/08/29 18:44:58.949, 14661 MiB, 99 %
2026/08/29 18:45:00.949, 14661 MiB, 100 %
2026/08/29 18:45:02.949, 14661 MiB, 78 %
2026/08/29 18:45:04.949, 14661 MiB, 100 %
2026/08/29 18:45:06.949, 14661 MiB, 100 %
2026/08/29 18:45:08.950, 14661 MiB, 50 %
2026/08/29 18:45:10.950, 14661 MiB, 100 %
2026/08/29 18:45:12.950, 14661 MiB, 100 %
2026/08/29 18:45:14.950, 14661 MiB, 52 %
2026/08/29 18:45:16.951, 14661 MiB, 100 %
2026/08/29 18:45:18.951, 14661 MiB, 100 %
2026/08/29 18:45:20.951, 14661 MiB, 71 %
2026/08/29 18:45:22.951, 14661 MiB, 100 %
2026/08/29 18:45:24.951, 14661 MiB, 100 %
2026/08/29 18:45:26.952, 14661 MiB, 99 %
2026/08/29 18:45:28.952, 14661 MiB, 100 %
2026/08/29 18:45:30.952, 14661 MiB, 100 %
2026/08/29 18:45:32.952, 14661 MiB, 100 %
2026/08/29 18:45:34.952, 14661 MiB, 100 %
2026/08/29 18:45:36.952, 14661 MiB, 98 %
2026/08/29 18:45:38.953, 14661 MiB, 100 %
2026/08/29 18:45:40.953, 14661 MiB, 100 %
2026/08/29 18:45:42.953, 14661 MiB, 98 %
2026/08/29 18:45:44.953, 14661 MiB, 100 %
2026/08/29 18:45:46.953, 14661 MiB, 100 %
2026/08/29 18:45:48.953, 14661 MiB, 98 %
2026/08/29 18:45:50.953, 14661 MiB, 100 %
2026/08/29 18:45:52.954, 14661 MiB, 89 %
2026/08/29 18:45:54.954, 14661 MiB, 98 %
2026/08/29 18:45:56.954, 14661 MiB, 100 %
2026/08/29 18:45:58.954, 14661 MiB, 74 %
2026/08/29 18:46:00.954, 14661 MiB, 100 %
2026/08/29 18:46:02.954, 14661 MiB, 100 %
2026/08/29 18:46:04.955, 14661 MiB, 51 %
2026/08/29 18:46:06.955, 14661 MiB, 100 %
2026/08/29 18:46:08.955, 14661 MiB, 100 %
2026/08/29 18:46:10.955, 14661 MiB, 54 %
2026/08/29 18:46:12.955, 14661 MiB, 100 %
2026/08/29 18:46:14.955, 14661 MiB, 100 %
2026/08/29 18:46:16.956, 14661 MiB, 77 %
2026/08/29 18:46:18.956, 14661 MiB, 100 %
2026/08/29 18:46:20.957, 14661 MiB, 100 %
2026/08/29 18:46:22.957, 14661 MiB, 98 %
2026/08/29 18:46:24.957, 14661 MiB, 100 %
2026/08/29 18:46:26.957, 14661 MiB, 100 %
2026/08/29 18:46:28.957, 14661 MiB, 100 %
2026/08/29 18:46:30.957, 14661 MiB, 100 %
2026/08/29 18:46:32.958, 14661 MiB, 98 %
2026/08/29 18:46:34.958, 14661 MiB, 100 %
2026/08/29 18:46:36.958, 14661 MiB, 100 %
2026/08/29 18:46:38.958, 14661 MiB, 98 %
2026/08/29 18:46:40.958, 14661 MiB, 100 %
2026/08/29 18:46:42.959, 14661 MiB, 100 %
2026/08/29 18:46:44.959, 14661 MiB, 98 %
2026/08/29 18:46:46.959, 14661 MiB, 100 %
2026/08/29 18:46:48.959, 14661 MiB, 73 %
2026/08/29 18:46:50.959, 14661 MiB, 100 %
2026/08/29 18:46:52.960, 14661 MiB, 100 %
2026/08/29 18:46:54.960, 14661 MiB, 47 %
2026/08/29 18:46:56.960, 14661 MiB, 100 %
2026/08/29 18:46:58.960, 14661 MiB, 100 %
2026/08/29 18:47:00.960, 14661 MiB, 51 %
2026/08/29 18:47:02.961, 14661 MiB, 100 %
2026/08/29 18:47:04.961, 14661 MiB, 100 %
2026/08/29 18:47:06.961, 14661 MiB, 68 %
2026/08/29 18:47:08.961, 14661 MiB, 100 %
2026/08/29 18:47:10.961, 14661 MiB, 100 %
2026/08/29 18:47:12.961, 14661 MiB, 100 %
2026/08/29 18:47:14.962, 14661 MiB, 87 %
2026/08/29 18:47:16.962, 14661 MiB, 98 %
2026/08/29 18:47:18.962, 14661 MiB, 100 %
2026/08/29 18:47:20.962, 14661 MiB, 57 %
2026/08/29 18:47:22.962, 14661 MiB, 100 %
2026/08/29 18:47:24.963, 14661 MiB, 100 %
2026/08/29 18:47:26.963, 14661 MiB, 51 %
2026/08/29 18:47:28.963, 14661 MiB, 100 %
2026/08/29 18:47:30.963, 14661 MiB, 100 %
2026/08/29 18:47:32.964, 14661 MiB, 74 %
2026/08/29 18:47:34.964, 14661 MiB, 100 %
2026/08/29 18:47:36.964, 14661 MiB, 100 %
2026/08/29 18:47:38.964, 14661 MiB, 100 %
2026/08/29 18:47:40.964, 14661 MiB, 100 %
2026/08/29 18:47:42.965, 14661 MiB, 99 %
2026/08/29 18:47:44.965, 14661 MiB, 100 %
2026/08/29 18:47:46.965, 14661 MiB, 100 %
2026/08/29 18:47:48.965, 14661 MiB, 98 %
2026/08/29 18:47:50.965, 14661 MiB, 100 %
2026/08/29 18:47:52.966, 14661 MiB, 100 %
2026/08/29 18:47:54.966, 14661 MiB, 98 %
2026/08/29 18:47:56.966, 14661 MiB, 100 %
2026/08/29 18:47:58.967, 14661 MiB, 88 %
2026/08/29 18:48:00.967, 14661 MiB, 98 %
2026/08/29 18:48:02.967, 14661 MiB, 100 %
2026/08/29 18:48:04.967, 14661 MiB, 69 %
2026/08/29 18:48:06.968, 14661 MiB, 100 %
2026/08/29 18:48:08.968, 14661 MiB, 100 %
2026/08/29 18:48:10.968, 14661 MiB, 51 %
2026/08/29 18:48:12.968, 14661 MiB, 100 %
2026/08/29 18:48:14.968, 14661 MiB, 100 %
2026/08/29 18:48:16.968, 14661 MiB, 52 %
2026/08/29 18:48:18.969, 14661 MiB, 100 %
2026/08/29 18:48:20.969, 14661 MiB, 100 %
2026/08/29 18:48:22.969, 14661 MiB, 73 %
2026/08/29 18:48:24.969, 14661 MiB, 100 %
2026/08/29 18:48:26.969, 14661 MiB, 100 %
2026/08/29 18:48:28.970, 14661 MiB, 99 %
2026/08/29 18:48:30.970, 14661 MiB, 100 %
2026/08/29 18:48:32.970, 14661 MiB, 100 %
2026/08/29 18:48:34.970, 14661 MiB, 100 %
2026/08/29 18:48:36.970, 14661 MiB, 100 %
2026/08/29 18:48:38.970, 14661 MiB, 99 %
2026/08/29 18:48:40.970, 14661 MiB, 100 %
2026/08/29 18:48:42.971, 14661 MiB, 100 %
2026/08/29 18:48:44.971, 14661 MiB, 99 %
2026/08/29 18:48:46.971, 14661 MiB, 100 %
2026/08/29 18:48:48.971, 14661 MiB, 99 %
2026/08/29 18:48:50.971, 14661 MiB, 98 %
2026/08/29 18:48:52.972, 14661 MiB, 100 %
2026/08/29 18:48:54.972, 14661 MiB, 87 %
2026/08/29 18:48:56.972, 14661 MiB, 99 %
2026/08/29 18:48:58.972, 14661 MiB, 100 %
2026/08/29 18:49:00.973, 14661 MiB, 55 %
2026/08/29 18:49:02.973, 14661 MiB, 100 %
2026/08/29 18:49:04.973, 14661 MiB, 100 %
2026/08/29 18:49:06.974, 14661 MiB, 50 %
2026/08/29 18:49:08.974, 14661 MiB, 100 %
2026/08/29 18:49:10.974, 14661 MiB, 100 %
2026/08/29 18:49:12.974, 14661 MiB, 74 %
2026/08/29 18:49:14.974, 14661 MiB, 100 %
2026/08/29 18:49:16.974, 14661 MiB, 100 %
2026/08/29 18:49:18.975, 14661 MiB, 100 %
2026/08/29 18:49:20.975, 14661 MiB, 100 %
2026/08/29 18:49:22.975, 14661 MiB, 98 %
2026/08/29 18:49:24.975, 14661 MiB, 100 %
2026/08/29 18:49:26.975, 14661 MiB, 100 %
2026/08/29 18:49:28.976, 14661 MiB, 98 %
2026/08/29 18:49:30.976, 14661 MiB, 100 %
2026/08/29 18:49:32.976, 14661 MiB, 100 %
2026/08/29 18:49:34.976, 14661 MiB, 98 %
2026/08/29 18:49:36.976, 14661 MiB, 100 %
2026/08/29 18:49:38.976, 14661 MiB, 76 %
2026/08/29 18:49:40.977, 14661 MiB, 100 %
2026/08/29 18:49:42.977, 14661 MiB, 100 %
2026/08/29 18:49:44.977, 14661 MiB, 54 %
2026/08/29 18:49:46.977, 14661 MiB, 100 %
2026/08/29 18:49:48.978, 14661 MiB, 100 %
2026/08/29 18:49:50.978, 14661 MiB, 50 %
2026/08/29 18:49:52.978, 14661 MiB, 100 %
2026/08/29 18:49:54.978, 14661 MiB, 100 %
2026/08/29 18:49:56.978, 14661 MiB, 63 %
2026/08/29 18:49:58.978, 14661 MiB, 100 %
2026/08/29 18:50:00.979, 14661 MiB, 100 %
2026/08/29 18:50:02.979, 14661 MiB, 90 %
2026/08/29 18:50:04.979, 14661 MiB, 100 %
2026/08/29 18:50:06.979, 14661 MiB, 100 %
2026/08/29 18:50:08.979, 14661 MiB, 100 %
2026/08/29 18:50:10.980, 14661 MiB, 100 %
2026/08/29 18:50:12.980, 14661 MiB, 98 %
2026/08/29 18:50:14.980, 14661 MiB, 100 %
2026/08/29 18:50:16.980, 14661 MiB, 100 %
2026/08/29 18:50:18.980, 14661 MiB, 98 %
2026/08/29 18:50:20.981, 14661 MiB, 100 %
2026/08/29 18:50:22.981, 14661 MiB, 100 %
2026/08/29 18:50:24.981, 14661 MiB, 98 %
2026/08/29 18:50:26.981, 14661 MiB, 100 %
2026/08/29 18:50:28.981, 14661 MiB, 88 %
2026/08/29 18:50:30.981, 14661 MiB, 98 %
2026/08/29 18:50:32.982, 14661 MiB, 100 %
2026/08/29 18:50:34.982, 14661 MiB, 65 %
2026/08/29 18:50:36.982, 14661 MiB, 100 %
2026/08/29 18:50:38.982, 14661 MiB, 100 %
2026/08/29 18:50:40.983, 14661 MiB, 52 %
2026/08/29 18:50:42.983, 14661 MiB, 100 %
2026/08/29 18:50:44.983, 14661 MiB, 100 %
2026/08/29 18:50:46.983, 14661 MiB, 55 %
2026/08/29 18:50:48.983, 14661 MiB, 100 %
2026/08/29 18:50:50.984, 14661 MiB, 100 %
2026/08/29 18:50:52.984, 14661 MiB, 75 %
2026/08/29 18:50:54.984, 14661 MiB, 100 %
2026/08/29 18:50:56.984, 14661 MiB, 100 %
2026/08/29 18:50:58.984, 14661 MiB, 100 %
2026/08/29 18:51:00.984, 14661 MiB, 100 %
2026/08/29 18:51:02.984, 14661 MiB, 99 %
2026/08/29 18:51:04.985, 14661 MiB, 100 %
2026/08/29 18:51:06.985, 14661 MiB, 100 %
2026/08/29 18:51:08.985, 14661 MiB, 99 %
2026/08/29 18:51:10.985, 14661 MiB, 100 %
2026/08/29 18:51:12.985, 14661 MiB, 100 %
2026/08/29 18:51:14.986, 14661 MiB, 98 %
2026/08/29 18:51:16.986, 14661 MiB, 100 %
2026/08/29 18:51:18.986, 14661 MiB, 78 %
2026/08/29 18:51:20.986, 14661 MiB, 100 %
2026/08/29 18:51:22.986, 14661 MiB, 100 %
2026/08/29 18:51:24.986, 14661 MiB, 50 %
2026/08/29 18:51:26.986, 14661 MiB, 100 %
2026/08/29 18:51:28.987, 14661 MiB, 100 %
2026/08/29 18:51:30.987, 14661 MiB, 54 %
2026/08/29 18:51:32.987, 14661 MiB, 100 %
2026/08/29 18:51:34.987, 14661 MiB, 100 %
2026/08/29 18:51:36.987, 14661 MiB, 87 %
2026/08/29 18:51:38.987, 14661 MiB, 100 %
2026/08/29 18:51:40.988, 14661 MiB, 100 %
2026/08/29 18:51:42.988, 14661 MiB, 100 %
2026/08/29 18:51:44.988, 14661 MiB, 100 %
2026/08/29 18:51:46.988, 14661 MiB, 100 %
2026/08/29 18:51:48.988, 14661 MiB, 100 %
2026/08/29 18:51:50.988, 14661 MiB, 52 %
2026/08/29 18:51:52.989, 14661 MiB, 100 %
2026/08/29 18:51:54.989, 14661 MiB, 100 %
2026/08/29 18:51:56.989, 14661 MiB, 50 %
2026/08/29 18:51:58.989, 14661 MiB, 100 %
2026/08/29 18:52:00.989, 14661 MiB, 100 %
2026/08/29 18:52:02.989, 14661 MiB, 60 %
2026/08/29 18:52:04.990, 14661 MiB, 100 %
2026/08/29 18:52:06.990, 14661 MiB, 100 %
2026/08/29 18:52:08.990, 14661 MiB, 81 %
2026/08/29 18:52:10.990, 14661 MiB, 100 %
2026/08/29 18:52:12.990, 14661 MiB, 100 %
2026/08/29 18:52:14.991, 14661 MiB, 100 %
2026/08/29 18:52:16.991, 14661 MiB, 100 %
2026/08/29 18:52:18.991, 14661 MiB, 100 %
2026/08/29 18:52:20.991, 14661 MiB, 100 %
2026/08/29 18:52:22.991, 14661 MiB, 100 %
2026/08/29 18:52:24.991, 14661 MiB, 98 %
2026/08/29 18:52:26.992, 14661 MiB, 100 %
2026/08/29 18:52:28.992, 14661 MiB, 100 %
2026/08/29 18:52:30.992, 14661 MiB, 98 %
2026/08/29 18:52:32.992, 14661 MiB, 100 %
2026/08/29 18:52:34.992, 14661 MiB, 87 %
2026/08/29 18:52:36.992, 14661 MiB, 98 %
2026/08/29 18:52:38.993, 14661 MiB, 100 %
2026/08/29 18:52:40.993, 14661 MiB, 67 %
2026/08/29 18:52:42.993, 14661 MiB, 100 %
2026/08/29 18:52:44.993, 14661 MiB, 100 %
2026/08/29 18:52:46.993, 14661 MiB, 52 %
2026/08/29 18:52:48.994, 14661 MiB, 100 %
2026/08/29 18:52:50.994, 14661 MiB, 100 %
2026/08/29 18:52:52.994, 14661 MiB, 66 %
2026/08/29 18:52:54.994, 14661 MiB, 100 %
2026/08/29 18:52:56.994, 14661 MiB, 100 %
2026/08/29 18:52:58.995, 14661 MiB, 100 %
2026/08/29 18:53:00.995, 14661 MiB, 100 %
2026/08/29 18:53:02.995, 14661 MiB, 100 %
2026/08/29 18:53:04.995, 14661 MiB, 100 %
2026/08/29 18:53:06.995, 14661 MiB, 100 %
2026/08/29 18:53:08.996, 14661 MiB, 98 %
2026/08/29 18:53:10.996, 14661 MiB, 100 %
2026/08/29 18:53:12.996, 14661 MiB, 100 %
2026/08/29 18:53:14.996, 14661 MiB, 98 %
2026/08/29 18:53:16.997, 14661 MiB, 100 %
2026/08/29 18:53:18.997, 14661 MiB, 88 %
2026/08/29 18:53:20.997, 14661 MiB, 98 %
2026/08/29 18:53:22.997, 14661 MiB, 100 %
2026/08/29 18:53:24.998, 14661 MiB, 61 %
2026/08/29 18:53:26.998, 14661 MiB, 100 %
2026/08/29 18:53:28.998, 14661 MiB, 100 %
2026/08/29 18:53:30.998, 14661 MiB, 53 %
2026/08/29 18:53:32.999, 14661 MiB, 100 %
2026/08/29 18:53:34.999, 14661 MiB, 100 %
2026/08/29 18:53:36.999, 14661 MiB, 78 %
2026/08/29 18:53:38.999, 14661 MiB, 100 %
2026/08/29 18:53:40.999, 14661 MiB, 100 %
2026/08/29 18:53:43.000, 14661 MiB, 96 %
2026/08/29 18:53:45.000, 14661 MiB, 100 %
2026/08/29 18:53:47.000, 14661 MiB, 100 %
2026/08/29 18:53:49.000, 14661 MiB, 100 %
2026/08/29 18:53:51.000, 14661 MiB, 100 %
2026/08/29 18:53:53.001, 14661 MiB, 98 %
2026/08/29 18:53:55.001, 14661 MiB, 100 %
2026/08/29 18:53:57.001, 14661 MiB, 100 %
2026/08/29 18:53:59.001, 14661 MiB, 98 %
2026/08/29 18:54:01.001, 14661 MiB, 100 %
2026/08/29 18:54:03.001, 14661 MiB, 99 %
2026/08/29 18:54:05.002, 14661 MiB, 99 %
2026/08/29 18:54:07.002, 14661 MiB, 100 %
2026/08/29 18:54:09.002, 14661 MiB, 76 %
2026/08/29 18:54:11.002, 14661 MiB, 100 %
2026/08/29 18:54:13.002, 14661 MiB, 100 %
2026/08/29 18:54:15.003, 14661 MiB, 57 %
2026/08/29 18:54:17.003, 14661 MiB, 100 %
2026/08/29 18:54:19.003, 14661 MiB, 100 %
2026/08/29 18:54:21.003, 14661 MiB, 52 %
2026/08/29 18:54:23.003, 14661 MiB, 100 %
2026/08/29 18:54:25.004, 14661 MiB, 100 %
2026/08/29 18:54:27.004, 14661 MiB, 73 %
2026/08/29 18:54:29.004, 14661 MiB, 100 %
2026/08/29 18:54:31.004, 14661 MiB, 100 %
2026/08/29 18:54:33.004, 14661 MiB, 100 %
2026/08/29 18:54:35.005, 14661 MiB, 100 %
2026/08/29 18:54:37.005, 14661 MiB, 100 %
2026/08/29 18:54:39.005, 14661 MiB, 100 %
2026/08/29 18:54:41.005, 14661 MiB, 100 %
2026/08/29 18:54:43.005, 14661 MiB, 98 %
2026/08/29 18:54:45.006, 14661 MiB, 100 %
2026/08/29 18:54:47.006, 14661 MiB, 100 %
2026/08/29 18:54:49.006, 14661 MiB, 97 %
2026/08/29 18:54:51.006, 14661 MiB, 100 %
2026/08/29 18:54:53.006, 14661 MiB, 97 %
2026/08/29 18:54:55.007, 14661 MiB, 98 %
2026/08/29 18:54:57.007, 14661 MiB, 100 %
2026/08/29 18:54:59.007, 14661 MiB, 74 %
2026/08/29 18:55:01.007, 14661 MiB, 100 %
2026/08/29 18:55:03.007, 14661 MiB, 100 %
2026/08/29 18:55:05.007, 14661 MiB, 52 %
2026/08/29 18:55:07.007, 14661 MiB, 100 %
2026/08/29 18:55:09.008, 14661 MiB, 100 %
2026/08/29 18:55:11.008, 14661 MiB, 51 %
2026/08/29 18:55:13.008, 14661 MiB, 100 %
2026/08/29 18:55:15.008, 14661 MiB, 100 %
2026/08/29 18:55:17.009, 14661 MiB, 59 %
2026/08/29 18:55:19.009, 14661 MiB, 100 %
2026/08/29 18:55:21.009, 14661 MiB, 100 %
2026/08/29 18:55:23.009, 14661 MiB, 77 %
2026/08/29 18:55:25.010, 14661 MiB, 100 %
2026/08/29 18:55:27.010, 14661 MiB, 100 %
2026/08/29 18:55:29.010, 14661 MiB, 99 %
2026/08/29 18:55:31.010, 14661 MiB, 100 %
2026/08/29 18:55:33.010, 14661 MiB, 100 %
2026/08/29 18:55:35.011, 14661 MiB, 100 %
2026/08/29 18:55:37.011, 14661 MiB, 100 %
2026/08/29 18:55:39.011, 14661 MiB, 100 %
2026/08/29 18:55:41.011, 14661 MiB, 100 %
2026/08/29 18:55:43.011, 14661 MiB, 100 %
2026/08/29 18:55:45.012, 14661 MiB, 99 %
2026/08/29 18:55:47.012, 14661 MiB, 100 %
2026/08/29 18:55:49.012, 14661 MiB, 100 %
2026/08/29 18:55:51.012, 14661 MiB, 98 %
2026/08/29 18:55:53.012, 14661 MiB, 100 %
2026/08/29 18:55:55.013, 14661 MiB, 100 %
2026/08/29 18:55:57.013, 14661 MiB, 98 %
2026/08/29 18:55:59.013, 14661 MiB, 100 %
2026/08/29 18:56:01.013, 14661 MiB, 97 %
2026/08/29 18:56:03.013, 14661 MiB, 98 %
2026/08/29 18:56:05.014, 14661 MiB, 100 %
2026/08/29 18:56:07.014, 14661 MiB, 78 %
2026/08/29 18:56:09.014, 14661 MiB, 100 %
2026/08/29 18:56:11.014, 14661 MiB, 100 %
2026/08/29 18:56:13.014, 14661 MiB, 57 %
2026/08/29 18:56:15.015, 14661 MiB, 100 %
2026/08/29 18:56:17.015, 14661 MiB, 100 %
2026/08/29 18:56:19.015, 14661 MiB, 51 %
2026/08/29 18:56:21.015, 14661 MiB, 100 %
2026/08/29 18:56:23.016, 14661 MiB, 98 %
2026/08/29 18:56:25.016, 14661 MiB, 100 %
2026/08/29 18:56:27.016, 14661 MiB, 100 %
2026/08/29 18:56:29.017, 14661 MiB, 98 %
2026/08/29 18:56:31.017, 14661 MiB, 100 %
2026/08/29 18:56:33.017, 14661 MiB, 98 %
2026/08/29 18:56:35.017, 14661 MiB, 98 %
2026/08/29 18:56:37.018, 14661 MiB, 100 %
2026/08/29 18:56:39.018, 14661 MiB, 77 %
2026/08/29 18:56:41.018, 14661 MiB, 100 %
2026/08/29 18:56:43.018, 14661 MiB, 100 %
2026/08/29 18:56:45.019, 14661 MiB, 50 %
2026/08/29 18:56:47.019, 14661 MiB, 100 %
2026/08/29 18:56:49.019, 14661 MiB, 100 %
2026/08/29 18:56:51.019, 14661 MiB, 50 %
2026/08/29 18:56:53.019, 14661 MiB, 100 %
2026/08/29 18:56:55.019, 14661 MiB, 100 %
2026/08/29 18:56:57.020, 14661 MiB, 71 %
2026/08/29 18:56:59.020, 14661 MiB, 100 %
2026/08/29 18:57:01.020, 14661 MiB, 100 %
2026/08/29 18:57:03.020, 14661 MiB, 82 %
2026/08/29 18:57:05.020, 14661 MiB, 100 %
2026/08/29 18:57:07.021, 14661 MiB, 100 %
2026/08/29 18:57:09.021, 14661 MiB, 100 %
2026/08/29 18:57:11.021, 14661 MiB, 100 %
2026/08/29 18:57:13.021, 14661 MiB, 98 %
2026/08/29 18:57:15.021, 14661 MiB, 100 %
2026/08/29 18:57:17.022, 14661 MiB, 100 %
2026/08/29 18:57:19.022, 14661 MiB, 97 %
2026/08/29 18:57:21.022, 14661 MiB, 100 %
2026/08/29 18:57:23.022, 14661 MiB, 100 %
2026/08/29 18:57:25.022, 14661 MiB, 98 %
2026/08/29 18:57:27.022, 14661 MiB, 100 %
2026/08/29 18:57:29.023, 14661 MiB, 99 %
2026/08/29 18:57:31.023, 14661 MiB, 98 %
2026/08/29 18:57:33.023, 14661 MiB, 100 %
2026/08/29 18:57:35.023, 14661 MiB, 75 %
2026/08/29 18:57:37.023, 14661 MiB, 100 %
2026/08/29 18:57:39.023, 14661 MiB, 100 %
2026/08/29 18:57:41.024, 14661 MiB, 54 %
2026/08/29 18:57:43.024, 14661 MiB, 100 %
2026/08/29 18:57:45.024, 14661 MiB, 100 %
2026/08/29 18:57:47.024, 14661 MiB, 69 %
2026/08/29 18:57:49.025, 14661 MiB, 100 %
2026/08/29 18:57:51.025, 14661 MiB, 100 %
2026/08/29 18:57:53.025, 14661 MiB, 100 %
2026/08/29 18:57:55.025, 14661 MiB, 100 %
2026/08/29 18:57:57.025, 14661 MiB, 98 %
2026/08/29 18:57:59.026, 14661 MiB, 100 %
2026/08/29 18:58:01.026, 14661 MiB, 100 %
2026/08/29 18:58:03.026, 14661 MiB, 98 %
2026/08/29 18:58:05.026, 14661 MiB, 100 %
2026/08/29 18:58:07.026, 14661 MiB, 99 %
2026/08/29 18:58:09.027, 14661 MiB, 98 %
2026/08/29 18:58:11.027, 14661 MiB, 100 %
2026/08/29 18:58:13.027, 14661 MiB, 69 %
2026/08/29 18:58:15.027, 14661 MiB, 100 %
2026/08/29 18:58:17.028, 14661 MiB, 100 %
2026/08/29 18:58:19.028, 14661 MiB, 57 %
2026/08/29 18:58:21.028, 14661 MiB, 100 %
2026/08/29 18:58:23.028, 14661 MiB, 100 %
2026/08/29 18:58:25.028, 14661 MiB, 45 %
2026/08/29 18:58:27.029, 14661 MiB, 100 %
2026/08/29 18:58:29.029, 14661 MiB, 100 %
2026/08/29 18:58:31.029, 14661 MiB, 51 %
2026/08/29 18:58:33.029, 14661 MiB, 100 %
2026/08/29 18:58:35.029, 14661 MiB, 100 %
2026/08/29 18:58:37.029, 14661 MiB, 61 %
2026/08/29 18:58:39.030, 14661 MiB, 100 %
2026/08/29 18:58:41.030, 14661 MiB, 100 %
2026/08/29 18:58:43.030, 14661 MiB, 72 %
2026/08/29 18:58:45.030, 14661 MiB, 100 %
2026/08/29 18:58:47.030, 14661 MiB, 100 %
2026/08/29 18:58:49.031, 14661 MiB, 87 %
2026/08/29 18:58:51.031, 14661 MiB, 100 %
2026/08/29 18:58:53.031, 14661 MiB, 100 %
2026/08/29 18:58:55.031, 14661 MiB, 100 %
2026/08/29 18:58:57.031, 14661 MiB, 100 %
2026/08/29 18:58:59.031, 14661 MiB, 100 %
2026/08/29 18:59:01.032, 14661 MiB, 100 %
2026/08/29 18:59:03.032, 14661 MiB, 100 %
2026/08/29 18:59:05.032, 14661 MiB, 98 %
2026/08/29 18:59:07.032, 14661 MiB, 100 %
2026/08/29 18:59:09.033, 14661 MiB, 100 %
2026/08/29 18:59:11.033, 14661 MiB, 98 %
2026/08/29 18:59:13.033, 14661 MiB, 100 %
2026/08/29 18:59:15.033, 14661 MiB, 87 %
2026/08/29 18:59:17.033, 14661 MiB, 98 %
2026/08/29 18:59:19.033, 14661 MiB, 100 %
2026/08/29 18:59:21.034, 14661 MiB, 68 %
2026/08/29 18:59:23.034, 14661 MiB, 100 %
2026/08/29 18:59:25.034, 14661 MiB, 100 %
2026/08/29 18:59:27.034, 14661 MiB, 60 %
2026/08/29 18:59:29.034, 14661 MiB, 100 %
2026/08/29 18:59:31.035, 14661 MiB, 100 %
2026/08/29 18:59:33.035, 14661 MiB, 51 %
2026/08/29 18:59:35.035, 14661 MiB, 100 %
2026/08/29 18:59:37.035, 14661 MiB, 100 %
2026/08/29 18:59:39.035, 14661 MiB, 46 %
2026/08/29 18:59:41.035, 14661 MiB, 100 %
2026/08/29 18:59:43.036, 14661 MiB, 100 %
2026/08/29 18:59:45.036, 14661 MiB, 61 %
2026/08/29 18:59:47.036, 14661 MiB, 100 %
2026/08/29 18:59:49.036, 14661 MiB, 100 %
2026/08/29 18:59:51.036, 14661 MiB, 77 %
2026/08/29 18:59:53.036, 14661 MiB, 100 %
2026/08/29 18:59:55.036, 14661 MiB, 100 %
2026/08/29 18:59:57.037, 14661 MiB, 100 %
2026/08/29 18:59:59.037, 14661 MiB, 100 %
2026/08/29 19:00:01.037, 14661 MiB, 100 %
2026/08/29 19:00:03.037, 14661 MiB, 100 %
2026/08/29 19:00:05.038, 14661 MiB, 100 %
2026/08/29 19:00:07.038, 14661 MiB, 98 %
2026/08/29 19:00:09.038, 14661 MiB, 100 %
2026/08/29 19:00:11.038, 14661 MiB, 100 %
2026/08/29 19:00:13.038, 14661 MiB, 98 %
2026/08/29 19:00:15.038, 14661 MiB, 100 %
2026/08/29 19:00:17.039, 14661 MiB, 100 %
2026/08/29 19:00:19.039, 14661 MiB, 98 %
2026/08/29 19:00:21.039, 14661 MiB, 100 %
2026/08/29 19:00:23.039, 14661 MiB, 76 %
2026/08/29 19:00:25.039, 14661 MiB, 100 %
2026/08/29 19:00:27.040, 14661 MiB, 100 %
2026/08/29 19:00:29.040, 14661 MiB, 68 %
2026/08/29 19:00:31.040, 14661 MiB, 100 %
2026/08/29 19:00:33.040, 14661 MiB, 100 %
2026/08/29 19:00:35.040, 14661 MiB, 52 %
2026/08/29 19:00:37.040, 14661 MiB, 100 %
2026/08/29 19:00:39.040, 14661 MiB, 100 %
2026/08/29 19:00:41.041, 14661 MiB, 59 %
2026/08/29 19:00:43.041, 14661 MiB, 100 %
2026/08/29 19:00:45.041, 14661 MiB, 100 %
2026/08/29 19:00:47.041, 14661 MiB, 88 %
2026/08/29 19:00:49.041, 14661 MiB, 100 %
2026/08/29 19:00:51.041, 14661 MiB, 100 %
2026/08/29 19:00:53.042, 14661 MiB, 100 %
2026/08/29 19:00:55.042, 14661 MiB, 100 %
2026/08/29 19:00:57.042, 14661 MiB, 100 %
2026/08/29 19:00:59.042, 14661 MiB, 100 %
2026/08/29 19:01:01.042, 14661 MiB, 58 %
2026/08/29 19:01:03.043, 14661 MiB, 100 %
2026/08/29 19:01:05.043, 14661 MiB, 100 %
2026/08/29 19:01:07.043, 14661 MiB, 52 %
2026/08/29 19:01:09.043, 14661 MiB, 100 %
2026/08/29 19:01:11.043, 14661 MiB, 100 %
2026/08/29 19:01:13.043, 14661 MiB, 52 %
2026/08/29 19:01:15.044, 14661 MiB, 100 %
2026/08/29 19:01:17.044, 14661 MiB, 100 %
2026/08/29 19:01:19.044, 14661 MiB, 65 %
2026/08/29 19:01:21.044, 14661 MiB, 100 %
2026/08/29 19:01:23.045, 14661 MiB, 100 %
2026/08/29 19:01:25.045, 14661 MiB, 71 %
2026/08/29 19:01:27.045, 14661 MiB, 100 %
2026/08/29 19:01:29.045, 14661 MiB, 100 %
2026/08/29 19:01:31.045, 14661 MiB, 87 %
2026/08/29 19:01:33.046, 14661 MiB, 100 %
2026/08/29 19:01:35.046, 14661 MiB, 100 %
2026/08/29 19:01:37.046, 14661 MiB, 100 %
2026/08/29 19:01:39.046, 14661 MiB, 100 %
2026/08/29 19:01:41.046, 14661 MiB, 98 %
2026/08/29 19:01:43.047, 14661 MiB, 100 %
2026/08/29 19:01:45.047, 14661 MiB, 100 %
2026/08/29 19:01:47.047, 14661 MiB, 98 %
2026/08/29 19:01:49.047, 14661 MiB, 100 %
2026/08/29 19:01:51.047, 14661 MiB, 100 %
2026/08/29 19:01:53.048, 14661 MiB, 98 %
2026/08/29 19:01:55.048, 14661 MiB, 100 %
2026/08/29 19:01:57.048, 14661 MiB, 100 %
2026/08/29 19:01:59.048, 14661 MiB, 98 %
2026/08/29 19:02:01.049, 14661 MiB, 100 %
2026/08/29 19:02:03.049, 14661 MiB, 92 %
2026/08/29 19:02:05.049, 14661 MiB, 98 %
2026/08/29 19:02:07.049, 14661 MiB, 100 %
2026/08/29 19:02:09.050, 14661 MiB, 73 %
2026/08/29 19:02:11.050, 14661 MiB, 100 %
2026/08/29 19:02:13.050, 14661 MiB, 100 %
2026/08/29 19:02:15.050, 14661 MiB, 52 %
2026/08/29 19:02:17.051, 14661 MiB, 100 %
2026/08/29 19:02:19.051, 14661 MiB, 100 %
2026/08/29 19:02:21.051, 14661 MiB, 51 %
2026/08/29 19:02:23.052, 14661 MiB, 100 %
2026/08/29 19:02:25.052, 14661 MiB, 100 %
2026/08/29 19:02:27.052, 14661 MiB, 49 %
2026/08/29 19:02:29.053, 14661 MiB, 100 %
2026/08/29 19:02:31.053, 14661 MiB, 100 %
2026/08/29 19:02:33.053, 14661 MiB, 63 %
2026/08/29 19:02:35.054, 14661 MiB, 100 %
2026/08/29 19:02:37.054, 14661 MiB, 100 %
2026/08/29 19:02:39.054, 14661 MiB, 83 %
2026/08/29 19:02:41.054, 14661 MiB, 100 %
2026/08/29 19:02:43.054, 14661 MiB, 100 %
2026/08/29 19:02:45.055, 14661 MiB, 100 %
2026/08/29 19:02:47.055, 14661 MiB, 100 %
2026/08/29 19:02:49.055, 14661 MiB, 98 %
2026/08/29 19:02:51.055, 14661 MiB, 100 %
2026/08/29 19:02:53.055, 14661 MiB, 100 %
2026/08/29 19:02:55.056, 14661 MiB, 98 %
2026/08/29 19:02:57.056, 14661 MiB, 100 %
2026/08/29 19:02:59.056, 14661 MiB, 100 %
2026/08/29 19:03:01.056, 14661 MiB, 98 %
2026/08/29 19:03:03.056, 14661 MiB, 100 %
2026/08/29 19:03:05.057, 14661 MiB, 100 %
2026/08/29 19:03:07.057, 14661 MiB, 99 %
2026/08/29 19:03:09.057, 14661 MiB, 100 %
2026/08/29 19:03:11.057, 14661 MiB, 89 %
2026/08/29 19:03:13.057, 14661 MiB, 99 %
2026/08/29 19:03:15.057, 14661 MiB, 100 %
2026/08/29 19:03:17.058, 14661 MiB, 67 %
2026/08/29 19:03:19.058, 14661 MiB, 100 %
2026/08/29 19:03:21.058, 14661 MiB, 100 %
2026/08/29 19:03:23.058, 14661 MiB, 52 %
2026/08/29 19:03:25.058, 14661 MiB, 100 %
2026/08/29 19:03:27.059, 14661 MiB, 100 %
2026/08/29 19:03:29.059, 14661 MiB, 51 %
2026/08/29 19:03:31.059, 14661 MiB, 100 %
2026/08/29 19:03:33.059, 14661 MiB, 100 %
2026/08/29 19:03:35.059, 14661 MiB, 68 %
2026/08/29 19:03:37.060, 14661 MiB, 100 %
2026/08/29 19:03:39.060, 14661 MiB, 100 %
2026/08/29 19:03:41.060, 14661 MiB, 94 %
2026/08/29 19:03:43.060, 14661 MiB, 100 %
2026/08/29 19:03:45.060, 14661 MiB, 100 %
2026/08/29 19:03:47.061, 14661 MiB, 100 %
2026/08/29 19:03:49.061, 14661 MiB, 100 %
2026/08/29 19:03:51.061, 14661 MiB, 98 %
2026/08/29 19:03:53.061, 14661 MiB, 100 %
2026/08/29 19:03:55.062, 14661 MiB, 100 %
2026/08/29 19:03:57.062, 14661 MiB, 98 %
2026/08/29 19:03:59.062, 14661 MiB, 100 %
2026/08/29 19:04:01.062, 14661 MiB, 85 %
2026/08/29 19:04:03.063, 14661 MiB, 98 %
2026/08/29 19:04:05.063, 14661 MiB, 100 %
2026/08/29 19:04:07.063, 14661 MiB, 55 %
2026/08/29 19:04:09.063, 14661 MiB, 100 %
2026/08/29 19:04:11.063, 14661 MiB, 100 %
2026/08/29 19:04:13.063, 14661 MiB, 50 %
2026/08/29 19:04:15.063, 14661 MiB, 100 %
2026/08/29 19:04:17.064, 14661 MiB, 100 %
2026/08/29 19:04:19.064, 14661 MiB, 50 %
2026/08/29 19:04:21.064, 14661 MiB, 100 %
2026/08/29 19:04:23.064, 14661 MiB, 100 %
2026/08/29 19:04:25.064, 14661 MiB, 51 %
2026/08/29 19:04:27.064, 14661 MiB, 100 %
2026/08/29 19:04:29.065, 14661 MiB, 100 %
2026/08/29 19:04:31.065, 14661 MiB, 62 %
2026/08/29 19:04:33.065, 14661 MiB, 100 %
2026/08/29 19:04:35.066, 14661 MiB, 100 %
2026/08/29 19:04:37.066, 14661 MiB, 84 %
2026/08/29 19:04:39.066, 14661 MiB, 100 %
2026/08/29 19:04:41.066, 14661 MiB, 100 %
2026/08/29 19:04:43.066, 14661 MiB, 100 %
2026/08/29 19:04:45.067, 14661 MiB, 100 %
2026/08/29 19:04:47.067, 14661 MiB, 100 %
2026/08/29 19:04:49.067, 14661 MiB, 100 %
2026/08/29 19:04:51.067, 14661 MiB, 100 %
2026/08/29 19:04:53.067, 14661 MiB, 98 %
2026/08/29 19:04:55.068, 14661 MiB, 100 %
2026/08/29 19:04:57.068, 14661 MiB, 100 %
2026/08/29 19:04:59.068, 14661 MiB, 98 %
2026/08/29 19:05:01.068, 14661 MiB, 100 %
2026/08/29 19:05:03.068, 14661 MiB, 100 %
2026/08/29 19:05:05.068, 14661 MiB, 98 %
2026/08/29 19:05:07.069, 14661 MiB, 100 %
2026/08/29 19:05:09.069, 14661 MiB, 93 %
2026/08/29 19:05:11.069, 14661 MiB, 98 %
2026/08/29 19:05:13.069, 14661 MiB, 100 %
2026/08/29 19:05:15.069, 14661 MiB, 84 %
2026/08/29 19:05:17.069, 14661 MiB, 98 %
2026/08/29 19:05:19.070, 14661 MiB, 100 %
2026/08/29 19:05:21.070, 14661 MiB, 52 %
2026/08/29 19:05:23.070, 14661 MiB, 100 %
2026/08/29 19:05:25.070, 14661 MiB, 100 %
2026/08/29 19:05:27.070, 14661 MiB, 50 %
2026/08/29 19:05:29.070, 14661 MiB, 100 %
2026/08/29 19:05:31.071, 14661 MiB, 97 %
2026/08/29 19:05:33.071, 14661 MiB, 100 %
2026/08/29 19:05:35.071, 14661 MiB, 100 %
2026/08/29 19:05:37.071, 14661 MiB, 98 %
2026/08/29 19:05:39.071, 14661 MiB, 100 %
2026/08/29 19:05:41.072, 14661 MiB, 100 %
2026/08/29 19:05:43.072, 14661 MiB, 98 %
2026/08/29 19:05:45.072, 14661 MiB, 100 %
2026/08/29 19:05:47.072, 14661 MiB, 81 %
2026/08/29 19:05:49.072, 14661 MiB, 100 %
2026/08/29 19:05:51.072, 14661 MiB, 100 %
2026/08/29 19:05:53.073, 14661 MiB, 59 %
2026/08/29 19:05:55.073, 14661 MiB, 100 %
2026/08/29 19:05:57.073, 14661 MiB, 100 %
2026/08/29 19:05:59.073, 14661 MiB, 50 %
2026/08/29 19:06:01.073, 14661 MiB, 100 %
2026/08/29 19:06:03.074, 14661 MiB, 100 %
2026/08/29 19:06:05.074, 14661 MiB, 60 %
2026/08/29 19:06:07.074, 14661 MiB, 100 %
2026/08/29 19:06:09.074, 14661 MiB, 100 %
2026/08/29 19:06:11.074, 14661 MiB, 83 %
2026/08/29 19:06:13.074, 14661 MiB, 100 %
2026/08/29 19:06:15.074, 14661 MiB, 100 %
2026/08/29 19:06:17.074, 14661 MiB, 100 %
2026/08/29 19:06:19.075, 14661 MiB, 100 %
2026/08/29 19:06:21.075, 14661 MiB, 98 %
2026/08/29 19:06:23.075, 14661 MiB, 100 %
2026/08/29 19:06:25.075, 14661 MiB, 100 %
2026/08/29 19:06:27.076, 14661 MiB, 98 %
2026/08/29 19:06:29.076, 14661 MiB, 100 %
2026/08/29 19:06:31.076, 14661 MiB, 100 %
2026/08/29 19:06:33.076, 14661 MiB, 98 %
2026/08/29 19:06:35.076, 14661 MiB, 100 %
2026/08/29 19:06:37.077, 14661 MiB, 97 %
2026/08/29 19:06:39.077, 14661 MiB, 99 %
2026/08/29 19:06:41.077, 14661 MiB, 100 %
2026/08/29 19:06:43.077, 14661 MiB, 74 %
2026/08/29 19:06:45.078, 14661 MiB, 100 %
2026/08/29 19:06:47.078, 14661 MiB, 100 %
2026/08/29 19:06:49.078, 14661 MiB, 52 %
2026/08/29 19:06:51.078, 14661 MiB, 100 %
2026/08/29 19:06:53.078, 14661 MiB, 100 %
2026/08/29 19:06:55.079, 14661 MiB, 51 %
2026/08/29 19:06:57.079, 14661 MiB, 100 %
2026/08/29 19:06:59.079, 14661 MiB, 100 %
2026/08/29 19:07:01.079, 14661 MiB, 71 %
2026/08/29 19:07:03.079, 14661 MiB, 100 %
2026/08/29 19:07:05.079, 14661 MiB, 100 %
2026/08/29 19:07:07.080, 14661 MiB, 100 %
2026/08/29 19:07:09.080, 14661 MiB, 100 %
2026/08/29 19:07:11.080, 14661 MiB, 99 %
2026/08/29 19:07:13.080, 14661 MiB, 100 %
2026/08/29 19:07:15.080, 14661 MiB, 100 %
2026/08/29 19:07:17.080, 14661 MiB, 98 %
2026/08/29 19:07:19.081, 14661 MiB, 100 %
2026/08/29 19:07:21.081, 14661 MiB, 93 %
2026/08/29 19:07:23.081, 14661 MiB, 99 %
2026/08/29 19:07:25.081, 14661 MiB, 100 %
2026/08/29 19:07:27.082, 14661 MiB, 64 %
2026/08/29 19:07:29.082, 14661 MiB, 100 %
2026/08/29 19:07:31.082, 14661 MiB, 100 %
2026/08/29 19:07:33.082, 14661 MiB, 47 %
2026/08/29 19:07:35.083, 14661 MiB, 100 %
2026/08/29 19:07:37.083, 14661 MiB, 100 %
2026/08/29 19:07:39.083, 14661 MiB, 63 %
2026/08/29 19:07:41.083, 14661 MiB, 100 %
2026/08/29 19:07:43.083, 14661 MiB, 100 %
2026/08/29 19:07:45.084, 14661 MiB, 98 %
2026/08/29 19:07:47.084, 14661 MiB, 100 %
2026/08/29 19:07:49.084, 14661 MiB, 98 %
2026/08/29 19:07:51.084, 14661 MiB, 100 %
2026/08/29 19:07:53.084, 14661 MiB, 100 %
2026/08/29 19:07:55.084, 14661 MiB, 98 %
2026/08/29 19:07:57.085, 14661 MiB, 100 %
2026/08/29 19:07:59.085, 14661 MiB, 100 %
2026/08/29 19:08:01.085, 14661 MiB, 98 %
2026/08/29 19:08:03.085, 14661 MiB, 100 %
2026/08/29 19:08:05.085, 14661 MiB, 80 %
2026/08/29 19:08:07.085, 14661 MiB, 98 %
2026/08/29 19:08:09.086, 14661 MiB, 0 %
2026/08/29 19:08:11.086, 14661 MiB, 100 %
2026/08/29 19:08:13.086, 14661 MiB, 98 %
2026/08/29 19:08:15.086, 14661 MiB, 100 %
2026/08/29 19:08:17.086, 14661 MiB, 77 %
2026/08/29 19:08:19.087, 14661 MiB, 100 %
2026/08/29 19:08:21.087, 14661 MiB, 100 %
2026/08/29 19:08:23.087, 14661 MiB, 67 %
2026/08/29 19:08:25.087, 14661 MiB, 100 %
2026/08/29 19:08:27.087, 14661 MiB, 100 %
2026/08/29 19:08:29.087, 14661 MiB, 58 %
2026/08/29 19:08:31.088, 14661 MiB, 100 %
2026/08/29 19:08:33.088, 14661 MiB, 100 %
2026/08/29 19:08:35.088, 14661 MiB, 50 %
2026/08/29 19:08:37.088, 14661 MiB, 100 %
2026/08/29 19:08:39.088, 14661 MiB, 100 %
2026/08/29 19:08:41.088, 14661 MiB, 59 %
2026/08/29 19:08:43.088, 14661 MiB, 100 %
2026/08/29 19:08:45.089, 14661 MiB, 100 %
2026/08/29 19:08:47.089, 14661 MiB, 76 %
2026/08/29 19:08:49.089, 14661 MiB, 100 %
2026/08/29 19:08:51.089, 14661 MiB, 100 %
2026/08/29 19:08:53.089, 14661 MiB, 100 %
2026/08/29 19:08:55.090, 14661 MiB, 100 %
2026/08/29 19:08:57.090, 14661 MiB, 100 %
2026/08/29 19:08:59.090, 14661 MiB, 100 %
2026/08/29 19:09:01.090, 14661 MiB, 100 %
2026/08/29 19:09:03.090, 14661 MiB, 98 %
2026/08/29 19:09:05.091, 14661 MiB, 100 %
2026/08/29 19:09:07.091, 14661 MiB, 100 %
2026/08/29 19:09:09.091, 14661 MiB, 98 %
2026/08/29 19:09:11.091, 14661 MiB, 100 %
2026/08/29 19:09:13.092, 14661 MiB, 96 %
2026/08/29 19:09:15.092, 14661 MiB, 98 %
2026/08/29 19:09:17.092, 14661 MiB, 100 %
2026/08/29 19:09:19.092, 14661 MiB, 73 %
2026/08/29 19:09:21.092, 14661 MiB, 100 %
2026/08/29 19:09:23.093, 14661 MiB, 100 %
2026/08/29 19:09:25.093, 14661 MiB, 51 %
2026/08/29 19:09:27.093, 14661 MiB, 100 %
2026/08/29 19:09:29.093, 14661 MiB, 100 %
2026/08/29 19:09:31.093, 14661 MiB, 51 %
2026/08/29 19:09:33.094, 14661 MiB, 100 %
2026/08/29 19:09:35.094, 14661 MiB, 100 %
2026/08/29 19:09:37.094, 14661 MiB, 69 %
2026/08/29 19:09:39.094, 14661 MiB, 100 %
2026/08/29 19:09:41.094, 14661 MiB, 100 %
2026/08/29 19:09:43.095, 14661 MiB, 88 %
2026/08/29 19:09:45.095, 14661 MiB, 100 %
2026/08/29 19:09:47.095, 14661 MiB, 100 %
2026/08/29 19:09:49.095, 14661 MiB, 100 %
2026/08/29 19:09:51.095, 14661 MiB, 100 %
2026/08/29 19:09:53.095, 14661 MiB, 98 %
2026/08/29 19:09:55.095, 14661 MiB, 100 %
2026/08/29 19:09:57.096, 14661 MiB, 100 %
2026/08/29 19:09:59.096, 14661 MiB, 98 %
2026/08/29 19:10:01.096, 14661 MiB, 100 %
2026/08/29 19:10:03.096, 14661 MiB, 100 %
2026/08/29 19:10:05.097, 14661 MiB, 100 %
2026/08/29 19:10:07.097, 14661 MiB, 100 %
2026/08/29 19:10:09.097, 14661 MiB, 64 %
2026/08/29 19:10:11.097, 14661 MiB, 100 %
2026/08/29 19:10:13.097, 14661 MiB, 100 %
2026/08/29 19:10:15.097, 14661 MiB, 89 %
2026/08/29 19:10:17.098, 14661 MiB, 100 %
2026/08/29 19:10:19.098, 14661 MiB, 100 %
2026/08/29 19:10:21.098, 14661 MiB, 100 %
2026/08/29 19:10:23.098, 14661 MiB, 100 %
2026/08/29 19:10:25.098, 14661 MiB, 100 %
2026/08/29 19:10:27.098, 14661 MiB, 100 %
2026/08/29 19:10:29.098, 14661 MiB, 100 %
2026/08/29 19:10:31.099, 14661 MiB, 98 %
2026/08/29 19:10:33.099, 14661 MiB, 100 %
2026/08/29 19:10:35.099, 14661 MiB, 100 %
2026/08/29 19:10:37.099, 14661 MiB, 98 %
2026/08/29 19:10:39.099, 14661 MiB, 100 %
2026/08/29 19:10:41.099, 14661 MiB, 98 %
2026/08/29 19:10:43.100, 14661 MiB, 98 %
2026/08/29 19:10:45.100, 14661 MiB, 100 %
2026/08/29 19:10:47.100, 14661 MiB, 75 %
2026/08/29 19:10:49.100, 14661 MiB, 100 %
2026/08/29 19:10:51.100, 14661 MiB, 100 %
2026/08/29 19:10:53.100, 14661 MiB, 51 %
2026/08/29 19:10:55.101, 14661 MiB, 100 %
2026/08/29 19:10:57.101, 14661 MiB, 100 %
2026/08/29 19:10:59.101, 14661 MiB, 51 %
2026/08/29 19:11:01.101, 14661 MiB, 100 %
2026/08/29 19:11:03.101, 14661 MiB, 100 %
2026/08/29 19:11:05.101, 14661 MiB, 62 %
2026/08/29 19:11:07.102, 14661 MiB, 100 %
2026/08/29 19:11:09.102, 14661 MiB, 100 %
2026/08/29 19:11:11.102, 14661 MiB, 78 %
2026/08/29 19:11:13.102, 14661 MiB, 100 %
2026/08/29 19:11:15.102, 14661 MiB, 100 %
2026/08/29 19:11:17.102, 14661 MiB, 90 %
2026/08/29 19:11:19.103, 14661 MiB, 100 %
2026/08/29 19:11:21.103, 14661 MiB, 100 %
2026/08/29 19:11:23.103, 14661 MiB, 100 %
2026/08/29 19:11:25.103, 14661 MiB, 100 %
2026/08/29 19:11:27.103, 14661 MiB, 98 %
2026/08/29 19:11:29.103, 14661 MiB, 100 %
2026/08/29 19:11:31.103, 14661 MiB, 100 %
2026/08/29 19:11:33.104, 14661 MiB, 98 %
2026/08/29 19:11:35.104, 14661 MiB, 100 %
2026/08/29 19:11:37.104, 14661 MiB, 100 %
2026/08/29 19:11:39.104, 14661 MiB, 98 %
2026/08/29 19:11:41.104, 14661 MiB, 100 %
2026/08/29 19:11:43.104, 14661 MiB, 95 %
2026/08/29 19:11:45.104, 14661 MiB, 98 %
2026/08/29 19:11:47.105, 14661 MiB, 100 %
2026/08/29 19:11:49.105, 14661 MiB, 72 %
2026/08/29 19:11:51.105, 14661 MiB, 100 %
2026/08/29 19:11:53.105, 14661 MiB, 100 %
2026/08/29 19:11:55.105, 14661 MiB, 51 %
2026/08/29 19:11:57.105, 14661 MiB, 100 %
2026/08/29 19:11:59.105, 14661 MiB, 100 %
2026/08/29 19:12:01.106, 14661 MiB, 51 %
2026/08/29 19:12:03.106, 14661 MiB, 100 %
2026/08/29 19:12:05.106, 14661 MiB, 100 %
2026/08/29 19:12:07.106, 14661 MiB, 79 %
2026/08/29 19:12:09.107, 14661 MiB, 100 %
2026/08/29 19:12:11.107, 14661 MiB, 100 %
2026/08/29 19:12:13.107, 14661 MiB, 100 %
2026/08/29 19:12:15.107, 14661 MiB, 100 %
2026/08/29 19:12:17.107, 14661 MiB, 99 %
2026/08/29 19:12:19.108, 14661 MiB, 100 %
2026/08/29 19:12:21.108, 14661 MiB, 100 %
2026/08/29 19:12:23.108, 14661 MiB, 98 %
2026/08/29 19:12:25.108, 14661 MiB, 100 %
2026/08/29 19:12:27.108, 14661 MiB, 100 %
2026/08/29 19:12:29.109, 14661 MiB, 98 %
2026/08/29 19:12:31.109, 14661 MiB, 100 %
2026/08/29 19:12:33.109, 14661 MiB, 93 %
2026/08/29 19:12:35.109, 14661 MiB, 98 %
2026/08/29 19:12:37.109, 14661 MiB, 100 %
2026/08/29 19:12:39.109, 14661 MiB, 74 %
2026/08/29 19:12:41.110, 14661 MiB, 98 %
2026/08/29 19:12:43.110, 14661 MiB, 100 %
2026/08/29 19:12:45.110, 14661 MiB, 65 %
2026/08/29 19:12:47.110, 14661 MiB, 100 %
2026/08/29 19:12:49.110, 14661 MiB, 100 %
2026/08/29 19:12:51.110, 14661 MiB, 52 %
2026/08/29 19:12:53.110, 14661 MiB, 100 %
2026/08/29 19:12:55.111, 14661 MiB, 100 %
2026/08/29 19:12:57.111, 14661 MiB, 50 %
2026/08/29 19:12:59.111, 14661 MiB, 100 %
2026/08/29 19:13:01.111, 14661 MiB, 100 %
2026/08/29 19:13:03.111, 14661 MiB, 58 %
2026/08/29 19:13:05.111, 14661 MiB, 100 %
2026/08/29 19:13:07.111, 14661 MiB, 100 %
2026/08/29 19:13:09.112, 14661 MiB, 71 %
2026/08/29 19:13:11.112, 14661 MiB, 100 %
2026/08/29 19:13:13.112, 14661 MiB, 100 %
2026/08/29 19:13:15.112, 14661 MiB, 93 %
2026/08/29 19:13:17.113, 14661 MiB, 100 %
2026/08/29 19:13:19.113, 14661 MiB, 100 %
2026/08/29 19:13:21.113, 14661 MiB, 100 %
2026/08/29 19:13:23.113, 14661 MiB, 100 %
2026/08/29 19:13:25.114, 14661 MiB, 98 %
2026/08/29 19:13:27.114, 14661 MiB, 100 %
2026/08/29 19:13:29.114, 14661 MiB, 100 %
2026/08/29 19:13:31.114, 14661 MiB, 98 %
2026/08/29 19:13:33.115, 14661 MiB, 100 %
2026/08/29 19:13:35.115, 14661 MiB, 100 %
2026/08/29 19:13:37.115, 14661 MiB, 98 %
2026/08/29 19:13:39.116, 14661 MiB, 100 %
2026/08/29 19:13:41.116, 14661 MiB, 76 %
2026/08/29 19:13:43.116, 14661 MiB, 100 %
2026/08/29 19:13:45.116, 14661 MiB, 100 %
2026/08/29 19:13:47.116, 14661 MiB, 51 %
2026/08/29 19:13:49.117, 14661 MiB, 100 %
2026/08/29 19:13:51.117, 14661 MiB, 100 %
2026/08/29 19:13:53.117, 14661 MiB, 55 %
2026/08/29 19:13:55.117, 14661 MiB, 100 %
2026/08/29 19:13:57.117, 14661 MiB, 100 %
2026/08/29 19:13:59.118, 14661 MiB, 77 %
2026/08/29 19:14:01.118, 14661 MiB, 100 %
2026/08/29 19:14:03.118, 14661 MiB, 100 %
2026/08/29 19:14:05.118, 14661 MiB, 100 %
2026/08/29 19:14:07.118, 14661 MiB, 100 %
2026/08/29 19:14:09.119, 14661 MiB, 100 %
2026/08/29 19:14:11.119, 14661 MiB, 100 %
2026/08/29 19:14:13.119, 14661 MiB, 100 %
2026/08/29 19:14:15.119, 14661 MiB, 98 %
2026/08/29 19:14:17.119, 14661 MiB, 100 %
2026/08/29 19:14:19.120, 14661 MiB, 100 %
2026/08/29 19:14:21.120, 14661 MiB, 98 %
2026/08/29 19:14:23.120, 14661 MiB, 100 %
2026/08/29 19:14:25.120, 14661 MiB, 98 %
2026/08/29 19:14:27.121, 14661 MiB, 98 %
2026/08/29 19:14:29.121, 14661 MiB, 100 %
2026/08/29 19:14:31.121, 14661 MiB, 79 %
2026/08/29 19:14:33.121, 14661 MiB, 98 %
2026/08/29 19:14:35.121, 14661 MiB, 100 %
2026/08/29 19:14:37.122, 14661 MiB, 63 %
2026/08/29 19:14:39.122, 14661 MiB, 100 %
2026/08/29 19:14:41.122, 14661 MiB, 100 %
2026/08/29 19:14:43.122, 14661 MiB, 100 %
2026/08/29 19:14:45.123, 14661 MiB, 100 %
2026/08/29 19:14:47.123, 14661 MiB, 98 %
2026/08/29 19:14:49.123, 14661 MiB, 100 %
2026/08/29 19:14:51.123, 14661 MiB, 100 %
2026/08/29 19:14:53.123, 14661 MiB, 98 %
2026/08/29 19:14:55.124, 14661 MiB, 100 %
2026/08/29 19:14:57.124, 14661 MiB, 100 %
2026/08/29 19:14:59.124, 14661 MiB, 98 %
2026/08/29 19:15:01.124, 14661 MiB, 100 %
2026/08/29 19:15:03.124, 14661 MiB, 83 %
2026/08/29 19:15:05.125, 14661 MiB, 98 %
2026/08/29 19:15:07.125, 14661 MiB, 100 %
2026/08/29 19:15:09.125, 14661 MiB, 56 %
2026/08/29 19:15:11.125, 14661 MiB, 100 %
2026/08/29 19:15:13.125, 14661 MiB, 100 %
2026/08/29 19:15:15.125, 14661 MiB, 51 %
2026/08/29 19:15:17.125, 14661 MiB, 100 %
2026/08/29 19:15:19.126, 14661 MiB, 100 %
2026/08/29 19:15:21.126, 14661 MiB, 59 %
2026/08/29 19:15:23.126, 14661 MiB, 100 %
2026/08/29 19:15:25.126, 14661 MiB, 100 %
2026/08/29 19:15:27.126, 14661 MiB, 70 %
2026/08/29 19:15:29.127, 14661 MiB, 100 %
2026/08/29 19:15:31.127, 14661 MiB, 100 %
2026/08/29 19:15:33.127, 14661 MiB, 94 %
2026/08/29 19:15:35.127, 14661 MiB, 100 %
2026/08/29 19:15:37.127, 14661 MiB, 100 %
2026/08/29 19:15:39.127, 14661 MiB, 100 %
2026/08/29 19:15:41.128, 14661 MiB, 100 %
2026/08/29 19:15:43.128, 14661 MiB, 98 %
2026/08/29 19:15:45.128, 14661 MiB, 100 %
2026/08/29 19:15:47.128, 14661 MiB, 100 %
2026/08/29 19:15:49.128, 14661 MiB, 98 %
2026/08/29 19:15:51.128, 14661 MiB, 100 %
2026/08/29 19:15:53.129, 14661 MiB, 100 %
2026/08/29 19:15:55.129, 14661 MiB, 98 %
2026/08/29 19:15:57.129, 14661 MiB, 100 %
2026/08/29 19:15:59.129, 14661 MiB, 74 %
2026/08/29 19:16:01.129, 14661 MiB, 100 %
2026/08/29 19:16:03.130, 14661 MiB, 100 %
2026/08/29 19:16:05.130, 14661 MiB, 54 %
2026/08/29 19:16:07.130, 14661 MiB, 100 %
2026/08/29 19:16:09.130, 14661 MiB, 100 %
2026/08/29 19:16:11.130, 14661 MiB, 64 %
2026/08/29 19:16:13.131, 14661 MiB, 100 %
2026/08/29 19:16:15.131, 14661 MiB, 100 %
2026/08/29 19:16:17.131, 14661 MiB, 100 %
2026/08/29 19:16:19.131, 14661 MiB, 100 %
2026/08/29 19:16:21.131, 14661 MiB, 99 %
2026/08/29 19:16:23.131, 14661 MiB, 100 %
2026/08/29 19:16:25.132, 14661 MiB, 100 %
2026/08/29 19:16:27.132, 14661 MiB, 98 %
2026/08/29 19:16:29.132, 14661 MiB, 100 %
2026/08/29 19:16:31.132, 14661 MiB, 100 %
2026/08/29 19:16:33.132, 14661 MiB, 98 %
2026/08/29 19:16:35.132, 14661 MiB, 100 %
2026/08/29 19:16:37.133, 14661 MiB, 93 %
2026/08/29 19:16:39.133, 14661 MiB, 98 %
2026/08/29 19:16:41.133, 14661 MiB, 100 %
2026/08/29 19:16:43.133, 14661 MiB, 67 %
2026/08/29 19:16:45.133, 14661 MiB, 100 %
2026/08/29 19:16:47.133, 14661 MiB, 100 %
2026/08/29 19:16:49.134, 14661 MiB, 60 %
2026/08/29 19:16:51.134, 14661 MiB, 100 %
2026/08/29 19:16:53.134, 14661 MiB, 100 %
2026/08/29 19:16:55.135, 14661 MiB, 56 %
2026/08/29 19:16:57.135, 14661 MiB, 100 %
2026/08/29 19:16:59.135, 14661 MiB, 100 %
2026/08/29 19:17:01.136, 14661 MiB, 100 %
2026/08/29 19:17:03.136, 14661 MiB, 99 %
2026/08/29 19:17:05.136, 14661 MiB, 92 %
2026/08/29 19:17:07.137, 14661 MiB, 100 %
2026/08/29 19:17:09.137, 14661 MiB, 100 %
2026/08/29 19:17:11.137, 14661 MiB, 41 %
2026/08/29 19:17:13.138, 14661 MiB, 100 %
2026/08/29 19:17:15.138, 14661 MiB, 100 %
2026/08/29 19:17:17.138, 14661 MiB, 78 %
2026/08/29 19:17:19.139, 14661 MiB, 97 %
2026/08/29 19:17:21.139, 14661 MiB, 100 %
2026/08/29 19:17:23.139, 14661 MiB, 100 %
2026/08/29 19:17:25.140, 14661 MiB, 100 %
2026/08/29 19:17:27.140, 14661 MiB, 72 %
2026/08/29 19:17:29.140, 14661 MiB, 100 %
2026/08/29 19:17:31.141, 14661 MiB, 100 %
2026/08/29 19:17:33.141, 14661 MiB, 67 %
2026/08/29 19:17:35.141, 14661 MiB, 97 %
2026/08/29 19:17:37.141, 14661 MiB, 100 %
2026/08/29 19:17:39.142, 14661 MiB, 100 %
2026/08/29 19:17:41.142, 14661 MiB, 100 %
2026/08/29 19:17:43.142, 14661 MiB, 34 %
2026/08/29 19:17:45.142, 14661 MiB, 100 %
2026/08/29 19:17:47.143, 14661 MiB, 100 %
2026/08/29 19:17:49.143, 14661 MiB, 94 %
2026/08/29 19:17:51.143, 14661 MiB, 98 %
2026/08/29 19:17:53.143, 14661 MiB, 100 %
2026/08/29 19:17:55.144, 14661 MiB, 100 %
2026/08/29 19:17:57.144, 14661 MiB, 100 %
2026/08/29 19:17:59.144, 14661 MiB, 50 %
2026/08/29 19:18:01.144, 14661 MiB, 100 %
2026/08/29 19:18:03.145, 14661 MiB, 100 %
2026/08/29 19:18:05.145, 14661 MiB, 73 %
2026/08/29 19:18:07.145, 14661 MiB, 98 %
2026/08/29 19:18:09.146, 14661 MiB, 100 %
2026/08/29 19:18:11.146, 14661 MiB, 100 %
2026/08/29 19:18:13.146, 14661 MiB, 97 %
2026/08/29 19:18:15.146, 14661 MiB, 100 %
2026/08/29 19:18:17.146, 14661 MiB, 100 %
2026/08/29 19:18:19.146, 14661 MiB, 97 %
2026/08/29 19:18:21.146, 14661 MiB, 100 %
2026/08/29 19:18:23.147, 14661 MiB, 100 %
2026/08/29 19:18:25.147, 14661 MiB, 100 %
2026/08/29 19:18:27.147, 14661 MiB, 77 %
2026/08/29 19:18:29.147, 14661 MiB, 100 %
2026/08/29 19:18:31.147, 14661 MiB, 100 %
2026/08/29 19:18:33.148, 14661 MiB, 50 %
2026/08/29 19:18:35.148, 14661 MiB, 100 %
2026/08/29 19:18:37.148, 14661 MiB, 100 %
2026/08/29 19:18:39.148, 14661 MiB, 42 %
2026/08/29 19:18:41.148, 14661 MiB, 100 %
2026/08/29 19:18:43.149, 14661 MiB, 100 %
2026/08/29 19:18:45.149, 14661 MiB, 54 %
2026/08/29 19:18:47.149, 14661 MiB, 100 %
2026/08/29 19:18:49.149, 14661 MiB, 100 %
2026/08/29 19:18:51.149, 14661 MiB, 71 %
2026/08/29 19:18:53.149, 14661 MiB, 98 %
2026/08/29 19:18:55.149, 14661 MiB, 100 %
2026/08/29 19:18:57.150, 14661 MiB, 84 %
2026/08/29 19:18:59.150, 14661 MiB, 98 %
2026/08/29 19:19:01.150, 14661 MiB, 100 %
2026/08/29 19:19:03.150, 14661 MiB, 100 %
2026/08/29 19:19:05.150, 14661 MiB, 96 %
2026/08/29 19:19:07.150, 14661 MiB, 100 %
2026/08/29 19:19:09.150, 14661 MiB, 100 %
2026/08/29 19:19:11.150, 14661 MiB, 100 %
2026/08/29 19:19:13.151, 14661 MiB, 100 %
2026/08/29 19:19:15.151, 14661 MiB, 100 %
2026/08/29 19:19:17.151, 14661 MiB, 100 %
2026/08/29 19:19:19.151, 14661 MiB, 97 %
2026/08/29 19:19:21.151, 14661 MiB, 100 %
2026/08/29 19:19:23.151, 14661 MiB, 100 %
2026/08/29 19:19:25.152, 14661 MiB, 58 %
2026/08/29 19:19:27.152, 14661 MiB, 100 %
2026/08/29 19:19:29.152, 14661 MiB, 100 %
2026/08/29 19:19:31.152, 14661 MiB, 43 %
2026/08/29 19:19:33.152, 14661 MiB, 100 %
2026/08/29 19:19:35.153, 14661 MiB, 100 %
2026/08/29 19:19:37.153, 14661 MiB, 67 %
2026/08/29 19:19:39.153, 14661 MiB, 98 %
2026/08/29 19:19:41.153, 14661 MiB, 100 %
2026/08/29 19:19:43.153, 14661 MiB, 86 %
2026/08/29 19:19:45.153, 14661 MiB, 97 %
2026/08/29 19:19:47.154, 14661 MiB, 100 %
2026/08/29 19:19:49.154, 14661 MiB, 100 %
2026/08/29 19:19:51.154, 14661 MiB, 98 %
2026/08/29 19:19:53.154, 14661 MiB, 100 %
2026/08/29 19:19:55.155, 14661 MiB, 100 %
2026/08/29 19:19:57.155, 14661 MiB, 100 %
2026/08/29 19:19:59.155, 14661 MiB, 95 %
2026/08/29 19:20:01.155, 14661 MiB, 100 %
2026/08/29 19:20:03.156, 14661 MiB, 100 %
2026/08/29 19:20:05.156, 14661 MiB, 53 %
2026/08/29 19:20:07.156, 14661 MiB, 100 %
2026/08/29 19:20:09.156, 14661 MiB, 100 %
2026/08/29 19:20:11.157, 14661 MiB, 38 %
2026/08/29 19:20:13.157, 14661 MiB, 100 %
2026/08/29 19:20:15.157, 14661 MiB, 100 %
2026/08/29 19:20:17.157, 14661 MiB, 80 %
2026/08/29 19:20:19.158, 14661 MiB, 98 %
2026/08/29 19:20:21.158, 14661 MiB, 100 %
2026/08/29 19:20:23.158, 14661 MiB, 100 %
2026/08/29 19:20:25.158, 14661 MiB, 98 %
2026/08/29 19:20:27.159, 14661 MiB, 100 %
2026/08/29 19:20:29.159, 14661 MiB, 100 %
2026/08/29 19:20:31.159, 14661 MiB, 100 %
2026/08/29 19:20:33.160, 14661 MiB, 92 %
2026/08/29 19:20:35.160, 14661 MiB, 100 %
2026/08/29 19:20:37.160, 14661 MiB, 100 %
2026/08/29 19:20:39.160, 14661 MiB, 0 %
2026/08/29 19:20:41.161, 14661 MiB, 100 %
2026/08/29 19:20:43.161, 14661 MiB, 66 %
2026/08/29 19:20:45.161, 14661 MiB, 98 %
2026/08/29 19:20:47.162, 14661 MiB, 100 %
2026/08/29 19:20:49.162, 14661 MiB, 100 %
2026/08/29 19:20:51.162, 14661 MiB, 98 %
2026/08/29 19:20:53.163, 14661 MiB, 100 %
2026/08/29 19:20:55.163, 14661 MiB, 100 %
2026/08/29 19:20:57.163, 14661 MiB, 100 %
2026/08/29 19:20:59.163, 14661 MiB, 100 %
2026/08/29 19:21:01.164, 14661 MiB, 100 %
2026/08/29 19:21:03.164, 14661 MiB, 100 %
2026/08/29 19:21:05.164, 14661 MiB, 67 %
2026/08/29 19:21:07.165, 14661 MiB, 100 %
2026/08/29 19:21:09.165, 14661 MiB, 100 %
2026/08/29 19:21:11.165, 14661 MiB, 44 %
2026/08/29 19:21:13.166, 14661 MiB, 100 %
2026/08/29 19:21:15.166, 14661 MiB, 100 %
2026/08/29 19:21:17.166, 14661 MiB, 55 %
2026/08/29 19:21:19.167, 14661 MiB, 100 %
2026/08/29 19:21:21.167, 14661 MiB, 100 %
2026/08/29 19:21:23.167, 14661 MiB, 85 %
2026/08/29 19:21:25.168, 14661 MiB, 99 %
2026/08/29 19:21:27.168, 14661 MiB, 100 %
2026/08/29 19:21:29.168, 14661 MiB, 100 %
2026/08/29 19:21:31.169, 14661 MiB, 98 %
2026/08/29 19:21:33.169, 14661 MiB, 100 %
2026/08/29 19:21:35.169, 14661 MiB, 100 %
2026/08/29 19:21:37.169, 14661 MiB, 100 %
2026/08/29 19:21:39.170, 14661 MiB, 96 %
2026/08/29 19:21:41.170, 14661 MiB, 100 %
2026/08/29 19:21:43.171, 14661 MiB, 100 %
2026/08/29 19:21:45.171, 14661 MiB, 82 %
2026/08/29 19:21:47.171, 14661 MiB, 100 %
2026/08/29 19:21:49.171, 14661 MiB, 100 %
2026/08/29 19:21:51.172, 14661 MiB, 66 %
2026/08/29 19:21:53.172, 14661 MiB, 100 %
2026/08/29 19:21:55.172, 14661 MiB, 100 %
2026/08/29 19:21:57.173, 14661 MiB, 45 %
2026/08/29 19:21:59.173, 14661 MiB, 100 %
2026/08/29 19:22:01.173, 14661 MiB, 100 %
2026/08/29 19:22:03.174, 14661 MiB, 46 %
2026/08/29 19:22:05.174, 14661 MiB, 100 %
2026/08/29 19:22:07.174, 14661 MiB, 100 %
2026/08/29 19:22:09.175, 14661 MiB, 76 %
2026/08/29 19:22:11.175, 14661 MiB, 98 %
2026/08/29 19:22:13.175, 14661 MiB, 100 %
2026/08/29 19:22:15.176, 14661 MiB, 100 %
2026/08/29 19:22:17.176, 14661 MiB, 98 %
2026/08/29 19:22:19.176, 14661 MiB, 100 %
2026/08/29 19:22:21.176, 14661 MiB, 100 %
2026/08/29 19:22:23.177, 14661 MiB, 100 %
2026/08/29 19:22:25.177, 14661 MiB, 38 %
2026/08/29 19:22:27.178, 14661 MiB, 100 %
2026/08/29 19:22:29.178, 14661 MiB, 100 %
2026/08/29 19:22:31.178, 14661 MiB, 100 %
2026/08/29 19:22:33.178, 14661 MiB, 97 %
2026/08/29 19:22:35.179, 14661 MiB, 100 %
2026/08/29 19:22:37.179, 14661 MiB, 100 %
2026/08/29 19:22:39.179, 14661 MiB, 100 %
2026/08/29 19:22:41.180, 14661 MiB, 37 %
2026/08/29 19:22:43.180, 14661 MiB, 100 %
2026/08/29 19:22:45.180, 14661 MiB, 100 %
2026/08/29 19:22:47.181, 14661 MiB, 95 %
2026/08/29 19:22:49.181, 14661 MiB, 98 %
2026/08/29 19:22:51.181, 14661 MiB, 100 %
2026/08/29 19:22:53.182, 14661 MiB, 100 %
2026/08/29 19:22:55.182, 14661 MiB, 100 %
2026/08/29 19:22:57.182, 14661 MiB, 82 %
2026/08/29 19:22:59.183, 14661 MiB, 100 %
2026/08/29 19:23:01.183, 14661 MiB, 100 %
2026/08/29 19:23:03.183, 14661 MiB, 59 %
2026/08/29 19:23:05.183, 14661 MiB, 100 %
2026/08/29 19:23:07.184, 14661 MiB, 100 %
2026/08/29 19:23:09.184, 14661 MiB, 54 %
2026/08/29 19:23:11.184, 14661 MiB, 100 %
2026/08/29 19:23:13.185, 14661 MiB, 100 %
2026/08/29 19:23:15.185, 14661 MiB, 45 %
2026/08/29 19:23:17.185, 14661 MiB, 100 %
2026/08/29 19:23:19.186, 14661 MiB, 100 %
2026/08/29 19:23:21.186, 14661 MiB, 43 %
2026/08/29 19:23:23.186, 14661 MiB, 100 %
2026/08/29 19:23:25.187, 14661 MiB, 100 %
2026/08/29 19:23:27.187, 14661 MiB, 43 %
2026/08/29 19:23:29.187, 14661 MiB, 100 %
2026/08/29 19:23:31.188, 14661 MiB, 100 %
2026/08/29 19:23:33.188, 14661 MiB, 44 %
2026/08/29 19:23:35.188, 14661 MiB, 100 %
2026/08/29 19:23:37.188, 14661 MiB, 100 %
2026/08/29 19:23:39.189, 14661 MiB, 48 %
2026/08/29 19:23:41.189, 14661 MiB, 100 %
2026/08/29 19:23:43.189, 14661 MiB, 100 %
2026/08/29 19:23:45.190, 14661 MiB, 59 %
2026/08/29 19:23:47.190, 14661 MiB, 100 %
2026/08/29 19:23:49.190, 14661 MiB, 100 %
2026/08/29 19:23:51.191, 14661 MiB, 46 %
2026/08/29 19:23:53.191, 14661 MiB, 100 %
2026/08/29 19:23:55.191, 14661 MiB, 100 %
2026/08/29 19:23:57.192, 14661 MiB, 73 %
2026/08/29 19:23:59.192, 14661 MiB, 98 %
2026/08/29 19:24:01.192, 14661 MiB, 100 %
2026/08/29 19:24:03.192, 14661 MiB, 100 %
2026/08/29 19:24:05.193, 14661 MiB, 98 %
2026/08/29 19:24:07.193, 14661 MiB, 100 %
2026/08/29 19:24:09.193, 14661 MiB, 100 %
2026/08/29 19:24:11.194, 14661 MiB, 100 %
2026/08/29 19:24:13.194, 14661 MiB, 72 %
2026/08/29 19:24:15.194, 14661 MiB, 100 %
2026/08/29 19:24:17.195, 14661 MiB, 100 %
2026/08/29 19:24:19.195, 14661 MiB, 45 %
2026/08/29 19:24:21.195, 14661 MiB, 100 %
2026/08/29 19:24:23.196, 14661 MiB, 100 %
2026/08/29 19:24:25.196, 14661 MiB, 58 %
2026/08/29 19:24:27.196, 14661 MiB, 99 %
2026/08/29 19:24:29.197, 14661 MiB, 100 %
2026/08/29 19:24:31.197, 14661 MiB, 93 %
2026/08/29 19:24:33.197, 14661 MiB, 97 %
2026/08/29 19:24:35.197, 14661 MiB, 100 %
2026/08/29 19:24:37.198, 14661 MiB, 100 %
2026/08/29 19:24:39.198, 14661 MiB, 98 %
2026/08/29 19:24:41.199, 14661 MiB, 100 %
2026/08/29 19:24:43.199, 14661 MiB, 100 %
2026/08/29 19:24:45.199, 14661 MiB, 100 %
2026/08/29 19:24:47.199, 14661 MiB, 76 %
2026/08/29 19:24:49.200, 14661 MiB, 100 %
2026/08/29 19:24:51.200, 14661 MiB, 100 %
2026/08/29 19:24:53.200, 14661 MiB, 50 %
2026/08/29 19:24:55.201, 14661 MiB, 100 %
2026/08/29 19:24:57.201, 14661 MiB, 100 %
2026/08/29 19:24:59.201, 14661 MiB, 43 %
2026/08/29 19:25:01.202, 14661 MiB, 100 %
2026/08/29 19:25:03.202, 14661 MiB, 100 %
2026/08/29 19:25:05.202, 14661 MiB, 63 %
2026/08/29 19:25:07.202, 14661 MiB, 98 %
2026/08/29 19:25:09.203, 14661 MiB, 100 %
2026/08/29 19:25:11.203, 14661 MiB, 100 %
2026/08/29 19:25:13.203, 14661 MiB, 98 %
2026/08/29 19:25:15.204, 14661 MiB, 100 %
2026/08/29 19:25:17.204, 14661 MiB, 100 %
2026/08/29 19:25:19.204, 14661 MiB, 100 %
2026/08/29 19:25:21.205, 14661 MiB, 91 %
2026/08/29 19:25:23.205, 14661 MiB, 100 %
2026/08/29 19:25:25.205, 14661 MiB, 100 %
2026/08/29 19:25:27.206, 14661 MiB, 41 %
2026/08/29 19:25:29.206, 14661 MiB, 100 %
2026/08/29 19:25:31.206, 14661 MiB, 100 %
2026/08/29 19:25:33.207, 14661 MiB, 67 %
2026/08/29 19:25:35.207, 14661 MiB, 98 %
2026/08/29 19:25:37.207, 14661 MiB, 100 %
2026/08/29 19:25:39.207, 14661 MiB, 92 %
2026/08/29 19:25:41.208, 14661 MiB, 98 %
2026/08/29 19:25:43.208, 14661 MiB, 100 %
2026/08/29 19:25:45.208, 14661 MiB, 100 %
2026/08/29 19:25:47.209, 14661 MiB, 98 %
2026/08/29 19:25:49.209, 14661 MiB, 100 %
2026/08/29 19:25:51.209, 14661 MiB, 100 %
2026/08/29 19:25:53.210, 14661 MiB, 98 %
2026/08/29 19:25:55.210, 14661 MiB, 100 %
2026/08/29 19:25:57.210, 14661 MiB, 100 %
2026/08/29 19:25:59.211, 14661 MiB, 100 %
2026/08/29 19:26:01.211, 14661 MiB, 97 %
2026/08/29 19:26:03.211, 14661 MiB, 100 %
2026/08/29 19:26:05.212, 14661 MiB, 100 %
2026/08/29 19:26:07.212, 14661 MiB, 74 %
2026/08/29 19:26:09.212, 14661 MiB, 100 %
2026/08/29 19:26:11.213, 14661 MiB, 100 %
2026/08/29 19:26:13.213, 14661 MiB, 58 %
2026/08/29 19:26:15.213, 14661 MiB, 100 %
2026/08/29 19:26:17.214, 14661 MiB, 100 %
2026/08/29 19:26:19.214, 14661 MiB, 43 %
2026/08/29 19:26:21.214, 14661 MiB, 100 %
2026/08/29 19:26:23.214, 14661 MiB, 100 %
2026/08/29 19:26:25.215, 14661 MiB, 46 %
2026/08/29 19:26:27.215, 14661 MiB, 100 %
2026/08/29 19:26:29.215, 14661 MiB, 100 %
2026/08/29 19:26:31.216, 14661 MiB, 61 %
2026/08/29 19:26:33.216, 14661 MiB, 100 %
2026/08/29 19:26:35.216, 14661 MiB, 100 %
2026/08/29 19:26:37.217, 14661 MiB, 78 %
2026/08/29 19:26:39.217, 14661 MiB, 98 %
2026/08/29 19:26:41.217, 14661 MiB, 100 %
2026/08/29 19:26:43.217, 14661 MiB, 91 %
2026/08/29 19:26:45.218, 14661 MiB, 99 %
2026/08/29 19:26:47.218, 14661 MiB, 100 %
2026/08/29 19:26:49.218, 14661 MiB, 100 %
2026/08/29 19:26:51.219, 14661 MiB, 98 %
2026/08/29 19:26:53.219, 14661 MiB, 100 %
2026/08/29 19:26:55.219, 14661 MiB, 100 %
2026/08/29 19:26:57.220, 14661 MiB, 98 %
2026/08/29 19:26:59.220, 14661 MiB, 100 %
2026/08/29 19:27:01.220, 14661 MiB, 100 %
2026/08/29 19:27:03.221, 14661 MiB, 100 %
2026/08/29 19:27:05.221, 14661 MiB, 95 %
2026/08/29 19:27:07.221, 14661 MiB, 100 %
2026/08/29 19:27:09.222, 14661 MiB, 100 %
2026/08/29 19:27:11.222, 14661 MiB, 57 %
2026/08/29 19:27:13.222, 14661 MiB, 100 %
2026/08/29 19:27:15.223, 14661 MiB, 100 %
2026/08/29 19:27:17.223, 14661 MiB, 44 %
2026/08/29 19:27:19.223, 14661 MiB, 100 %
2026/08/29 19:27:21.223, 14661 MiB, 100 %
2026/08/29 19:27:23.224, 14661 MiB, 51 %
2026/08/29 19:27:25.224, 14661 MiB, 100 %
2026/08/29 19:27:27.224, 14661 MiB, 100 %
2026/08/29 19:27:29.225, 14661 MiB, 61 %
2026/08/29 19:27:31.225, 14661 MiB, 99 %
2026/08/29 19:27:33.225, 14661 MiB, 100 %
2026/08/29 19:27:35.226, 14661 MiB, 82 %
2026/08/29 19:27:37.226, 14661 MiB, 98 %
2026/08/29 19:27:39.226, 14661 MiB, 100 %
2026/08/29 19:27:41.227, 14661 MiB, 94 %
2026/08/29 19:27:43.227, 14661 MiB, 98 %
2026/08/29 19:27:45.227, 14661 MiB, 100 %
2026/08/29 19:27:47.228, 14661 MiB, 80 %
2026/08/29 19:27:49.228, 14661 MiB, 98 %
2026/08/29 19:27:51.228, 14661 MiB, 100 %
2026/08/29 19:27:53.229, 14661 MiB, 64 %
2026/08/29 19:27:55.229, 14661 MiB, 100 %
2026/08/29 19:27:57.229, 14661 MiB, 100 %
2026/08/29 19:27:59.230, 14661 MiB, 52 %
2026/08/29 19:28:01.230, 14661 MiB, 100 %
2026/08/29 19:28:03.230, 14661 MiB, 100 %
2026/08/29 19:28:05.231, 14661 MiB, 53 %
2026/08/29 19:28:07.231, 14661 MiB, 100 %
2026/08/29 19:28:09.231, 14661 MiB, 100 %
2026/08/29 19:28:11.231, 14661 MiB, 86 %
2026/08/29 19:28:13.232, 14661 MiB, 100 %
2026/08/29 19:28:15.232, 14661 MiB, 100 %
2026/08/29 19:28:17.232, 14661 MiB, 100 %
2026/08/29 19:28:19.233, 14661 MiB, 100 %
2026/08/29 19:28:21.233, 14661 MiB, 100 %
2026/08/29 19:28:23.233, 14661 MiB, 100 %
2026/08/29 19:28:25.234, 14661 MiB, 54 %
2026/08/29 19:28:27.234, 14661 MiB, 100 %
2026/08/29 19:28:29.234, 14661 MiB, 100 %
2026/08/29 19:28:31.235, 14661 MiB, 76 %
2026/08/29 19:28:33.235, 14661 MiB, 100 %
2026/08/29 19:28:35.235, 14661 MiB, 100 %
2026/08/29 19:28:37.236, 14661 MiB, 100 %
2026/08/29 19:28:39.236, 14661 MiB, 100 %
2026/08/29 19:28:41.236, 14661 MiB, 98 %
2026/08/29 19:28:43.236, 14661 MiB, 100 %
2026/08/29 19:28:45.237, 14661 MiB, 100 %
2026/08/29 19:28:47.237, 14661 MiB, 98 %
2026/08/29 19:28:49.237, 14661 MiB, 100 %
2026/08/29 19:28:51.238, 14661 MiB, 96 %
2026/08/29 19:28:53.238, 14661 MiB, 98 %
2026/08/29 19:28:55.238, 14661 MiB, 100 %
2026/08/29 19:28:57.239, 14661 MiB, 64 %
2026/08/29 19:28:59.239, 14661 MiB, 100 %
2026/08/29 19:29:01.239, 14661 MiB, 100 %
2026/08/29 19:29:03.240, 14661 MiB, 51 %
2026/08/29 19:29:05.240, 14661 MiB, 100 %
2026/08/29 19:29:07.240, 14661 MiB, 100 %
2026/08/29 19:29:09.241, 14661 MiB, 50 %
2026/08/29 19:29:11.241, 14661 MiB, 100 %
2026/08/29 19:29:13.241, 14661 MiB, 100 %
2026/08/29 19:29:15.241, 14661 MiB, 71 %
2026/08/29 19:29:17.242, 14661 MiB, 100 %
2026/08/29 19:29:19.242, 14661 MiB, 100 %
2026/08/29 19:29:21.242, 14661 MiB, 90 %
2026/08/29 19:29:23.243, 14661 MiB, 100 %
2026/08/29 19:29:25.243, 14661 MiB, 100 %
2026/08/29 19:29:27.243, 14661 MiB, 100 %
2026/08/29 19:29:29.244, 14661 MiB, 100 %
2026/08/29 19:29:31.244, 14661 MiB, 98 %
2026/08/29 19:29:33.244, 14661 MiB, 100 %
2026/08/29 19:29:35.244, 14661 MiB, 100 %
2026/08/29 19:29:37.245, 14661 MiB, 100 %
2026/08/29 19:29:39.245, 14661 MiB, 91 %
2026/08/29 19:29:41.245, 14661 MiB, 100 %
2026/08/29 19:29:43.246, 14661 MiB, 100 %
2026/08/29 19:29:45.246, 14661 MiB, 82 %
2026/08/29 19:29:47.246, 14661 MiB, 100 %
2026/08/29 19:29:49.247, 14661 MiB, 100 %
2026/08/29 19:29:51.247, 14661 MiB, 71 %
2026/08/29 19:29:53.247, 14661 MiB, 100 %
2026/08/29 19:29:55.248, 14661 MiB, 100 %
2026/08/29 19:29:57.248, 14661 MiB, 66 %
2026/08/29 19:29:59.248, 14661 MiB, 100 %
2026/08/29 19:30:01.248, 14661 MiB, 100 %
2026/08/29 19:30:03.249, 14661 MiB, 69 %
2026/08/29 19:30:05.249, 14661 MiB, 100 %
2026/08/29 19:30:07.249, 14661 MiB, 100 %
2026/08/29 19:30:09.250, 14661 MiB, 70 %
2026/08/29 19:30:11.250, 14661 MiB, 100 %
2026/08/29 19:30:13.250, 14661 MiB, 100 %
2026/08/29 19:30:15.251, 14661 MiB, 73 %
2026/08/29 19:30:17.251, 14661 MiB, 100 %
2026/08/29 19:30:19.251, 14661 MiB, 100 %
2026/08/29 19:30:21.252, 14661 MiB, 64 %
2026/08/29 19:30:23.252, 14661 MiB, 100 %
2026/08/29 19:30:25.252, 14661 MiB, 100 %
2026/08/29 19:30:27.253, 14661 MiB, 77 %
2026/08/29 19:30:29.253, 14661 MiB, 100 %
2026/08/29 19:30:31.253, 14661 MiB, 100 %
2026/08/29 19:30:33.253, 14661 MiB, 99 %
2026/08/29 19:30:35.254, 14661 MiB, 100 %
2026/08/29 19:30:37.254, 14661 MiB, 100 %
2026/08/29 19:30:39.254, 14661 MiB, 100 %
2026/08/29 19:30:41.255, 14661 MiB, 100 %
2026/08/29 19:30:43.255, 14661 MiB, 98 %
2026/08/29 19:30:45.255, 14661 MiB, 100 %
2026/08/29 19:30:47.256, 14661 MiB, 100 %
2026/08/29 19:30:49.256, 14661 MiB, 98 %
2026/08/29 19:30:51.256, 14661 MiB, 100 %
2026/08/29 19:30:53.257, 14661 MiB, 93 %
2026/08/29 19:30:55.257, 14661 MiB, 98 %
2026/08/29 19:30:57.257, 14661 MiB, 100 %
2026/08/29 19:30:59.258, 14661 MiB, 79 %
2026/08/29 19:31:01.258, 14661 MiB, 100 %
2026/08/29 19:31:03.258, 14661 MiB, 100 %
2026/08/29 19:31:05.259, 14661 MiB, 56 %
2026/08/29 19:31:07.259, 14661 MiB, 100 %
2026/08/29 19:31:09.259, 14661 MiB, 100 %
2026/08/29 19:31:11.259, 14661 MiB, 51 %
2026/08/29 19:31:13.260, 14661 MiB, 100 %
2026/08/29 19:31:15.260, 14661 MiB, 100 %
2026/08/29 19:31:17.260, 14661 MiB, 63 %
2026/08/29 19:31:19.261, 14661 MiB, 100 %
2026/08/29 19:31:21.261, 14661 MiB, 100 %
2026/08/29 19:31:23.261, 14661 MiB, 80 %
2026/08/29 19:31:25.262, 14661 MiB, 100 %
2026/08/29 19:31:27.262, 14661 MiB, 100 %
2026/08/29 19:31:29.262, 14661 MiB, 100 %
2026/08/29 19:31:31.262, 14661 MiB, 100 %
2026/08/29 19:31:33.263, 14661 MiB, 98 %
2026/08/29 19:31:35.263, 14661 MiB, 100 %
2026/08/29 19:31:37.263, 14661 MiB, 100 %
2026/08/29 19:31:39.264, 14661 MiB, 98 %
2026/08/29 19:31:41.264, 14661 MiB, 100 %
2026/08/29 19:31:43.264, 14661 MiB, 100 %
2026/08/29 19:31:45.265, 14661 MiB, 98 %
2026/08/29 19:31:47.265, 14661 MiB, 100 %
2026/08/29 19:31:49.265, 14661 MiB, 77 %
2026/08/29 19:31:51.266, 14661 MiB, 100 %
2026/08/29 19:31:53.266, 14661 MiB, 100 %
2026/08/29 19:31:55.266, 14661 MiB, 50 %
2026/08/29 19:31:57.266, 14661 MiB, 100 %
2026/08/29 19:31:59.267, 14661 MiB, 100 %
2026/08/29 19:32:01.267, 14661 MiB, 52 %
2026/08/29 19:32:03.267, 14661 MiB, 100 %
2026/08/29 19:32:05.268, 14661 MiB, 100 %
2026/08/29 19:32:07.268, 14661 MiB, 72 %
2026/08/29 19:32:09.268, 14661 MiB, 100 %
2026/08/29 19:32:11.269, 14661 MiB, 100 %
2026/08/29 19:32:13.269, 14661 MiB, 100 %
2026/08/29 19:32:15.269, 14661 MiB, 100 %
2026/08/29 19:32:17.269, 14661 MiB, 98 %
2026/08/29 19:32:19.270, 14661 MiB, 100 %
2026/08/29 19:32:21.270, 14661 MiB, 100 %
2026/08/29 19:32:23.270, 14661 MiB, 98 %
2026/08/29 19:32:25.271, 14661 MiB, 100 %
2026/08/29 19:32:27.271, 14661 MiB, 89 %
2026/08/29 19:32:29.271, 14661 MiB, 98 %
2026/08/29 19:32:31.272, 14661 MiB, 100 %
2026/08/29 19:32:33.272, 14661 MiB, 59 %
2026/08/29 19:32:35.272, 14661 MiB, 100 %
2026/08/29 19:32:37.272, 14661 MiB, 100 %
2026/08/29 19:32:39.273, 14661 MiB, 52 %
2026/08/29 19:32:41.273, 14661 MiB, 100 %
2026/08/29 19:32:43.273, 14661 MiB, 100 %
2026/08/29 19:32:45.274, 14661 MiB, 78 %
2026/08/29 19:32:47.274, 14661 MiB, 100 %
2026/08/29 19:32:49.274, 14661 MiB, 100 %
2026/08/29 19:32:51.275, 14661 MiB, 100 %
2026/08/29 19:32:53.275, 14661 MiB, 100 %
2026/08/29 19:32:55.275, 14661 MiB, 100 %
2026/08/29 19:32:57.275, 14661 MiB, 100 %
2026/08/29 19:32:59.276, 14661 MiB, 51 %
2026/08/29 19:33:01.276, 14661 MiB, 100 %
2026/08/29 19:33:03.276, 14661 MiB, 100 %
2026/08/29 19:33:05.277, 14661 MiB, 52 %
2026/08/29 19:33:07.277, 14661 MiB, 100 %
2026/08/29 19:33:09.277, 14661 MiB, 100 %
2026/08/29 19:33:11.277, 14661 MiB, 0 %
2026/08/29 19:33:13.278, 14661 MiB, 100 %
2026/08/29 19:33:15.278, 14661 MiB, 100 %
2026/08/29 19:33:17.278, 14661 MiB, 100 %
2026/08/29 19:33:19.279, 14661 MiB, 100 %
2026/08/29 19:33:21.279, 14661 MiB, 98 %
2026/08/29 19:33:23.279, 14661 MiB, 100 %
2026/08/29 19:33:25.280, 14661 MiB, 100 %
2026/08/29 19:33:27.280, 14661 MiB, 98 %
2026/08/29 19:33:29.280, 14661 MiB, 100 %
2026/08/29 19:33:31.281, 14661 MiB, 100 %
2026/08/29 19:33:33.281, 14661 MiB, 98 %
2026/08/29 19:33:35.281, 14661 MiB, 100 %
2026/08/29 19:33:37.281, 14661 MiB, 95 %
2026/08/29 19:33:39.282, 14661 MiB, 98 %
2026/08/29 19:33:41.282, 14661 MiB, 100 %
2026/08/29 19:33:43.282, 14661 MiB, 75 %
2026/08/29 19:33:45.283, 14661 MiB, 100 %
2026/08/29 19:33:47.283, 14661 MiB, 100 %
2026/08/29 19:33:49.283, 14661 MiB, 53 %
2026/08/29 19:33:51.284, 14661 MiB, 100 %
2026/08/29 19:33:53.284, 14661 MiB, 100 %
2026/08/29 19:33:55.284, 14661 MiB, 54 %
2026/08/29 19:33:57.285, 14661 MiB, 100 %
2026/08/29 19:33:59.285, 14661 MiB, 100 %
2026/08/29 19:34:01.285, 14661 MiB, 75 %
2026/08/29 19:34:03.286, 14661 MiB, 100 %
2026/08/29 19:34:05.286, 14661 MiB, 100 %
2026/08/29 19:34:07.286, 14661 MiB, 100 %
2026/08/29 19:34:09.287, 14661 MiB, 100 %
2026/08/29 19:34:11.287, 14661 MiB, 98 %
2026/08/29 19:34:13.287, 14661 MiB, 100 %
2026/08/29 19:34:15.287, 14661 MiB, 100 %
2026/08/29 19:34:17.288, 14661 MiB, 98 %
2026/08/29 19:34:19.288, 14661 MiB, 100 %
2026/08/29 19:34:21.288, 14661 MiB, 100 %
2026/08/29 19:34:23.289, 14661 MiB, 98 %
2026/08/29 19:34:25.289, 14661 MiB, 100 %
2026/08/29 19:34:27.289, 14661 MiB, 84 %
2026/08/29 19:34:29.290, 14661 MiB, 98 %
2026/08/29 19:34:31.290, 14661 MiB, 100 %
2026/08/29 19:34:33.290, 14661 MiB, 58 %
2026/08/29 19:34:35.291, 14661 MiB, 100 %
2026/08/29 19:34:37.291, 14661 MiB, 100 %
2026/08/29 19:34:39.291, 14661 MiB, 46 %
2026/08/29 19:34:41.292, 14661 MiB, 100 %
2026/08/29 19:34:43.292, 14661 MiB, 100 %
2026/08/29 19:34:45.292, 14661 MiB, 51 %
2026/08/29 19:34:47.292, 14661 MiB, 100 %
2026/08/29 19:34:49.293, 14661 MiB, 100 %
2026/08/29 19:34:51.293, 14661 MiB, 68 %
2026/08/29 19:34:53.293, 14661 MiB, 100 %
2026/08/29 19:34:55.294, 14661 MiB, 100 %
2026/08/29 19:34:57.294, 14661 MiB, 98 %
2026/08/29 19:34:59.294, 14661 MiB, 100 %
2026/08/29 19:35:01.295, 14661 MiB, 100 %
2026/08/29 19:35:03.295, 14661 MiB, 100 %
2026/08/29 19:35:05.295, 14661 MiB, 100 %
2026/08/29 19:35:07.296, 14661 MiB, 98 %
2026/08/29 19:35:09.296, 14661 MiB, 100 %
2026/08/29 19:35:11.296, 14661 MiB, 100 %
2026/08/29 19:35:13.296, 14661 MiB, 98 %
2026/08/29 19:35:15.297, 14661 MiB, 100 %
2026/08/29 19:35:17.297, 14661 MiB, 100 %
2026/08/29 19:35:19.297, 14661 MiB, 98 %
2026/08/29 19:35:21.297, 14661 MiB, 100 %
2026/08/29 19:35:23.298, 14661 MiB, 80 %
2026/08/29 19:35:25.298, 14661 MiB, 98 %
2026/08/29 19:35:27.298, 14661 MiB, 100 %
2026/08/29 19:35:29.299, 14661 MiB, 62 %
2026/08/29 19:35:31.299, 14661 MiB, 100 %
2026/08/29 19:35:33.299, 14661 MiB, 100 %
2026/08/29 19:35:35.300, 14661 MiB, 86 %
2026/08/29 19:35:37.300, 14661 MiB, 98 %
2026/08/29 19:35:39.300, 14661 MiB, 100 %
2026/08/29 19:35:41.301, 14661 MiB, 94 %
2026/08/29 19:35:43.301, 14661 MiB, 98 %
2026/08/29 19:35:45.301, 14661 MiB, 100 %
2026/08/29 19:35:47.301, 14661 MiB, 84 %
2026/08/29 19:35:49.302, 14661 MiB, 99 %
2026/08/29 19:35:51.302, 14661 MiB, 100 %
2026/08/29 19:35:53.302, 14661 MiB, 65 %
2026/08/29 19:35:55.303, 14661 MiB, 100 %
2026/08/29 19:35:57.303, 14661 MiB, 100 %
2026/08/29 19:35:59.303, 14661 MiB, 52 %
2026/08/29 19:36:01.304, 14661 MiB, 100 %
2026/08/29 19:36:03.304, 14661 MiB, 100 %
2026/08/29 19:36:05.304, 14661 MiB, 51 %
2026/08/29 19:36:07.305, 14661 MiB, 100 %
2026/08/29 19:36:09.305, 14661 MiB, 100 %
2026/08/29 19:36:11.305, 14661 MiB, 54 %
2026/08/29 19:36:13.305, 14661 MiB, 100 %
2026/08/29 19:36:15.306, 14661 MiB, 100 %
2026/08/29 19:36:17.306, 14661 MiB, 68 %
2026/08/29 19:36:19.306, 14661 MiB, 100 %
2026/08/29 19:36:21.307, 14661 MiB, 100 %
2026/08/29 19:36:23.307, 14661 MiB, 89 %
2026/08/29 19:36:25.307, 14661 MiB, 100 %
2026/08/29 19:36:27.308, 14661 MiB, 100 %
2026/08/29 19:36:29.308, 14661 MiB, 100 %
2026/08/29 19:36:31.308, 14661 MiB, 100 %
2026/08/29 19:36:33.308, 14661 MiB, 98 %
2026/08/29 19:36:35.309, 14661 MiB, 100 %
2026/08/29 19:36:37.309, 14661 MiB, 100 %
2026/08/29 19:36:39.310, 14661 MiB, 98 %
2026/08/29 19:36:41.310, 14661 MiB, 100 %
2026/08/29 19:36:43.310, 14661 MiB, 100 %
2026/08/29 19:36:45.310, 14661 MiB, 98 %
2026/08/29 19:36:47.311, 14661 MiB, 100 %
2026/08/29 19:36:49.311, 14661 MiB, 85 %
2026/08/29 19:36:51.311, 14661 MiB, 98 %
2026/08/29 19:36:53.312, 14661 MiB, 100 %
2026/08/29 19:36:55.312, 14661 MiB, 68 %
2026/08/29 19:36:57.312, 14661 MiB, 100 %
2026/08/29 19:36:59.312, 14661 MiB, 100 %
2026/08/29 19:37:01.313, 14661 MiB, 50 %
2026/08/29 19:37:03.313, 14661 MiB, 100 %
2026/08/29 19:37:05.313, 14661 MiB, 100 %
2026/08/29 19:37:07.314, 14661 MiB, 51 %
2026/08/29 19:37:09.314, 14661 MiB, 100 %
2026/08/29 19:37:11.314, 14661 MiB, 100 %
2026/08/29 19:37:13.315, 14661 MiB, 66 %
2026/08/29 19:37:15.315, 14661 MiB, 100 %
2026/08/29 19:37:17.315, 14661 MiB, 100 %
2026/08/29 19:37:19.316, 14661 MiB, 88 %
2026/08/29 19:37:21.316, 14661 MiB, 100 %
2026/08/29 19:37:23.316, 14661 MiB, 100 %
2026/08/29 19:37:25.316, 14661 MiB, 100 %
2026/08/29 19:37:27.317, 14661 MiB, 100 %
2026/08/29 19:37:29.317, 14661 MiB, 99 %
2026/08/29 19:37:31.317, 14661 MiB, 100 %
2026/08/29 19:37:33.318, 14661 MiB, 51 %
2026/08/29 19:37:35.318, 14661 MiB, 100 %
2026/08/29 19:37:37.318, 14661 MiB, 100 %
2026/08/29 19:37:39.319, 14661 MiB, 56 %
2026/08/29 19:37:41.319, 14661 MiB, 100 %
2026/08/29 19:37:43.319, 14661 MiB, 100 %
2026/08/29 19:37:45.320, 14661 MiB, 83 %
2026/08/29 19:37:47.320, 14661 MiB, 100 %
2026/08/29 19:37:49.320, 14661 MiB, 100 %
2026/08/29 19:37:51.321, 14661 MiB, 100 %
2026/08/29 19:37:53.321, 14661 MiB, 100 %
2026/08/29 19:37:55.321, 14661 MiB, 98 %
2026/08/29 19:37:57.321, 14661 MiB, 100 %
2026/08/29 19:37:59.322, 14661 MiB, 100 %
2026/08/29 19:38:01.322, 14661 MiB, 98 %
2026/08/29 19:38:03.322, 14661 MiB, 100 %
2026/08/29 19:38:05.323, 14661 MiB, 96 %
2026/08/29 19:38:07.323, 14661 MiB, 99 %
2026/08/29 19:38:09.323, 14661 MiB, 100 %
2026/08/29 19:38:11.324, 14661 MiB, 68 %
2026/08/29 19:38:13.324, 14661 MiB, 100 %
2026/08/29 19:38:15.324, 14661 MiB, 100 %
2026/08/29 19:38:17.325, 14661 MiB, 45 %
2026/08/29 19:38:19.325, 14661 MiB, 100 %
2026/08/29 19:38:21.325, 14661 MiB, 100 %
2026/08/29 19:38:23.326, 14661 MiB, 52 %
2026/08/29 19:38:25.326, 14661 MiB, 100 %
2026/08/29 19:38:27.326, 14661 MiB, 100 %
2026/08/29 19:38:29.326, 14661 MiB, 73 %
2026/08/29 19:38:31.327, 14661 MiB, 100 %
2026/08/29 19:38:33.327, 14661 MiB, 100 %
2026/08/29 19:38:35.327, 14661 MiB, 92 %
2026/08/29 19:38:37.328, 14661 MiB, 100 %
2026/08/29 19:38:39.328, 14661 MiB, 100 %
2026/08/29 19:38:41.328, 14661 MiB, 100 %
2026/08/29 19:38:43.329, 14661 MiB, 100 %
2026/08/29 19:38:45.329, 14661 MiB, 100 %
2026/08/29 19:38:47.329, 14661 MiB, 100 %
2026/08/29 19:38:49.329, 14661 MiB, 100 %
2026/08/29 19:38:51.330, 14661 MiB, 98 %
2026/08/29 19:38:53.330, 14661 MiB, 100 %
2026/08/29 19:38:55.330, 14661 MiB, 100 %
2026/08/29 19:38:57.331, 14661 MiB, 98 %
2026/08/29 19:38:59.331, 14661 MiB, 100 %
2026/08/29 19:39:01.331, 14661 MiB, 90 %
2026/08/29 19:39:03.332, 14661 MiB, 98 %
2026/08/29 19:39:05.332, 14661 MiB, 100 %
2026/08/29 19:39:07.332, 14661 MiB, 58 %
2026/08/29 19:39:09.333, 14661 MiB, 100 %
2026/08/29 19:39:11.333, 14661 MiB, 100 %
2026/08/29 19:39:13.333, 14661 MiB, 52 %
2026/08/29 19:39:15.334, 14661 MiB, 100 %
2026/08/29 19:39:17.334, 14661 MiB, 100 %
2026/08/29 19:39:19.334, 14661 MiB, 66 %
2026/08/29 19:39:21.335, 14661 MiB, 100 %
2026/08/29 19:39:23.335, 14661 MiB, 100 %
2026/08/29 19:39:25.335, 14661 MiB, 88 %
2026/08/29 19:39:27.336, 14661 MiB, 100 %
2026/08/29 19:39:29.336, 14661 MiB, 100 %
2026/08/29 19:39:31.336, 14661 MiB, 100 %
2026/08/29 19:39:33.337, 14661 MiB, 100 %
2026/08/29 19:39:35.337, 14661 MiB, 98 %
2026/08/29 19:39:37.337, 14661 MiB, 100 %
2026/08/29 19:39:39.338, 14661 MiB, 100 %
2026/08/29 19:39:41.338, 14661 MiB, 98 %
2026/08/29 19:39:43.338, 14661 MiB, 100 %
2026/08/29 19:39:45.339, 14661 MiB, 88 %
2026/08/29 19:39:47.339, 14661 MiB, 98 %
2026/08/29 19:39:49.339, 14661 MiB, 100 %
2026/08/29 19:39:51.339, 14661 MiB, 70 %
2026/08/29 19:39:53.340, 14661 MiB, 100 %
2026/08/29 19:39:55.340, 14661 MiB, 100 %
2026/08/29 19:39:57.340, 14661 MiB, 50 %
2026/08/29 19:39:59.341, 14661 MiB, 100 %
2026/08/29 19:40:01.341, 14661 MiB, 100 %
2026/08/29 19:40:03.341, 14661 MiB, 66 %
2026/08/29 19:40:05.342, 14661 MiB, 100 %
2026/08/29 19:40:07.342, 14661 MiB, 100 %
2026/08/29 19:40:09.342, 14661 MiB, 87 %
2026/08/29 19:40:11.343, 14661 MiB, 100 %
2026/08/29 19:40:13.343, 14661 MiB, 100 %
2026/08/29 19:40:15.343, 14661 MiB, 100 %
2026/08/29 19:40:17.344, 14661 MiB, 100 %
2026/08/29 19:40:19.344, 14661 MiB, 98 %
2026/08/29 19:40:21.344, 14661 MiB, 100 %
2026/08/29 19:40:23.344, 14661 MiB, 100 %
2026/08/29 19:40:25.345, 14661 MiB, 99 %
2026/08/29 19:40:27.345, 14661 MiB, 100 %
2026/08/29 19:40:29.345, 14661 MiB, 93 %
2026/08/29 19:40:31.346, 14661 MiB, 98 %
2026/08/29 19:40:33.346, 14661 MiB, 100 %
2026/08/29 19:40:35.346, 14661 MiB, 62 %
2026/08/29 19:40:37.347, 14661 MiB, 100 %
2026/08/29 19:40:39.347, 14661 MiB, 100 %
2026/08/29 19:40:41.347, 14661 MiB, 50 %
2026/08/29 19:40:43.348, 14661 MiB, 100 %
2026/08/29 19:40:45.348, 14661 MiB, 100 %
2026/08/29 19:40:47.348, 14661 MiB, 68 %
2026/08/29 19:40:49.349, 14661 MiB, 100 %
2026/08/29 19:40:51.349, 14661 MiB, 100 %
2026/08/29 19:40:53.349, 14661 MiB, 91 %
2026/08/29 19:40:55.350, 14661 MiB, 100 %
2026/08/29 19:40:57.350, 14661 MiB, 100 %
2026/08/29 19:40:59.350, 14661 MiB, 100 %
2026/08/29 19:41:01.351, 14661 MiB, 100 %
2026/08/29 19:41:03.351, 14661 MiB, 99 %
2026/08/29 19:41:05.351, 14661 MiB, 100 %
2026/08/29 19:41:07.352, 14661 MiB, 100 %
2026/08/29 19:41:09.352, 14661 MiB, 99 %
2026/08/29 19:41:11.352, 14661 MiB, 100 %
2026/08/29 19:41:13.352, 14661 MiB, 92 %
2026/08/29 19:41:15.353, 14661 MiB, 98 %
2026/08/29 19:41:17.353, 14661 MiB, 100 %
2026/08/29 19:41:19.353, 14661 MiB, 64 %
2026/08/29 19:41:21.354, 14661 MiB, 100 %
2026/08/29 19:41:23.354, 14661 MiB, 100 %
2026/08/29 19:41:25.355, 14661 MiB, 49 %
2026/08/29 19:41:27.355, 14661 MiB, 100 %
2026/08/29 19:41:29.356, 14661 MiB, 100 %
2026/08/29 19:41:31.356, 14661 MiB, 52 %
2026/08/29 19:41:33.356, 14661 MiB, 100 %
2026/08/29 19:41:35.356, 14661 MiB, 100 %
2026/08/29 19:41:37.357, 14661 MiB, 74 %
2026/08/29 19:41:39.357, 14661 MiB, 100 %
2026/08/29 19:41:41.357, 14661 MiB, 100 %
2026/08/29 19:41:43.358, 14661 MiB, 98 %
2026/08/29 19:41:45.358, 14661 MiB, 100 %
2026/08/29 19:41:47.358, 14661 MiB, 98 %
2026/08/29 19:41:49.359, 14661 MiB, 100 %
2026/08/29 19:41:51.359, 14661 MiB, 100 %
2026/08/29 19:41:53.359, 14661 MiB, 99 %
2026/08/29 19:41:55.360, 14661 MiB, 100 %
2026/08/29 19:41:57.360, 14661 MiB, 100 %
2026/08/29 19:41:59.360, 14661 MiB, 98 %
2026/08/29 19:42:01.361, 14661 MiB, 100 %
2026/08/29 19:42:03.361, 14661 MiB, 75 %
2026/08/29 19:42:05.361, 14661 MiB, 100 %
2026/08/29 19:42:07.362, 14661 MiB, 100 %
2026/08/29 19:42:09.362, 14661 MiB, 96 %
2026/08/29 19:42:11.362, 14661 MiB, 100 %
2026/08/29 19:42:13.363, 14661 MiB, 100 %
2026/08/29 19:42:15.363, 14661 MiB, 100 %
2026/08/29 19:42:17.363, 14661 MiB, 100 %
2026/08/29 19:42:19.364, 14661 MiB, 98 %
2026/08/29 19:42:21.364, 14661 MiB, 100 %
2026/08/29 19:42:23.364, 14661 MiB, 100 %
2026/08/29 19:42:25.364, 14661 MiB, 98 %
2026/08/29 19:42:27.365, 14661 MiB, 100 %
2026/08/29 19:42:29.365, 14661 MiB, 83 %
2026/08/29 19:42:31.365, 14661 MiB, 99 %
2026/08/29 19:42:33.366, 14661 MiB, 100 %
2026/08/29 19:42:35.366, 14661 MiB, 55 %
2026/08/29 19:42:37.366, 14661 MiB, 100 %
2026/08/29 19:42:39.367, 14661 MiB, 100 %
2026/08/29 19:42:41.367, 14661 MiB, 61 %
2026/08/29 19:42:43.367, 14661 MiB, 100 %
2026/08/29 19:42:45.368, 14661 MiB, 100 %
2026/08/29 19:42:47.368, 14661 MiB, 100 %
2026/08/29 19:42:49.368, 14661 MiB, 100 %
2026/08/29 19:42:51.368, 14661 MiB, 98 %
2026/08/29 19:42:53.369, 14661 MiB, 100 %
2026/08/29 19:42:55.369, 14661 MiB, 100 %
2026/08/29 19:42:57.369, 14661 MiB, 98 %
2026/08/29 19:42:59.370, 14661 MiB, 100 %
2026/08/29 19:43:01.370, 14661 MiB, 98 %
2026/08/29 19:43:03.370, 14661 MiB, 98 %
2026/08/29 19:43:05.371, 14661 MiB, 100 %
2026/08/29 19:43:07.371, 14661 MiB, 83 %
2026/08/29 19:43:09.371, 14661 MiB, 98 %
2026/08/29 19:43:11.371, 14661 MiB, 100 %
2026/08/29 19:43:13.372, 14661 MiB, 61 %
2026/08/29 19:43:15.372, 14661 MiB, 100 %
2026/08/29 19:43:17.372, 14661 MiB, 100 %
2026/08/29 19:43:19.373, 14661 MiB, 51 %
2026/08/29 19:43:21.373, 14661 MiB, 100 %
2026/08/29 19:43:23.373, 14661 MiB, 100 %
2026/08/29 19:43:25.374, 14661 MiB, 53 %
2026/08/29 19:43:27.374, 14661 MiB, 100 %
2026/08/29 19:43:29.374, 14661 MiB, 100 %
2026/08/29 19:43:31.374, 14661 MiB, 61 %
2026/08/29 19:43:33.375, 14661 MiB, 100 %
2026/08/29 19:43:35.375, 14661 MiB, 100 %
2026/08/29 19:43:37.375, 14661 MiB, 83 %
2026/08/29 19:43:39.376, 14661 MiB, 100 %
2026/08/29 19:43:41.376, 14661 MiB, 100 %
2026/08/29 19:43:43.376, 14661 MiB, 100 %
2026/08/29 19:43:45.377, 14661 MiB, 100 %
2026/08/29 19:43:47.377, 14661 MiB, 98 %
2026/08/29 19:43:49.377, 14661 MiB, 100 %
2026/08/29 19:43:51.378, 14661 MiB, 100 %
2026/08/29 19:43:53.378, 14661 MiB, 100 %
2026/08/29 19:43:55.378, 14661 MiB, 59 %
2026/08/29 19:43:57.379, 14661 MiB, 100 %
2026/08/29 19:43:59.379, 14661 MiB, 100 %
2026/08/29 19:44:01.379, 14661 MiB, 49 %
2026/08/29 19:44:03.380, 14661 MiB, 100 %
2026/08/29 19:44:05.380, 14661 MiB, 100 %
2026/08/29 19:44:07.380, 14661 MiB, 51 %
2026/08/29 19:44:09.381, 14661 MiB, 100 %
2026/08/29 19:44:11.381, 14661 MiB, 100 %
2026/08/29 19:44:13.381, 14661 MiB, 48 %
2026/08/29 19:44:15.382, 14661 MiB, 100 %
2026/08/29 19:44:17.382, 14661 MiB, 100 %
2026/08/29 19:44:19.382, 14661 MiB, 54 %
2026/08/29 19:44:21.383, 14661 MiB, 100 %
2026/08/29 19:44:23.383, 14661 MiB, 100 %
2026/08/29 19:44:25.383, 14661 MiB, 48 %
2026/08/29 19:44:27.384, 14661 MiB, 100 %
2026/08/29 19:44:29.384, 14661 MiB, 100 %
2026/08/29 19:44:31.384, 14661 MiB, 71 %
2026/08/29 19:44:33.385, 14661 MiB, 100 %
2026/08/29 19:44:35.385, 14661 MiB, 100 %
2026/08/29 19:44:37.385, 14661 MiB, 99 %
2026/08/29 19:44:39.386, 14661 MiB, 100 %
2026/08/29 19:44:41.386, 14661 MiB, 100 %
2026/08/29 19:44:43.386, 14661 MiB, 100 %
2026/08/29 19:44:45.387, 14661 MiB, 100 %
2026/08/29 19:44:47.387, 14661 MiB, 98 %
2026/08/29 19:44:49.387, 14661 MiB, 100 %
2026/08/29 19:44:51.387, 14661 MiB, 100 %
2026/08/29 19:44:53.388, 14661 MiB, 98 %
2026/08/29 19:44:55.388, 14661 MiB, 100 %
2026/08/29 19:44:57.388, 14661 MiB, 100 %
2026/08/29 19:44:59.389, 14661 MiB, 98 %
2026/08/29 19:45:01.389, 14661 MiB, 100 %
2026/08/29 19:45:03.389, 14661 MiB, 100 %
2026/08/29 19:45:05.390, 14661 MiB, 98 %
2026/08/29 19:45:07.390, 14661 MiB, 100 %
2026/08/29 19:45:09.390, 14661 MiB, 94 %
2026/08/29 19:45:11.391, 14661 MiB, 98 %
2026/08/29 19:45:13.391, 14661 MiB, 100 %
2026/08/29 19:45:15.391, 14661 MiB, 80 %
2026/08/29 19:45:17.391, 14661 MiB, 98 %
2026/08/29 19:45:19.392, 14661 MiB, 100 %
2026/08/29 19:45:21.392, 14661 MiB, 72 %
2026/08/29 19:45:23.392, 14661 MiB, 99 %
2026/08/29 19:45:25.393, 14661 MiB, 100 %
2026/08/29 19:45:27.393, 14661 MiB, 71 %
2026/08/29 19:45:29.393, 14661 MiB, 97 %
2026/08/29 19:45:31.394, 14661 MiB, 100 %
2026/08/29 19:45:33.394, 14661 MiB, 83 %
2026/08/29 19:45:35.394, 14661 MiB, 98 %
2026/08/29 19:45:37.395, 14661 MiB, 100 %
2026/08/29 19:45:39.395, 14661 MiB, 42 %
2026/08/29 19:45:41.395, 14661 MiB, 100 %
2026/08/29 19:45:43.395, 14661 MiB, 100 %
2026/08/29 19:45:45.396, 14661 MiB, 49 %
2026/08/29 19:45:47.396, 14661 MiB, 100 %
2026/08/29 19:45:49.396, 14661 MiB, 100 %
2026/08/29 19:45:51.397, 14661 MiB, 47 %
2026/08/29 19:45:53.397, 14661 MiB, 100 %
2026/08/29 19:45:55.397, 14661 MiB, 100 %
2026/08/29 19:45:57.398, 14661 MiB, 53 %
2026/08/29 19:45:59.398, 14661 MiB, 100 %
2026/08/29 19:46:01.398, 14661 MiB, 100 %
2026/08/29 19:46:03.398, 14661 MiB, 70 %
2026/08/29 19:46:05.399, 14661 MiB, 100 %
2026/08/29 19:46:07.399, 14661 MiB, 100 %
2026/08/29 19:46:09.399, 14661 MiB, 73 %
2026/08/29 19:46:11.400, 14661 MiB, 100 %
2026/08/29 19:46:13.400, 14661 MiB, 100 %
2026/08/29 19:46:15.400, 14661 MiB, 63 %
2026/08/29 19:46:17.401, 14661 MiB, 100 %
2026/08/29 19:46:19.401, 14661 MiB, 100 %
2026/08/29 19:46:21.401, 14661 MiB, 62 %
2026/08/29 19:46:23.401, 14661 MiB, 100 %
2026/08/29 19:46:25.402, 14661 MiB, 100 %
2026/08/29 19:46:27.402, 14661 MiB, 70 %
2026/08/29 19:46:29.402, 14661 MiB, 100 %
2026/08/29 19:46:31.403, 14661 MiB, 100 %
2026/08/29 19:46:33.403, 14661 MiB, 95 %
2026/08/29 19:46:35.403, 14661 MiB, 100 %
2026/08/29 19:46:37.404, 14661 MiB, 100 %
2026/08/29 19:46:39.404, 14661 MiB, 100 %
2026/08/29 19:46:41.404, 14661 MiB, 69 %
2026/08/29 19:46:43.404, 14661 MiB, 100 %
2026/08/29 19:46:45.405, 14661 MiB, 100 %
2026/08/29 19:46:47.405, 14661 MiB, 56 %
2026/08/29 19:46:49.405, 14661 MiB, 100 %
2026/08/29 19:46:51.406, 14661 MiB, 100 %
2026/08/29 19:46:53.406, 14661 MiB, 47 %
2026/08/29 19:46:55.406, 14661 MiB, 100 %
2026/08/29 19:46:57.407, 14661 MiB, 100 %
2026/08/29 19:46:59.407, 14661 MiB, 50 %
2026/08/29 19:47:01.407, 14661 MiB, 100 %
2026/08/29 19:47:03.408, 14661 MiB, 100 %
2026/08/29 19:47:05.408, 14661 MiB, 49 %
2026/08/29 19:47:07.408, 14661 MiB, 100 %
2026/08/29 19:47:09.409, 14661 MiB, 100 %
2026/08/29 19:47:11.409, 14661 MiB, 49 %
2026/08/29 19:47:13.409, 14661 MiB, 100 %
2026/08/29 19:47:15.409, 14661 MiB, 100 %
2026/08/29 19:47:17.410, 14661 MiB, 53 %
2026/08/29 19:47:19.410, 14661 MiB, 100 %
2026/08/29 19:47:21.410, 14661 MiB, 100 %
2026/08/29 19:47:23.411, 14661 MiB, 70 %
2026/08/29 19:47:25.411, 14661 MiB, 100 %
2026/08/29 19:47:27.411, 14661 MiB, 100 %
2026/08/29 19:47:29.412, 14661 MiB, 86 %
2026/08/29 19:47:31.412, 14661 MiB, 100 %
2026/08/29 19:47:33.412, 14661 MiB, 100 %
2026/08/29 19:47:35.413, 14661 MiB, 95 %
2026/08/29 19:47:37.413, 14661 MiB, 100 %
2026/08/29 19:47:39.413, 14661 MiB, 100 %
2026/08/29 19:47:41.413, 14661 MiB, 100 %
2026/08/29 19:47:43.414, 14661 MiB, 100 %
2026/08/29 19:47:45.414, 14661 MiB, 100 %
2026/08/29 19:47:47.414, 14661 MiB, 100 %
2026/08/29 19:47:49.415, 14661 MiB, 100 %
2026/08/29 19:47:51.415, 14661 MiB, 98 %
2026/08/29 19:47:53.415, 14661 MiB, 100 %
2026/08/29 19:47:55.416, 14661 MiB, 100 %
2026/08/29 19:47:57.416, 14661 MiB, 98 %
2026/08/29 19:47:59.416, 14661 MiB, 100 %
2026/08/29 19:48:01.417, 14661 MiB, 100 %
2026/08/29 19:48:03.417, 14661 MiB, 98 %
2026/08/29 19:48:05.417, 14661 MiB, 100 %
2026/08/29 19:48:07.418, 14661 MiB, 96 %
2026/08/29 19:48:09.418, 14661 MiB, 98 %
2026/08/29 19:48:11.418, 14661 MiB, 100 %
2026/08/29 19:48:13.419, 14661 MiB, 94 %
2026/08/29 19:48:15.419, 14661 MiB, 98 %
2026/08/29 19:48:17.419, 14661 MiB, 100 %
2026/08/29 19:48:19.419, 14661 MiB, 75 %
2026/08/29 19:48:21.420, 14661 MiB, 99 %
2026/08/29 19:48:23.420, 14661 MiB, 100 %
2026/08/29 19:48:25.420, 14661 MiB, 58 %
2026/08/29 19:48:27.421, 14661 MiB, 100 %
2026/08/29 19:48:29.421, 14661 MiB, 100 %
2026/08/29 19:48:31.421, 14661 MiB, 48 %
2026/08/29 19:48:33.422, 14661 MiB, 100 %
2026/08/29 19:48:35.422, 14661 MiB, 100 %
2026/08/29 19:48:37.422, 14661 MiB, 44 %
2026/08/29 19:48:39.423, 14661 MiB, 100 %
2026/08/29 19:48:41.423, 14661 MiB, 100 %
2026/08/29 19:48:43.423, 14661 MiB, 51 %
2026/08/29 19:48:45.423, 14661 MiB, 100 %
2026/08/29 19:48:47.424, 14661 MiB, 100 %
2026/08/29 19:48:49.424, 14661 MiB, 73 %
2026/08/29 19:48:51.424, 14661 MiB, 100 %
2026/08/29 19:48:53.425, 14661 MiB, 100 %
2026/08/29 19:48:55.425, 14661 MiB, 79 %
2026/08/29 19:48:57.425, 14661 MiB, 100 %
2026/08/29 19:48:59.426, 14661 MiB, 100 %
2026/08/29 19:49:01.426, 14661 MiB, 94 %
2026/08/29 19:49:03.426, 14661 MiB, 100 %
2026/08/29 19:49:05.427, 14661 MiB, 100 %
2026/08/29 19:49:07.427, 14661 MiB, 100 %
2026/08/29 19:49:09.427, 14661 MiB, 100 %
2026/08/29 19:49:11.427, 14661 MiB, 100 %
2026/08/29 19:49:13.428, 14661 MiB, 100 %
2026/08/29 19:49:15.428, 14661 MiB, 100 %
2026/08/29 19:49:17.428, 14661 MiB, 98 %
2026/08/29 19:49:19.429, 14661 MiB, 100 %
2026/08/29 19:49:21.429, 14661 MiB, 100 %
2026/08/29 19:49:23.429, 14661 MiB, 97 %
2026/08/29 19:49:25.430, 14661 MiB, 100 %
2026/08/29 19:49:27.430, 14661 MiB, 100 %
2026/08/29 19:49:29.430, 14661 MiB, 98 %
2026/08/29 19:49:31.431, 14661 MiB, 100 %
2026/08/29 19:49:33.431, 14661 MiB, 100 %
2026/08/29 19:49:35.431, 14661 MiB, 98 %
2026/08/29 19:49:37.431, 14661 MiB, 100 %
2026/08/29 19:49:39.432, 14661 MiB, 95 %
2026/08/29 19:49:41.433, 14661 MiB, 98 %
2026/08/29 19:49:43.433, 14661 MiB, 100 %
2026/08/29 19:49:45.433, 14661 MiB, 78 %
2026/08/29 19:49:47.434, 14661 MiB, 98 %
2026/08/29 19:49:49.434, 14661 MiB, 100 %
2026/08/29 19:49:51.434, 14661 MiB, 66 %
2026/08/29 19:49:53.435, 14661 MiB, 100 %
2026/08/29 19:49:55.435, 14661 MiB, 100 %
2026/08/29 19:49:57.435, 14661 MiB, 61 %
2026/08/29 19:49:59.435, 14661 MiB, 100 %
2026/08/29 19:50:01.436, 14661 MiB, 100 %
2026/08/29 19:50:03.436, 14661 MiB, 58 %
2026/08/29 19:50:05.436, 14661 MiB, 100 %
2026/08/29 19:50:07.437, 14661 MiB, 100 %
2026/08/29 19:50:09.437, 14661 MiB, 55 %
2026/08/29 19:50:11.437, 14661 MiB, 100 %
2026/08/29 19:50:13.438, 14661 MiB, 100 %
2026/08/29 19:50:15.438, 14661 MiB, 51 %
2026/08/29 19:50:17.438, 14661 MiB, 100 %
2026/08/29 19:50:19.439, 14661 MiB, 100 %
2026/08/29 19:50:21.439, 14661 MiB, 58 %
2026/08/29 19:50:23.439, 14661 MiB, 100 %
2026/08/29 19:50:25.440, 14661 MiB, 100 %
2026/08/29 19:50:27.440, 14661 MiB, 82 %
2026/08/29 19:50:29.440, 14661 MiB, 100 %
2026/08/29 19:50:31.441, 14661 MiB, 100 %
2026/08/29 19:50:33.441, 14661 MiB, 85 %
2026/08/29 19:50:35.441, 14661 MiB, 100 %
2026/08/29 19:50:37.441, 14661 MiB, 100 %
2026/08/29 19:50:39.442, 14661 MiB, 99 %
2026/08/29 19:50:41.442, 14661 MiB, 100 %
2026/08/29 19:50:43.442, 14661 MiB, 100 %
2026/08/29 19:50:45.443, 14661 MiB, 100 %
2026/08/29 19:50:47.443, 14661 MiB, 100 %
2026/08/29 19:50:49.443, 14661 MiB, 98 %
2026/08/29 19:50:51.444, 14661 MiB, 100 %
2026/08/29 19:50:53.444, 14661 MiB, 100 %
2026/08/29 19:50:55.444, 14661 MiB, 98 %
2026/08/29 19:50:57.444, 14661 MiB, 100 %
2026/08/29 19:50:59.445, 14661 MiB, 100 %
2026/08/29 19:51:01.445, 14661 MiB, 98 %
2026/08/29 19:51:03.445, 14661 MiB, 100 %
2026/08/29 19:51:05.446, 14661 MiB, 77 %
2026/08/29 19:51:07.446, 14661 MiB, 100 %
2026/08/29 19:51:09.446, 14661 MiB, 100 %
2026/08/29 19:51:11.447, 14661 MiB, 54 %
2026/08/29 19:51:13.447, 14661 MiB, 100 %
2026/08/29 19:51:15.447, 14661 MiB, 98 %
2026/08/29 19:51:17.447, 14661 MiB, 100 %
2026/08/29 19:51:19.448, 14661 MiB, 100 %
2026/08/29 19:51:21.448, 14661 MiB, 98 %
2026/08/29 19:51:23.448, 14661 MiB, 100 %
2026/08/29 19:51:25.449, 14661 MiB, 64 %
2026/08/29 19:51:27.449, 14661 MiB, 100 %
2026/08/29 19:51:29.449, 14661 MiB, 100 %
2026/08/29 19:51:31.449, 14661 MiB, 54 %
2026/08/29 19:51:33.450, 14661 MiB, 100 %
2026/08/29 19:51:35.450, 14661 MiB, 100 %
2026/08/29 19:51:37.450, 14661 MiB, 86 %
2026/08/29 19:51:39.451, 14661 MiB, 100 %
2026/08/29 19:51:41.451, 14661 MiB, 100 %
2026/08/29 19:51:43.451, 14661 MiB, 100 %
2026/08/29 19:51:45.452, 14661 MiB, 100 %
2026/08/29 19:51:47.452, 14661 MiB, 98 %
2026/08/29 19:51:49.452, 14661 MiB, 100 %
2026/08/29 19:51:51.453, 14661 MiB, 100 %
2026/08/29 19:51:53.453, 14661 MiB, 98 %
2026/08/29 19:51:55.453, 14661 MiB, 100 %
2026/08/29 19:51:57.453, 14661 MiB, 59 %
2026/08/29 19:51:59.454, 14661 MiB, 100 %
2026/08/29 19:52:01.454, 14661 MiB, 100 %
2026/08/29 19:52:03.455, 14661 MiB, 53 %
2026/08/29 19:52:05.455, 14661 MiB, 100 %
2026/08/29 19:52:07.455, 14661 MiB, 100 %
2026/08/29 19:52:09.456, 14661 MiB, 84 %
2026/08/29 19:52:11.456, 14661 MiB, 100 %
2026/08/29 19:52:13.456, 14661 MiB, 100 %
2026/08/29 19:52:15.456, 14661 MiB, 100 %
2026/08/29 19:52:17.457, 14661 MiB, 100 %
2026/08/29 19:52:19.457, 14661 MiB, 99 %
2026/08/29 19:52:21.458, 14661 MiB, 100 %
2026/08/29 19:52:23.458, 14661 MiB, 100 %
2026/08/29 19:52:25.458, 14661 MiB, 99 %
2026/08/29 19:52:27.459, 14661 MiB, 100 %
2026/08/29 19:52:29.459, 14661 MiB, 88 %
2026/08/29 19:52:31.459, 14661 MiB, 99 %
2026/08/29 19:52:33.459, 14661 MiB, 100 %
2026/08/29 19:52:35.460, 14661 MiB, 54 %
2026/08/29 19:52:37.460, 14661 MiB, 100 %
2026/08/29 19:52:39.460, 14661 MiB, 100 %
2026/08/29 19:52:41.461, 14661 MiB, 53 %
2026/08/29 19:52:43.461, 14661 MiB, 100 %
2026/08/29 19:52:45.461, 14661 MiB, 100 %
2026/08/29 19:52:47.461, 14661 MiB, 80 %
2026/08/29 19:52:49.462, 14661 MiB, 100 %
2026/08/29 19:52:51.462, 14661 MiB, 100 %
2026/08/29 19:52:53.462, 14661 MiB, 100 %
2026/08/29 19:52:55.463, 14661 MiB, 100 %
2026/08/29 19:52:57.463, 14661 MiB, 98 %
2026/08/29 19:52:59.463, 14661 MiB, 100 %
2026/08/29 19:53:01.464, 14661 MiB, 100 %
2026/08/29 19:53:03.464, 14661 MiB, 98 %
2026/08/29 19:53:05.464, 14661 MiB, 100 %
2026/08/29 19:53:07.465, 14661 MiB, 100 %
2026/08/29 19:53:09.466, 14661 MiB, 98 %
2026/08/29 19:53:11.466, 14661 MiB, 100 %
2026/08/29 19:53:13.466, 14661 MiB, 100 %
2026/08/29 19:53:15.468, 14661 MiB, 98 %
2026/08/29 19:53:17.468, 14661 MiB, 100 %
2026/08/29 19:53:19.468, 14661 MiB, 100 %
2026/08/29 19:53:21.469, 14661 MiB, 98 %
2026/08/29 19:53:23.469, 14661 MiB, 100 %
2026/08/29 19:53:25.469, 14661 MiB, 99 %
2026/08/29 19:53:27.470, 14661 MiB, 98 %
2026/08/29 19:53:29.471, 14661 MiB, 100 %
2026/08/29 19:53:31.471, 14661 MiB, 95 %
2026/08/29 19:53:33.471, 14661 MiB, 98 %
2026/08/29 19:53:35.472, 14661 MiB, 100 %
2026/08/29 19:53:37.472, 14661 MiB, 85 %
2026/08/29 19:53:39.472, 14661 MiB, 98 %
2026/08/29 19:53:41.472, 14661 MiB, 100 %
2026/08/29 19:53:43.473, 14661 MiB, 63 %
2026/08/29 19:53:45.473, 14661 MiB, 100 %
2026/08/29 19:53:47.473, 14661 MiB, 100 %
2026/08/29 19:53:49.474, 14661 MiB, 51 %
2026/08/29 19:53:51.474, 14661 MiB, 100 %
2026/08/29 19:53:53.474, 14661 MiB, 100 %
2026/08/29 19:53:55.475, 14661 MiB, 59 %
2026/08/29 19:53:57.475, 14661 MiB, 100 %
2026/08/29 19:53:59.475, 14661 MiB, 100 %
2026/08/29 19:54:01.475, 14661 MiB, 79 %
2026/08/29 19:54:03.476, 14661 MiB, 100 %
2026/08/29 19:54:05.476, 14661 MiB, 100 %
2026/08/29 19:54:07.476, 14661 MiB, 98 %
2026/08/29 19:54:09.477, 14661 MiB, 100 %
2026/08/29 19:54:11.477, 14661 MiB, 100 %
2026/08/29 19:54:13.477, 14661 MiB, 100 %
2026/08/29 19:54:15.478, 14661 MiB, 100 %
2026/08/29 19:54:17.478, 14661 MiB, 99 %
2026/08/29 19:54:19.478, 14661 MiB, 100 %
2026/08/29 19:54:21.479, 14661 MiB, 100 %
2026/08/29 19:54:23.479, 14661 MiB, 98 %
2026/08/29 19:54:25.479, 14661 MiB, 100 %
2026/08/29 19:54:27.480, 14661 MiB, 85 %
2026/08/29 19:54:29.480, 14661 MiB, 99 %
2026/08/29 19:54:31.480, 14661 MiB, 100 %
2026/08/29 19:54:33.480, 14661 MiB, 54 %
2026/08/29 19:54:35.481, 14661 MiB, 100 %
2026/08/29 19:54:37.481, 14661 MiB, 100 %
2026/08/29 19:54:39.481, 14661 MiB, 50 %
2026/08/29 19:54:41.482, 14661 MiB, 100 %
2026/08/29 19:54:43.482, 14661 MiB, 100 %
2026/08/29 19:54:45.482, 14661 MiB, 71 %
2026/08/29 19:54:47.483, 14661 MiB, 100 %
2026/08/29 19:54:49.483, 14661 MiB, 100 %
2026/08/29 19:54:51.483, 14661 MiB, 100 %
2026/08/29 19:54:53.483, 14661 MiB, 100 %
2026/08/29 19:54:55.484, 14661 MiB, 98 %
2026/08/29 19:54:57.484, 14661 MiB, 100 %
2026/08/29 19:54:59.484, 14661 MiB, 100 %
2026/08/29 19:55:01.485, 14661 MiB, 98 %
2026/08/29 19:55:03.485, 14661 MiB, 100 %
2026/08/29 19:55:05.485, 14661 MiB, 73 %
2026/08/29 19:55:07.485, 14661 MiB, 100 %
2026/08/29 19:55:09.486, 14661 MiB, 100 %
2026/08/29 19:55:11.486, 14661 MiB, 60 %
2026/08/29 19:55:13.486, 14661 MiB, 100 %
2026/08/29 19:55:15.487, 14661 MiB, 100 %
2026/08/29 19:55:17.487, 14661 MiB, 47 %
2026/08/29 19:55:19.487, 14661 MiB, 100 %
2026/08/29 19:55:21.488, 14661 MiB, 100 %
2026/08/29 19:55:23.488, 14661 MiB, 50 %
2026/08/29 19:55:25.488, 14661 MiB, 100 %
2026/08/29 19:55:27.488, 14661 MiB, 100 %
2026/08/29 19:55:29.489, 14661 MiB, 50 %
2026/08/29 19:55:31.489, 14661 MiB, 100 %
2026/08/29 19:55:33.489, 14661 MiB, 100 %
2026/08/29 19:55:35.490, 14661 MiB, 51 %
2026/08/29 19:55:37.490, 14661 MiB, 100 %
2026/08/29 19:55:39.490, 14661 MiB, 100 %
2026/08/29 19:55:41.491, 14661 MiB, 52 %
2026/08/29 19:55:43.491, 14661 MiB, 100 %
2026/08/29 19:55:45.491, 14661 MiB, 100 %
2026/08/29 19:55:47.492, 14661 MiB, 71 %
2026/08/29 19:55:49.492, 14661 MiB, 100 %
2026/08/29 19:55:51.492, 14661 MiB, 99 %
2026/08/29 19:55:53.493, 14661 MiB, 100 %
2026/08/29 19:55:55.493, 14661 MiB, 90 %
2026/08/29 19:55:57.493, 14661 MiB, 98 %
2026/08/29 19:55:59.494, 14661 MiB, 100 %
2026/08/29 19:56:01.494, 14661 MiB, 64 %
2026/08/29 19:56:03.494, 14661 MiB, 100 %
2026/08/29 19:56:05.495, 14661 MiB, 100 %
2026/08/29 19:56:07.495, 14661 MiB, 51 %
2026/08/29 19:56:09.495, 14661 MiB, 100 %
2026/08/29 19:56:11.495, 14661 MiB, 100 %
2026/08/29 19:56:13.496, 14661 MiB, 51 %
2026/08/29 19:56:15.496, 14661 MiB, 100 %
2026/08/29 19:56:17.496, 14661 MiB, 100 %
2026/08/29 19:56:19.497, 14661 MiB, 65 %
2026/08/29 19:56:21.497, 14661 MiB, 100 %
2026/08/29 19:56:23.497, 14661 MiB, 100 %
2026/08/29 19:56:25.498, 14661 MiB, 93 %
2026/08/29 19:56:27.498, 14661 MiB, 100 %
2026/08/29 19:56:29.498, 14661 MiB, 100 %
2026/08/29 19:56:31.499, 14661 MiB, 100 %
2026/08/29 19:56:33.499, 14661 MiB, 100 %
2026/08/29 19:56:35.499, 14661 MiB, 98 %
2026/08/29 19:56:37.500, 14661 MiB, 100 %
2026/08/29 19:56:39.500, 14661 MiB, 100 %
2026/08/29 19:56:41.500, 14661 MiB, 98 %
2026/08/29 19:56:43.501, 14661 MiB, 100 %
2026/08/29 19:56:45.501, 14661 MiB, 95 %
2026/08/29 19:56:47.501, 14661 MiB, 99 %
2026/08/29 19:56:49.502, 14661 MiB, 100 %
2026/08/29 19:56:51.502, 14661 MiB, 71 %
2026/08/29 19:56:53.502, 14661 MiB, 100 %
2026/08/29 19:56:55.503, 14661 MiB, 100 %
2026/08/29 19:56:57.503, 14661 MiB, 51 %
2026/08/29 19:56:59.503, 14661 MiB, 100 %
2026/08/29 19:57:01.504, 14661 MiB, 100 %
2026/08/29 19:57:03.504, 14661 MiB, 62 %
2026/08/29 19:57:05.504, 14661 MiB, 100 %
2026/08/29 19:57:07.504, 14661 MiB, 100 %
2026/08/29 19:57:09.505, 14661 MiB, 76 %
2026/08/29 19:57:11.505, 14661 MiB, 100 %
2026/08/29 19:57:13.505, 14661 MiB, 100 %
2026/08/29 19:57:15.506, 14661 MiB, 95 %
2026/08/29 19:57:17.506, 14661 MiB, 100 %
2026/08/29 19:57:19.506, 14661 MiB, 100 %
2026/08/29 19:57:21.507, 14661 MiB, 100 %
2026/08/29 19:57:23.507, 14661 MiB, 100 %
2026/08/29 19:57:25.507, 14661 MiB, 100 %
2026/08/29 19:57:27.508, 14661 MiB, 100 %
2026/08/29 19:57:29.508, 14661 MiB, 100 %
2026/08/29 19:57:31.508, 14661 MiB, 98 %
2026/08/29 19:57:33.509, 14661 MiB, 100 %
2026/08/29 19:57:35.509, 14661 MiB, 100 %
2026/08/29 19:57:37.509, 14661 MiB, 98 %
2026/08/29 19:57:39.510, 14661 MiB, 100 %
2026/08/29 19:57:41.510, 14661 MiB, 100 %
2026/08/29 19:57:43.510, 14661 MiB, 98 %
2026/08/29 19:57:45.511, 14661 MiB, 100 %
2026/08/29 19:57:47.511, 14661 MiB, 93 %
2026/08/29 19:57:49.511, 14661 MiB, 98 %
2026/08/29 19:57:51.512, 14661 MiB, 100 %
2026/08/29 19:57:53.512, 14661 MiB, 90 %
2026/08/29 19:57:55.512, 14661 MiB, 98 %
2026/08/29 19:57:57.512, 14661 MiB, 100 %
2026/08/29 19:57:59.513, 14661 MiB, 86 %
2026/08/29 19:58:01.513, 14661 MiB, 98 %
2026/08/29 19:58:03.513, 14661 MiB, 100 %
2026/08/29 19:58:05.514, 14661 MiB, 86 %
2026/08/29 19:58:07.514, 14661 MiB, 98 %
2026/08/29 19:58:09.514, 14661 MiB, 100 %
2026/08/29 19:58:11.515, 14661 MiB, 100 %
2026/08/29 19:58:13.515, 14661 MiB, 98 %
2026/08/29 19:58:15.515, 14661 MiB, 100 %
2026/08/29 19:58:17.516, 14661 MiB, 100 %
2026/08/29 19:58:19.516, 14661 MiB, 98 %
2026/08/29 19:58:21.516, 14661 MiB, 100 %
2026/08/29 19:58:23.516, 14661 MiB, 100 %
2026/08/29 19:58:25.517, 14661 MiB, 98 %
2026/08/29 19:58:27.517, 14661 MiB, 100 %
2026/08/29 19:58:29.517, 14661 MiB, 88 %
2026/08/29 19:58:31.518, 14661 MiB, 98 %
2026/08/29 19:58:33.518, 14661 MiB, 100 %
2026/08/29 19:58:35.518, 14661 MiB, 72 %
2026/08/29 19:58:37.519, 14661 MiB, 100 %
2026/08/29 19:58:39.519, 14661 MiB, 100 %
2026/08/29 19:58:41.519, 14661 MiB, 56 %
2026/08/29 19:58:43.520, 14661 MiB, 100 %
2026/08/29 19:58:45.520, 14661 MiB, 100 %
2026/08/29 19:58:47.520, 14661 MiB, 48 %
2026/08/29 19:58:49.520, 14661 MiB, 100 %
2026/08/29 19:58:51.521, 14661 MiB, 100 %
2026/08/29 19:58:53.521, 14661 MiB, 48 %
2026/08/29 19:58:55.521, 14661 MiB, 100 %
2026/08/29 19:58:57.522, 14661 MiB, 100 %
2026/08/29 19:58:59.522, 14661 MiB, 56 %
2026/08/29 19:59:01.522, 14661 MiB, 100 %
2026/08/29 19:59:03.523, 14661 MiB, 100 %
2026/08/29 19:59:05.523, 14661 MiB, 68 %
2026/08/29 19:59:07.523, 14661 MiB, 100 %
2026/08/29 19:59:09.524, 14661 MiB, 100 %
2026/08/29 19:59:11.524, 14661 MiB, 88 %
2026/08/29 19:59:13.524, 14661 MiB, 100 %
2026/08/29 19:59:15.525, 14661 MiB, 100 %
2026/08/29 19:59:17.525, 14661 MiB, 98 %
2026/08/29 19:59:19.525, 14661 MiB, 100 %
2026/08/29 19:59:21.525, 14661 MiB, 100 %
2026/08/29 19:59:23.526, 14661 MiB, 100 %
2026/08/29 19:59:25.526, 14661 MiB, 100 %
2026/08/29 19:59:27.526, 14661 MiB, 100 %
2026/08/29 19:59:29.527, 14661 MiB, 100 %
2026/08/29 19:59:31.527, 14661 MiB, 100 %
2026/08/29 19:59:33.527, 14661 MiB, 100 %
2026/08/29 19:59:35.527, 14661 MiB, 100 %
2026/08/29 19:59:37.528, 14661 MiB, 100 %
2026/08/29 19:59:39.528, 14661 MiB, 97 %
2026/08/29 19:59:41.528, 14661 MiB, 100 %
2026/08/29 19:59:43.529, 14661 MiB, 100 %
2026/08/29 19:59:45.529, 14661 MiB, 98 %
2026/08/29 19:59:47.529, 14661 MiB, 100 %
2026/08/29 19:59:49.530, 14661 MiB, 96 %
2026/08/29 19:59:51.530, 14661 MiB, 98 %
2026/08/29 19:59:53.530, 14661 MiB, 100 %
2026/08/29 19:59:55.531, 14661 MiB, 70 %
2026/08/29 19:59:57.531, 14661 MiB, 100 %
2026/08/29 19:59:59.531, 14661 MiB, 100 %
2026/08/29 20:00:01.532, 14661 MiB, 54 %
2026/08/29 20:00:03.532, 14661 MiB, 100 %
2026/08/29 20:00:05.532, 14661 MiB, 100 %
2026/08/29 20:00:07.533, 14661 MiB, 78 %
2026/08/29 20:00:09.533, 14661 MiB, 100 %
2026/08/29 20:00:11.533, 14661 MiB, 100 %
2026/08/29 20:00:13.534, 14661 MiB, 98 %
2026/08/29 20:00:15.534, 14661 MiB, 100 %
2026/08/29 20:00:17.534, 14661 MiB, 100 %
2026/08/29 20:00:19.534, 14661 MiB, 100 %
2026/08/29 20:00:21.535, 14661 MiB, 100 %
2026/08/29 20:00:23.535, 14661 MiB, 98 %
2026/08/29 20:00:25.535, 14661 MiB, 100 %
2026/08/29 20:00:27.536, 14661 MiB, 66 %
2026/08/29 20:00:29.536, 14661 MiB, 100 %
2026/08/29 20:00:31.536, 14661 MiB, 100 %
2026/08/29 20:00:33.536, 14661 MiB, 58 %
2026/08/29 20:00:35.537, 14661 MiB, 100 %
2026/08/29 20:00:37.537, 14661 MiB, 100 %
2026/08/29 20:00:39.537, 14661 MiB, 44 %
2026/08/29 20:00:41.538, 14661 MiB, 100 %
2026/08/29 20:00:43.538, 14661 MiB, 100 %
2026/08/29 20:00:45.538, 14661 MiB, 51 %
2026/08/29 20:00:47.539, 14661 MiB, 100 %
2026/08/29 20:00:49.539, 14661 MiB, 100 %
2026/08/29 20:00:51.539, 14661 MiB, 23 %
2026/08/29 20:00:53.540, 14661 MiB, 100 %
2026/08/29 20:00:55.540, 14661 MiB, 100 %
2026/08/29 20:00:57.540, 14661 MiB, 48 %
2026/08/29 20:00:59.540, 14661 MiB, 100 %
2026/08/29 20:01:01.541, 14661 MiB, 100 %
2026/08/29 20:01:03.541, 14661 MiB, 55 %
2026/08/29 20:01:05.541, 14661 MiB, 100 %
2026/08/29 20:01:07.542, 14661 MiB, 100 %
2026/08/29 20:01:09.542, 14661 MiB, 69 %
2026/08/29 20:01:11.542, 14661 MiB, 100 %
2026/08/29 20:01:13.543, 14661 MiB, 100 %
2026/08/29 20:01:15.543, 14661 MiB, 88 %
2026/08/29 20:01:17.544, 14661 MiB, 100 %
2026/08/29 20:01:19.544, 14661 MiB, 100 %
2026/08/29 20:01:21.544, 14661 MiB, 98 %
2026/08/29 20:01:23.544, 14661 MiB, 100 %
2026/08/29 20:01:25.545, 14661 MiB, 100 %
2026/08/29 20:01:27.545, 14661 MiB, 100 %
2026/08/29 20:01:29.545, 14661 MiB, 100 %
2026/08/29 20:01:31.546, 14661 MiB, 98 %
2026/08/29 20:01:33.546, 14661 MiB, 100 %
2026/08/29 20:01:35.546, 14661 MiB, 100 %
2026/08/29 20:01:37.546, 14661 MiB, 98 %
2026/08/29 20:01:39.547, 14661 MiB, 100 %
2026/08/29 20:01:41.547, 14661 MiB, 92 %
2026/08/29 20:01:43.547, 14661 MiB, 98 %
2026/08/29 20:01:45.548, 14661 MiB, 100 %
2026/08/29 20:01:47.548, 14661 MiB, 78 %
2026/08/29 20:01:49.548, 14661 MiB, 98 %
2026/08/29 20:01:51.549, 14661 MiB, 100 %
2026/08/29 20:01:53.549, 14661 MiB, 56 %
2026/08/29 20:01:55.549, 14661 MiB, 100 %
2026/08/29 20:01:57.550, 14661 MiB, 100 %
2026/08/29 20:01:59.550, 14661 MiB, 51 %
2026/08/29 20:02:01.550, 14661 MiB, 100 %
2026/08/29 20:02:03.551, 14661 MiB, 100 %
2026/08/29 20:02:05.551, 14661 MiB, 51 %
2026/08/29 20:02:07.551, 14661 MiB, 100 %
2026/08/29 20:02:09.552, 14661 MiB, 100 %
2026/08/29 20:02:11.552, 14661 MiB, 67 %
2026/08/29 20:02:13.552, 14661 MiB, 100 %
2026/08/29 20:02:15.552, 14661 MiB, 100 %
2026/08/29 20:02:17.553, 14661 MiB, 93 %
2026/08/29 20:02:19.553, 14661 MiB, 100 %
2026/08/29 20:02:21.553, 14661 MiB, 100 %
2026/08/29 20:02:23.554, 14661 MiB, 100 %
2026/08/29 20:02:25.554, 14661 MiB, 100 %
2026/08/29 20:02:27.554, 14661 MiB, 98 %
2026/08/29 20:02:29.555, 14661 MiB, 100 %
2026/08/29 20:02:31.555, 14661 MiB, 100 %
2026/08/29 20:02:33.555, 14661 MiB, 98 %
2026/08/29 20:02:35.556, 14661 MiB, 100 %
2026/08/29 20:02:37.556, 14661 MiB, 84 %
2026/08/29 20:02:39.556, 14661 MiB, 98 %
2026/08/29 20:02:41.557, 14661 MiB, 100 %
2026/08/29 20:02:43.557, 14661 MiB, 61 %
2026/08/29 20:02:45.557, 14661 MiB, 100 %
2026/08/29 20:02:47.558, 14661 MiB, 100 %
2026/08/29 20:02:49.558, 14661 MiB, 51 %
2026/08/29 20:02:51.558, 14661 MiB, 100 %
2026/08/29 20:02:53.559, 14661 MiB, 100 %
2026/08/29 20:02:55.559, 14661 MiB, 73 %
2026/08/29 20:02:57.559, 14661 MiB, 100 %
2026/08/29 20:02:59.559, 14661 MiB, 100 %
2026/08/29 20:03:01.560, 14661 MiB, 99 %
2026/08/29 20:03:03.560, 14661 MiB, 100 %
2026/08/29 20:03:05.560, 14661 MiB, 100 %
2026/08/29 20:03:07.561, 14661 MiB, 100 %
2026/08/29 20:03:09.561, 14661 MiB, 100 %
2026/08/29 20:03:11.561, 14661 MiB, 98 %
2026/08/29 20:03:13.562, 14661 MiB, 100 %
2026/08/29 20:03:15.562, 14661 MiB, 100 %
2026/08/29 20:03:17.562, 14661 MiB, 98 %
2026/08/29 20:03:19.563, 14661 MiB, 100 %
2026/08/29 20:03:21.563, 14661 MiB, 95 %
2026/08/29 20:03:23.563, 14661 MiB, 98 %
2026/08/29 20:03:25.564, 14661 MiB, 100 %
2026/08/29 20:03:27.564, 14661 MiB, 73 %
2026/08/29 20:03:29.564, 14661 MiB, 100 %
2026/08/29 20:03:31.565, 14661 MiB, 100 %
2026/08/29 20:03:33.565, 14661 MiB, 52 %
2026/08/29 20:03:35.565, 14661 MiB, 100 %
2026/08/29 20:03:37.566, 14661 MiB, 100 %
2026/08/29 20:03:39.566, 14661 MiB, 73 %
2026/08/29 20:03:41.566, 14661 MiB, 100 %
2026/08/29 20:03:43.566, 14661 MiB, 100 %
2026/08/29 20:03:45.567, 14661 MiB, 100 %
2026/08/29 20:03:47.567, 14661 MiB, 100 %
2026/08/29 20:03:49.567, 14661 MiB, 98 %
2026/08/29 20:03:51.568, 14661 MiB, 100 %
2026/08/29 20:03:53.568, 14661 MiB, 100 %
2026/08/29 20:03:55.568, 14661 MiB, 98 %
2026/08/29 20:03:57.569, 14661 MiB, 100 %
2026/08/29 20:03:59.569, 14661 MiB, 98 %
2026/08/29 20:04:01.569, 14661 MiB, 98 %
2026/08/29 20:04:03.570, 14661 MiB, 100 %
2026/08/29 20:04:05.570, 14661 MiB, 72 %
2026/08/29 20:04:07.570, 14661 MiB, 100 %
2026/08/29 20:04:09.571, 14661 MiB, 100 %
2026/08/29 20:04:11.571, 14661 MiB, 50 %
2026/08/29 20:04:13.571, 14661 MiB, 100 %
2026/08/29 20:04:15.572, 14661 MiB, 100 %
2026/08/29 20:04:17.572, 14661 MiB, 56 %
2026/08/29 20:04:19.572, 14661 MiB, 100 %
2026/08/29 20:04:21.572, 14661 MiB, 100 %
2026/08/29 20:04:23.573, 14661 MiB, 86 %
2026/08/29 20:04:25.573, 14661 MiB, 100 %
2026/08/29 20:04:27.573, 14661 MiB, 100 %
2026/08/29 20:04:29.573, 14661 MiB, 100 %
2026/08/29 20:04:31.574, 14661 MiB, 100 %
2026/08/29 20:04:33.574, 14661 MiB, 98 %
2026/08/29 20:04:35.574, 14661 MiB, 100 %
2026/08/29 20:04:37.575, 14661 MiB, 100 %
2026/08/29 20:04:39.575, 14661 MiB, 98 %
2026/08/29 20:04:41.575, 14661 MiB, 100 %
2026/08/29 20:04:43.576, 14661 MiB, 100 %
2026/08/29 20:04:45.576, 14661 MiB, 99 %
2026/08/29 20:04:47.576, 14661 MiB, 100 %
2026/08/29 20:04:49.577, 14661 MiB, 87 %
2026/08/29 20:04:51.577, 14661 MiB, 98 %
2026/08/29 20:04:53.578, 14661 MiB, 100 %
2026/08/29 20:04:55.578, 14661 MiB, 61 %
2026/08/29 20:04:57.578, 14661 MiB, 100 %
2026/08/29 20:04:59.579, 14661 MiB, 100 %
2026/08/29 20:05:01.579, 14661 MiB, 100 %
2026/08/29 20:05:03.579, 14661 MiB, 100 %
2026/08/29 20:05:05.580, 14661 MiB, 99 %
2026/08/29 20:05:07.580, 14661 MiB, 100 %
2026/08/29 20:05:09.580, 14661 MiB, 100 %
2026/08/29 20:05:11.580, 14661 MiB, 98 %
2026/08/29 20:05:13.581, 14661 MiB, 100 %
2026/08/29 20:05:15.581, 14661 MiB, 94 %
2026/08/29 20:05:17.581, 14661 MiB, 98 %
2026/08/29 20:05:19.582, 14661 MiB, 100 %
2026/08/29 20:05:21.582, 14661 MiB, 69 %
2026/08/29 20:05:23.582, 14661 MiB, 100 %
2026/08/29 20:05:25.583, 14661 MiB, 100 %
2026/08/29 20:05:27.583, 14661 MiB, 51 %
2026/08/29 20:05:29.583, 14661 MiB, 100 %
2026/08/29 20:05:31.584, 14661 MiB, 100 %
2026/08/29 20:05:33.584, 14661 MiB, 47 %
2026/08/29 20:05:35.584, 14661 MiB, 100 %
2026/08/29 20:05:37.585, 14661 MiB, 100 %
2026/08/29 20:05:39.585, 14661 MiB, 58 %
2026/08/29 20:05:41.585, 14661 MiB, 100 %
2026/08/29 20:05:43.586, 14661 MiB, 100 %
2026/08/29 20:05:45.586, 14661 MiB, 74 %
2026/08/29 20:05:47.586, 14661 MiB, 100 %
2026/08/29 20:05:49.587, 14661 MiB, 100 %
2026/08/29 20:05:51.587, 14661 MiB, 89 %
2026/08/29 20:05:53.587, 14661 MiB, 100 %
2026/08/29 20:05:55.587, 14661 MiB, 100 %
2026/08/29 20:05:57.588, 14661 MiB, 100 %
2026/08/29 20:05:59.588, 14661 MiB, 100 %
2026/08/29 20:06:01.588, 14661 MiB, 98 %
2026/08/29 20:06:03.589, 14661 MiB, 100 %
2026/08/29 20:06:05.589, 14661 MiB, 100 %
2026/08/29 20:06:07.589, 14661 MiB, 98 %
2026/08/29 20:06:09.590, 14661 MiB, 100 %
2026/08/29 20:06:11.590, 14661 MiB, 76 %
2026/08/29 20:06:13.590, 14661 MiB, 100 %
2026/08/29 20:06:15.590, 14661 MiB, 100 %
2026/08/29 20:06:17.591, 14661 MiB, 47 %
2026/08/29 20:06:19.591, 14661 MiB, 100 %
2026/08/29 20:06:21.591, 14661 MiB, 100 %
2026/08/29 20:06:23.592, 14661 MiB, 54 %
2026/08/29 20:06:25.592, 14661 MiB, 100 %
2026/08/29 20:06:27.592, 14661 MiB, 100 %
2026/08/29 20:06:29.593, 14661 MiB, 80 %
2026/08/29 20:06:31.593, 14661 MiB, 100 %
2026/08/29 20:06:33.593, 14661 MiB, 100 %
2026/08/29 20:06:35.593, 14661 MiB, 100 %
2026/08/29 20:06:37.594, 14661 MiB, 100 %
2026/08/29 20:06:39.594, 14661 MiB, 98 %
2026/08/29 20:06:41.594, 14661 MiB, 100 %
2026/08/29 20:06:43.595, 14661 MiB, 100 %
2026/08/29 20:06:45.595, 14661 MiB, 98 %
2026/08/29 20:06:47.595, 14661 MiB, 100 %
2026/08/29 20:06:49.596, 14661 MiB, 99 %
2026/08/29 20:06:51.596, 14661 MiB, 98 %
2026/08/29 20:06:53.596, 14661 MiB, 100 %
2026/08/29 20:06:55.596, 14661 MiB, 72 %
2026/08/29 20:06:57.596, 14661 MiB, 100 %
2026/08/29 20:06:59.597, 14661 MiB, 100 %
2026/08/29 20:07:01.597, 14661 MiB, 52 %
2026/08/29 20:07:03.597, 14661 MiB, 100 %
2026/08/29 20:07:05.598, 14661 MiB, 100 %
2026/08/29 20:07:07.598, 14661 MiB, 55 %
2026/08/29 20:07:09.598, 14661 MiB, 100 %
2026/08/29 20:07:11.599, 14661 MiB, 100 %
2026/08/29 20:07:13.599, 14661 MiB, 42 %
2026/08/29 20:07:15.599, 14661 MiB, 100 %
2026/08/29 20:07:17.600, 14661 MiB, 100 %
2026/08/29 20:07:19.600, 14661 MiB, 64 %
2026/08/29 20:07:21.600, 14661 MiB, 100 %
2026/08/29 20:07:23.601, 14661 MiB, 100 %
2026/08/29 20:07:25.601, 14661 MiB, 86 %
2026/08/29 20:07:27.602, 14661 MiB, 97 %
2026/08/29 20:07:29.602, 14661 MiB, 100 %
2026/08/29 20:07:31.603, 14661 MiB, 80 %
2026/08/29 20:07:33.603, 14661 MiB, 100 %
2026/08/29 20:07:35.603, 14661 MiB, 100 %
2026/08/29 20:07:37.603, 14661 MiB, 52 %
2026/08/29 20:07:39.604, 14661 MiB, 100 %
2026/08/29 20:07:41.604, 14661 MiB, 100 %
2026/08/29 20:07:43.604, 14661 MiB, 47 %
2026/08/29 20:07:45.605, 14661 MiB, 100 %
2026/08/29 20:07:47.605, 14661 MiB, 100 %
2026/08/29 20:07:49.605, 14661 MiB, 64 %
2026/08/29 20:07:51.606, 14661 MiB, 100 %
2026/08/29 20:07:53.606, 14661 MiB, 100 %
2026/08/29 20:07:55.606, 14661 MiB, 81 %
2026/08/29 20:07:57.606, 14661 MiB, 100 %
2026/08/29 20:07:59.607, 14661 MiB, 100 %
2026/08/29 20:08:01.607, 14661 MiB, 99 %
2026/08/29 20:08:03.607, 14661 MiB, 100 %
2026/08/29 20:08:05.608, 14661 MiB, 100 %
2026/08/29 20:08:07.608, 14661 MiB, 100 %
2026/08/29 20:08:09.608, 14661 MiB, 100 %
2026/08/29 20:08:11.609, 14661 MiB, 100 %
2026/08/29 20:08:13.609, 14661 MiB, 100 %
2026/08/29 20:08:15.609, 14661 MiB, 100 %
2026/08/29 20:08:17.610, 14661 MiB, 100 %
2026/08/29 20:08:19.610, 14661 MiB, 100 %
2026/08/29 20:08:21.610, 14661 MiB, 100 %
2026/08/29 20:08:23.610, 14661 MiB, 98 %
2026/08/29 20:08:25.611, 14661 MiB, 100 %
2026/08/29 20:08:27.611, 14661 MiB, 100 %
2026/08/29 20:08:29.611, 14661 MiB, 98 %
2026/08/29 20:08:31.612, 14661 MiB, 100 %
2026/08/29 20:08:33.612, 14661 MiB, 100 %
2026/08/29 20:08:35.612, 14661 MiB, 98 %
2026/08/29 20:08:37.613, 14661 MiB, 100 %
2026/08/29 20:08:39.613, 14661 MiB, 100 %
2026/08/29 20:08:41.613, 14661 MiB, 98 %
2026/08/29 20:08:43.613, 14661 MiB, 100 %
2026/08/29 20:08:45.614, 14661 MiB, 100 %
2026/08/29 20:08:47.614, 14661 MiB, 98 %
2026/08/29 20:08:49.614, 14661 MiB, 100 %
2026/08/29 20:08:51.615, 14661 MiB, 92 %
2026/08/29 20:08:53.615, 14661 MiB, 98 %
2026/08/29 20:08:55.615, 14661 MiB, 100 %
2026/08/29 20:08:57.616, 14661 MiB, 67 %
2026/08/29 20:08:59.616, 14661 MiB, 99 %
2026/08/29 20:09:01.616, 14661 MiB, 100 %
2026/08/29 20:09:03.616, 14661 MiB, 68 %
2026/08/29 20:09:05.617, 14661 MiB, 100 %
2026/08/29 20:09:07.617, 14661 MiB, 100 %
2026/08/29 20:09:09.617, 14661 MiB, 60 %
2026/08/29 20:09:11.618, 14661 MiB, 100 %
2026/08/29 20:09:13.618, 14661 MiB, 100 %
2026/08/29 20:09:15.618, 14661 MiB, 57 %
2026/08/29 20:09:17.619, 14661 MiB, 100 %
2026/08/29 20:09:19.619, 14661 MiB, 100 %
2026/08/29 20:09:21.619, 14661 MiB, 51 %
2026/08/29 20:09:23.619, 14661 MiB, 100 %
2026/08/29 20:09:25.620, 14661 MiB, 100 %
2026/08/29 20:09:27.620, 14661 MiB, 47 %
2026/08/29 20:09:29.620, 14661 MiB, 100 %
2026/08/29 20:09:31.621, 14661 MiB, 98 %
2026/08/29 20:09:33.621, 14661 MiB, 100 %
2026/08/29 20:09:35.621, 14661 MiB, 100 %
2026/08/29 20:09:37.622, 14661 MiB, 98 %
2026/08/29 20:09:39.622, 14661 MiB, 100 %
2026/08/29 20:09:41.622, 14661 MiB, 100 %
2026/08/29 20:09:43.622, 14661 MiB, 98 %
2026/08/29 20:09:45.623, 14661 MiB, 100 %
2026/08/29 20:09:47.623, 14661 MiB, 92 %
2026/08/29 20:09:49.623, 14661 MiB, 98 %
2026/08/29 20:09:51.624, 14661 MiB, 100 %
2026/08/29 20:09:53.624, 14661 MiB, 62 %
2026/08/29 20:09:55.624, 14661 MiB, 100 %
2026/08/29 20:09:57.625, 14661 MiB, 100 %
2026/08/29 20:09:59.625, 14661 MiB, 52 %
2026/08/29 20:10:01.625, 14661 MiB, 100 %
2026/08/29 20:10:03.625, 14661 MiB, 100 %
2026/08/29 20:10:05.626, 14661 MiB, 70 %
2026/08/29 20:10:07.626, 14661 MiB, 100 %
2026/08/29 20:10:09.626, 14661 MiB, 100 %
2026/08/29 20:10:11.627, 14661 MiB, 80 %
2026/08/29 20:10:13.627, 14661 MiB, 100 %
2026/08/29 20:10:15.627, 14661 MiB, 100 %
2026/08/29 20:10:17.628, 14661 MiB, 88 %
2026/08/29 20:10:19.628, 14661 MiB, 100 %
2026/08/29 20:10:21.628, 14661 MiB, 100 %
2026/08/29 20:10:23.628, 14661 MiB, 100 %
2026/08/29 20:10:25.629, 14661 MiB, 100 %
2026/08/29 20:10:27.629, 14661 MiB, 98 %
2026/08/29 20:10:29.629, 14661 MiB, 100 %
2026/08/29 20:10:31.630, 14661 MiB, 100 %
2026/08/29 20:10:33.630, 14661 MiB, 45 %
2026/08/29 20:10:35.630, 14661 MiB, 100 %
2026/08/29 20:10:37.631, 14661 MiB, 95 %
2026/08/29 20:10:39.631, 14661 MiB, 98 %
2026/08/29 20:10:41.631, 14661 MiB, 100 %
2026/08/29 20:10:43.632, 14661 MiB, 86 %
2026/08/29 20:10:45.632, 14661 MiB, 98 %
2026/08/29 20:10:47.632, 14661 MiB, 100 %
2026/08/29 20:10:49.633, 14661 MiB, 62 %
2026/08/29 20:10:51.633, 14661 MiB, 100 %
2026/08/29 20:10:53.633, 14661 MiB, 100 %
2026/08/29 20:10:55.634, 14661 MiB, 50 %
2026/08/29 20:10:57.634, 14661 MiB, 100 %
2026/08/29 20:10:59.634, 14661 MiB, 100 %
2026/08/29 20:11:01.635, 14661 MiB, 51 %
2026/08/29 20:11:03.635, 14661 MiB, 100 %
2026/08/29 20:11:05.635, 14661 MiB, 100 %
2026/08/29 20:11:07.635, 14661 MiB, 66 %
2026/08/29 20:11:09.636, 14661 MiB, 100 %
2026/08/29 20:11:11.636, 14661 MiB, 100 %
2026/08/29 20:11:13.636, 14661 MiB, 89 %
2026/08/29 20:11:15.637, 14661 MiB, 100 %
2026/08/29 20:11:17.637, 14661 MiB, 100 %
2026/08/29 20:11:19.637, 14661 MiB, 100 %
2026/08/29 20:11:21.638, 14661 MiB, 100 %
2026/08/29 20:11:23.638, 14661 MiB, 98 %
2026/08/29 20:11:25.638, 14661 MiB, 100 %
2026/08/29 20:11:27.638, 14661 MiB, 100 %
2026/08/29 20:11:29.639, 14661 MiB, 98 %
2026/08/29 20:11:31.639, 14661 MiB, 100 %
2026/08/29 20:11:33.639, 14661 MiB, 70 %
2026/08/29 20:11:35.640, 14661 MiB, 100 %
2026/08/29 20:11:37.640, 14661 MiB, 100 %
2026/08/29 20:11:39.640, 14661 MiB, 53 %
2026/08/29 20:11:41.641, 14661 MiB, 100 %
2026/08/29 20:11:43.641, 14661 MiB, 100 %
2026/08/29 20:11:45.641, 14661 MiB, 52 %
2026/08/29 20:11:47.642, 14661 MiB, 100 %
2026/08/29 20:11:49.642, 14661 MiB, 100 %
2026/08/29 20:11:51.642, 14661 MiB, 69 %
2026/08/29 20:11:53.643, 14661 MiB, 100 %
2026/08/29 20:11:55.643, 14661 MiB, 100 %
2026/08/29 20:11:57.643, 14661 MiB, 92 %
2026/08/29 20:11:59.643, 14661 MiB, 100 %
2026/08/29 20:12:01.644, 14661 MiB, 100 %
2026/08/29 20:12:03.644, 14661 MiB, 100 %
2026/08/29 20:12:05.644, 14661 MiB, 100 %
2026/08/29 20:12:07.645, 14661 MiB, 98 %
2026/08/29 20:12:09.645, 14661 MiB, 100 %
2026/08/29 20:12:11.645, 14661 MiB, 100 %
2026/08/29 20:12:13.646, 14661 MiB, 98 %
2026/08/29 20:12:15.646, 14661 MiB, 100 %
2026/08/29 20:12:17.646, 14661 MiB, 100 %
2026/08/29 20:12:19.647, 14661 MiB, 98 %
2026/08/29 20:12:21.647, 14661 MiB, 100 %
2026/08/29 20:12:23.647, 14661 MiB, 75 %
2026/08/29 20:12:25.648, 14661 MiB, 100 %
2026/08/29 20:12:27.648, 14661 MiB, 100 %
2026/08/29 20:12:29.648, 14661 MiB, 51 %
2026/08/29 20:12:31.649, 14661 MiB, 100 %
2026/08/29 20:12:33.649, 14661 MiB, 100 %
2026/08/29 20:12:35.649, 14661 MiB, 51 %
2026/08/29 20:12:37.650, 14661 MiB, 100 %
2026/08/29 20:12:39.650, 14661 MiB, 100 %
2026/08/29 20:12:41.650, 14661 MiB, 71 %
2026/08/29 20:12:43.651, 14661 MiB, 100 %
2026/08/29 20:12:45.651, 14661 MiB, 100 %
2026/08/29 20:12:47.651, 14661 MiB, 93 %
2026/08/29 20:12:49.651, 14661 MiB, 100 %
2026/08/29 20:12:51.652, 14661 MiB, 100 %
2026/08/29 20:12:53.652, 14661 MiB, 100 %
2026/08/29 20:12:55.652, 14661 MiB, 100 %
2026/08/29 20:12:57.653, 14661 MiB, 98 %
2026/08/29 20:12:59.653, 14661 MiB, 100 %
2026/08/29 20:13:01.653, 14661 MiB, 100 %
2026/08/29 20:13:03.654, 14661 MiB, 98 %
2026/08/29 20:13:05.654, 14661 MiB, 100 %
2026/08/29 20:13:07.654, 14661 MiB, 100 %
2026/08/29 20:13:09.655, 14661 MiB, 98 %
2026/08/29 20:13:11.655, 14661 MiB, 100 %
2026/08/29 20:13:13.655, 14661 MiB, 100 %
2026/08/29 20:13:15.656, 14661 MiB, 98 %
2026/08/29 20:13:17.656, 14661 MiB, 100 %
2026/08/29 20:13:19.656, 14661 MiB, 62 %
2026/08/29 20:13:21.656, 14661 MiB, 100 %
2026/08/29 20:13:23.657, 14661 MiB, 100 %
2026/08/29 20:13:25.657, 14661 MiB, 52 %
2026/08/29 20:13:27.657, 14661 MiB, 100 %
2026/08/29 20:13:29.658, 14661 MiB, 100 %
2026/08/29 20:13:31.658, 14661 MiB, 65 %
2026/08/29 20:13:33.658, 14661 MiB, 100 %
2026/08/29 20:13:35.659, 14661 MiB, 100 %
2026/08/29 20:13:37.659, 14661 MiB, 93 %
2026/08/29 20:13:39.659, 14661 MiB, 100 %
2026/08/29 20:13:41.660, 14661 MiB, 100 %
2026/08/29 20:13:43.660, 14661 MiB, 100 %
2026/08/29 20:13:45.660, 14661 MiB, 100 %
2026/08/29 20:13:47.661, 14661 MiB, 98 %
2026/08/29 20:13:49.661, 14661 MiB, 100 %
2026/08/29 20:13:51.661, 14661 MiB, 100 %
2026/08/29 20:13:53.662, 14661 MiB, 98 %
2026/08/29 20:13:55.662, 14661 MiB, 100 %
2026/08/29 20:13:57.662, 14661 MiB, 89 %
2026/08/29 20:13:59.663, 14661 MiB, 98 %
2026/08/29 20:14:01.663, 14661 MiB, 100 %
2026/08/29 20:14:03.663, 14661 MiB, 64 %
2026/08/29 20:14:05.664, 14661 MiB, 100 %
2026/08/29 20:14:07.664, 14661 MiB, 100 %
2026/08/29 20:14:09.664, 14661 MiB, 100 %
2026/08/29 20:14:11.665, 14661 MiB, 100 %
2026/08/29 20:14:13.665, 14661 MiB, 98 %
2026/08/29 20:14:15.665, 14661 MiB, 100 %
2026/08/29 20:14:17.666, 14661 MiB, 98 %
2026/08/29 20:14:19.666, 14661 MiB, 98 %
2026/08/29 20:14:21.666, 14661 MiB, 100 %
2026/08/29 20:14:23.667, 14661 MiB, 70 %
2026/08/29 20:14:25.667, 14661 MiB, 100 %
2026/08/29 20:14:27.667, 14661 MiB, 100 %
2026/08/29 20:14:29.667, 14661 MiB, 51 %
2026/08/29 20:14:31.668, 14661 MiB, 100 %
2026/08/29 20:14:33.668, 14661 MiB, 100 %
2026/08/29 20:14:35.668, 14661 MiB, 53 %
2026/08/29 20:14:37.669, 14661 MiB, 100 %
2026/08/29 20:14:39.669, 14661 MiB, 100 %
2026/08/29 20:14:41.669, 14661 MiB, 70 %
2026/08/29 20:14:43.670, 14661 MiB, 100 %
2026/08/29 20:14:45.670, 14661 MiB, 100 %
2026/08/29 20:14:47.670, 14661 MiB, 82 %
2026/08/29 20:14:49.671, 14661 MiB, 100 %
2026/08/29 20:14:51.671, 14661 MiB, 100 %
2026/08/29 20:14:53.671, 14661 MiB, 100 %
2026/08/29 20:14:55.671, 14661 MiB, 100 %
2026/08/29 20:14:57.672, 14661 MiB, 98 %
2026/08/29 20:14:59.672, 14661 MiB, 100 %
2026/08/29 20:15:01.672, 14661 MiB, 100 %
2026/08/29 20:15:03.673, 14661 MiB, 98 %
2026/08/29 20:15:05.673, 14661 MiB, 100 %
2026/08/29 20:15:07.673, 14661 MiB, 93 %
2026/08/29 20:15:09.674, 14661 MiB, 98 %
2026/08/29 20:15:11.674, 14661 MiB, 100 %
2026/08/29 20:15:13.674, 14661 MiB, 70 %
2026/08/29 20:15:15.675, 14661 MiB, 100 %
2026/08/29 20:15:17.675, 14661 MiB, 100 %
2026/08/29 20:15:19.675, 14661 MiB, 62 %
2026/08/29 20:15:21.676, 14661 MiB, 100 %
2026/08/29 20:15:23.676, 14661 MiB, 100 %
2026/08/29 20:15:25.677, 14661 MiB, 54 %
2026/08/29 20:15:27.677, 14661 MiB, 100 %
2026/08/29 20:15:29.677, 14661 MiB, 100 %
2026/08/29 20:15:31.678, 14661 MiB, 53 %
2026/08/29 20:15:33.678, 14661 MiB, 100 %
2026/08/29 20:15:35.678, 14661 MiB, 100 %
2026/08/29 20:15:37.679, 14661 MiB, 53 %
2026/08/29 20:15:39.679, 14661 MiB, 100 %
2026/08/29 20:15:41.679, 14661 MiB, 100 %
2026/08/29 20:15:43.680, 14661 MiB, 74 %
2026/08/29 20:15:45.680, 14661 MiB, 100 %
2026/08/29 20:15:47.680, 14661 MiB, 100 %
2026/08/29 20:15:49.680, 14661 MiB, 100 %
2026/08/29 20:15:51.681, 14661 MiB, 100 %
2026/08/29 20:15:53.681, 14661 MiB, 98 %
2026/08/29 20:15:55.681, 14661 MiB, 100 %
2026/08/29 20:15:57.682, 14661 MiB, 100 %
2026/08/29 20:15:59.682, 14661 MiB, 98 %
2026/08/29 20:16:01.682, 14661 MiB, 100 %
2026/08/29 20:16:03.683, 14661 MiB, 89 %
2026/08/29 20:16:05.683, 14661 MiB, 98 %
2026/08/29 20:16:07.683, 14661 MiB, 100 %
2026/08/29 20:16:09.684, 14661 MiB, 57 %
2026/08/29 20:16:11.684, 14661 MiB, 100 %
2026/08/29 20:16:13.684, 14661 MiB, 100 %
2026/08/29 20:16:15.685, 14661 MiB, 50 %
2026/08/29 20:16:17.685, 14661 MiB, 100 %
2026/08/29 20:16:19.685, 14661 MiB, 100 %
2026/08/29 20:16:21.685, 14661 MiB, 55 %
2026/08/29 20:16:23.686, 14661 MiB, 100 %
2026/08/29 20:16:25.686, 14661 MiB, 100 %
2026/08/29 20:16:27.686, 14661 MiB, 75 %
2026/08/29 20:16:29.687, 14661 MiB, 100 %
2026/08/29 20:16:31.687, 14661 MiB, 100 %
2026/08/29 20:16:33.687, 14661 MiB, 100 %
2026/08/29 20:16:35.688, 14661 MiB, 100 %
2026/08/29 20:16:37.688, 14661 MiB, 100 %
2026/08/29 20:16:39.688, 14661 MiB, 100 %
2026/08/29 20:16:41.689, 14661 MiB, 100 %
2026/08/29 20:16:43.690, 14661 MiB, 98 %
2026/08/29 20:16:45.690, 14661 MiB, 100 %
2026/08/29 20:16:47.690, 14661 MiB, 100 %
2026/08/29 20:16:49.691, 14661 MiB, 98 %
2026/08/29 20:16:51.691, 14661 MiB, 100 %
2026/08/29 20:16:53.691, 14661 MiB, 100 %
2026/08/29 20:16:55.692, 14661 MiB, 98 %
2026/08/29 20:16:57.692, 14661 MiB, 100 %
2026/08/29 20:16:59.692, 14661 MiB, 86 %
2026/08/29 20:17:01.693, 14661 MiB, 98 %
2026/08/29 20:17:03.693, 14661 MiB, 100 %
2026/08/29 20:17:05.693, 14661 MiB, 60 %
2026/08/29 20:17:07.694, 14661 MiB, 100 %
2026/08/29 20:17:09.694, 14661 MiB, 100 %
2026/08/29 20:17:11.694, 14661 MiB, 50 %
2026/08/29 20:17:13.694, 14661 MiB, 100 %
2026/08/29 20:17:15.695, 14661 MiB, 100 %
2026/08/29 20:17:17.695, 14661 MiB, 51 %
2026/08/29 20:17:19.695, 14661 MiB, 100 %
2026/08/29 20:17:21.696, 14661 MiB, 100 %
2026/08/29 20:17:23.696, 14661 MiB, 50 %
2026/08/29 20:17:25.696, 14661 MiB, 100 %
2026/08/29 20:17:27.697, 14661 MiB, 100 %
2026/08/29 20:17:29.697, 14661 MiB, 54 %
2026/08/29 20:17:31.697, 14661 MiB, 100 %
2026/08/29 20:17:33.698, 14661 MiB, 100 %
2026/08/29 20:17:35.698, 14661 MiB, 74 %
2026/08/29 20:17:37.698, 14661 MiB, 100 %
2026/08/29 20:17:39.699, 14661 MiB, 100 %
2026/08/29 20:17:41.699, 14661 MiB, 100 %
2026/08/29 20:17:43.699, 14661 MiB, 100 %
2026/08/29 20:17:45.699, 14661 MiB, 98 %
2026/08/29 20:17:47.700, 14661 MiB, 100 %
2026/08/29 20:17:49.700, 14661 MiB, 100 %
2026/08/29 20:17:51.700, 14661 MiB, 98 %
2026/08/29 20:17:53.701, 14661 MiB, 100 %
2026/08/29 20:17:55.701, 14661 MiB, 91 %
2026/08/29 20:17:57.701, 14661 MiB, 98 %
2026/08/29 20:17:59.702, 14661 MiB, 100 %
2026/08/29 20:18:01.702, 14661 MiB, 61 %
2026/08/29 20:18:03.702, 14661 MiB, 100 %
2026/08/29 20:18:05.703, 14661 MiB, 100 %
2026/08/29 20:18:07.703, 14661 MiB, 51 %
2026/08/29 20:18:09.703, 14661 MiB, 100 %
2026/08/29 20:18:11.703, 14661 MiB, 100 %
2026/08/29 20:18:13.704, 14661 MiB, 71 %
2026/08/29 20:18:15.704, 14661 MiB, 100 %
2026/08/29 20:18:17.704, 14661 MiB, 100 %
2026/08/29 20:18:19.704, 14661 MiB, 100 %
2026/08/29 20:18:21.705, 14661 MiB, 100 %
2026/08/29 20:18:23.705, 14661 MiB, 99 %
2026/08/29 20:18:25.705, 14661 MiB, 100 %
2026/08/29 20:18:27.706, 14661 MiB, 100 %
2026/08/29 20:18:29.706, 14661 MiB, 98 %
2026/08/29 20:18:31.706, 14661 MiB, 100 %
2026/08/29 20:18:33.707, 14661 MiB, 100 %
2026/08/29 20:18:35.707, 14661 MiB, 98 %
2026/08/29 20:18:37.707, 14661 MiB, 100 %
2026/08/29 20:18:39.708, 14661 MiB, 64 %
2026/08/29 20:18:41.708, 14661 MiB, 100 %
2026/08/29 20:18:43.708, 14661 MiB, 100 %
2026/08/29 20:18:45.708, 14661 MiB, 90 %
2026/08/29 20:18:47.709, 14661 MiB, 100 %
2026/08/29 20:18:49.709, 14661 MiB, 100 %
2026/08/29 20:18:51.709, 14661 MiB, 100 %
2026/08/29 20:18:53.710, 14661 MiB, 100 %
2026/08/29 20:18:55.710, 14661 MiB, 98 %
2026/08/29 20:18:57.710, 14661 MiB, 100 %
2026/08/29 20:18:59.711, 14661 MiB, 100 %
2026/08/29 20:19:01.711, 14661 MiB, 98 %
2026/08/29 20:19:03.711, 14661 MiB, 100 %
2026/08/29 20:19:05.712, 14661 MiB, 85 %
2026/08/29 20:19:07.712, 14661 MiB, 99 %
2026/08/29 20:19:09.712, 14661 MiB, 100 %
2026/08/29 20:19:11.713, 14661 MiB, 53 %
2026/08/29 20:19:13.713, 14661 MiB, 100 %
2026/08/29 20:19:15.713, 14661 MiB, 100 %
2026/08/29 20:19:17.713, 14661 MiB, 50 %
2026/08/29 20:19:19.714, 14661 MiB, 100 %
2026/08/29 20:19:21.714, 14661 MiB, 100 %
2026/08/29 20:19:23.714, 14661 MiB, 55 %
2026/08/29 20:19:25.715, 14661 MiB, 100 %
2026/08/29 20:19:27.715, 14661 MiB, 100 %
2026/08/29 20:19:29.715, 14661 MiB, 79 %
2026/08/29 20:19:31.716, 14661 MiB, 100 %
2026/08/29 20:19:33.716, 14661 MiB, 100 %
2026/08/29 20:19:35.716, 14661 MiB, 99 %
2026/08/29 20:19:37.717, 14661 MiB, 100 %
2026/08/29 20:19:39.717, 14661 MiB, 100 %
2026/08/29 20:19:41.733, 14661 MiB, 100 %
2026/08/29 20:19:43.733, 14661 MiB, 100 %
2026/08/29 20:19:45.734, 14661 MiB, 100 %
2026/08/29 20:19:47.734, 14661 MiB, 100 %
2026/08/29 20:19:49.734, 14661 MiB, 100 %
2026/08/29 20:19:51.735, 14661 MiB, 98 %
2026/08/29 20:19:53.735, 14661 MiB, 100 %
2026/08/29 20:19:55.735, 14661 MiB, 100 %
2026/08/29 20:19:57.736, 14661 MiB, 99 %
2026/08/29 20:19:59.736, 14661 MiB, 100 %
2026/08/29 20:20:01.736, 14661 MiB, 97 %
2026/08/29 20:20:03.736, 14661 MiB, 99 %
2026/08/29 20:20:05.737, 14661 MiB, 100 %
2026/08/29 20:20:07.737, 14661 MiB, 69 %
2026/08/29 20:20:09.737, 14661 MiB, 100 %
2026/08/29 20:20:11.738, 14661 MiB, 100 %
2026/08/29 20:20:13.738, 14661 MiB, 51 %
2026/08/29 20:20:15.738, 14661 MiB, 100 %
2026/08/29 20:20:17.739, 14661 MiB, 100 %
2026/08/29 20:20:19.739, 14661 MiB, 60 %
2026/08/29 20:20:21.739, 14661 MiB, 100 %
2026/08/29 20:20:23.740, 14661 MiB, 100 %
2026/08/29 20:20:25.740, 14661 MiB, 90 %
2026/08/29 20:20:27.740, 14661 MiB, 100 %
2026/08/29 20:20:29.741, 14661 MiB, 100 %
2026/08/29 20:20:31.741, 14661 MiB, 100 %
2026/08/29 20:20:33.741, 14661 MiB, 100 %
2026/08/29 20:20:35.741, 14661 MiB, 98 %
2026/08/29 20:20:37.742, 14661 MiB, 100 %
2026/08/29 20:20:39.742, 14661 MiB, 100 %
2026/08/29 20:20:41.742, 14661 MiB, 98 %
2026/08/29 20:20:43.743, 14661 MiB, 100 %
2026/08/29 20:20:45.743, 14661 MiB, 80 %
2026/08/29 20:20:47.743, 14661 MiB, 100 %
2026/08/29 20:20:49.744, 14661 MiB, 100 %
2026/08/29 20:20:51.745, 14661 MiB, 58 %
2026/08/29 20:20:53.745, 14661 MiB, 100 %
2026/08/29 20:20:55.745, 14661 MiB, 100 %
2026/08/29 20:20:57.745, 14661 MiB, 51 %
2026/08/29 20:20:59.746, 14661 MiB, 100 %
2026/08/29 20:21:01.746, 14661 MiB, 100 %
2026/08/29 20:21:03.746, 14661 MiB, 65 %
2026/08/29 20:21:05.747, 14661 MiB, 100 %
2026/08/29 20:21:07.747, 14661 MiB, 100 %
2026/08/29 20:21:09.747, 14661 MiB, 87 %
2026/08/29 20:21:11.748, 14661 MiB, 100 %
2026/08/29 20:21:13.748, 14661 MiB, 100 %
2026/08/29 20:21:15.748, 14661 MiB, 100 %
2026/08/29 20:21:17.749, 14661 MiB, 100 %
2026/08/29 20:21:19.749, 14661 MiB, 98 %
2026/08/29 20:21:21.749, 14661 MiB, 100 %
2026/08/29 20:21:23.749, 14661 MiB, 100 %
2026/08/29 20:21:25.750, 14661 MiB, 98 %
2026/08/29 20:21:27.750, 14661 MiB, 100 %
2026/08/29 20:21:29.750, 14661 MiB, 100 %
2026/08/29 20:21:31.751, 14661 MiB, 98 %
2026/08/29 20:21:33.751, 14661 MiB, 100 %
2026/08/29 20:21:35.751, 14661 MiB, 86 %
2026/08/29 20:21:37.752, 14661 MiB, 98 %
2026/08/29 20:21:39.752, 14661 MiB, 100 %
2026/08/29 20:21:41.752, 14661 MiB, 75 %
2026/08/29 20:21:43.752, 14661 MiB, 100 %
2026/08/29 20:21:45.753, 14661 MiB, 100 %
2026/08/29 20:21:47.753, 14661 MiB, 58 %
2026/08/29 20:21:49.753, 14661 MiB, 100 %
2026/08/29 20:21:51.754, 14661 MiB, 100 %
2026/08/29 20:21:53.754, 14661 MiB, 48 %
2026/08/29 20:21:55.754, 14661 MiB, 100 %
2026/08/29 20:21:57.755, 14661 MiB, 100 %
2026/08/29 20:21:59.755, 14661 MiB, 50 %
2026/08/29 20:22:01.755, 14661 MiB, 100 %
2026/08/29 20:22:03.755, 14661 MiB, 100 %
2026/08/29 20:22:05.756, 14661 MiB, 58 %
2026/08/29 20:22:07.756, 14661 MiB, 100 %
2026/08/29 20:22:09.756, 14661 MiB, 100 %
2026/08/29 20:22:11.757, 14661 MiB, 97 %
2026/08/29 20:22:13.757, 14661 MiB, 100 %
2026/08/29 20:22:15.757, 14661 MiB, 100 %
2026/08/29 20:22:17.758, 14661 MiB, 100 %
2026/08/29 20:22:19.758, 14661 MiB, 100 %
2026/08/29 20:22:21.758, 14661 MiB, 98 %
2026/08/29 20:22:23.759, 14661 MiB, 100 %
2026/08/29 20:22:25.759, 14661 MiB, 100 %
2026/08/29 20:22:27.759, 14661 MiB, 98 %
2026/08/29 20:22:29.759, 14661 MiB, 100 %
2026/08/29 20:22:31.760, 14661 MiB, 92 %
2026/08/29 20:22:33.760, 14661 MiB, 98 %
2026/08/29 20:22:35.760, 14661 MiB, 100 %
2026/08/29 20:22:37.761, 14661 MiB, 67 %
2026/08/29 20:22:39.761, 14661 MiB, 100 %
2026/08/29 20:22:41.761, 14661 MiB, 100 %
2026/08/29 20:22:43.762, 14661 MiB, 50 %
2026/08/29 20:22:45.762, 14661 MiB, 100 %
2026/08/29 20:22:47.762, 14661 MiB, 100 %
2026/08/29 20:22:49.763, 14661 MiB, 60 %
2026/08/29 20:22:51.763, 14661 MiB, 100 %
2026/08/29 20:22:53.763, 14661 MiB, 100 %
2026/08/29 20:22:55.763, 14661 MiB, 90 %
2026/08/29 20:22:57.764, 14661 MiB, 100 %
2026/08/29 20:22:59.764, 14661 MiB, 100 %
2026/08/29 20:23:01.764, 14661 MiB, 100 %
2026/08/29 20:23:03.764, 14661 MiB, 92 %
2026/08/29 20:23:05.765, 14661 MiB, 100 %
2026/08/29 20:23:07.765, 14661 MiB, 66 %
2026/08/29 20:23:09.765, 14661 MiB, 100 %
2026/08/29 20:23:11.766, 14661 MiB, 100 %
2026/08/29 20:23:13.766, 14661 MiB, 78 %
2026/08/29 20:23:15.766, 14661 MiB, 100 %
2026/08/29 20:23:17.767, 14661 MiB, 100 %
2026/08/29 20:23:19.767, 14661 MiB, 68 %
2026/08/29 20:23:21.767, 14661 MiB, 100 %
2026/08/29 20:23:23.767, 14661 MiB, 100 %
2026/08/29 20:23:25.768, 14661 MiB, 83 %
2026/08/29 20:23:27.768, 14661 MiB, 100 %
2026/08/29 20:23:29.768, 14661 MiB, 69 %
2026/08/29 20:23:31.769, 14661 MiB, 100 %
2026/08/29 20:23:33.769, 14661 MiB, 100 %
2026/08/29 20:23:35.769, 14661 MiB, 68 %
2026/08/29 20:23:37.770, 14661 MiB, 100 %
2026/08/29 20:23:39.770, 14661 MiB, 90 %
2026/08/29 20:23:41.770, 14661 MiB, 96 %
2026/08/29 20:23:43.771, 14661 MiB, 100 %
2026/08/29 20:23:45.771, 14661 MiB, 63 %
2026/08/29 20:23:47.771, 14661 MiB, 100 %
2026/08/29 20:23:49.771, 14661 MiB, 100 %
2026/08/29 20:23:51.772, 14661 MiB, 81 %
2026/08/29 20:23:53.772, 14661 MiB, 100 %
2026/08/29 20:23:55.772, 14661 MiB, 64 %
2026/08/29 20:23:57.773, 14661 MiB, 100 %
2026/08/29 20:23:59.773, 14661 MiB, 93 %
2026/08/29 20:24:01.773, 14661 MiB, 100 %
2026/08/29 20:24:03.774, 14661 MiB, 100 %
2026/08/29 20:24:05.774, 14661 MiB, 65 %
2026/08/29 20:24:07.774, 14661 MiB, 100 %
2026/08/29 20:24:09.775, 14661 MiB, 100 %
2026/08/29 20:24:11.775, 14661 MiB, 88 %
2026/08/29 20:24:13.775, 14661 MiB, 100 %
2026/08/29 20:24:15.776, 14661 MiB, 68 %
2026/08/29 20:24:17.776, 14661 MiB, 100 %
2026/08/29 20:24:19.776, 14661 MiB, 100 %
2026/08/29 20:24:21.776, 14661 MiB, 67 %
2026/08/29 20:24:23.777, 14661 MiB, 100 %
2026/08/29 20:24:25.777, 14661 MiB, 94 %
2026/08/29 20:24:27.777, 14661 MiB, 93 %
2026/08/29 20:24:29.778, 14661 MiB, 100 %
2026/08/29 20:24:31.778, 14661 MiB, 67 %
2026/08/29 20:24:33.778, 14661 MiB, 100 %
2026/08/29 20:24:35.779, 14661 MiB, 100 %
2026/08/29 20:24:37.779, 14661 MiB, 76 %
2026/08/29 20:24:39.779, 14661 MiB, 100 %
2026/08/29 20:24:41.780, 14661 MiB, 65 %
2026/08/29 20:24:43.780, 14661 MiB, 100 %
2026/08/29 20:24:45.780, 14661 MiB, 100 %
2026/08/29 20:24:47.780, 14661 MiB, 71 %
2026/08/29 20:24:49.781, 14661 MiB, 100 %
2026/08/29 20:24:51.781, 14661 MiB, 70 %
2026/08/29 20:24:53.781, 14661 MiB, 100 %
2026/08/29 20:24:55.782, 14661 MiB, 100 %
2026/08/29 20:24:57.782, 14661 MiB, 91 %
2026/08/29 20:24:59.782, 14661 MiB, 100 %
2026/08/29 20:25:01.783, 14661 MiB, 66 %
2026/08/29 20:25:03.783, 14661 MiB, 100 %
2026/08/29 20:25:05.783, 14661 MiB, 100 %
2026/08/29 20:25:07.784, 14661 MiB, 73 %
2026/08/29 20:25:09.784, 14661 MiB, 100 %
2026/08/29 20:25:11.784, 14661 MiB, 89 %
2026/08/29 20:25:13.785, 14661 MiB, 100 %
2026/08/29 20:25:15.785, 14661 MiB, 100 %
2026/08/29 20:25:17.785, 14661 MiB, 69 %
2026/08/29 20:25:19.785, 14661 MiB, 100 %
2026/08/29 20:25:21.786, 14661 MiB, 100 %
2026/08/29 20:25:23.786, 14661 MiB, 68 %
2026/08/29 20:25:25.786, 14661 MiB, 100 %
2026/08/29 20:25:27.787, 14661 MiB, 92 %
2026/08/29 20:25:29.787, 14661 MiB, 97 %
2026/08/29 20:25:31.787, 14661 MiB, 100 %
2026/08/29 20:25:33.788, 14661 MiB, 68 %
2026/08/29 20:25:35.788, 14661 MiB, 100 %
2026/08/29 20:25:37.788, 14661 MiB, 100 %
2026/08/29 20:25:39.789, 14661 MiB, 86 %
2026/08/29 20:25:41.789, 14661 MiB, 100 %
2026/08/29 20:25:43.789, 14661 MiB, 72 %
2026/08/29 20:25:45.790, 14661 MiB, 100 %
2026/08/29 20:25:47.790, 14661 MiB, 100 %
2026/08/29 20:25:49.790, 14661 MiB, 66 %
2026/08/29 20:25:51.790, 14661 MiB, 100 %
2026/08/29 20:25:53.791, 14661 MiB, 86 %
2026/08/29 20:25:55.791, 14661 MiB, 100 %
2026/08/29 20:25:57.791, 14661 MiB, 100 %
2026/08/29 20:25:59.792, 14661 MiB, 65 %
2026/08/29 20:26:01.792, 14661 MiB, 100 %
2026/08/29 20:26:03.792, 14661 MiB, 85 %
2026/08/29 20:26:05.793, 14661 MiB, 100 %
2026/08/29 20:26:07.793, 14661 MiB, 100 %
2026/08/29 20:26:09.793, 14661 MiB, 68 %
2026/08/29 20:26:11.794, 14661 MiB, 100 %
2026/08/29 20:26:13.794, 14661 MiB, 73 %
2026/08/29 20:26:15.794, 14661 MiB, 100 %
2026/08/29 20:26:17.794, 14661 MiB, 100 %
2026/08/29 20:26:19.795, 14661 MiB, 94 %
2026/08/29 20:26:21.795, 14661 MiB, 100 %
2026/08/29 20:26:23.795, 14661 MiB, 67 %
2026/08/29 20:26:25.796, 14661 MiB, 100 %
2026/08/29 20:26:27.796, 14661 MiB, 92 %
2026/08/29 20:26:29.796, 14661 MiB, 100 %
2026/08/29 20:26:31.797, 14661 MiB, 100 %
2026/08/29 20:26:33.797, 14661 MiB, 67 %
2026/08/29 20:26:35.797, 14661 MiB, 100 %
2026/08/29 20:26:37.798, 14661 MiB, 95 %
2026/08/29 20:26:39.798, 14661 MiB, 100 %
2026/08/29 20:26:41.798, 14661 MiB, 100 %
2026/08/29 20:26:43.799, 14661 MiB, 67 %
2026/08/29 20:26:45.799, 14661 MiB, 100 %
2026/08/29 20:26:47.799, 14661 MiB, 97 %
2026/08/29 20:26:49.799, 14661 MiB, 92 %
2026/08/29 20:26:51.800, 14661 MiB, 100 %
2026/08/29 20:26:53.800, 14661 MiB, 68 %
2026/08/29 20:26:55.800, 14661 MiB, 100 %
2026/08/29 20:26:57.801, 14661 MiB, 100 %
2026/08/29 20:26:59.801, 14661 MiB, 67 %
2026/08/29 20:27:01.801, 14661 MiB, 100 %
2026/08/29 20:27:03.802, 14661 MiB, 100 %
2026/08/29 20:27:05.802, 14661 MiB, 80 %
2026/08/29 20:27:07.802, 14661 MiB, 100 %
2026/08/29 20:27:09.802, 14661 MiB, 65 %
2026/08/29 20:27:11.803, 14661 MiB, 100 %
2026/08/29 20:27:13.803, 14661 MiB, 100 %
2026/08/29 20:27:15.803, 14661 MiB, 71 %
2026/08/29 20:27:17.804, 14661 MiB, 100 %
2026/08/29 20:27:19.804, 14661 MiB, 87 %
2026/08/29 20:27:21.804, 14661 MiB, 100 %
2026/08/29 20:27:23.804, 14661 MiB, 100 %
2026/08/29 20:27:25.805, 14661 MiB, 67 %
2026/08/29 20:27:27.805, 14661 MiB, 100 %
2026/08/29 20:27:29.805, 14661 MiB, 100 %
2026/08/29 20:27:31.806, 14661 MiB, 84 %
2026/08/29 20:27:33.806, 14661 MiB, 100 %
2026/08/29 20:27:35.806, 14661 MiB, 70 %
2026/08/29 20:27:37.807, 14661 MiB, 100 %
2026/08/29 20:27:39.807, 14661 MiB, 100 %
2026/08/29 20:27:41.807, 14661 MiB, 67 %
2026/08/29 20:27:43.808, 14661 MiB, 100 %
2026/08/29 20:27:45.808, 14661 MiB, 100 %
2026/08/29 20:27:47.808, 14661 MiB, 90 %
2026/08/29 20:27:49.808, 14661 MiB, 100 %
2026/08/29 20:27:51.809, 14661 MiB, 100 %
2026/08/29 20:27:53.809, 14661 MiB, 67 %
2026/08/29 20:27:55.809, 14661 MiB, 100 %
2026/08/29 20:27:57.810, 14661 MiB, 71 %
2026/08/29 20:27:59.810, 14661 MiB, 100 %
2026/08/29 20:28:01.810, 14661 MiB, 100 %
2026/08/29 20:28:03.811, 14661 MiB, 92 %
2026/08/29 20:28:05.811, 14661 MiB, 100 %
2026/08/29 20:28:07.811, 14661 MiB, 67 %
2026/08/29 20:28:09.812, 14661 MiB, 100 %
2026/08/29 20:28:11.812, 14661 MiB, 99 %
2026/08/29 20:28:13.812, 14661 MiB, 90 %
2026/08/29 20:28:15.813, 14661 MiB, 100 %
2026/08/29 20:28:17.813, 14661 MiB, 66 %
2026/08/29 20:28:19.813, 14661 MiB, 100 %
2026/08/29 20:28:21.814, 14661 MiB, 100 %
2026/08/29 20:28:23.814, 14661 MiB, 82 %
2026/08/29 20:28:25.814, 14661 MiB, 100 %
2026/08/29 20:28:27.814, 14661 MiB, 71 %
2026/08/29 20:28:29.815, 14661 MiB, 100 %
2026/08/29 20:28:31.815, 14661 MiB, 100 %
2026/08/29 20:28:33.815, 14661 MiB, 66 %
2026/08/29 20:28:35.816, 14661 MiB, 100 %
2026/08/29 20:28:37.816, 14661 MiB, 99 %
2026/08/29 20:28:39.816, 14661 MiB, 92 %
2026/08/29 20:28:41.817, 14661 MiB, 100 %
2026/08/29 20:28:43.818, 14661 MiB, 66 %
2026/08/29 20:28:45.818, 14661 MiB, 100 %
2026/08/29 20:28:47.818, 14661 MiB, 100 %
2026/08/29 20:28:49.818, 14661 MiB, 73 %
2026/08/29 20:28:51.819, 14661 MiB, 100 %
2026/08/29 20:28:53.819, 14661 MiB, 79 %
2026/08/29 20:28:55.819, 14661 MiB, 100 %
2026/08/29 20:28:57.820, 14661 MiB, 2 %
2026/08/29 20:28:59.820, 14785 MiB, 0 %
2026/08/29 20:29:01.820, 14785 MiB, 67 %
2026/08/29 20:29:03.821, 14785 MiB, 100 %
2026/08/29 20:29:05.821, 14785 MiB, 100 %
2026/08/29 20:29:07.821, 14785 MiB, 69 %
2026/08/29 20:29:09.821, 14785 MiB, 100 %
2026/08/29 20:29:11.822, 14785 MiB, 89 %
2026/08/29 20:29:13.822, 14785 MiB, 100 %
2026/08/29 20:29:15.822, 14785 MiB, 100 %
2026/08/29 20:29:17.823, 14785 MiB, 64 %
2026/08/29 20:29:19.823, 14785 MiB, 100 %
2026/08/29 20:29:21.823, 14785 MiB, 87 %
2026/08/29 20:29:23.824, 14785 MiB, 100 %
2026/08/29 20:29:25.824, 14785 MiB, 100 %
2026/08/29 20:29:27.824, 14785 MiB, 62 %
2026/08/29 20:29:29.825, 14785 MiB, 100 %
2026/08/29 20:29:31.825, 14785 MiB, 86 %
2026/08/29 20:29:33.825, 14785 MiB, 100 %
2026/08/29 20:29:35.826, 14785 MiB, 100 %
2026/08/29 20:29:37.826, 14785 MiB, 66 %
2026/08/29 20:29:39.826, 14785 MiB, 100 %
2026/08/29 20:29:41.827, 14785 MiB, 100 %
2026/08/29 20:29:43.827, 14785 MiB, 75 %
2026/08/29 20:29:45.827, 14785 MiB, 100 %
2026/08/29 20:29:47.827, 14785 MiB, 88 %
2026/08/29 20:29:49.828, 14785 MiB, 100 %
2026/08/29 20:29:51.828, 14785 MiB, 100 %
2026/08/29 20:29:53.828, 14785 MiB, 67 %
2026/08/29 20:29:55.829, 14785 MiB, 100 %
2026/08/29 20:29:57.829, 14785 MiB, 87 %
2026/08/29 20:29:59.829, 14785 MiB, 100 %
2026/08/29 20:30:01.830, 14785 MiB, 100 %
2026/08/29 20:30:03.830, 14785 MiB, 67 %
2026/08/29 20:30:05.830, 14785 MiB, 100 %
2026/08/29 20:30:07.831, 14785 MiB, 100 %
2026/08/29 20:30:09.831, 14785 MiB, 80 %
2026/08/29 20:30:11.831, 14785 MiB, 100 %
2026/08/29 20:30:13.831, 14785 MiB, 61 %
2026/08/29 20:30:15.832, 14785 MiB, 100 %
2026/08/29 20:30:17.832, 14785 MiB, 73 %
2026/08/29 20:30:19.832, 14785 MiB, 100 %
2026/08/29 20:30:21.832, 14785 MiB, 100 %
2026/08/29 20:30:23.833, 14785 MiB, 95 %
2026/08/29 20:30:25.833, 14785 MiB, 100 %
2026/08/29 20:30:27.833, 14785 MiB, 66 %
2026/08/29 20:30:29.834, 14785 MiB, 100 %
2026/08/29 20:30:31.834, 14785 MiB, 67 %
2026/08/29 20:30:33.835, 14785 MiB, 100 %
2026/08/29 20:30:35.835, 14785 MiB, 100 %
2026/08/29 20:30:37.835, 14785 MiB, 79 %
2026/08/29 20:30:39.836, 14785 MiB, 100 %
2026/08/29 20:30:41.836, 14785 MiB, 67 %
2026/08/29 20:30:43.836, 14785 MiB, 100 %
2026/08/29 20:30:45.836, 14785 MiB, 100 %
2026/08/29 20:30:47.837, 14785 MiB, 79 %
2026/08/29 20:30:49.837, 14785 MiB, 100 %
2026/08/29 20:30:51.837, 14785 MiB, 75 %
2026/08/29 20:30:53.838, 14785 MiB, 100 %
2026/08/29 20:30:55.838, 14785 MiB, 100 %
2026/08/29 20:30:57.838, 14785 MiB, 67 %
2026/08/29 20:30:59.838, 14785 MiB, 100 %
2026/08/29 20:31:01.839, 14785 MiB, 77 %
2026/08/29 20:31:03.839, 14785 MiB, 100 %
2026/08/29 20:31:05.839, 14785 MiB, 100 %
2026/08/29 20:31:07.840, 14785 MiB, 67 %
2026/08/29 20:31:09.840, 14785 MiB, 100 %
2026/08/29 20:31:11.840, 14785 MiB, 100 %
2026/08/29 20:31:13.840, 14785 MiB, 93 %
2026/08/29 20:31:15.841, 14785 MiB, 100 %
2026/08/29 20:31:17.841, 14785 MiB, 67 %
2026/08/29 20:31:19.841, 14785 MiB, 100 %
2026/08/29 20:31:21.842, 14785 MiB, 100 %
2026/08/29 20:31:23.842, 14785 MiB, 69 %
2026/08/29 20:31:25.842, 14785 MiB, 100 %
2026/08/29 20:31:27.843, 14785 MiB, 97 %
2026/08/29 20:31:29.843, 14785 MiB, 96 %
2026/08/29 20:31:31.843, 14785 MiB, 100 %
2026/08/29 20:31:33.844, 14785 MiB, 68 %
2026/08/29 20:31:35.844, 14785 MiB, 100 %
2026/08/29 20:31:37.844, 14785 MiB, 100 %
2026/08/29 20:31:39.844, 14785 MiB, 66 %
2026/08/29 20:31:41.845, 14785 MiB, 100 %
2026/08/29 20:31:43.845, 14785 MiB, 100 %
2026/08/29 20:31:45.845, 14785 MiB, 74 %
2026/08/29 20:31:47.846, 14785 MiB, 100 %
2026/08/29 20:31:49.846, 14785 MiB, 90 %
2026/08/29 20:31:51.846, 14785 MiB, 100 %
2026/08/29 20:31:53.846, 14785 MiB, 100 %
2026/08/29 20:31:55.847, 14785 MiB, 68 %
2026/08/29 20:31:57.847, 14785 MiB, 100 %
2026/08/29 20:31:59.847, 14785 MiB, 100 %
2026/08/29 20:32:01.848, 14785 MiB, 77 %
2026/08/29 20:32:03.848, 14785 MiB, 100 %
2026/08/29 20:32:05.848, 14785 MiB, 91 %
2026/08/29 20:32:07.849, 14785 MiB, 100 %
2026/08/29 20:32:09.849, 14785 MiB, 100 %
2026/08/29 20:32:11.849, 14785 MiB, 66 %
2026/08/29 20:32:13.849, 14785 MiB, 100 %
2026/08/29 20:32:15.850, 14785 MiB, 100 %
2026/08/29 20:32:17.850, 14785 MiB, 79 %
2026/08/29 20:32:19.850, 14785 MiB, 100 %
2026/08/29 20:32:21.851, 14785 MiB, 75 %
2026/08/29 20:32:23.851, 14785 MiB, 100 %
2026/08/29 20:32:25.851, 14785 MiB, 100 %
2026/08/29 20:32:27.852, 14785 MiB, 100 %
2026/08/29 20:32:29.852, 14785 MiB, 79 %
2026/08/29 20:32:31.852, 14785 MiB, 100 %
2026/08/29 20:32:33.853, 14785 MiB, 71 %
2026/08/29 20:32:35.853, 14785 MiB, 100 %
2026/08/29 20:32:37.853, 14785 MiB, 100 %
2026/08/29 20:32:39.854, 14785 MiB, 69 %
2026/08/29 20:32:41.854, 14785 MiB, 100 %
2026/08/29 20:32:43.854, 14785 MiB, 100 %
2026/08/29 20:32:45.854, 14785 MiB, 68 %
2026/08/29 20:32:47.855, 14785 MiB, 100 %
2026/08/29 20:32:49.855, 14785 MiB, 92 %
2026/08/29 20:32:51.855, 14785 MiB, 95 %
2026/08/29 20:32:53.856, 14785 MiB, 100 %
2026/08/29 20:32:55.856, 14785 MiB, 64 %
2026/08/29 20:32:57.856, 14785 MiB, 100 %
2026/08/29 20:32:59.857, 14785 MiB, 100 %
2026/08/29 20:33:01.857, 14785 MiB, 67 %
2026/08/29 20:33:03.857, 14785 MiB, 100 %
2026/08/29 20:33:05.857, 14785 MiB, 100 %
2026/08/29 20:33:07.858, 14785 MiB, 80 %
2026/08/29 20:33:09.858, 14785 MiB, 100 %
2026/08/29 20:33:11.858, 14785 MiB, 87 %
2026/08/29 20:33:13.859, 14785 MiB, 100 %
2026/08/29 20:33:15.859, 14785 MiB, 100 %
2026/08/29 20:33:17.859, 14785 MiB, 68 %
2026/08/29 20:33:19.860, 14785 MiB, 100 %
2026/08/29 20:33:21.860, 14785 MiB, 100 %
2026/08/29 20:33:23.860, 14785 MiB, 68 %
2026/08/29 20:33:25.860, 14785 MiB, 100 %
2026/08/29 20:33:27.861, 14785 MiB, 100 %
2026/08/29 20:33:29.861, 14785 MiB, 100 %
2026/08/29 20:33:31.861, 14785 MiB, 100 %
2026/08/29 20:33:33.862, 14785 MiB, 68 %
2026/08/29 20:33:35.862, 14785 MiB, 100 %
2026/08/29 20:33:37.862, 14785 MiB, 100 %
2026/08/29 20:33:39.863, 14785 MiB, 74 %
2026/08/29 20:33:41.863, 14785 MiB, 100 %
2026/08/29 20:33:43.863, 14785 MiB, 69 %
2026/08/29 20:33:45.863, 14785 MiB, 100 %
2026/08/29 20:33:47.864, 14785 MiB, 100 %
2026/08/29 20:33:49.864, 14785 MiB, 68 %
2026/08/29 20:33:51.864, 14785 MiB, 100 %
2026/08/29 20:33:53.865, 14785 MiB, 100 %
2026/08/29 20:33:55.865, 14785 MiB, 91 %
2026/08/29 20:33:57.865, 14785 MiB, 100 %
2026/08/29 20:33:59.866, 14785 MiB, 67 %
2026/08/29 20:34:01.866, 14785 MiB, 100 %
2026/08/29 20:34:03.866, 14785 MiB, 100 %
2026/08/29 20:34:05.867, 14785 MiB, 68 %
2026/08/29 20:34:07.867, 14785 MiB, 100 %
2026/08/29 20:34:09.867, 14785 MiB, 94 %
2026/08/29 20:34:11.868, 14785 MiB, 98 %
2026/08/29 20:34:13.868, 14785 MiB, 100 %
2026/08/29 20:34:15.868, 14785 MiB, 68 %
2026/08/29 20:34:17.868, 14785 MiB, 100 %
2026/08/29 20:34:19.869, 14785 MiB, 100 %
2026/08/29 20:34:21.869, 14785 MiB, 75 %
2026/08/29 20:34:23.869, 14785 MiB, 100 %
2026/08/29 20:34:25.870, 14785 MiB, 82 %
2026/08/29 20:34:27.870, 14785 MiB, 100 %
2026/08/29 20:34:29.870, 14785 MiB, 100 %
2026/08/29 20:34:31.871, 14785 MiB, 67 %
2026/08/29 20:34:33.871, 14785 MiB, 100 %
2026/08/29 20:34:35.871, 14785 MiB, 90 %
2026/08/29 20:34:37.871, 14785 MiB, 100 %
2026/08/29 20:34:39.872, 14785 MiB, 100 %
2026/08/29 20:34:41.872, 14785 MiB, 68 %
2026/08/29 20:34:43.872, 14785 MiB, 100 %
2026/08/29 20:34:45.872, 14785 MiB, 100 %
2026/08/29 20:34:47.873, 14785 MiB, 84 %
2026/08/29 20:34:49.873, 14785 MiB, 100 %
2026/08/29 20:34:51.873, 14785 MiB, 81 %
2026/08/29 20:34:53.874, 14785 MiB, 100 %
2026/08/29 20:34:55.874, 14785 MiB, 100 %
2026/08/29 20:34:57.874, 14785 MiB, 67 %
2026/08/29 20:34:59.875, 14785 MiB, 100 %
2026/08/29 20:35:01.875, 14785 MiB, 94 %
2026/08/29 20:35:03.875, 14785 MiB, 99 %
2026/08/29 20:35:05.875, 14785 MiB, 100 %
2026/08/29 20:35:07.876, 14785 MiB, 68 %
2026/08/29 20:35:09.876, 14785 MiB, 100 %
2026/08/29 20:35:11.876, 14785 MiB, 100 %
2026/08/29 20:35:13.877, 14785 MiB, 67 %
2026/08/29 20:35:15.877, 14785 MiB, 100 %
2026/08/29 20:35:17.877, 14785 MiB, 75 %
2026/08/29 20:35:19.877, 14785 MiB, 100 %
2026/08/29 20:35:21.878, 14785 MiB, 100 %
2026/08/29 20:35:23.878, 14785 MiB, 62 %
2026/08/29 20:35:25.878, 14785 MiB, 100 %
2026/08/29 20:35:27.879, 14785 MiB, 99 %
2026/08/29 20:35:29.879, 14785 MiB, 88 %
2026/08/29 20:35:31.879, 14785 MiB, 100 %
2026/08/29 20:35:33.880, 14785 MiB, 61 %
2026/08/29 20:35:35.880, 14785 MiB, 100 %
2026/08/29 20:35:37.880, 14785 MiB, 100 %
2026/08/29 20:35:39.881, 14785 MiB, 99 %
2026/08/29 20:35:41.881, 14785 MiB, 100 %
2026/08/29 20:35:43.881, 14785 MiB, 67 %
2026/08/29 20:35:45.881, 14785 MiB, 100 %
2026/08/29 20:35:47.882, 14785 MiB, 100 %
2026/08/29 20:35:49.882, 14785 MiB, 80 %
2026/08/29 20:35:51.882, 14785 MiB, 100 %
2026/08/29 20:35:53.882, 14785 MiB, 79 %
2026/08/29 20:35:55.883, 14785 MiB, 100 %
2026/08/29 20:35:57.883, 14785 MiB, 100 %
2026/08/29 20:35:59.883, 14785 MiB, 66 %
2026/08/29 20:36:01.884, 14785 MiB, 100 %
2026/08/29 20:36:03.884, 14785 MiB, 100 %
2026/08/29 20:36:05.884, 14785 MiB, 74 %
2026/08/29 20:36:07.885, 14785 MiB, 100 %
2026/08/29 20:36:09.885, 14785 MiB, 75 %
2026/08/29 20:36:11.885, 14785 MiB, 100 %
2026/08/29 20:36:13.886, 14785 MiB, 100 %
2026/08/29 20:36:15.886, 14785 MiB, 69 %
2026/08/29 20:36:17.886, 14785 MiB, 100 %
2026/08/29 20:36:19.887, 14785 MiB, 100 %
2026/08/29 20:36:21.887, 14785 MiB, 85 %
2026/08/29 20:36:23.887, 14785 MiB, 100 %
2026/08/29 20:36:25.887, 14785 MiB, 80 %
2026/08/29 20:36:27.888, 14785 MiB, 100 %
2026/08/29 20:36:29.888, 14785 MiB, 100 %
2026/08/29 20:36:31.888, 14785 MiB, 68 %
2026/08/29 20:36:33.889, 14785 MiB, 100 %
2026/08/29 20:36:35.889, 14785 MiB, 99 %
2026/08/29 20:36:37.889, 14785 MiB, 96 %
2026/08/29 20:36:39.890, 14785 MiB, 100 %
2026/08/29 20:36:41.890, 14785 MiB, 63 %
2026/08/29 20:36:43.890, 14785 MiB, 100 %
2026/08/29 20:36:45.891, 14785 MiB, 100 %
2026/08/29 20:36:47.891, 14785 MiB, 73 %
2026/08/29 20:36:49.891, 14785 MiB, 100 %
2026/08/29 20:36:51.891, 14785 MiB, 94 %
2026/08/29 20:36:53.892, 14785 MiB, 93 %
2026/08/29 20:36:55.892, 14785 MiB, 100 %
2026/08/29 20:36:57.892, 14785 MiB, 73 %
2026/08/29 20:36:59.893, 14785 MiB, 100 %
2026/08/29 20:37:01.893, 14785 MiB, 100 %
2026/08/29 20:37:03.893, 14785 MiB, 100 %
2026/08/29 20:37:05.893, 14785 MiB, 90 %
2026/08/29 20:37:07.894, 14785 MiB, 100 %
2026/08/29 20:37:09.894, 14785 MiB, 65 %
2026/08/29 20:37:11.894, 14785 MiB, 100 %
2026/08/29 20:37:13.895, 14785 MiB, 100 %
2026/08/29 20:37:15.895, 14785 MiB, 76 %
2026/08/29 20:37:17.895, 14785 MiB, 100 %
2026/08/29 20:37:19.896, 14785 MiB, 85 %
2026/08/29 20:37:21.896, 14785 MiB, 100 %
2026/08/29 20:37:23.896, 14785 MiB, 100 %
2026/08/29 20:37:25.896, 14785 MiB, 69 %
2026/08/29 20:37:27.897, 14785 MiB, 100 %
2026/08/29 20:37:29.897, 14785 MiB, 100 %
2026/08/29 20:37:31.897, 14785 MiB, 68 %
2026/08/29 20:37:33.898, 14785 MiB, 100 %
2026/08/29 20:37:35.898, 14785 MiB, 90 %
2026/08/29 20:37:37.898, 14785 MiB, 98 %
2026/08/29 20:37:39.899, 14785 MiB, 100 %
2026/08/29 20:37:41.899, 14785 MiB, 69 %
2026/08/29 20:37:43.899, 14785 MiB, 100 %
2026/08/29 20:37:45.900, 14785 MiB, 100 %
2026/08/29 20:37:47.900, 14785 MiB, 75 %
2026/08/29 20:37:49.900, 14785 MiB, 100 %
2026/08/29 20:37:51.900, 14785 MiB, 66 %
2026/08/29 20:37:53.901, 14785 MiB, 100 %
2026/08/29 20:37:55.901, 14785 MiB, 100 %
2026/08/29 20:37:57.901, 14785 MiB, 67 %
2026/08/29 20:37:59.902, 14785 MiB, 100 %
2026/08/29 20:38:01.902, 14785 MiB, 98 %
2026/08/29 20:38:03.902, 14785 MiB, 95 %
2026/08/29 20:38:05.903, 14785 MiB, 100 %
2026/08/29 20:38:07.903, 14785 MiB, 65 %
2026/08/29 20:38:09.903, 14785 MiB, 100 %
2026/08/29 20:38:11.903, 14785 MiB, 100 %
2026/08/29 20:38:13.904, 14785 MiB, 71 %
2026/08/29 20:38:15.904, 14785 MiB, 100 %
2026/08/29 20:38:17.904, 14785 MiB, 88 %
2026/08/29 20:38:19.904, 14785 MiB, 100 %
2026/08/29 20:38:21.905, 14785 MiB, 100 %
2026/08/29 20:38:23.905, 14785 MiB, 61 %
2026/08/29 20:38:25.905, 14785 MiB, 100 %
2026/08/29 20:38:27.906, 14785 MiB, 92 %
2026/08/29 20:38:29.906, 14785 MiB, 100 %
2026/08/29 20:38:31.906, 14785 MiB, 100 %
2026/08/29 20:38:33.907, 14785 MiB, 67 %
2026/08/29 20:38:35.907, 14785 MiB, 100 %
2026/08/29 20:38:37.907, 14785 MiB, 100 %
2026/08/29 20:38:39.908, 14785 MiB, 67 %
2026/08/29 20:38:41.908, 14785 MiB, 100 %
2026/08/29 20:38:43.908, 14785 MiB, 100 %
2026/08/29 20:38:45.908, 14785 MiB, 84 %
2026/08/29 20:38:47.909, 14785 MiB, 100 %
2026/08/29 20:38:49.909, 14785 MiB, 79 %
2026/08/29 20:38:51.909, 14785 MiB, 100 %
2026/08/29 20:38:53.909, 14785 MiB, 100 %
2026/08/29 20:38:55.910, 14785 MiB, 66 %
2026/08/29 20:38:57.910, 14785 MiB, 100 %
2026/08/29 20:38:59.910, 14785 MiB, 100 %
2026/08/29 20:39:01.911, 14785 MiB, 89 %
2026/08/29 20:39:03.911, 14785 MiB, 100 %
2026/08/29 20:39:05.911, 14785 MiB, 72 %
2026/08/29 20:39:07.912, 14785 MiB, 100 %
2026/08/29 20:39:09.912, 14785 MiB, 100 %
2026/08/29 20:39:11.912, 14785 MiB, 68 %
2026/08/29 20:39:13.913, 14785 MiB, 100 %
2026/08/29 20:39:15.913, 14785 MiB, 100 %
2026/08/29 20:39:17.913, 14785 MiB, 73 %
2026/08/29 20:39:19.914, 14785 MiB, 100 %
2026/08/29 20:39:21.914, 14785 MiB, 85 %
2026/08/29 20:39:23.914, 14785 MiB, 100 %
2026/08/29 20:39:25.914, 14785 MiB, 100 %
2026/08/29 20:39:27.915, 14785 MiB, 62 %
2026/08/29 20:39:29.915, 14785 MiB, 100 %
2026/08/29 20:39:31.915, 14785 MiB, 100 %
2026/08/29 20:39:33.916, 14785 MiB, 81 %
2026/08/29 20:39:35.916, 14785 MiB, 100 %
2026/08/29 20:39:37.916, 14785 MiB, 71 %
2026/08/29 20:39:39.916, 14785 MiB, 100 %
2026/08/29 20:39:41.917, 14785 MiB, 100 %
2026/08/29 20:39:43.917, 14785 MiB, 68 %
2026/08/29 20:39:45.917, 14785 MiB, 100 %
2026/08/29 20:39:47.917, 14785 MiB, 100 %
2026/08/29 20:39:49.918, 14785 MiB, 87 %
2026/08/29 20:39:51.918, 14785 MiB, 100 %
2026/08/29 20:39:53.918, 14785 MiB, 68 %
2026/08/29 20:39:55.919, 14785 MiB, 100 %
2026/08/29 20:39:57.919, 14785 MiB, 100 %
2026/08/29 20:39:59.919, 14785 MiB, 66 %
2026/08/29 20:40:01.920, 14785 MiB, 100 %
2026/08/29 20:40:03.920, 14785 MiB, 95 %
2026/08/29 20:40:05.920, 14785 MiB, 100 %
2026/08/29 20:40:07.921, 14785 MiB, 100 %
2026/08/29 20:40:09.921, 14785 MiB, 68 %
2026/08/29 20:40:11.921, 14785 MiB, 100 %
2026/08/29 20:40:13.921, 14785 MiB, 100 %
2026/08/29 20:40:15.922, 14785 MiB, 82 %
2026/08/29 20:40:17.922, 14785 MiB, 100 %
2026/08/29 20:40:19.922, 14785 MiB, 63 %
2026/08/29 20:40:21.923, 14785 MiB, 100 %
2026/08/29 20:40:23.923, 14785 MiB, 100 %
2026/08/29 20:40:25.923, 14785 MiB, 84 %
2026/08/29 20:40:27.924, 14785 MiB, 100 %
2026/08/29 20:40:29.924, 14785 MiB, 70 %
2026/08/29 20:40:31.924, 14785 MiB, 100 %
2026/08/29 20:40:33.925, 14785 MiB, 100 %
2026/08/29 20:40:35.925, 14785 MiB, 66 %
2026/08/29 20:40:37.925, 14785 MiB, 100 %
2026/08/29 20:40:39.925, 14785 MiB, 96 %
2026/08/29 20:40:41.926, 14785 MiB, 100 %
2026/08/29 20:40:43.926, 14785 MiB, 100 %
2026/08/29 20:40:45.926, 14785 MiB, 68 %
2026/08/29 20:40:47.927, 14785 MiB, 100 %
2026/08/29 20:40:49.927, 14785 MiB, 100 %
2026/08/29 20:40:51.927, 14785 MiB, 81 %
2026/08/29 20:40:53.928, 14785 MiB, 100 %
2026/08/29 20:40:55.928, 14785 MiB, 78 %
2026/08/29 20:40:57.928, 14785 MiB, 100 %
2026/08/29 20:40:59.928, 14785 MiB, 100 %
2026/08/29 20:41:01.929, 14785 MiB, 62 %
2026/08/29 20:41:03.929, 14785 MiB, 100 %
2026/08/29 20:41:05.929, 14785 MiB, 99 %
2026/08/29 20:41:07.930, 14785 MiB, 91 %
2026/08/29 20:41:09.930, 14785 MiB, 100 %
2026/08/29 20:41:11.930, 14785 MiB, 68 %
2026/08/29 20:41:13.931, 14785 MiB, 100 %
2026/08/29 20:41:15.931, 14785 MiB, 100 %
2026/08/29 20:41:17.931, 14785 MiB, 69 %
2026/08/29 20:41:19.931, 14785 MiB, 100 %
2026/08/29 20:41:21.932, 14785 MiB, 98 %
2026/08/29 20:41:23.932, 14785 MiB, 95 %
2026/08/29 20:41:25.932, 14785 MiB, 100 %
2026/08/29 20:41:27.933, 14785 MiB, 62 %
2026/08/29 20:41:29.933, 14785 MiB, 100 %
2026/08/29 20:41:31.933, 14785 MiB, 94 %
2026/08/29 20:41:33.934, 14785 MiB, 99 %
2026/08/29 20:41:35.934, 14785 MiB, 100 %
2026/08/29 20:41:37.934, 14785 MiB, 100 %
2026/08/29 20:41:39.935, 14785 MiB, 69 %
2026/08/29 20:41:41.935, 14785 MiB, 100 %
2026/08/29 20:41:43.935, 14785 MiB, 82 %
2026/08/29 20:41:45.935, 14785 MiB, 100 %
2026/08/29 20:41:47.936, 14785 MiB, 100 %
2026/08/29 20:41:49.936, 14785 MiB, 68 %
2026/08/29 20:41:51.936, 14785 MiB, 100 %
2026/08/29 20:41:53.937, 14785 MiB, 99 %
2026/08/29 20:41:55.937, 14785 MiB, 90 %
2026/08/29 20:41:57.937, 14785 MiB, 100 %
2026/08/29 20:41:59.938, 14785 MiB, 67 %
2026/08/29 20:42:01.938, 14785 MiB, 100 %
2026/08/29 20:42:03.938, 14785 MiB, 100 %
2026/08/29 20:42:05.939, 14785 MiB, 76 %
2026/08/29 20:42:07.939, 14785 MiB, 100 %
2026/08/29 20:42:09.939, 14785 MiB, 85 %
2026/08/29 20:42:11.940, 14785 MiB, 100 %
2026/08/29 20:42:13.940, 14785 MiB, 100 %
2026/08/29 20:42:15.940, 14785 MiB, 64 %
2026/08/29 20:42:17.941, 14785 MiB, 100 %
2026/08/29 20:42:19.941, 14785 MiB, 100 %
2026/08/29 20:42:21.941, 14785 MiB, 67 %
2026/08/29 20:42:23.941, 14785 MiB, 100 %
2026/08/29 20:42:25.942, 14785 MiB, 86 %
2026/08/29 20:42:27.942, 14785 MiB, 100 %
2026/08/29 20:42:29.942, 14785 MiB, 100 %
2026/08/29 20:42:31.943, 14785 MiB, 63 %
2026/08/29 20:42:33.943, 14785 MiB, 100 %
2026/08/29 20:42:35.943, 14785 MiB, 100 %
2026/08/29 20:42:37.944, 14785 MiB, 71 %
2026/08/29 20:42:39.944, 14785 MiB, 100 %
2026/08/29 20:42:41.944, 14785 MiB, 93 %
2026/08/29 20:42:43.945, 14785 MiB, 100 %
2026/08/29 20:42:45.945, 14785 MiB, 100 %
2026/08/29 20:42:47.945, 14785 MiB, 69 %
2026/08/29 20:42:49.945, 14785 MiB, 100 %
2026/08/29 20:42:51.946, 14785 MiB, 100 %
2026/08/29 20:42:53.946, 14785 MiB, 68 %
2026/08/29 20:42:55.946, 14785 MiB, 100 %
2026/08/29 20:42:57.947, 14785 MiB, 100 %
2026/08/29 20:42:59.947, 14785 MiB, 85 %
2026/08/29 20:43:01.947, 14785 MiB, 100 %
2026/08/29 20:43:03.948, 14785 MiB, 76 %
2026/08/29 20:43:05.948, 14785 MiB, 100 %
2026/08/29 20:43:07.948, 14785 MiB, 100 %
2026/08/29 20:43:09.949, 14785 MiB, 66 %
2026/08/29 20:43:11.949, 14785 MiB, 100 %
2026/08/29 20:43:13.949, 14785 MiB, 100 %
2026/08/29 20:43:15.949, 14785 MiB, 69 %
2026/08/29 20:43:17.950, 14785 MiB, 100 %
2026/08/29 20:43:19.950, 14785 MiB, 100 %
2026/08/29 20:43:21.950, 14785 MiB, 91 %
2026/08/29 20:43:23.951, 14785 MiB, 100 %
2026/08/29 20:43:25.951, 14785 MiB, 68 %
2026/08/29 20:43:27.951, 14785 MiB, 100 %
2026/08/29 20:43:29.952, 14785 MiB, 100 %
2026/08/29 20:43:31.952, 14785 MiB, 66 %
2026/08/29 20:43:33.952, 14785 MiB, 100 %
2026/08/29 20:43:35.953, 14785 MiB, 100 %
2026/08/29 20:43:37.953, 14785 MiB, 92 %
2026/08/29 20:43:39.953, 14785 MiB, 100 %
2026/08/29 20:43:41.953, 14785 MiB, 73 %
2026/08/29 20:43:43.954, 14785 MiB, 100 %
2026/08/29 20:43:45.954, 14785 MiB, 100 %
2026/08/29 20:43:47.954, 14785 MiB, 68 %
2026/08/29 20:43:49.955, 14785 MiB, 100 %
2026/08/29 20:43:51.955, 14785 MiB, 96 %
2026/08/29 20:43:53.955, 14785 MiB, 100 %
2026/08/29 20:43:55.955, 14785 MiB, 100 %
2026/08/29 20:43:57.956, 14785 MiB, 68 %
2026/08/29 20:43:59.956, 14785 MiB, 100 %
2026/08/29 20:44:01.956, 14785 MiB, 100 %
2026/08/29 20:44:03.957, 14785 MiB, 76 %
2026/08/29 20:44:05.957, 14785 MiB, 100 %
2026/08/29 20:44:07.957, 14785 MiB, 90 %
2026/08/29 20:44:09.958, 14785 MiB, 99 %
2026/08/29 20:44:11.958, 14785 MiB, 100 %
2026/08/29 20:44:13.958, 14785 MiB, 70 %
2026/08/29 20:44:15.958, 14785 MiB, 100 %
2026/08/29 20:44:17.959, 14785 MiB, 100 %
2026/08/29 20:44:19.959, 14785 MiB, 68 %
2026/08/29 20:44:21.959, 14785 MiB, 100 %
2026/08/29 20:44:23.960, 14785 MiB, 100 %
2026/08/29 20:44:25.960, 14785 MiB, 78 %
2026/08/29 20:44:27.960, 14785 MiB, 100 %
2026/08/29 20:44:29.960, 14785 MiB, 81 %
2026/08/29 20:44:31.961, 14785 MiB, 100 %
2026/08/29 20:44:33.961, 14785 MiB, 100 %
2026/08/29 20:44:35.961, 14785 MiB, 66 %
2026/08/29 20:44:37.962, 14785 MiB, 100 %
2026/08/29 20:44:39.962, 14785 MiB, 91 %
2026/08/29 20:44:41.962, 14785 MiB, 100 %
2026/08/29 20:44:43.962, 14785 MiB, 100 %
2026/08/29 20:44:45.963, 14785 MiB, 67 %
2026/08/29 20:44:47.963, 14785 MiB, 100 %
2026/08/29 20:44:49.963, 14785 MiB, 100 %
2026/08/29 20:44:51.964, 14785 MiB, 73 %
2026/08/29 20:44:53.964, 14785 MiB, 100 %
2026/08/29 20:44:55.964, 14785 MiB, 78 %
2026/08/29 20:44:57.965, 14785 MiB, 100 %
2026/08/29 20:44:59.965, 14785 MiB, 100 %
2026/08/29 20:45:01.965, 14785 MiB, 68 %
2026/08/29 20:45:03.966, 14785 MiB, 100 %
2026/08/29 20:45:05.966, 14785 MiB, 100 %
2026/08/29 20:45:07.966, 14785 MiB, 68 %
2026/08/29 20:45:09.967, 14785 MiB, 100 %
2026/08/29 20:45:11.968, 14785 MiB, 88 %
2026/08/29 20:45:13.968, 14785 MiB, 100 %
2026/08/29 20:45:15.968, 14785 MiB, 100 %
2026/08/29 20:45:17.968, 14785 MiB, 68 %
2026/08/29 20:45:19.969, 14785 MiB, 100 %
2026/08/29 20:45:21.969, 14785 MiB, 100 %
2026/08/29 20:45:23.969, 14785 MiB, 69 %
2026/08/29 20:45:25.970, 14785 MiB, 100 %
2026/08/29 20:45:27.970, 14785 MiB, 98 %
2026/08/29 20:45:29.970, 14785 MiB, 92 %
2026/08/29 20:45:31.971, 14785 MiB, 100 %
2026/08/29 20:45:33.971, 14785 MiB, 64 %
2026/08/29 20:45:35.971, 14785 MiB, 100 %
2026/08/29 20:45:37.972, 14785 MiB, 100 %
2026/08/29 20:45:39.972, 14785 MiB, 69 %
2026/08/29 20:45:41.972, 14785 MiB, 100 %
2026/08/29 20:45:43.972, 14785 MiB, 90 %
2026/08/29 20:45:45.973, 14785 MiB, 96 %
2026/08/29 20:45:47.973, 14785 MiB, 100 %
2026/08/29 20:45:49.973, 14785 MiB, 69 %
2026/08/29 20:45:51.974, 14785 MiB, 100 %
2026/08/29 20:45:53.974, 14785 MiB, 100 %
2026/08/29 20:45:55.974, 14785 MiB, 67 %
2026/08/29 20:45:57.975, 14785 MiB, 100 %
2026/08/29 20:45:59.975, 14785 MiB, 95 %
2026/08/29 20:46:01.975, 14785 MiB, 100 %
2026/08/29 20:46:03.975, 14785 MiB, 100 %
2026/08/29 20:46:05.976, 14785 MiB, 67 %
2026/08/29 20:46:07.976, 14785 MiB, 100 %
2026/08/29 20:46:09.976, 14785 MiB, 88 %
2026/08/29 20:46:11.977, 14785 MiB, 100 %
2026/08/29 20:46:13.977, 14785 MiB, 100 %
2026/08/29 20:46:15.977, 14785 MiB, 100 %
2026/08/29 20:46:17.978, 14785 MiB, 83 %
2026/08/29 20:46:19.978, 14785 MiB, 100 %
2026/08/29 20:46:21.978, 14785 MiB, 67 %
2026/08/29 20:46:23.978, 14785 MiB, 100 %
2026/08/29 20:46:25.979, 14785 MiB, 100 %
2026/08/29 20:46:27.979, 14785 MiB, 74 %
2026/08/29 20:46:29.979, 14785 MiB, 100 %
2026/08/29 20:46:31.980, 14785 MiB, 88 %
2026/08/29 20:46:33.980, 14785 MiB, 100 %
2026/08/29 20:46:35.980, 14785 MiB, 100 %
2026/08/29 20:46:37.981, 14785 MiB, 63 %
2026/08/29 20:46:39.981, 14785 MiB, 100 %
2026/08/29 20:46:41.981, 14785 MiB, 100 %
2026/08/29 20:46:43.981, 14785 MiB, 84 %
2026/08/29 20:46:45.982, 14785 MiB, 100 %
2026/08/29 20:46:47.982, 14785 MiB, 81 %
2026/08/29 20:46:49.982, 14785 MiB, 100 %
2026/08/29 20:46:51.983, 14785 MiB, 100 %
2026/08/29 20:46:53.983, 14785 MiB, 66 %
2026/08/29 20:46:55.983, 14785 MiB, 100 %
2026/08/29 20:46:57.984, 14785 MiB, 100 %
2026/08/29 20:46:59.984, 14785 MiB, 68 %
2026/08/29 20:47:01.984, 14785 MiB, 100 %
2026/08/29 20:47:03.984, 14785 MiB, 95 %
2026/08/29 20:47:05.985, 14785 MiB, 95 %
2026/08/29 20:47:07.985, 14785 MiB, 100 %
2026/08/29 20:47:09.985, 14785 MiB, 62 %
2026/08/29 20:47:11.986, 14785 MiB, 100 %
2026/08/29 20:47:13.986, 14785 MiB, 100 %
2026/08/29 20:47:15.986, 14785 MiB, 72 %
2026/08/29 20:47:17.987, 14785 MiB, 100 %
2026/08/29 20:47:19.987, 14785 MiB, 77 %
2026/08/29 20:47:21.987, 14785 MiB, 100 %
2026/08/29 20:47:23.987, 14785 MiB, 100 %
2026/08/29 20:47:25.988, 14785 MiB, 62 %
2026/08/29 20:47:27.988, 14785 MiB, 100 %
2026/08/29 20:47:29.988, 14785 MiB, 100 %
2026/08/29 20:47:31.989, 14785 MiB, 88 %
2026/08/29 20:47:33.989, 14785 MiB, 100 %
2026/08/29 20:47:35.989, 14785 MiB, 62 %
2026/08/29 20:47:37.990, 14785 MiB, 100 %
2026/08/29 20:47:39.990, 14785 MiB, 100 %
2026/08/29 20:47:41.990, 14785 MiB, 69 %
2026/08/29 20:47:43.990, 14785 MiB, 100 %
2026/08/29 20:47:45.991, 14785 MiB, 89 %
2026/08/29 20:47:47.991, 14785 MiB, 100 %
2026/08/29 20:47:49.991, 14785 MiB, 100 %
2026/08/29 20:47:51.991, 14785 MiB, 62 %
2026/08/29 20:47:53.992, 14785 MiB, 100 %
2026/08/29 20:47:55.992, 14785 MiB, 100 %
2026/08/29 20:47:57.992, 14785 MiB, 66 %
2026/08/29 20:47:59.993, 14785 MiB, 100 %
2026/08/29 20:48:01.993, 14785 MiB, 100 %
2026/08/29 20:48:03.993, 14785 MiB, 86 %
2026/08/29 20:48:05.994, 14785 MiB, 100 %
2026/08/29 20:48:07.994, 14785 MiB, 65 %
2026/08/29 20:48:09.994, 14785 MiB, 100 %
2026/08/29 20:48:11.995, 14785 MiB, 100 %
2026/08/29 20:48:13.995, 14785 MiB, 80 %
2026/08/29 20:48:15.995, 14785 MiB, 100 %
2026/08/29 20:48:17.995, 14785 MiB, 68 %
2026/08/29 20:48:19.996, 14785 MiB, 100 %
2026/08/29 20:48:21.996, 14785 MiB, 100 %
2026/08/29 20:48:23.996, 14785 MiB, 73 %
2026/08/29 20:48:25.997, 14785 MiB, 100 %
2026/08/29 20:48:27.997, 14785 MiB, 85 %
2026/08/29 20:48:29.997, 14785 MiB, 100 %
2026/08/29 20:48:31.998, 14785 MiB, 100 %
2026/08/29 20:48:33.998, 14785 MiB, 68 %
2026/08/29 20:48:35.998, 14785 MiB, 100 %
2026/08/29 20:48:37.999, 14785 MiB, 100 %
2026/08/29 20:48:39.999, 14785 MiB, 76 %
2026/08/29 20:48:41.999, 14785 MiB, 100 %
2026/08/29 20:48:43.999, 14785 MiB, 82 %
2026/08/29 20:48:46.000, 14785 MiB, 100 %
2026/08/29 20:48:48.000, 14785 MiB, 100 %
2026/08/29 20:48:50.000, 14785 MiB, 66 %
2026/08/29 20:48:52.001, 14785 MiB, 100 %
2026/08/29 20:48:54.001, 14785 MiB, 100 %
2026/08/29 20:48:56.001, 14785 MiB, 80 %
2026/08/29 20:48:58.002, 14785 MiB, 100 %
2026/08/29 20:49:00.002, 14785 MiB, 68 %
2026/08/29 20:49:02.002, 14785 MiB, 100 %
2026/08/29 20:49:04.003, 14785 MiB, 100 %
2026/08/29 20:49:06.003, 14785 MiB, 66 %
2026/08/29 20:49:08.003, 14785 MiB, 100 %
2026/08/29 20:49:10.004, 14785 MiB, 100 %
2026/08/29 20:49:12.004, 14785 MiB, 90 %
2026/08/29 20:49:14.004, 14785 MiB, 100 %
2026/08/29 20:49:16.004, 14785 MiB, 68 %
2026/08/29 20:49:18.005, 14785 MiB, 100 %
2026/08/29 20:49:20.005, 14785 MiB, 100 %
2026/08/29 20:49:22.005, 14785 MiB, 70 %
2026/08/29 20:49:24.005, 14785 MiB, 100 %
2026/08/29 20:49:26.006, 14785 MiB, 80 %
2026/08/29 20:49:28.006, 14785 MiB, 100 %
2026/08/29 20:49:30.006, 14785 MiB, 100 %
2026/08/29 20:49:32.007, 14785 MiB, 68 %
2026/08/29 20:49:34.007, 14785 MiB, 100 %
2026/08/29 20:49:36.007, 14785 MiB, 89 %
2026/08/29 20:49:38.008, 14785 MiB, 100 %
2026/08/29 20:49:40.008, 14785 MiB, 100 %
2026/08/29 20:49:42.008, 14785 MiB, 67 %
2026/08/29 20:49:44.009, 14785 MiB, 100 %
2026/08/29 20:49:46.009, 14785 MiB, 100 %
2026/08/29 20:49:48.009, 14785 MiB, 72 %
2026/08/29 20:49:50.009, 14785 MiB, 100 %
2026/08/29 20:49:52.010, 14785 MiB, 93 %
2026/08/29 20:49:54.010, 14785 MiB, 95 %
2026/08/29 20:49:56.010, 14785 MiB, 100 %
2026/08/29 20:49:58.011, 14785 MiB, 68 %
2026/08/29 20:50:00.011, 14785 MiB, 100 %
2026/08/29 20:50:02.011, 14785 MiB, 100 %
2026/08/29 20:50:04.012, 14785 MiB, 70 %
2026/08/29 20:50:06.012, 14785 MiB, 100 %
2026/08/29 20:50:08.012, 14785 MiB, 80 %
2026/08/29 20:50:10.012, 14785 MiB, 100 %
2026/08/29 20:50:12.013, 14785 MiB, 100 %
2026/08/29 20:50:14.013, 14785 MiB, 67 %
2026/08/29 20:50:16.013, 14785 MiB, 100 %
2026/08/29 20:50:18.014, 14785 MiB, 100 %
2026/08/29 20:50:20.014, 14785 MiB, 84 %
2026/08/29 20:50:22.014, 14785 MiB, 100 %
2026/08/29 20:50:24.015, 14785 MiB, 75 %
2026/08/29 20:50:26.015, 14785 MiB, 100 %
2026/08/29 20:50:28.015, 14785 MiB, 100 %
2026/08/29 20:50:30.016, 14785 MiB, 69 %
2026/08/29 20:50:32.016, 14785 MiB, 100 %
2026/08/29 20:50:34.016, 14785 MiB, 100 %
2026/08/29 20:50:36.017, 14785 MiB, 81 %
2026/08/29 20:50:38.017, 14785 MiB, 100 %
2026/08/29 20:50:40.017, 14785 MiB, 72 %
2026/08/29 20:50:42.017, 14785 MiB, 100 %
2026/08/29 20:50:44.018, 14785 MiB, 100 %
2026/08/29 20:50:46.018, 14785 MiB, 68 %
2026/08/29 20:50:48.018, 14785 MiB, 87 %
2026/08/29 20:50:50.018, 14785 MiB, 100 %
2026/08/29 20:50:52.019, 14785 MiB, 68 %
2026/08/29 20:50:54.019, 14785 MiB, 100 %
2026/08/29 20:50:56.019, 14785 MiB, 100 %
2026/08/29 20:50:58.020, 14785 MiB, 68 %
2026/08/29 20:51:00.020, 14785 MiB, 100 %
2026/08/29 20:51:02.020, 14785 MiB, 100 %
2026/08/29 20:51:04.021, 14785 MiB, 76 %
2026/08/29 20:51:06.021, 14785 MiB, 100 %
2026/08/29 20:51:08.021, 14785 MiB, 93 %
2026/08/29 20:51:10.022, 14785 MiB, 97 %
2026/08/29 20:51:22.419, 14785 MiB, 100 %
2026/08/29 20:51:24.419, 14785 MiB, 67 %
2026/08/29 20:51:26.419, 14785 MiB, 100 %
2026/08/29 20:51:28.420, 14785 MiB, 100 %
2026/08/29 20:51:30.420, 14785 MiB, 68 %
2026/08/29 20:51:32.420, 14785 MiB, 100 %
2026/08/29 20:51:34.421, 14785 MiB, 99 %
2026/08/29 20:51:36.421, 14785 MiB, 88 %
2026/08/29 20:51:38.421, 14785 MiB, 100 %
2026/08/29 20:51:40.421, 14785 MiB, 67 %
2026/08/29 20:51:42.422, 14785 MiB, 100 %
2026/08/29 20:51:44.422, 14785 MiB, 100 %
2026/08/29 20:51:46.422, 14785 MiB, 70 %
2026/08/29 20:51:48.423, 14785 MiB, 100 %
2026/08/29 20:51:50.423, 14785 MiB, 92 %
2026/08/29 20:51:52.434, 14785 MiB, 100 %
2026/08/29 20:51:54.435, 14785 MiB, 100 %
2026/08/29 20:51:56.441, 14785 MiB, 69 %
2026/08/29 20:51:58.441, 14785 MiB, 100 %
2026/08/29 20:52:00.442, 14785 MiB, 100 %
2026/08/29 20:52:02.442, 14785 MiB, 68 %
2026/08/29 20:52:04.442, 14785 MiB, 100 %
2026/08/29 20:52:06.443, 14785 MiB, 95 %
2026/08/29 20:52:08.443, 14785 MiB, 97 %
2026/08/29 20:52:10.443, 14785 MiB, 100 %
2026/08/29 20:52:12.443, 14785 MiB, 68 %
2026/08/29 20:52:14.444, 14785 MiB, 100 %
2026/08/29 20:52:16.444, 14785 MiB, 100 %
2026/08/29 20:52:18.444, 14785 MiB, 75 %
2026/08/29 20:52:20.445, 14785 MiB, 100 %
2026/08/29 20:52:22.447, 14785 MiB, 60 %
2026/08/29 20:52:24.447, 14785 MiB, 100 %
2026/08/29 20:52:26.448, 14785 MiB, 69 %
2026/08/29 20:52:28.448, 14785 MiB, 100 %
2026/08/29 20:52:30.448, 14785 MiB, 81 %
2026/08/29 20:52:32.449, 14785 MiB, 100 %
2026/08/29 20:52:34.449, 14785 MiB, 100 %
2026/08/29 20:52:36.449, 14785 MiB, 88 %
2026/08/29 20:52:38.450, 14785 MiB, 100 %
2026/08/29 20:52:40.450, 14785 MiB, 64 %
2026/08/29 20:52:42.450, 14785 MiB, 100 %
2026/08/29 20:52:44.451, 14785 MiB, 100 %
2026/08/29 20:52:46.451, 14785 MiB, 91 %
2026/08/29 20:52:48.451, 14785 MiB, 100 %
2026/08/29 20:52:50.452, 14785 MiB, 66 %
2026/08/29 20:52:52.452, 14785 MiB, 100 %
2026/08/29 20:52:54.452, 14785 MiB, 100 %
2026/08/29 20:52:56.452, 14785 MiB, 68 %
2026/08/29 20:52:58.453, 14785 MiB, 100 %
2026/08/29 20:53:00.453, 14785 MiB, 80 %
2026/08/29 20:53:02.453, 14785 MiB, 100 %
2026/08/29 20:53:04.454, 14785 MiB, 100 %
2026/08/29 20:53:06.454, 14785 MiB, 66 %
2026/08/29 20:53:08.454, 14785 MiB, 100 %
2026/08/29 20:53:10.455, 14785 MiB, 90 %
2026/08/29 20:53:12.455, 14785 MiB, 100 %
2026/08/29 20:53:14.455, 14785 MiB, 100 %
2026/08/29 20:53:16.456, 14785 MiB, 68 %
2026/08/29 20:53:18.456, 14785 MiB, 100 %
2026/08/29 20:53:20.456, 14785 MiB, 100 %
2026/08/29 20:53:22.457, 14785 MiB, 69 %
2026/08/29 20:53:24.457, 14785 MiB, 100 %
2026/08/29 20:53:26.457, 14785 MiB, 100 %
2026/08/29 20:53:28.457, 14785 MiB, 73 %
2026/08/29 20:53:30.458, 14785 MiB, 100 %
2026/08/29 20:53:32.458, 14785 MiB, 97 %
2026/08/29 20:53:34.458, 14785 MiB, 94 %
2026/08/29 20:53:36.459, 14785 MiB, 100 %
2026/08/29 20:53:38.459, 14785 MiB, 73 %
2026/08/29 20:53:40.459, 14785 MiB, 100 %
2026/08/29 20:53:42.460, 14785 MiB, 100 %
2026/08/29 20:53:44.460, 14785 MiB, 64 %
2026/08/29 20:53:46.460, 14785 MiB, 100 %
2026/08/29 20:53:48.461, 14785 MiB, 91 %
2026/08/29 20:53:50.461, 14785 MiB, 100 %
2026/08/29 20:53:52.461, 14785 MiB, 100 %
2026/08/29 20:53:54.462, 14785 MiB, 69 %
2026/08/29 20:53:56.462, 14785 MiB, 100 %
2026/08/29 20:53:58.462, 14785 MiB, 100 %
2026/08/29 20:54:00.463, 14785 MiB, 78 %
2026/08/29 20:54:02.463, 14785 MiB, 100 %
2026/08/29 20:54:04.463, 14785 MiB, 88 %
2026/08/29 20:54:06.464, 14785 MiB, 99 %
2026/08/29 20:54:08.464, 14785 MiB, 100 %
2026/08/29 20:54:10.464, 14785 MiB, 73 %
2026/08/29 20:54:12.465, 14785 MiB, 100 %
2026/08/29 20:54:14.465, 14785 MiB, 100 %
2026/08/29 20:54:16.465, 14785 MiB, 68 %
2026/08/29 20:54:18.466, 14785 MiB, 100 %
2026/08/29 20:54:20.466, 14785 MiB, 100 %
2026/08/29 20:54:22.466, 14785 MiB, 96 %
2026/08/29 20:54:24.466, 14785 MiB, 100 %
2026/08/29 20:54:26.467, 14785 MiB, 65 %
2026/08/29 20:54:28.467, 14785 MiB, 100 %
2026/08/29 20:54:30.468, 14785 MiB, 89 %
2026/08/29 20:54:32.468, 14785 MiB, 100 %
2026/08/29 20:54:34.468, 14785 MiB, 100 %
2026/08/29 20:54:36.468, 14785 MiB, 65 %
2026/08/29 20:54:38.469, 14785 MiB, 100 %
2026/08/29 20:54:40.469, 14785 MiB, 100 %
2026/08/29 20:54:42.469, 14785 MiB, 83 %
2026/08/29 20:54:44.470, 14785 MiB, 100 %
2026/08/29 20:54:46.470, 14785 MiB, 73 %
2026/08/29 20:54:48.470, 14785 MiB, 100 %
2026/08/29 20:54:50.471, 14785 MiB, 100 %
2026/08/29 20:54:52.471, 14785 MiB, 65 %
2026/08/29 20:54:54.471, 14785 MiB, 100 %
2026/08/29 20:54:56.472, 14785 MiB, 100 %
2026/08/29 20:54:58.472, 14785 MiB, 88 %
2026/08/29 20:55:00.472, 14785 MiB, 100 %
2026/08/29 20:55:02.472, 14785 MiB, 69 %
2026/08/29 20:55:04.473, 14785 MiB, 100 %
2026/08/29 20:55:06.473, 14785 MiB, 100 %
2026/08/29 20:55:08.473, 14785 MiB, 69 %
2026/08/29 20:55:10.474, 14785 MiB, 100 %
2026/08/29 20:55:12.474, 14785 MiB, 100 %
2026/08/29 20:55:14.474, 14785 MiB, 84 %
2026/08/29 20:55:16.475, 14785 MiB, 100 %
2026/08/29 20:55:18.475, 14785 MiB, 80 %
2026/08/29 20:55:20.475, 14785 MiB, 68 %
2026/08/29 20:55:22.476, 14785 MiB, 100 %
2026/08/29 20:55:24.476, 14785 MiB, 100 %
2026/08/29 20:55:26.476, 14785 MiB, 71 %
2026/08/29 20:55:28.477, 14785 MiB, 100 %
2026/08/29 20:55:30.477, 14785 MiB, 86 %
2026/08/29 20:55:32.477, 14785 MiB, 100 %
2026/08/29 20:55:34.477, 14785 MiB, 100 %
2026/08/29 20:55:36.478, 14785 MiB, 67 %
2026/08/29 20:55:38.478, 14785 MiB, 100 %
2026/08/29 20:55:40.478, 14785 MiB, 100 %
2026/08/29 20:55:42.479, 14785 MiB, 86 %
2026/08/29 20:55:44.479, 14785 MiB, 100 %
2026/08/29 20:55:46.479, 14785 MiB, 61 %
2026/08/29 20:55:48.480, 14785 MiB, 100 %
2026/08/29 20:55:50.480, 14785 MiB, 100 %
2026/08/29 20:55:52.480, 14785 MiB, 67 %
2026/08/29 20:55:54.481, 14785 MiB, 100 %
2026/08/29 20:55:56.481, 14785 MiB, 91 %
2026/08/29 20:55:58.481, 14785 MiB, 95 %
2026/08/29 20:56:00.482, 14785 MiB, 100 %
2026/08/29 20:56:02.482, 14785 MiB, 76 %
2026/08/29 20:56:04.482, 14785 MiB, 100 %
2026/08/29 20:56:06.483, 14785 MiB, 100 %
2026/08/29 20:56:08.483, 14785 MiB, 68 %
2026/08/29 20:56:10.483, 14785 MiB, 100 %
2026/08/29 20:56:12.484, 14785 MiB, 100 %
2026/08/29 20:56:14.484, 14785 MiB, 75 %
2026/08/29 20:56:16.484, 14785 MiB, 100 %
2026/08/29 20:56:18.485, 14785 MiB, 79 %
2026/08/29 20:56:20.485, 14785 MiB, 100 %
2026/08/29 20:56:22.485, 14785 MiB, 100 %
2026/08/29 20:56:24.486, 14785 MiB, 61 %
2026/08/29 20:56:26.486, 14785 MiB, 100 %
2026/08/29 20:56:28.486, 14785 MiB, 89 %
2026/08/29 20:56:30.487, 14785 MiB, 100 %
2026/08/29 20:56:32.487, 14785 MiB, 100 %
2026/08/29 20:56:34.487, 14785 MiB, 68 %
2026/08/29 20:56:36.488, 14785 MiB, 100 %
2026/08/29 20:56:38.488, 14785 MiB, 100 %
2026/08/29 20:56:40.488, 14785 MiB, 84 %
2026/08/29 20:56:42.488, 14785 MiB, 100 %
2026/08/29 20:56:44.489, 14785 MiB, 64 %
2026/08/29 20:56:46.489, 14785 MiB, 100 %
2026/08/29 20:56:48.489, 14785 MiB, 100 %
2026/08/29 20:56:50.490, 14785 MiB, 58 %
2026/08/29 20:56:52.490, 14785 MiB, 100 %
2026/08/29 20:56:54.490, 14785 MiB, 86 %
2026/08/29 20:56:56.491, 14785 MiB, 100 %
2026/08/29 20:56:58.491, 14785 MiB, 100 %
2026/08/29 20:57:00.491, 14785 MiB, 64 %
2026/08/29 20:57:02.492, 14785 MiB, 100 %
2026/08/29 20:57:04.492, 14785 MiB, 100 %
2026/08/29 20:57:06.492, 14785 MiB, 89 %
2026/08/29 20:57:08.492, 14785 MiB, 100 %
2026/08/29 20:57:10.493, 14785 MiB, 66 %
2026/08/29 20:57:12.493, 14785 MiB, 100 %
2026/08/29 20:57:14.493, 14785 MiB, 100 %
2026/08/29 20:57:16.494, 14785 MiB, 71 %
2026/08/29 20:57:18.494, 14785 MiB, 100 %
2026/08/29 20:57:20.495, 14785 MiB, 72 %
2026/08/29 20:57:22.495, 14785 MiB, 100 %
2026/08/29 20:57:24.495, 14785 MiB, 100 %
2026/08/29 20:57:26.496, 14785 MiB, 69 %
2026/08/29 20:57:28.496, 14785 MiB, 100 %
2026/08/29 20:57:30.496, 14785 MiB, 92 %
2026/08/29 20:57:32.497, 14785 MiB, 100 %
2026/08/29 20:57:34.497, 14785 MiB, 100 %
2026/08/29 20:57:36.497, 14785 MiB, 68 %
2026/08/29 20:57:38.497, 14785 MiB, 100 %
2026/08/29 20:57:40.498, 14785 MiB, 100 %
2026/08/29 20:57:42.498, 14785 MiB, 77 %
2026/08/29 20:57:44.498, 14785 MiB, 100 %
2026/08/29 20:57:46.499, 14785 MiB, 73 %
2026/08/29 20:57:48.499, 14785 MiB, 100 %
2026/08/29 20:57:50.499, 14785 MiB, 100 %
2026/08/29 20:57:52.500, 14785 MiB, 81 %
2026/08/29 20:57:54.500, 14785 MiB, 100 %
2026/08/29 20:57:56.500, 14785 MiB, 66 %
2026/08/29 20:57:58.501, 14785 MiB, 100 %
2026/08/29 20:58:00.501, 14785 MiB, 100 %
2026/08/29 20:58:02.501, 14785 MiB, 79 %
2026/08/29 20:58:04.502, 14785 MiB, 100 %
2026/08/29 20:58:06.502, 14785 MiB, 86 %
2026/08/29 20:58:08.502, 14785 MiB, 100 %
2026/08/29 20:58:10.503, 14785 MiB, 100 %
2026/08/29 20:58:12.503, 14785 MiB, 66 %
2026/08/29 20:58:14.503, 14785 MiB, 100 %
2026/08/29 20:58:16.503, 14785 MiB, 100 %
2026/08/29 20:58:18.504, 14785 MiB, 63 %
2026/08/29 20:58:20.504, 14785 MiB, 100 %
2026/08/29 20:58:22.504, 14785 MiB, 100 %
2026/08/29 20:58:24.505, 14785 MiB, 73 %
2026/08/29 20:58:26.505, 14785 MiB, 100 %
2026/08/29 20:58:28.505, 14785 MiB, 89 %
2026/08/29 20:58:30.506, 14785 MiB, 97 %
2026/08/29 20:58:32.506, 14785 MiB, 100 %
2026/08/29 20:58:34.506, 14785 MiB, 76 %
2026/08/29 20:58:36.507, 14785 MiB, 100 %
2026/08/29 20:58:38.507, 14785 MiB, 100 %
2026/08/29 20:58:40.507, 14785 MiB, 69 %
2026/08/29 20:58:42.508, 14785 MiB, 100 %
2026/08/29 20:58:44.508, 14785 MiB, 100 %
2026/08/29 20:58:46.508, 14785 MiB, 74 %
2026/08/29 20:58:48.508, 14785 MiB, 100 %
2026/08/29 20:58:50.509, 14785 MiB, 82 %
2026/08/29 20:58:52.509, 14785 MiB, 100 %
2026/08/29 20:58:54.509, 14785 MiB, 100 %
2026/08/29 20:58:56.510, 14785 MiB, 67 %
2026/08/29 20:58:58.510, 14785 MiB, 100 %
2026/08/29 20:59:00.510, 14785 MiB, 100 %
2026/08/29 20:59:02.511, 14785 MiB, 82 %
2026/08/29 20:59:04.511, 14785 MiB, 100 %
2026/08/29 20:59:06.511, 14785 MiB, 90 %
2026/08/29 20:59:08.511, 14785 MiB, 97 %
2026/08/29 20:59:10.512, 14785 MiB, 100 %
2026/08/29 20:59:12.512, 14785 MiB, 65 %
2026/08/29 20:59:14.512, 14785 MiB, 100 %
2026/08/29 20:59:16.513, 14785 MiB, 100 %
2026/08/29 20:59:18.513, 14785 MiB, 68 %
2026/08/29 20:59:20.513, 14785 MiB, 100 %
2026/08/29 20:59:22.514, 14785 MiB, 100 %
2026/08/29 20:59:24.514, 14785 MiB, 88 %
2026/08/29 20:59:26.514, 14785 MiB, 100 %
2026/08/29 20:59:28.515, 14785 MiB, 75 %
2026/08/29 20:59:30.515, 14785 MiB, 100 %
2026/08/29 20:59:32.515, 14785 MiB, 100 %
2026/08/29 20:59:34.515, 14785 MiB, 60 %
2026/08/29 20:59:36.516, 14785 MiB, 100 %
2026/08/29 20:59:38.516, 14785 MiB, 100 %
2026/08/29 20:59:40.516, 14785 MiB, 83 %
2026/08/29 20:59:42.517, 14785 MiB, 100 %
2026/08/29 20:59:44.517, 14785 MiB, 79 %
2026/08/29 20:59:46.517, 14785 MiB, 100 %
2026/08/29 20:59:48.517, 14785 MiB, 100 %
2026/08/29 20:59:50.518, 14785 MiB, 67 %
2026/08/29 20:59:52.518, 14785 MiB, 100 %
2026/08/29 20:59:54.518, 14785 MiB, 100 %
2026/08/29 20:59:56.519, 14785 MiB, 100 %
2026/08/29 20:59:58.519, 14785 MiB, 88 %
2026/08/29 21:00:00.519, 14785 MiB, 100 %
2026/08/29 21:00:02.520, 14785 MiB, 75 %
2026/08/29 21:00:04.520, 14785 MiB, 100 %
2026/08/29 21:00:06.520, 14785 MiB, 100 %
2026/08/29 21:00:08.520, 14785 MiB, 68 %
2026/08/29 21:00:10.521, 14785 MiB, 100 %
2026/08/29 21:00:12.521, 14785 MiB, 100 %
2026/08/29 21:00:14.521, 14785 MiB, 94 %
2026/08/29 21:00:16.522, 14785 MiB, 100 %
2026/08/29 21:00:18.522, 14785 MiB, 67 %
2026/08/29 21:00:20.522, 14785 MiB, 100 %
2026/08/29 21:00:22.523, 14785 MiB, 100 %
2026/08/29 21:00:24.523, 14785 MiB, 72 %
2026/08/29 21:00:26.523, 14785 MiB, 100 %
2026/08/29 21:00:28.523, 14785 MiB, 88 %
2026/08/29 21:00:30.524, 14785 MiB, 100 %
2026/08/29 21:00:32.524, 14785 MiB, 100 %
2026/08/29 21:00:34.524, 14785 MiB, 68 %
2026/08/29 21:00:36.525, 14785 MiB, 100 %
2026/08/29 21:00:38.525, 14785 MiB, 100 %
2026/08/29 21:00:40.525, 14785 MiB, 74 %
2026/08/29 21:00:42.526, 14785 MiB, 100 %
2026/08/29 21:00:44.526, 14785 MiB, 79 %
2026/08/29 21:00:46.526, 14785 MiB, 100 %
2026/08/29 21:00:48.527, 14785 MiB, 100 %
2026/08/29 21:00:50.527, 14785 MiB, 69 %
2026/08/29 21:00:52.527, 14785 MiB, 100 %
2026/08/29 21:00:54.528, 14785 MiB, 100 %
2026/08/29 21:00:56.528, 14785 MiB, 81 %
2026/08/29 21:00:58.528, 14785 MiB, 100 %
2026/08/29 21:01:00.528, 14785 MiB, 68 %
2026/08/29 21:01:02.529, 14785 MiB, 100 %
2026/08/29 21:01:04.529, 14785 MiB, 100 %
2026/08/29 21:01:06.529, 14785 MiB, 67 %
2026/08/29 21:01:08.530, 14785 MiB, 100 %
2026/08/29 21:01:10.530, 14785 MiB, 82 %
2026/08/29 21:01:12.530, 14785 MiB, 100 %
2026/08/29 21:01:14.531, 14785 MiB, 100 %
2026/08/29 21:01:16.531, 14785 MiB, 63 %
2026/08/29 21:01:18.531, 14785 MiB, 100 %
2026/08/29 21:01:20.532, 14785 MiB, 100 %
2026/08/29 21:01:22.532, 14785 MiB, 91 %
2026/08/29 21:01:24.532, 14785 MiB, 100 %
2026/08/29 21:01:26.532, 14785 MiB, 69 %
2026/08/29 21:01:28.533, 14785 MiB, 100 %
2026/08/29 21:01:30.533, 14785 MiB, 100 %
2026/08/29 21:01:32.533, 14785 MiB, 65 %
2026/08/29 21:01:34.534, 14785 MiB, 100 %
2026/08/29 21:01:36.534, 14785 MiB, 98 %
2026/08/29 21:01:38.534, 14785 MiB, 94 %
2026/08/29 21:01:40.535, 14785 MiB, 100 %
2026/08/29 21:01:42.535, 14785 MiB, 69 %
2026/08/29 21:01:44.535, 14785 MiB, 100 %
2026/08/29 21:01:46.535, 14785 MiB, 100 %
2026/08/29 21:01:48.536, 14785 MiB, 68 %
2026/08/29 21:01:50.536, 14785 MiB, 100 %
2026/08/29 21:01:52.536, 14785 MiB, 97 %
2026/08/29 21:01:54.537, 14785 MiB, 100 %
2026/08/29 21:01:56.537, 14785 MiB, 100 %
2026/08/29 21:01:58.537, 14785 MiB, 68 %
2026/08/29 21:02:00.537, 14785 MiB, 100 %
2026/08/29 21:02:02.538, 14785 MiB, 99 %
2026/08/29 21:02:04.538, 14785 MiB, 96 %
2026/08/29 21:02:06.538, 14785 MiB, 100 %
2026/08/29 21:02:08.539, 14785 MiB, 69 %
2026/08/29 21:02:10.539, 14785 MiB, 100 %
2026/08/29 21:02:12.539, 14785 MiB, 100 %
2026/08/29 21:02:14.540, 14785 MiB, 93 %
2026/08/29 21:02:16.540, 14785 MiB, 100 %
2026/08/29 21:02:18.540, 14785 MiB, 75 %
2026/08/29 21:02:20.541, 14785 MiB, 100 %
2026/08/29 21:02:22.541, 14785 MiB, 100 %
2026/08/29 21:02:24.541, 14785 MiB, 62 %
2026/08/29 21:02:26.542, 14785 MiB, 100 %
2026/08/29 21:02:28.542, 14785 MiB, 82 %
2026/08/29 21:02:30.542, 14785 MiB, 100 %
2026/08/29 21:02:32.542, 14785 MiB, 100 %
2026/08/29 21:02:34.543, 14785 MiB, 68 %
2026/08/29 21:02:36.543, 14785 MiB, 100 %
2026/08/29 21:02:38.543, 14785 MiB, 92 %
2026/08/29 21:02:40.544, 14785 MiB, 97 %
2026/08/29 21:02:42.544, 14785 MiB, 100 %
2026/08/29 21:02:44.544, 14785 MiB, 67 %
2026/08/29 21:02:46.544, 14785 MiB, 100 %
2026/08/29 21:02:48.545, 14785 MiB, 100 %
2026/08/29 21:02:50.545, 14785 MiB, 87 %
2026/08/29 21:02:52.545, 14785 MiB, 100 %
2026/08/29 21:02:54.546, 14785 MiB, 68 %
2026/08/29 21:02:56.546, 14785 MiB, 100 %
2026/08/29 21:02:58.546, 14785 MiB, 100 %
2026/08/29 21:03:00.546, 14785 MiB, 68 %
2026/08/29 21:03:02.547, 14785 MiB, 100 %
2026/08/29 21:03:04.547, 14785 MiB, 84 %
2026/08/29 21:03:06.547, 14785 MiB, 100 %
2026/08/29 21:03:08.548, 14785 MiB, 100 %
2026/08/29 21:03:10.548, 14785 MiB, 69 %
2026/08/29 21:03:12.548, 14785 MiB, 100 %
2026/08/29 21:03:14.549, 14785 MiB, 100 %
2026/08/29 21:03:16.549, 14785 MiB, 72 %
2026/08/29 21:03:18.549, 14785 MiB, 100 %
2026/08/29 21:03:20.551, 14785 MiB, 94 %
2026/08/29 21:03:22.552, 14785 MiB, 97 %
2026/08/29 21:03:24.552, 14785 MiB, 100 %
2026/08/29 21:03:26.552, 14785 MiB, 69 %
2026/08/29 21:03:28.553, 14785 MiB, 100 %
2026/08/29 21:03:30.553, 14785 MiB, 100 %
2026/08/29 21:03:32.553, 14785 MiB, 70 %
2026/08/29 21:03:34.553, 14785 MiB, 100 %
2026/08/29 21:03:36.554, 14785 MiB, 99 %
2026/08/29 21:03:38.554, 14785 MiB, 88 %
2026/08/29 21:03:40.554, 14785 MiB, 100 %
2026/08/29 21:03:42.555, 14785 MiB, 79 %
2026/08/29 21:03:44.555, 14785 MiB, 100 %
2026/08/29 21:03:46.555, 14785 MiB, 100 %
2026/08/29 21:03:48.556, 14785 MiB, 65 %
2026/08/29 21:03:50.556, 14785 MiB, 100 %
2026/08/29 21:03:52.556, 14785 MiB, 97 %
2026/08/29 21:03:54.556, 14785 MiB, 100 %
2026/08/29 21:03:56.557, 14785 MiB, 100 %
2026/08/29 21:03:58.557, 14785 MiB, 67 %
2026/08/29 21:04:00.557, 14785 MiB, 100 %
2026/08/29 21:04:02.558, 14785 MiB, 100 %
2026/08/29 21:04:04.558, 14785 MiB, 77 %
2026/08/29 21:04:06.558, 14785 MiB, 100 %
2026/08/29 21:04:08.559, 14785 MiB, 80 %
2026/08/29 21:04:10.559, 14785 MiB, 100 %
2026/08/29 21:04:12.559, 14785 MiB, 100 %
2026/08/29 21:04:14.559, 14785 MiB, 67 %
2026/08/29 21:04:16.560, 14785 MiB, 100 %
2026/08/29 21:04:18.560, 14785 MiB, 100 %
2026/08/29 21:04:20.560, 14785 MiB, 92 %
2026/08/29 21:04:22.561, 14785 MiB, 100 %
2026/08/29 21:04:24.561, 14785 MiB, 68 %
2026/08/29 21:04:26.561, 14785 MiB, 100 %
2026/08/29 21:04:28.562, 14785 MiB, 100 %
2026/08/29 21:04:30.562, 14785 MiB, 72 %
2026/08/29 21:04:32.562, 14785 MiB, 100 %
2026/08/29 21:04:34.563, 14785 MiB, 100 %
2026/08/29 21:04:36.563, 14785 MiB, 67 %
2026/08/29 21:04:38.563, 14785 MiB, 100 %
2026/08/29 21:04:40.564, 14785 MiB, 86 %
2026/08/29 21:04:42.564, 14785 MiB, 100 %
2026/08/29 21:04:44.564, 14785 MiB, 100 %
2026/08/29 21:04:46.564, 14785 MiB, 67 %
2026/08/29 21:04:48.565, 14785 MiB, 100 %
2026/08/29 21:04:50.565, 14785 MiB, 89 %
2026/08/29 21:04:52.565, 14785 MiB, 100 %
2026/08/29 21:04:54.566, 14785 MiB, 100 %
2026/08/29 21:04:56.566, 14785 MiB, 68 %
2026/08/29 21:04:58.566, 14785 MiB, 100 %
2026/08/29 21:05:00.567, 14785 MiB, 100 %
2026/08/29 21:05:02.567, 14785 MiB, 92 %
2026/08/29 21:05:04.567, 14785 MiB, 100 %
2026/08/29 21:05:06.567, 14785 MiB, 66 %
2026/08/29 21:05:08.568, 14785 MiB, 100 %
2026/08/29 21:05:10.568, 14785 MiB, 100 %
2026/08/29 21:05:12.568, 14785 MiB, 73 %
2026/08/29 21:05:14.569, 14785 MiB, 100 %
2026/08/29 21:05:16.569, 14785 MiB, 91 %
2026/08/29 21:05:18.569, 14785 MiB, 100 %
2026/08/29 21:05:20.570, 14785 MiB, 100 %
2026/08/29 21:05:22.570, 14785 MiB, 67 %
2026/08/29 21:05:24.571, 14785 MiB, 100 %
2026/08/29 21:05:26.571, 14785 MiB, 97 %
2026/08/29 21:05:28.571, 14785 MiB, 96 %
2026/08/29 21:05:30.572, 14785 MiB, 100 %
2026/08/29 21:05:32.572, 14785 MiB, 68 %
2026/08/29 21:05:34.572, 14785 MiB, 100 %
2026/08/29 21:05:36.573, 14785 MiB, 100 %
2026/08/29 21:05:38.573, 14785 MiB, 68 %
2026/08/29 21:05:40.573, 14785 MiB, 100 %
2026/08/29 21:05:42.574, 14785 MiB, 85 %
2026/08/29 21:05:44.574, 14785 MiB, 100 %
2026/08/29 21:05:46.574, 14785 MiB, 100 %
2026/08/29 21:05:48.575, 14785 MiB, 68 %
2026/08/29 21:05:50.575, 14785 MiB, 100 %
2026/08/29 21:05:52.575, 14785 MiB, 100 %
2026/08/29 21:05:54.576, 14785 MiB, 88 %
2026/08/29 21:05:56.576, 14785 MiB, 100 %
2026/08/29 21:05:58.576, 14785 MiB, 79 %
2026/08/29 21:06:00.576, 14785 MiB, 100 %
2026/08/29 21:06:02.577, 14785 MiB, 100 %
2026/08/29 21:06:04.577, 14785 MiB, 68 %
2026/08/29 21:06:06.577, 14785 MiB, 100 %
2026/08/29 21:06:08.578, 14785 MiB, 100 %
2026/08/29 21:06:10.578, 14785 MiB, 70 %
2026/08/29 21:06:12.578, 14785 MiB, 100 %
2026/08/29 21:06:14.579, 14785 MiB, 94 %
2026/08/29 21:06:16.579, 14785 MiB, 95 %
2026/08/29 21:06:18.579, 14785 MiB, 100 %
2026/08/29 21:06:20.580, 14785 MiB, 68 %
2026/08/29 21:06:22.580, 14785 MiB, 100 %
2026/08/29 21:06:24.580, 14785 MiB, 100 %
2026/08/29 21:06:26.581, 14785 MiB, 68 %
2026/08/29 21:06:28.581, 14785 MiB, 100 %
2026/08/29 21:06:30.581, 14785 MiB, 80 %
2026/08/29 21:06:32.581, 14785 MiB, 100 %
2026/08/29 21:06:34.582, 14785 MiB, 100 %
2026/08/29 21:06:36.582, 14785 MiB, 68 %
2026/08/29 21:06:38.582, 14785 MiB, 100 %
2026/08/29 21:06:40.583, 14785 MiB, 100 %
2026/08/29 21:06:42.583, 14785 MiB, 84 %
2026/08/29 21:06:44.583, 14785 MiB, 100 %
2026/08/29 21:06:46.584, 14785 MiB, 68 %
2026/08/29 21:06:48.584, 14785 MiB, 100 %
2026/08/29 21:06:50.584, 14785 MiB, 100 %
2026/08/29 21:06:52.585, 14785 MiB, 71 %
2026/08/29 21:06:54.585, 14785 MiB, 100 %
2026/08/29 21:06:56.585, 14785 MiB, 78 %
2026/08/29 21:06:58.586, 14785 MiB, 100 %
2026/08/29 21:07:00.586, 14785 MiB, 100 %
2026/08/29 21:07:02.586, 14785 MiB, 76 %
2026/08/29 21:07:04.587, 14785 MiB, 100 %
2026/08/29 21:07:06.587, 14785 MiB, 77 %
2026/08/29 21:07:08.587, 14785 MiB, 100 %
2026/08/29 21:07:10.588, 14785 MiB, 100 %
2026/08/29 21:07:12.588, 14785 MiB, 64 %
2026/08/29 21:07:14.588, 14785 MiB, 100 %
2026/08/29 21:07:16.589, 14785 MiB, 96 %
2026/08/29 21:07:18.589, 14785 MiB, 100 %
2026/08/29 21:07:20.589, 14785 MiB, 100 %
2026/08/29 21:07:22.589, 14785 MiB, 63 %
2026/08/29 21:07:24.590, 14785 MiB, 100 %
2026/08/29 21:07:26.590, 14785 MiB, 98 %
2026/08/29 21:07:28.590, 14785 MiB, 97 %
2026/08/29 21:07:30.591, 14785 MiB, 100 %
2026/08/29 21:07:32.591, 14785 MiB, 68 %
2026/08/29 21:07:34.591, 14785 MiB, 100 %
2026/08/29 21:07:36.591, 14785 MiB, 100 %
2026/08/29 21:07:38.592, 14785 MiB, 67 %
2026/08/29 21:07:40.592, 14785 MiB, 100 %
2026/08/29 21:07:42.592, 14785 MiB, 87 %
2026/08/29 21:07:44.592, 14785 MiB, 100 %
2026/08/29 21:07:46.593, 14785 MiB, 100 %
2026/08/29 21:07:48.593, 14785 MiB, 65 %
2026/08/29 21:07:50.593, 14785 MiB, 100 %
2026/08/29 21:07:52.594, 14785 MiB, 100 %
2026/08/29 21:07:54.594, 14785 MiB, 75 %
2026/08/29 21:07:56.594, 14785 MiB, 100 %
2026/08/29 21:07:58.595, 14785 MiB, 84 %
2026/08/29 21:08:00.595, 14785 MiB, 100 %
2026/08/29 21:08:02.595, 14785 MiB, 100 %
2026/08/29 21:08:04.595, 14785 MiB, 68 %
2026/08/29 21:08:06.596, 14785 MiB, 100 %
2026/08/29 21:08:08.596, 14785 MiB, 100 %
2026/08/29 21:08:10.596, 14785 MiB, 84 %
2026/08/29 21:08:12.597, 14785 MiB, 100 %
2026/08/29 21:08:14.597, 14785 MiB, 67 %
2026/08/29 21:08:16.597, 14785 MiB, 100 %
2026/08/29 21:08:18.598, 14785 MiB, 100 %
2026/08/29 21:08:20.598, 14785 MiB, 67 %
2026/08/29 21:08:22.598, 14785 MiB, 100 %
2026/08/29 21:08:24.599, 14785 MiB, 87 %
2026/08/29 21:08:26.599, 14785 MiB, 100 %
2026/08/29 21:08:28.599, 14785 MiB, 100 %
2026/08/29 21:08:30.600, 14785 MiB, 68 %
2026/08/29 21:08:32.600, 14785 MiB, 100 %
2026/08/29 21:08:34.600, 14785 MiB, 99 %
2026/08/29 21:08:36.600, 14785 MiB, 100 %
2026/08/29 21:08:38.601, 14785 MiB, 100 %
2026/08/29 21:08:40.601, 14785 MiB, 69 %
2026/08/29 21:08:42.601, 14785 MiB, 100 %
2026/08/29 21:08:44.602, 14785 MiB, 100 %
2026/08/29 21:08:46.602, 14785 MiB, 73 %
2026/08/29 21:08:48.602, 14785 MiB, 100 %
2026/08/29 21:08:50.602, 14785 MiB, 73 %
2026/08/29 21:08:52.603, 14785 MiB, 100 %
2026/08/29 21:08:54.603, 14785 MiB, 100 %
2026/08/29 21:08:56.603, 14785 MiB, 69 %
2026/08/29 21:08:58.604, 14785 MiB, 100 %
2026/08/29 21:09:00.604, 14785 MiB, 98 %
2026/08/29 21:09:02.604, 14785 MiB, 93 %
2026/08/29 21:09:04.604, 14785 MiB, 100 %
2026/08/29 21:09:06.605, 14785 MiB, 100 %
2026/08/29 21:09:08.605, 14785 MiB, 72 %
2026/08/29 21:09:10.605, 14785 MiB, 100 %
2026/08/29 21:09:12.606, 14785 MiB, 65 %
2026/08/29 21:09:14.606, 14785 MiB, 100 %
2026/08/29 21:09:16.606, 14785 MiB, 100 %
2026/08/29 21:09:18.606, 14785 MiB, 79 %
2026/08/29 21:09:20.607, 14785 MiB, 100 %
2026/08/29 21:09:22.607, 14785 MiB, 80 %
2026/08/29 21:09:24.607, 14785 MiB, 100 %
2026/08/29 21:09:26.608, 14785 MiB, 100 %
2026/08/29 21:09:28.608, 14785 MiB, 66 %
2026/08/29 21:09:30.608, 14785 MiB, 100 %
2026/08/29 21:09:32.608, 14785 MiB, 100 %
2026/08/29 21:09:34.609, 14785 MiB, 70 %
2026/08/29 21:09:36.609, 14785 MiB, 100 %
2026/08/29 21:09:38.609, 14785 MiB, 81 %
2026/08/29 21:09:40.610, 14785 MiB, 100 %
2026/08/29 21:09:42.610, 14785 MiB, 100 %
2026/08/29 21:09:44.610, 14785 MiB, 69 %
2026/08/29 21:09:46.611, 14785 MiB, 100 %
2026/08/29 21:09:48.611, 14785 MiB, 100 %
2026/08/29 21:09:50.611, 14785 MiB, 89 %
2026/08/29 21:09:52.611, 14785 MiB, 100 %
2026/08/29 21:09:54.612, 14785 MiB, 69 %
2026/08/29 21:09:56.612, 14785 MiB, 100 %
2026/08/29 21:09:58.612, 14785 MiB, 100 %
2026/08/29 21:10:00.613, 14785 MiB, 69 %
2026/08/29 21:10:02.613, 14785 MiB, 100 %
2026/08/29 21:10:04.613, 14785 MiB, 91 %
2026/08/29 21:10:06.614, 14785 MiB, 98 %
2026/08/29 21:10:08.614, 14785 MiB, 100 %
2026/08/29 21:10:10.614, 14785 MiB, 69 %
2026/08/29 21:10:12.614, 14785 MiB, 100 %
2026/08/29 21:10:14.615, 14785 MiB, 100 %
2026/08/29 21:10:16.615, 14785 MiB, 76 %
2026/08/29 21:10:18.615, 14785 MiB, 100 %
2026/08/29 21:10:20.616, 14785 MiB, 78 %
2026/08/29 21:10:22.616, 14785 MiB, 100 %
2026/08/29 21:10:24.616, 14785 MiB, 100 %
2026/08/29 21:10:26.617, 14785 MiB, 66 %
2026/08/29 21:10:28.617, 14785 MiB, 100 %
2026/08/29 21:10:30.617, 14785 MiB, 98 %
2026/08/29 21:10:32.618, 14785 MiB, 100 %
2026/08/29 21:10:34.618, 14785 MiB, 100 %
2026/08/29 21:10:36.618, 14785 MiB, 61 %
2026/08/29 21:10:38.619, 14785 MiB, 100 %
2026/08/29 21:10:40.619, 14785 MiB, 100 %
2026/08/29 21:10:42.619, 14785 MiB, 76 %
2026/08/29 21:10:44.619, 14785 MiB, 100 %
2026/08/29 21:10:46.620, 14785 MiB, 84 %
2026/08/29 21:10:48.620, 14785 MiB, 100 %
2026/08/29 21:10:50.620, 14785 MiB, 100 %
2026/08/29 21:10:52.620, 14785 MiB, 69 %
2026/08/29 21:10:54.621, 14785 MiB, 100 %
2026/08/29 21:10:56.621, 14785 MiB, 100 %
2026/08/29 21:10:58.621, 14785 MiB, 72 %
2026/08/29 21:11:00.622, 14785 MiB, 100 %
2026/08/29 21:11:02.622, 14785 MiB, 88 %
2026/08/29 21:11:04.622, 14785 MiB, 99 %
2026/08/29 21:11:06.623, 14785 MiB, 100 %
2026/08/29 21:11:08.623, 14785 MiB, 67 %
2026/08/29 21:11:10.623, 14785 MiB, 100 %
2026/08/29 21:11:12.624, 14785 MiB, 100 %
2026/08/29 21:11:14.624, 14785 MiB, 80 %
2026/08/29 21:11:16.624, 14785 MiB, 100 %
2026/08/29 21:11:18.625, 14785 MiB, 85 %
2026/08/29 21:11:20.625, 14785 MiB, 100 %
2026/08/29 21:11:22.625, 14785 MiB, 100 %
2026/08/29 21:11:24.625, 14785 MiB, 69 %
2026/08/29 21:11:26.626, 14785 MiB, 100 %
2026/08/29 21:11:28.626, 14785 MiB, 100 %
2026/08/29 21:11:30.627, 14785 MiB, 74 %
2026/08/29 21:11:32.627, 14785 MiB, 100 %
2026/08/29 21:11:34.627, 14785 MiB, 72 %
2026/08/29 21:11:36.627, 14785 MiB, 100 %
2026/08/29 21:11:38.628, 14785 MiB, 100 %
2026/08/29 21:11:40.628, 14785 MiB, 65 %
2026/08/29 21:11:42.628, 14785 MiB, 100 %
2026/08/29 21:11:44.629, 14785 MiB, 100 %
2026/08/29 21:11:46.629, 14785 MiB, 81 %
2026/08/29 21:11:48.629, 14785 MiB, 100 %
2026/08/29 21:11:50.630, 14785 MiB, 87 %
2026/08/29 21:11:52.630, 14785 MiB, 100 %
2026/08/29 21:11:54.630, 14785 MiB, 100 %
2026/08/29 21:11:56.631, 14785 MiB, 66 %
2026/08/29 21:11:58.631, 14785 MiB, 100 %
2026/08/29 21:12:00.631, 14785 MiB, 100 %
2026/08/29 21:12:02.632, 14785 MiB, 85 %
2026/08/29 21:12:04.632, 14785 MiB, 100 %
2026/08/29 21:12:06.632, 14785 MiB, 88 %
2026/08/29 21:12:08.633, 14785 MiB, 96 %
2026/08/29 21:12:10.633, 14785 MiB, 100 %
2026/08/29 21:12:12.633, 14785 MiB, 67 %
2026/08/29 21:12:14.634, 14785 MiB, 100 %
2026/08/29 21:12:16.634, 14785 MiB, 100 %
2026/08/29 21:12:18.634, 14785 MiB, 73 %
2026/08/29 21:12:20.635, 14785 MiB, 100 %
2026/08/29 21:12:22.635, 14785 MiB, 71 %
2026/08/29 21:12:24.635, 14785 MiB, 100 %
2026/08/29 21:12:26.642, 14785 MiB, 100 %
2026/08/29 21:12:28.642, 14785 MiB, 74 %
2026/08/29 21:12:30.642, 14785 MiB, 100 %
2026/08/29 21:12:32.643, 14785 MiB, 77 %
2026/08/29 21:12:34.643, 14785 MiB, 100 %
2026/08/29 21:12:36.643, 14785 MiB, 100 %
2026/08/29 21:12:38.644, 14785 MiB, 68 %
2026/08/29 21:12:40.644, 14785 MiB, 100 %
2026/08/29 21:12:42.644, 14785 MiB, 100 %
2026/08/29 21:12:44.644, 14785 MiB, 73 %
2026/08/29 21:12:46.645, 14785 MiB, 100 %
2026/08/29 21:12:48.645, 14785 MiB, 99 %
2026/08/29 21:12:50.645, 14785 MiB, 90 %
2026/08/29 21:12:52.646, 14785 MiB, 100 %
2026/08/29 21:12:54.646, 14785 MiB, 67 %
2026/08/29 21:12:56.646, 14785 MiB, 100 %
2026/08/29 21:12:58.646, 14785 MiB, 100 %
2026/08/29 21:13:00.647, 14785 MiB, 76 %
2026/08/29 21:13:02.647, 14785 MiB, 100 %
2026/08/29 21:13:04.647, 14785 MiB, 77 %
2026/08/29 21:13:06.648, 14785 MiB, 100 %
2026/08/29 21:13:08.648, 14785 MiB, 100 %
2026/08/29 21:13:10.648, 14785 MiB, 68 %
2026/08/29 21:13:12.649, 14785 MiB, 100 %
2026/08/29 21:13:14.649, 14785 MiB, 100 %
2026/08/29 21:13:16.649, 14785 MiB, 80 %
2026/08/29 21:13:18.650, 14785 MiB, 100 %
2026/08/29 21:13:20.650, 14785 MiB, 84 %
2026/08/29 21:13:22.650, 14785 MiB, 100 %
2026/08/29 21:13:24.650, 14785 MiB, 100 %
2026/08/29 21:13:26.651, 14785 MiB, 66 %
2026/08/29 21:13:28.651, 14785 MiB, 100 %
2026/08/29 21:13:30.651, 14785 MiB, 95 %
2026/08/29 21:13:32.652, 14785 MiB, 97 %
2026/08/29 21:13:34.652, 14785 MiB, 100 %
2026/08/29 21:13:36.652, 14785 MiB, 63 %
2026/08/29 21:13:38.653, 14785 MiB, 100 %
2026/08/29 21:13:40.653, 14785 MiB, 100 %
2026/08/29 21:13:42.653, 14785 MiB, 92 %
2026/08/29 21:13:44.654, 14785 MiB, 98 %
2026/08/29 21:13:46.654, 14785 MiB, 100 %
2026/08/29 21:13:48.654, 14785 MiB, 68 %
2026/08/29 21:13:50.655, 14785 MiB, 100 %
2026/08/29 21:13:52.655, 14785 MiB, 100 %
2026/08/29 21:13:54.655, 14785 MiB, 66 %
2026/08/29 21:13:56.655, 14785 MiB, 100 %
2026/08/29 21:13:58.656, 14785 MiB, 100 %
2026/08/29 21:14:00.656, 14785 MiB, 84 %
2026/08/29 21:14:02.656, 14785 MiB, 100 %
2026/08/29 21:14:04.657, 14785 MiB, 66 %
2026/08/29 21:14:06.657, 14785 MiB, 100 %
2026/08/29 21:14:08.657, 14785 MiB, 100 %
2026/08/29 21:14:10.658, 14785 MiB, 68 %
2026/08/29 21:14:12.658, 14785 MiB, 100 %
2026/08/29 21:14:14.658, 14785 MiB, 80 %
2026/08/29 21:14:16.658, 14785 MiB, 100 %
2026/08/29 21:14:18.659, 14785 MiB, 100 %
2026/08/29 21:14:20.659, 14785 MiB, 67 %
2026/08/29 21:14:22.659, 14785 MiB, 100 %
2026/08/29 21:14:24.660, 14785 MiB, 79 %
2026/08/29 21:14:26.660, 14785 MiB, 100 %
2026/08/29 21:14:28.660, 14785 MiB, 100 %
2026/08/29 21:14:30.661, 14785 MiB, 66 %
2026/08/29 21:14:32.661, 14785 MiB, 100 %
2026/08/29 21:14:34.661, 14785 MiB, 95 %
2026/08/29 21:14:36.661, 14785 MiB, 100 %
2026/08/29 21:14:38.662, 14785 MiB, 100 %
2026/08/29 21:14:40.662, 14785 MiB, 69 %
2026/08/29 21:14:42.663, 14785 MiB, 100 %
2026/08/29 21:14:44.663, 14785 MiB, 100 %
2026/08/29 21:14:46.663, 14785 MiB, 75 %
2026/08/29 21:14:48.664, 14785 MiB, 100 %
2026/08/29 21:14:50.664, 14785 MiB, 87 %
2026/08/29 21:14:52.665, 14785 MiB, 100 %
2026/08/29 21:14:54.665, 14785 MiB, 100 %
2026/08/29 21:14:56.665, 14785 MiB, 67 %
2026/08/29 21:14:58.665, 14785 MiB, 100 %
2026/08/29 21:15:00.666, 14785 MiB, 100 %
2026/08/29 21:15:02.666, 14785 MiB, 92 %
2026/08/29 21:15:04.666, 14785 MiB, 100 %
2026/08/29 21:15:06.667, 14785 MiB, 68 %
2026/08/29 21:15:08.667, 14785 MiB, 100 %
2026/08/29 21:15:10.667, 14785 MiB, 100 %
2026/08/29 21:15:12.668, 14785 MiB, 67 %
2026/08/29 21:15:14.668, 14785 MiB, 100 %
2026/08/29 21:15:16.668, 14785 MiB, 100 %
2026/08/29 21:15:18.669, 14785 MiB, 79 %
2026/08/29 21:15:20.669, 14785 MiB, 100 %
2026/08/29 21:15:22.669, 14785 MiB, 77 %
2026/08/29 21:15:24.669, 14785 MiB, 100 %
2026/08/29 21:15:26.670, 14785 MiB, 100 %
2026/08/29 21:15:28.670, 14785 MiB, 69 %
2026/08/29 21:15:30.671, 14785 MiB, 100 %
2026/08/29 21:15:32.671, 14785 MiB, 94 %
2026/08/29 21:15:34.671, 14785 MiB, 100 %
2026/08/29 21:15:36.671, 14785 MiB, 100 %
2026/08/29 21:15:38.672, 14785 MiB, 64 %
2026/08/29 21:15:40.672, 14785 MiB, 100 %
2026/08/29 21:15:42.672, 14785 MiB, 100 %
2026/08/29 21:15:44.673, 14785 MiB, 100 %
2026/08/29 21:15:46.673, 14785 MiB, 100 %
2026/08/29 21:15:48.673, 14785 MiB, 60 %
2026/08/29 21:15:50.673, 14785 MiB, 100 %
2026/08/29 21:15:52.674, 14785 MiB, 100 %
2026/08/29 21:15:54.674, 14785 MiB, 88 %
2026/08/29 21:15:56.674, 14785 MiB, 100 %
2026/08/29 21:15:58.675, 14785 MiB, 67 %
2026/08/29 21:16:00.675, 14785 MiB, 100 %
2026/08/29 21:16:02.675, 14785 MiB, 100 %
2026/08/29 21:16:04.676, 14785 MiB, 90 %
2026/08/29 21:16:06.676, 14785 MiB, 100 %
2026/08/29 21:16:08.676, 14785 MiB, 67 %
2026/08/29 21:16:10.676, 14785 MiB, 100 %
2026/08/29 21:16:12.677, 14785 MiB, 100 %
2026/08/29 21:16:14.677, 14785 MiB, 90 %
2026/08/29 21:16:16.677, 14785 MiB, 100 %
2026/08/29 21:16:18.678, 14785 MiB, 68 %
2026/08/29 21:16:20.678, 14785 MiB, 100 %
2026/08/29 21:16:22.678, 14785 MiB, 100 %
2026/08/29 21:16:24.679, 14785 MiB, 76 %
2026/08/29 21:16:26.679, 14785 MiB, 100 %
2026/08/29 21:16:28.679, 14785 MiB, 75 %
2026/08/29 21:16:30.680, 14785 MiB, 100 %
2026/08/29 21:16:32.680, 14785 MiB, 100 %
2026/08/29 21:16:34.680, 14785 MiB, 68 %
2026/08/29 21:16:36.680, 14785 MiB, 100 %
2026/08/29 21:16:38.681, 14785 MiB, 86 %
2026/08/29 21:16:40.681, 14785 MiB, 100 %
2026/08/29 21:16:42.681, 14785 MiB, 100 %
2026/08/29 21:16:44.682, 14785 MiB, 69 %
2026/08/29 21:16:46.682, 14785 MiB, 100 %
2026/08/29 21:16:48.682, 14785 MiB, 100 %
2026/08/29 21:16:50.683, 14785 MiB, 76 %
2026/08/29 21:16:52.683, 14785 MiB, 100 %
2026/08/29 21:16:54.683, 14785 MiB, 83 %
2026/08/29 21:16:56.683, 14785 MiB, 100 %
2026/08/29 21:16:58.684, 14785 MiB, 100 %
2026/08/29 21:17:00.684, 14785 MiB, 67 %
2026/08/29 21:17:02.684, 14785 MiB, 100 %
2026/08/29 21:17:04.685, 14785 MiB, 100 %
2026/08/29 21:17:06.685, 14785 MiB, 89 %
2026/08/29 21:17:08.685, 14785 MiB, 100 %
2026/08/29 21:17:10.686, 14785 MiB, 67 %
2026/08/29 21:17:12.686, 14785 MiB, 100 %
2026/08/29 21:17:14.686, 14785 MiB, 100 %
2026/08/29 21:17:16.687, 14785 MiB, 70 %
2026/08/29 21:17:18.687, 14785 MiB, 100 %
2026/08/29 21:17:20.687, 14785 MiB, 78 %
2026/08/29 21:17:22.687, 14785 MiB, 100 %
2026/08/29 21:17:24.688, 14785 MiB, 100 %
2026/08/29 21:17:26.688, 14785 MiB, 68 %
2026/08/29 21:17:28.688, 14785 MiB, 100 %
2026/08/29 21:17:30.689, 14785 MiB, 94 %
2026/08/29 21:17:32.689, 14785 MiB, 95 %
2026/08/29 21:17:34.689, 14785 MiB, 100 %
2026/08/29 21:17:36.690, 14785 MiB, 66 %
2026/08/29 21:17:38.690, 14785 MiB, 100 %
2026/08/29 21:17:40.690, 14785 MiB, 100 %
2026/08/29 21:17:42.691, 14785 MiB, 73 %
2026/08/29 21:17:44.691, 14785 MiB, 100 %
2026/08/29 21:17:46.691, 14785 MiB, 92 %
2026/08/29 21:17:48.691, 14785 MiB, 100 %
2026/08/29 21:17:50.692, 14785 MiB, 100 %
2026/08/29 21:17:52.692, 14785 MiB, 65 %
2026/08/29 21:17:54.692, 14785 MiB, 100 %
2026/08/29 21:17:56.693, 14785 MiB, 100 %
2026/08/29 21:17:58.693, 14785 MiB, 69 %
2026/08/29 21:18:00.693, 14785 MiB, 100 %
2026/08/29 21:18:02.694, 14785 MiB, 92 %
2026/08/29 21:18:04.694, 14785 MiB, 100 %
2026/08/29 21:18:06.694, 14785 MiB, 100 %
2026/08/29 21:18:08.695, 14785 MiB, 68 %
2026/08/29 21:18:10.695, 14785 MiB, 100 %
2026/08/29 21:18:12.695, 14785 MiB, 100 %
2026/08/29 21:18:14.696, 14785 MiB, 69 %
2026/08/29 21:18:16.696, 14785 MiB, 91 %
2026/08/29 21:18:18.696, 14785 MiB, 100 %
2026/08/29 21:18:20.697, 14785 MiB, 70 %
2026/08/29 21:18:22.697, 14785 MiB, 100 %
2026/08/29 21:18:24.697, 14785 MiB, 100 %
2026/08/29 21:18:26.697, 14785 MiB, 69 %
2026/08/29 21:18:28.698, 14785 MiB, 100 %
2026/08/29 21:18:30.698, 14785 MiB, 94 %
2026/08/29 21:18:32.698, 14785 MiB, 100 %
2026/08/29 21:18:34.699, 14785 MiB, 100 %
2026/08/29 21:18:36.699, 14785 MiB, 62 %
2026/08/29 21:18:38.699, 14785 MiB, 100 %
2026/08/29 21:18:40.700, 14785 MiB, 99 %
2026/08/29 21:18:42.700, 14785 MiB, 89 %
2026/08/29 21:18:44.700, 14785 MiB, 100 %
2026/08/29 21:18:46.701, 14785 MiB, 75 %
2026/08/29 21:18:48.701, 14785 MiB, 100 %
2026/08/29 21:18:50.701, 14785 MiB, 100 %
2026/08/29 21:18:52.702, 14785 MiB, 68 %
2026/08/29 21:18:54.702, 14785 MiB, 100 %
2026/08/29 21:18:56.702, 14785 MiB, 100 %
2026/08/29 21:18:58.703, 14785 MiB, 93 %
2026/08/29 21:19:00.703, 14785 MiB, 100 %
2026/08/29 21:19:02.703, 14785 MiB, 70 %
2026/08/29 21:19:04.704, 14785 MiB, 100 %
2026/08/29 21:19:06.704, 14785 MiB, 100 %
2026/08/29 21:19:08.704, 14785 MiB, 62 %
2026/08/29 21:19:10.704, 14785 MiB, 100 %
2026/08/29 21:19:12.705, 14785 MiB, 92 %
2026/08/29 21:19:14.705, 14785 MiB, 100 %
2026/08/29 21:19:16.705, 14785 MiB, 100 %
2026/08/29 21:19:18.706, 14785 MiB, 69 %
2026/08/29 21:19:20.706, 14785 MiB, 100 %
2026/08/29 21:19:22.706, 14785 MiB, 100 %
2026/08/29 21:19:24.707, 14785 MiB, 73 %
2026/08/29 21:19:26.707, 14785 MiB, 100 %
2026/08/29 21:19:28.707, 14785 MiB, 75 %
2026/08/29 21:19:30.708, 14785 MiB, 100 %
2026/08/29 21:19:32.708, 14785 MiB, 100 %
2026/08/29 21:19:34.708, 14785 MiB, 70 %
2026/08/29 21:19:36.708, 14785 MiB, 100 %
2026/08/29 21:19:38.709, 14785 MiB, 100 %
2026/08/29 21:19:40.709, 14785 MiB, 92 %
2026/08/29 21:19:42.709, 14785 MiB, 100 %
2026/08/29 21:19:44.710, 14785 MiB, 77 %
2026/08/29 21:19:46.710, 14785 MiB, 100 %
2026/08/29 21:19:48.710, 14785 MiB, 100 %
2026/08/29 21:19:50.710, 14785 MiB, 66 %
2026/08/29 21:19:52.711, 14785 MiB, 100 %
2026/08/29 21:19:54.711, 14785 MiB, 88 %
2026/08/29 21:19:56.711, 14785 MiB, 100 %
2026/08/29 21:19:58.712, 14785 MiB, 100 %
2026/08/29 21:20:00.712, 14785 MiB, 60 %
2026/08/29 21:20:02.712, 14785 MiB, 100 %
2026/08/29 21:20:04.713, 14785 MiB, 89 %
2026/08/29 21:20:06.713, 14785 MiB, 100 %
2026/08/29 21:20:08.713, 14785 MiB, 100 %
2026/08/29 21:20:10.713, 14785 MiB, 69 %
2026/08/29 21:20:12.714, 14785 MiB, 100 %
2026/08/29 21:20:14.714, 14785 MiB, 100 %
2026/08/29 21:20:16.714, 14785 MiB, 70 %
2026/08/29 21:20:18.715, 14785 MiB, 100 %
2026/08/29 21:20:20.715, 14785 MiB, 88 %
2026/08/29 21:20:22.715, 14785 MiB, 100 %
2026/08/29 21:20:24.716, 14785 MiB, 100 %
2026/08/29 21:20:26.716, 14785 MiB, 67 %
2026/08/29 21:20:28.716, 14785 MiB, 100 %
2026/08/29 21:20:30.717, 14785 MiB, 100 %
2026/08/29 21:20:32.717, 14785 MiB, 87 %
2026/08/29 21:20:34.717, 14785 MiB, 100 %
2026/08/29 21:20:36.717, 14785 MiB, 69 %
2026/08/29 21:20:38.718, 14785 MiB, 100 %
2026/08/29 21:20:40.718, 14785 MiB, 100 %
2026/08/29 21:20:42.718, 14785 MiB, 68 %
2026/08/29 21:20:44.719, 14785 MiB, 100 %
2026/08/29 21:20:46.719, 14785 MiB, 78 %
2026/08/29 21:20:48.719, 14785 MiB, 100 %
2026/08/29 21:20:50.720, 14785 MiB, 100 %
2026/08/29 21:20:52.720, 14785 MiB, 67 %
2026/08/29 21:20:54.720, 14785 MiB, 100 %
2026/08/29 21:20:56.720, 14785 MiB, 100 %
2026/08/29 21:20:58.721, 14785 MiB, 90 %
2026/08/29 21:21:00.721, 14785 MiB, 100 %
2026/08/29 21:21:02.721, 14785 MiB, 62 %
2026/08/29 21:21:04.722, 14785 MiB, 100 %
2026/08/29 21:21:06.722, 14785 MiB, 99 %
2026/08/29 21:21:08.722, 14785 MiB, 93 %
2026/08/29 21:21:10.723, 14785 MiB, 100 %
2026/08/29 21:21:12.723, 14785 MiB, 68 %
2026/08/29 21:21:14.723, 14785 MiB, 100 %
2026/08/29 21:21:16.724, 14785 MiB, 100 %
2026/08/29 21:21:18.724, 14785 MiB, 96 %
2026/08/29 21:21:20.724, 14785 MiB, 100 %
2026/08/29 21:21:22.724, 14785 MiB, 66 %
2026/08/29 21:21:24.725, 14785 MiB, 100 %
2026/08/29 21:21:26.725, 14785 MiB, 100 %
2026/08/29 21:21:28.725, 14785 MiB, 89 %
2026/08/29 21:21:30.726, 14785 MiB, 100 %
2026/08/29 21:21:32.726, 14785 MiB, 68 %
2026/08/29 21:21:34.726, 14785 MiB, 100 %
2026/08/29 21:21:36.727, 14785 MiB, 100 %
2026/08/29 21:21:38.727, 14785 MiB, 81 %
2026/08/29 21:21:40.727, 14785 MiB, 100 %
2026/08/29 21:21:42.727, 14785 MiB, 89 %
2026/08/29 21:21:44.728, 14785 MiB, 100 %
2026/08/29 21:21:46.728, 14785 MiB, 100 %
2026/08/29 21:21:48.728, 14785 MiB, 69 %
2026/08/29 21:21:50.729, 14785 MiB, 100 %
2026/08/29 21:21:52.729, 14785 MiB, 100 %
2026/08/29 21:21:54.729, 14785 MiB, 73 %
2026/08/29 21:21:56.730, 14785 MiB, 100 %
2026/08/29 21:21:58.730, 14785 MiB, 85 %
2026/08/29 21:22:00.730, 14785 MiB, 100 %
2026/08/29 21:22:02.731, 14785 MiB, 100 %
2026/08/29 21:22:04.731, 14785 MiB, 66 %
2026/08/29 21:22:06.731, 14785 MiB, 100 %
2026/08/29 21:22:08.732, 14785 MiB, 100 %
2026/08/29 21:22:10.732, 14785 MiB, 70 %
2026/08/29 21:22:12.732, 14785 MiB, 100 %
2026/08/29 21:22:14.732, 14785 MiB, 81 %
2026/08/29 21:22:16.733, 14785 MiB, 100 %
2026/08/29 21:22:18.733, 14785 MiB, 100 %
2026/08/29 21:22:20.733, 14785 MiB, 67 %
2026/08/29 21:22:22.734, 14785 MiB, 100 %
2026/08/29 21:22:24.734, 14785 MiB, 100 %
2026/08/29 21:22:26.734, 14785 MiB, 77 %
2026/08/29 21:22:28.734, 14785 MiB, 100 %
2026/08/29 21:22:30.735, 14785 MiB, 66 %
2026/08/29 21:22:32.735, 14785 MiB, 100 %
2026/08/29 21:22:34.735, 14785 MiB, 100 %
2026/08/29 21:22:36.736, 14785 MiB, 82 %
2026/08/29 21:22:38.736, 14785 MiB, 100 %
2026/08/29 21:22:40.736, 14785 MiB, 69 %
2026/08/29 21:22:42.737, 14785 MiB, 100 %
2026/08/29 21:22:44.737, 14785 MiB, 100 %
2026/08/29 21:22:46.737, 14785 MiB, 64 %
2026/08/29 21:22:48.738, 14785 MiB, 100 %
2026/08/29 21:22:50.738, 14785 MiB, 100 %
2026/08/29 21:22:52.738, 14785 MiB, 69 %
2026/08/29 21:22:54.738, 14785 MiB, 100 %
2026/08/29 21:22:56.739, 14785 MiB, 100 %
2026/08/29 21:22:58.739, 14785 MiB, 69 %
2026/08/29 21:23:00.739, 14785 MiB, 100 %
2026/08/29 21:23:02.740, 14785 MiB, 81 %
2026/08/29 21:23:04.740, 14785 MiB, 100 %
2026/08/29 21:23:06.740, 14785 MiB, 100 %
2026/08/29 21:23:08.740, 14785 MiB, 68 %
2026/08/29 21:23:10.741, 14785 MiB, 100 %
2026/08/29 21:23:12.741, 14785 MiB, 100 %
2026/08/29 21:23:14.741, 14785 MiB, 88 %
2026/08/29 21:23:16.742, 14785 MiB, 100 %
2026/08/29 21:23:18.742, 14785 MiB, 60 %
2026/08/29 21:23:20.742, 14785 MiB, 100 %
2026/08/29 21:23:22.743, 14785 MiB, 100 %
2026/08/29 21:23:24.743, 14785 MiB, 90 %
2026/08/29 21:23:26.743, 14785 MiB, 100 %
2026/08/29 21:23:28.744, 14785 MiB, 57 %
2026/08/29 21:23:30.744, 14785 MiB, 100 %
2026/08/29 21:23:32.744, 14785 MiB, 100 %
2026/08/29 21:23:34.745, 14785 MiB, 96 %
2026/08/29 21:23:36.745, 14785 MiB, 100 %
2026/08/29 21:23:38.745, 14785 MiB, 66 %
2026/08/29 21:23:40.746, 14785 MiB, 100 %
2026/08/29 21:23:42.746, 14785 MiB, 100 %
2026/08/29 21:23:44.746, 14785 MiB, 72 %
2026/08/29 21:23:46.747, 14785 MiB, 100 %
2026/08/29 21:23:48.747, 14785 MiB, 89 %
2026/08/29 21:23:50.747, 14785 MiB, 100 %
2026/08/29 21:23:52.748, 14785 MiB, 100 %
2026/08/29 21:23:54.748, 14785 MiB, 65 %
2026/08/29 21:23:56.748, 14785 MiB, 100 %
2026/08/29 21:23:58.749, 14785 MiB, 100 %
2026/08/29 21:24:00.749, 14785 MiB, 87 %
2026/08/29 21:24:02.749, 14785 MiB, 100 %
2026/08/29 21:24:04.750, 14785 MiB, 67 %
2026/08/29 21:24:06.750, 14785 MiB, 100 %
2026/08/29 21:24:08.750, 14785 MiB, 94 %
2026/08/29 21:24:10.751, 14785 MiB, 100 %
2026/08/29 21:24:12.751, 14785 MiB, 100 %
2026/08/29 21:24:14.751, 14785 MiB, 63 %
2026/08/29 21:24:16.752, 14785 MiB, 100 %
2026/08/29 21:24:18.752, 14785 MiB, 100 %
2026/08/29 21:24:20.752, 14785 MiB, 84 %
2026/08/29 21:24:22.753, 14785 MiB, 100 %
2026/08/29 21:24:24.753, 14785 MiB, 78 %
2026/08/29 21:24:26.753, 14785 MiB, 100 %
2026/08/29 21:24:28.753, 14785 MiB, 100 %
2026/08/29 21:24:30.754, 14785 MiB, 67 %
2026/08/29 21:24:32.754, 14785 MiB, 100 %
2026/08/29 21:24:34.754, 14785 MiB, 100 %
2026/08/29 21:24:36.755, 14785 MiB, 87 %
2026/08/29 21:24:38.755, 14785 MiB, 100 %
2026/08/29 21:24:40.755, 14785 MiB, 78 %
2026/08/29 21:24:42.756, 14785 MiB, 100 %
2026/08/29 21:24:44.756, 14785 MiB, 100 %
2026/08/29 21:24:46.756, 14785 MiB, 68 %
2026/08/29 21:24:48.757, 14785 MiB, 100 %
2026/08/29 21:24:50.757, 14785 MiB, 100 %
2026/08/29 21:24:52.757, 14785 MiB, 80 %
2026/08/29 21:24:54.757, 14785 MiB, 100 %
2026/08/29 21:24:56.758, 14785 MiB, 65 %
2026/08/29 21:24:58.758, 14785 MiB, 100 %
2026/08/29 21:25:00.758, 14785 MiB, 100 %
2026/08/29 21:25:02.759, 14785 MiB, 78 %
2026/08/29 21:25:04.759, 14785 MiB, 100 %
2026/08/29 21:25:06.759, 14785 MiB, 70 %
2026/08/29 21:25:08.760, 14785 MiB, 100 %
2026/08/29 21:25:10.760, 14785 MiB, 100 %
2026/08/29 21:25:12.760, 14785 MiB, 65 %
2026/08/29 21:25:14.761, 14785 MiB, 100 %
2026/08/29 21:25:16.761, 14785 MiB, 100 %
2026/08/29 21:25:18.761, 14785 MiB, 98 %
2026/08/29 21:25:20.762, 14785 MiB, 100 %
2026/08/29 21:25:22.762, 14785 MiB, 69 %
2026/08/29 21:25:24.762, 14785 MiB, 100 %
2026/08/29 21:25:26.763, 14785 MiB, 100 %
2026/08/29 21:25:28.763, 14785 MiB, 68 %
2026/08/29 21:25:30.763, 14785 MiB, 100 %
2026/08/29 21:25:32.763, 14785 MiB, 85 %
2026/08/29 21:25:34.764, 14785 MiB, 100 %
2026/08/29 21:25:36.764, 14785 MiB, 100 %
2026/08/29 21:25:38.764, 14785 MiB, 61 %
2026/08/29 21:25:40.765, 14785 MiB, 100 %
2026/08/29 21:25:42.765, 14785 MiB, 88 %
2026/08/29 21:25:44.765, 14785 MiB, 100 %
2026/08/29 21:25:46.766, 14785 MiB, 100 %
2026/08/29 21:25:48.766, 14785 MiB, 65 %
2026/08/29 21:25:50.766, 14785 MiB, 100 %
2026/08/29 21:25:52.767, 14785 MiB, 100 %
2026/08/29 21:25:54.767, 14785 MiB, 86 %
2026/08/29 21:25:56.767, 14785 MiB, 100 %
2026/08/29 21:25:58.768, 14785 MiB, 68 %
2026/08/29 21:26:00.768, 14785 MiB, 100 %
2026/08/29 21:26:02.768, 14785 MiB, 100 %
2026/08/29 21:26:04.769, 14785 MiB, 64 %
2026/08/29 21:26:06.769, 14785 MiB, 100 %
2026/08/29 21:26:08.769, 14785 MiB, 99 %
2026/08/29 21:26:10.770, 14785 MiB, 96 %
2026/08/29 21:26:12.770, 14785 MiB, 100 %
2026/08/29 21:26:14.770, 14785 MiB, 69 %
2026/08/29 21:26:16.771, 14785 MiB, 100 %
2026/08/29 21:26:18.771, 14785 MiB, 100 %
2026/08/29 21:26:20.771, 14785 MiB, 85 %
2026/08/29 21:26:22.771, 14785 MiB, 100 %
2026/08/29 21:26:24.772, 14785 MiB, 68 %
2026/08/29 21:26:26.772, 14785 MiB, 100 %
2026/08/29 21:26:28.772, 14785 MiB, 100 %
2026/08/29 21:26:30.773, 14785 MiB, 66 %
2026/08/29 21:26:32.773, 14785 MiB, 100 %
2026/08/29 21:26:34.773, 14785 MiB, 86 %
2026/08/29 21:26:36.774, 14785 MiB, 100 %
2026/08/29 21:26:38.774, 14785 MiB, 100 %
2026/08/29 21:26:40.774, 14785 MiB, 62 %
2026/08/29 21:26:42.775, 14785 MiB, 100 %
2026/08/29 21:26:44.775, 14785 MiB, 91 %
2026/08/29 21:26:46.775, 14785 MiB, 100 %
2026/08/29 21:26:48.775, 14785 MiB, 100 %
2026/08/29 21:26:50.776, 14785 MiB, 68 %
2026/08/29 21:26:52.776, 14785 MiB, 100 %
2026/08/29 21:26:54.776, 14785 MiB, 100 %
2026/08/29 21:26:56.777, 14785 MiB, 75 %
2026/08/29 21:26:58.777, 14785 MiB, 100 %
2026/08/29 21:27:00.777, 14785 MiB, 68 %
2026/08/29 21:27:02.778, 14785 MiB, 100 %
2026/08/29 21:27:04.778, 14785 MiB, 100 %
2026/08/29 21:27:06.778, 14785 MiB, 67 %
2026/08/29 21:27:08.779, 14785 MiB, 100 %
2026/08/29 21:27:10.779, 14785 MiB, 100 %
2026/08/29 21:27:12.779, 14785 MiB, 80 %
2026/08/29 21:27:14.780, 14785 MiB, 100 %
2026/08/29 21:27:16.780, 14785 MiB, 70 %
2026/08/29 21:27:18.780, 14785 MiB, 100 %
2026/08/29 21:27:20.781, 14785 MiB, 100 %
2026/08/29 21:27:22.781, 14785 MiB, 67 %
2026/08/29 21:27:24.781, 14785 MiB, 100 %
2026/08/29 21:27:26.781, 14785 MiB, 100 %
2026/08/29 21:27:28.782, 14785 MiB, 81 %
2026/08/29 21:27:30.782, 14785 MiB, 100 %
2026/08/29 21:27:32.782, 14785 MiB, 100 %
2026/08/29 21:27:34.783, 14785 MiB, 63 %
2026/08/29 21:27:36.783, 14785 MiB, 100 %
2026/08/29 21:27:38.783, 14785 MiB, 100 %
2026/08/29 21:27:40.784, 14785 MiB, 89 %
2026/08/29 21:27:42.784, 14785 MiB, 100 %
2026/08/29 21:27:44.784, 14785 MiB, 68 %
2026/08/29 21:27:46.784, 14785 MiB, 100 %
2026/08/29 21:27:48.785, 14785 MiB, 100 %
2026/08/29 21:27:50.785, 14785 MiB, 82 %
2026/08/29 21:27:52.785, 14785 MiB, 100 %
2026/08/29 21:27:54.786, 14785 MiB, 67 %
2026/08/29 21:27:56.786, 14785 MiB, 100 %
2026/08/29 21:27:58.786, 14785 MiB, 100 %
2026/08/29 21:28:00.787, 14785 MiB, 70 %
2026/08/29 21:28:02.787, 14785 MiB, 100 %
2026/08/29 21:28:04.787, 14785 MiB, 83 %
2026/08/29 21:28:06.788, 14785 MiB, 100 %
2026/08/29 21:28:08.788, 14785 MiB, 100 %
2026/08/29 21:28:10.788, 14785 MiB, 68 %
2026/08/29 21:28:12.788, 14785 MiB, 100 %
2026/08/29 21:28:14.789, 14785 MiB, 98 %
2026/08/29 21:28:16.789, 14785 MiB, 92 %
2026/08/29 21:28:18.789, 14785 MiB, 100 %
2026/08/29 21:28:20.790, 0 MiB, 0 %
2026/08/29 21:28:22.790, 0 MiB, 0 %
2026/08/29 21:28:24.790, 0 MiB, 0 %
2026/08/29 21:28:26.790, 0 MiB, 0 %
2026/08/29 21:28:28.791, 0 MiB, 0 %
2026/08/29 21:28:30.791, 0 MiB, 0 %
2026/08/29 21:28:32.791, 0 MiB, 0 %
2026/08/29 21:28:34.792, 0 MiB, 0 %
2026/08/29 21:28:36.792, 0 MiB, 0 %
2026/08/29 21:28:38.792, 0 MiB, 0 %
2026/08/29 21:28:40.792, 0 MiB, 0 %
2026/08/29 21:28:42.793, 0 MiB, 0 %
2026/08/29 21:28:44.793, 0 MiB, 0 %
2026/08/29 21:28:46.793, 0 MiB, 0 %
2026/08/29 21:28:48.793, 0 MiB, 0 %
2026/08/29 21:28:50.794, 0 MiB, 0 %
2026/08/29 21:28:52.794, 0 MiB, 0 %
2026/08/29 21:28:54.794, 0 MiB, 0 %
2026/08/29 21:28:56.795, 0 MiB, 0 %
2026/08/29 21:28:58.795, 0 MiB, 0 %
2026/08/29 21:29:00.795, 0 MiB, 0 %
2026/08/29 21:29:02.796, 0 MiB, 0 %
2026/08/29 21:29:04.796, 0 MiB, 0 %
2026/08/29 21:29:06.796, 0 MiB, 0 %
2026/08/29 21:29:08.797, 0 MiB, 0 %
2026/08/29 21:29:10.797, 0 MiB, 0 %
2026/08/29 21:29:12.797, 0 MiB, 0 %
2026/08/29 21:29:14.798, 0 MiB, 0 %
2026/08/29 21:29:16.798, 0 MiB, 0 %
2026/08/29 21:29:18.798, 0 MiB, 0 %
2026/08/29 21:29:20.798, 0 MiB, 0 %
2026/08/29 21:29:22.799, 0 MiB, 0 %
2026/08/29 21:29:24.799, 0 MiB, 0 %
2026/08/29 21:29:26.799, 0 MiB, 0 %
2026/08/29 21:29:28.800, 0 MiB, 0 %
2026/08/29 21:29:30.800, 0 MiB, 0 %
2026/08/29 21:29:32.800, 0 MiB, 0 %
2026/08/29 21:29:34.801, 0 MiB, 0 %
2026/08/29 21:29:36.801, 0 MiB, 0 %
2026/08/29 21:29:38.801, 0 MiB, 0 %
2026/08/29 21:29:40.802, 0 MiB, 0 %
2026/08/29 21:29:42.802, 0 MiB, 0 %
2026/08/29 21:29:44.802, 0 MiB, 0 %
2026/08/29 21:29:46.803, 0 MiB, 0 %
2026/08/29 21:29:48.803, 0 MiB, 0 %
2026/08/29 21:29:50.803, 0 MiB, 0 %
2026/08/29 21:29:52.804, 0 MiB, 0 %
2026/08/29 21:29:54.804, 0 MiB, 0 %
2026/08/29 21:29:56.804, 0 MiB, 0 %
2026/08/29 21:29:58.805, 0 MiB, 0 %
2026/08/29 21:30:00.805, 0 MiB, 0 %
2026/08/29 21:30:02.805, 0 MiB, 0 %
2026/08/29 21:30:04.806, 0 MiB, 0 %
2026/08/29 21:30:06.806, 0 MiB, 0 %
2026/08/29 21:30:08.806, 0 MiB, 0 %
2026/08/29 21:30:10.807, 0 MiB, 0 %
2026/08/29 21:30:12.807, 0 MiB, 0 %
2026/08/29 21:30:14.807, 0 MiB, 0 %
2026/08/29 21:30:16.808, 0 MiB, 0 %
2026/08/29 21:30:18.808, 0 MiB, 0 %
2026/08/29 21:30:20.808, 0 MiB, 0 %
2026/08/29 21:30:22.808, 0 MiB, 0 %
2026/08/29 21:30:24.809, 0 MiB, 0 %
2026/08/29 21:30:26.809, 0 MiB, 0 %
2026/08/29 21:30:28.809, 0 MiB, 0 %
2026/08/29 21:30:30.810, 0 MiB, 0 %
2026/08/29 21:30:32.810, 0 MiB, 0 %
2026/08/29 21:30:34.810, 0 MiB, 0 %
2026/08/29 21:30:36.811, 0 MiB, 0 %
2026/08/29 21:30:38.811, 0 MiB, 0 %
2026/08/29 21:30:40.811, 0 MiB, 0 %
2026/08/29 21:30:42.811, 0 MiB, 0 %
2026/08/29 21:30:44.812, 0 MiB, 0 %
2026/08/29 21:30:46.812, 0 MiB, 0 %
2026/08/29 21:30:48.812, 0 MiB, 0 %
2026/08/29 21:30:50.812, 0 MiB, 0 %
2026/08/29 21:30:52.813, 0 MiB, 0 %
2026/08/29 21:30:54.813, 0 MiB, 0 %
2026/08/29 21:30:56.813, 0 MiB, 0 %
2026/08/29 21:30:58.814, 0 MiB, 0 %
2026/08/29 21:31:00.814, 0 MiB, 0 %
2026/08/29 21:31:02.814, 0 MiB, 0 %
2026/08/29 21:31:04.815, 0 MiB, 0 %
2026/08/29 21:31:06.815, 0 MiB, 0 %
2026/08/29 21:31:08.815, 0 MiB, 0 %
2026/08/29 21:31:10.816, 0 MiB, 0 %
2026/08/29 21:31:12.816, 0 MiB, 0 %
2026/08/29 21:31:14.816, 0 MiB, 0 %
2026/08/29 21:31:16.816, 0 MiB, 0 %
2026/08/29 21:31:18.817, 0 MiB, 0 %
2026/08/29 21:31:20.817, 0 MiB, 0 %
2026/08/29 21:31:22.817, 0 MiB, 0 %
2026/08/29 21:31:24.818, 0 MiB, 0 %
2026/08/29 21:31:26.818, 0 MiB, 0 %
2026/08/29 21:31:28.818, 0 MiB, 0 %
2026/08/29 21:31:30.819, 0 MiB, 0 %
2026/08/29 21:31:32.819, 0 MiB, 0 %
2026/08/29 21:31:34.819, 0 MiB, 0 %
2026/08/29 21:31:36.820, 0 MiB, 0 %
2026/08/29 21:31:38.820, 0 MiB, 0 %
2026/08/29 21:31:40.820, 0 MiB, 0 %
2026/08/29 21:31:42.821, 0 MiB, 0 %
2026/08/29 21:31:44.821, 0 MiB, 0 %
2026/08/29 21:31:46.821, 0 MiB, 0 %
2026/08/29 21:31:48.822, 0 MiB, 0 %
2026/08/29 21:31:50.822, 0 MiB, 0 %
2026/08/29 21:31:52.822, 0 MiB, 0 %
2026/08/29 21:31:54.823, 0 MiB, 0 %
2026/08/29 21:31:56.823, 0 MiB, 0 %
2026/08/29 21:31:58.823, 0 MiB, 0 %
2026/08/29 21:32:00.824, 0 MiB, 0 %
2026/08/29 21:32:02.824, 0 MiB, 0 %
2026/08/29 21:32:04.824, 0 MiB, 0 %
2026/08/29 21:32:06.825, 0 MiB, 0 %
2026/08/29 21:32:08.825, 0 MiB, 0 %
2026/08/29 21:32:10.825, 0 MiB, 0 %
2026/08/29 21:32:12.826, 0 MiB, 0 %
2026/08/29 21:32:14.826, 0 MiB, 0 %
2026/08/29 21:32:16.826, 0 MiB, 0 %
2026/08/29 21:32:18.827, 0 MiB, 0 %
2026/08/29 21:32:20.827, 0 MiB, 0 %
2026/08/29 21:32:22.827, 0 MiB, 0 %
2026/08/29 21:32:24.827, 0 MiB, 0 %
2026/08/29 21:32:26.828, 0 MiB, 0 %
2026/08/29 21:32:28.828, 0 MiB, 0 %
2026/08/29 21:32:30.828, 0 MiB, 0 %
2026/08/29 21:32:32.829, 0 MiB, 0 %
2026/08/29 21:32:34.829, 0 MiB, 0 %
2026/08/29 21:32:36.829, 0 MiB, 0 %
2026/08/29 21:32:38.830, 0 MiB, 0 %
2026/08/29 21:32:40.830, 0 MiB, 0 %
2026/08/29 21:32:42.830, 0 MiB, 0 %
2026/08/29 21:32:44.831, 0 MiB, 0 %
2026/08/29 21:32:46.831, 0 MiB, 0 %
2026/08/29 21:32:48.831, 0 MiB, 0 %
2026/08/29 21:32:50.832, 0 MiB, 0 %
2026/08/29 21:32:52.832, 0 MiB, 0 %
2026/08/29 21:32:54.832, 0 MiB, 0 %
2026/08/29 21:32:56.832, 0 MiB, 0 %
2026/08/29 21:32:58.833, 0 MiB, 0 %
2026/08/29 21:33:00.833, 0 MiB, 0 %
2026/08/29 21:33:02.833, 0 MiB, 0 %
2026/08/29 21:33:04.834, 0 MiB, 0 %
2026/08/29 21:33:06.834, 0 MiB, 0 %
2026/08/29 21:33:08.835, 0 MiB, 0 %
2026/08/29 21:33:10.835, 0 MiB, 0 %
2026/08/29 21:33:12.835, 0 MiB, 0 %
2026/08/29 21:33:14.835, 0 MiB, 0 %
2026/08/29 21:33:16.836, 0 MiB, 0 %
2026/08/29 21:33:18.836, 0 MiB, 0 %
2026/08/29 21:33:20.836, 0 MiB, 0 %
2026/08/29 21:33:22.837, 0 MiB, 0 %
2026/08/29 21:33:24.837, 0 MiB, 0 %
2026/08/29 21:33:26.837, 0 MiB, 0 %
2026/08/29 21:33:28.838, 0 MiB, 0 %
2026/08/29 21:33:30.838, 0 MiB, 0 %
2026/08/29 21:33:32.838, 0 MiB, 0 %
2026/08/29 21:33:34.838, 0 MiB, 0 %
2026/08/29 21:33:36.839, 0 MiB, 0 %
2026/08/29 21:33:38.839, 0 MiB, 0 %
2026/08/29 21:33:40.839, 0 MiB, 0 %
2026/08/29 21:33:42.840, 0 MiB, 0 %
2026/08/29 21:33:44.840, 0 MiB, 0 %
2026/08/29 21:33:46.840, 0 MiB, 0 %
2026/08/29 21:33:48.840, 0 MiB, 0 %
2026/08/29 21:33:50.841, 0 MiB, 0 %
2026/08/29 21:33:52.841, 0 MiB, 0 %
2026/08/29 21:33:54.841, 0 MiB, 0 %
2026/08/29 21:33:56.842, 0 MiB, 0 %
2026/08/29 21:33:58.842, 0 MiB, 0 %
2026/08/29 21:34:00.842, 0 MiB, 0 %
2026/08/29 21:34:02.843, 0 MiB, 0 %
2026/08/29 21:34:04.843, 0 MiB, 0 %
2026/08/29 21:34:06.843, 0 MiB, 0 %
2026/08/29 21:34:08.844, 0 MiB, 0 %
2026/08/29 21:34:10.844, 0 MiB, 0 %
2026/08/29 21:34:12.844, 0 MiB, 0 %
2026/08/29 21:34:14.844, 0 MiB, 0 %
2026/08/29 21:34:16.845, 0 MiB, 0 %
2026/08/29 21:34:18.845, 0 MiB, 0 %
2026/08/29 21:34:20.845, 0 MiB, 0 %
2026/08/29 21:34:22.846, 0 MiB, 0 %
2026/08/29 21:34:24.846, 0 MiB, 0 %
2026/08/29 21:34:26.846, 0 MiB, 0 %
2026/08/29 21:34:28.846, 0 MiB, 0 %
2026/08/29 21:34:30.847, 0 MiB, 0 %
2026/08/29 21:34:32.847, 0 MiB, 0 %
2026/08/29 21:34:34.847, 0 MiB, 0 %
2026/08/29 21:34:36.848, 0 MiB, 0 %
2026/08/29 21:34:38.848, 0 MiB, 0 %
2026/08/29 21:34:40.848, 0 MiB, 0 %
2026/08/29 21:34:42.848, 0 MiB, 0 %
2026/08/29 21:34:44.849, 0 MiB, 0 %
2026/08/29 21:34:46.849, 0 MiB, 0 %
2026/08/29 21:34:48.850, 0 MiB, 0 %
2026/08/29 21:34:50.850, 0 MiB, 0 %
2026/08/29 21:34:52.850, 0 MiB, 0 %
2026/08/29 21:34:54.851, 0 MiB, 0 %
2026/08/29 21:34:56.851, 0 MiB, 0 %
2026/08/29 21:34:58.851, 0 MiB, 0 %
2026/08/29 21:35:00.851, 0 MiB, 0 %
2026/08/29 21:35:02.852, 0 MiB, 0 %
2026/08/29 21:35:04.852, 0 MiB, 0 %
2026/08/29 21:35:06.852, 0 MiB, 0 %
2026/08/29 21:35:08.853, 0 MiB, 0 %
2026/08/29 21:35:10.853, 0 MiB, 0 %
2026/08/29 21:35:12.853, 0 MiB, 0 %
2026/08/29 21:35:14.853, 0 MiB, 0 %
2026/08/29 21:35:16.854, 0 MiB, 0 %
2026/08/29 21:35:18.854, 0 MiB, 0 %
2026/08/29 21:35:20.855, 0 MiB, 0 %
2026/08/29 21:35:22.855, 0 MiB, 0 %
2026/08/29 21:35:24.855, 0 MiB, 0 %
2026/08/29 21:35:26.856, 0 MiB, 0 %
2026/08/29 21:35:28.856, 0 MiB, 0 %
2026/08/29 21:35:30.856, 0 MiB, 0 %
2026/08/29 21:35:32.856, 0 MiB, 0 %
2026/08/29 21:35:34.857, 0 MiB, 0 %
2026/08/29 21:35:36.857, 0 MiB, 0 %
2026/08/29 21:35:38.857, 0 MiB, 0 %
2026/08/29 21:35:40.857, 0 MiB, 0 %
2026/08/29 21:35:42.858, 0 MiB, 0 %
2026/08/29 21:35:44.858, 0 MiB, 0 %
2026/08/29 21:35:46.858, 0 MiB, 0 %
2026/08/29 21:35:48.859, 0 MiB, 0 %
2026/08/29 21:35:50.859, 0 MiB, 0 %
2026/08/29 21:35:52.859, 0 MiB, 0 %
2026/08/29 21:35:54.860, 0 MiB, 0 %
2026/08/29 21:35:56.860, 0 MiB, 0 %
2026/08/29 21:35:58.860, 0 MiB, 0 %
2026/08/29 21:36:00.861, 0 MiB, 0 %
2026/08/29 21:36:02.861, 0 MiB, 0 %
2026/08/29 21:36:04.861, 0 MiB, 0 %
2026/08/29 21:36:06.862, 0 MiB, 0 %
2026/08/29 21:36:08.862, 0 MiB, 0 %
2026/08/29 21:36:10.862, 0 MiB, 0 %
2026/08/29 21:36:12.862, 0 MiB, 0 %
2026/08/29 21:36:14.863, 0 MiB, 0 %
2026/08/29 21:36:16.863, 0 MiB, 0 %
2026/08/29 21:36:18.863, 0 MiB, 0 %
2026/08/29 21:36:20.864, 0 MiB, 0 %
2026/08/29 21:36:22.864, 0 MiB, 0 %
2026/08/29 21:36:24.864, 0 MiB, 0 %
2026/08/29 21:36:26.864, 0 MiB, 0 %
2026/08/29 21:36:28.865, 0 MiB, 0 %
2026/08/29 21:36:30.865, 0 MiB, 0 %
2026/08/29 21:36:32.865, 0 MiB, 0 %
2026/08/29 21:36:34.866, 0 MiB, 0 %
2026/08/29 21:36:36.866, 0 MiB, 0 %
2026/08/29 21:36:38.866, 0 MiB, 0 %
2026/08/29 21:36:40.866, 0 MiB, 0 %
2026/08/29 21:36:42.867, 0 MiB, 0 %
2026/08/29 21:36:44.867, 0 MiB, 0 %
2026/08/29 21:36:46.867, 0 MiB, 0 %
2026/08/29 21:36:48.867, 0 MiB, 0 %
2026/08/29 21:36:50.868, 0 MiB, 0 %
2026/08/29 21:36:52.868, 0 MiB, 0 %
2026/08/29 21:36:54.868, 0 MiB, 0 %
2026/08/29 21:36:56.868, 0 MiB, 0 %
2026/08/29 21:36:58.869, 0 MiB, 0 %
2026/08/29 21:37:00.869, 0 MiB, 0 %
2026/08/29 21:37:02.869, 0 MiB, 0 %
2026/08/29 21:37:04.870, 0 MiB, 0 %
2026/08/29 21:37:06.870, 0 MiB, 0 %
2026/08/29 21:37:08.870, 0 MiB, 0 %
2026/08/29 21:37:10.870, 0 MiB, 0 %
2026/08/29 21:37:12.871, 0 MiB, 0 %
2026/08/29 21:37:14.871, 0 MiB, 0 %
2026/08/29 21:37:16.871, 0 MiB, 0 %
2026/08/29 21:37:18.872, 0 MiB, 0 %
2026/08/29 21:37:20.872, 0 MiB, 0 %
2026/08/29 21:37:22.872, 0 MiB, 0 %
2026/08/29 21:37:24.873, 0 MiB, 0 %
2026/08/29 21:37:26.873, 0 MiB, 0 %
2026/08/29 21:37:28.873, 0 MiB, 0 %
2026/08/29 21:37:30.873, 0 MiB, 0 %
2026/08/29 21:37:32.874, 0 MiB, 0 %
2026/08/29 21:37:34.874, 0 MiB, 0 %
2026/08/29 21:37:36.874, 0 MiB, 0 %
2026/08/29 21:37:38.875, 0 MiB, 0 %
2026/08/29 21:37:40.875, 0 MiB, 0 %
2026/08/29 21:37:42.875, 0 MiB, 0 %
2026/08/29 21:37:44.875, 0 MiB, 0 %
2026/08/29 21:37:46.876, 0 MiB, 0 %
2026/08/29 21:37:48.876, 0 MiB, 0 %
2026/08/29 21:37:50.876, 0 MiB, 0 %
2026/08/29 21:37:52.876, 0 MiB, 0 %
2026/08/29 21:37:54.877, 0 MiB, 0 %
2026/08/29 21:37:56.877, 0 MiB, 0 %
2026/08/29 21:37:58.877, 0 MiB, 0 %
2026/08/29 21:38:00.878, 0 MiB, 0 %
2026/08/29 21:38:02.878, 0 MiB, 0 %
2026/08/29 21:38:04.878, 0 MiB, 0 %
2026/08/29 21:38:06.879, 0 MiB, 0 %
2026/08/29 21:38:08.879, 0 MiB, 0 %
2026/08/29 21:38:10.879, 0 MiB, 0 %
2026/08/29 21:38:12.879, 0 MiB, 0 %
2026/08/29 21:38:14.880, 0 MiB, 0 %
2026/08/29 21:38:16.880, 0 MiB, 0 %
2026/08/29 21:38:18.880, 0 MiB, 0 %
2026/08/29 21:38:20.881, 0 MiB, 0 %
2026/08/29 21:38:22.881, 0 MiB, 0 %
2026/08/29 21:38:24.881, 0 MiB, 0 %
2026/08/29 21:38:26.882, 0 MiB, 0 %
2026/08/29 21:38:28.882, 0 MiB, 0 %
2026/08/29 21:38:30.882, 0 MiB, 0 %
2026/08/29 21:38:32.882, 0 MiB, 0 %
2026/08/29 21:38:34.883, 0 MiB, 0 %
2026/08/29 21:38:36.883, 0 MiB, 0 %
2026/08/29 21:38:38.883, 0 MiB, 0 %
2026/08/29 21:38:40.884, 0 MiB, 0 %
2026/08/29 21:38:42.884, 0 MiB, 0 %
2026/08/29 21:38:44.884, 0 MiB, 0 %
2026/08/29 21:38:46.884, 0 MiB, 0 %
2026/08/29 21:38:48.885, 0 MiB, 0 %
2026/08/29 21:38:50.885, 0 MiB, 0 %
2026/08/29 21:38:52.885, 0 MiB, 0 %
2026/08/29 21:38:54.886, 0 MiB, 0 %
2026/08/29 21:38:56.886, 0 MiB, 0 %
2026/08/29 21:38:58.886, 0 MiB, 0 %
2026/08/29 21:39:00.886, 0 MiB, 0 %
2026/08/29 21:39:02.887, 0 MiB, 0 %
2026/08/29 21:39:04.887, 0 MiB, 0 %
2026/08/29 21:39:06.887, 0 MiB, 0 %
2026/08/29 21:39:08.888, 0 MiB, 0 %
2026/08/29 21:39:10.888, 0 MiB, 0 %
2026/08/29 21:39:12.888, 0 MiB, 0 %
2026/08/29 21:39:14.888, 0 MiB, 0 %
2026/08/29 21:39:16.888, 0 MiB, 0 %
2026/08/29 21:39:18.889, 0 MiB, 0 %
2026/08/29 21:39:20.889, 0 MiB, 0 %
2026/08/29 21:39:22.889, 0 MiB, 0 %
2026/08/29 21:39:24.890, 0 MiB, 0 %
2026/08/29 21:39:26.890, 0 MiB, 0 %
2026/08/29 21:39:28.890, 0 MiB, 0 %
2026/08/29 21:39:30.890, 0 MiB, 0 %
2026/08/29 21:39:32.891, 0 MiB, 0 %
2026/08/29 21:39:34.891, 0 MiB, 0 %
2026/08/29 21:39:36.891, 0 MiB, 0 %
2026/08/29 21:39:38.892, 0 MiB, 0 %
2026/08/29 21:39:40.892, 0 MiB, 0 %
2026/08/29 21:39:42.892, 0 MiB, 0 %
2026/08/29 21:39:44.892, 0 MiB, 0 %
2026/08/29 21:39:46.893, 0 MiB, 0 %
2026/08/29 21:39:48.893, 0 MiB, 0 %
2026/08/29 21:39:50.893, 0 MiB, 0 %
2026/08/29 21:39:52.894, 0 MiB, 0 %
2026/08/29 21:39:54.894, 0 MiB, 0 %
2026/08/29 21:39:56.894, 0 MiB, 0 %
2026/08/29 21:39:58.895, 0 MiB, 0 %
2026/08/29 21:40:00.895, 0 MiB, 0 %
2026/08/29 21:40:02.895, 0 MiB, 0 %
2026/08/29 21:40:04.895, 0 MiB, 0 %
2026/08/29 21:40:06.896, 0 MiB, 0 %
2026/08/29 21:40:08.896, 0 MiB, 0 %
2026/08/29 21:40:10.896, 0 MiB, 0 %
2026/08/29 21:40:12.896, 0 MiB, 0 %
2026/08/29 21:40:14.897, 0 MiB, 0 %
2026/08/29 21:40:16.897, 0 MiB, 0 %
2026/08/29 21:40:18.897, 0 MiB, 0 %
2026/08/29 21:40:20.898, 0 MiB, 0 %
2026/08/29 21:40:22.898, 0 MiB, 0 %
2026/08/29 21:40:24.898, 0 MiB, 0 %
2026/08/29 21:40:26.898, 0 MiB, 0 %
2026/08/29 21:40:28.899, 0 MiB, 0 %
2026/08/29 21:40:30.899, 0 MiB, 0 %
2026/08/29 21:40:32.899, 0 MiB, 0 %
2026/08/29 21:40:34.900, 0 MiB, 0 %
2026/08/29 21:40:36.900, 0 MiB, 0 %
2026/08/29 21:40:38.900, 0 MiB, 0 %
2026/08/29 21:40:40.901, 0 MiB, 0 %
2026/08/29 21:40:42.901, 0 MiB, 0 %
2026/08/29 21:40:44.901, 0 MiB, 0 %
2026/08/29 21:40:46.902, 0 MiB, 0 %
2026/08/29 21:40:48.902, 0 MiB, 0 %
2026/08/29 21:40:50.902, 0 MiB, 0 %
2026/08/29 21:40:52.903, 0 MiB, 0 %
2026/08/29 21:40:54.903, 0 MiB, 0 %
2026/08/29 21:40:56.903, 0 MiB, 0 %
2026/08/29 21:40:58.904, 0 MiB, 0 %
2026/08/29 21:41:00.904, 0 MiB, 0 %
2026/08/29 21:41:02.904, 0 MiB, 0 %
2026/08/29 21:41:04.905, 0 MiB, 0 %
2026/08/29 21:41:06.905, 0 MiB, 0 %
2026/08/29 21:41:08.905, 0 MiB, 0 %
2026/08/29 21:41:10.906, 0 MiB, 0 %
2026/08/29 21:41:12.906, 0 MiB, 0 %
2026/08/29 21:41:14.906, 0 MiB, 0 %
2026/08/29 21:41:16.907, 0 MiB, 0 %
2026/08/29 21:41:18.907, 0 MiB, 0 %
2026/08/29 21:41:20.907, 0 MiB, 0 %
2026/08/29 21:41:22.908, 0 MiB, 0 %
2026/08/29 21:41:24.908, 0 MiB, 0 %
2026/08/29 21:41:26.908, 0 MiB, 0 %
2026/08/29 21:41:28.909, 0 MiB, 0 %
2026/08/29 21:41:30.909, 0 MiB, 0 %
2026/08/29 21:41:32.909, 0 MiB, 0 %
2026/08/29 21:41:34.909, 0 MiB, 0 %
2026/08/29 21:41:36.910, 0 MiB, 0 %
2026/08/29 21:41:38.910, 0 MiB, 0 %
2026/08/29 21:41:40.910, 0 MiB, 0 %
2026/08/29 21:41:42.911, 0 MiB, 0 %
2026/08/29 21:41:44.911, 0 MiB, 0 %
2026/08/29 21:41:46.911, 0 MiB, 0 %
2026/08/29 21:41:48.912, 0 MiB, 0 %
2026/08/29 21:41:50.912, 0 MiB, 0 %
2026/08/29 21:41:52.912, 0 MiB, 0 %
2026/08/29 21:41:54.912, 0 MiB, 0 %
2026/08/29 21:41:56.913, 0 MiB, 0 %
2026/08/29 21:41:58.913, 0 MiB, 0 %
2026/08/29 21:42:00.913, 0 MiB, 0 %
2026/08/29 21:42:02.913, 0 MiB, 0 %
2026/08/29 21:42:04.914, 0 MiB, 0 %
2026/08/29 21:42:06.914, 0 MiB, 0 %
2026/08/29 21:42:08.914, 0 MiB, 0 %
2026/08/29 21:42:10.914, 0 MiB, 0 %
2026/08/29 21:42:12.915, 0 MiB, 0 %
2026/08/29 21:42:14.915, 0 MiB, 0 %
2026/08/29 21:42:16.915, 0 MiB, 0 %
2026/08/29 21:42:18.915, 0 MiB, 0 %
2026/08/29 21:42:20.916, 0 MiB, 0 %
2026/08/29 21:42:22.916, 0 MiB, 0 %
2026/08/29 21:42:24.916, 0 MiB, 0 %
2026/08/29 21:42:26.917, 0 MiB, 0 %
2026/08/29 21:42:28.917, 0 MiB, 0 %
2026/08/29 21:42:30.917, 0 MiB, 0 %
2026/08/29 21:42:32.917, 0 MiB, 0 %
2026/08/29 21:42:34.918, 0 MiB, 0 %
2026/08/29 21:42:36.918, 0 MiB, 0 %
2026/08/29 21:42:38.918, 0 MiB, 0 %
2026/08/29 21:42:40.918, 0 MiB, 0 %
2026/08/29 21:42:42.919, 0 MiB, 0 %
2026/08/29 21:42:44.919, 0 MiB, 0 %
2026/08/29 21:42:46.919, 0 MiB, 0 %
2026/08/29 21:42:48.919, 0 MiB, 0 %
2026/08/29 21:42:50.920, 0 MiB, 0 %
2026/08/29 21:42:52.920, 0 MiB, 0 %
2026/08/29 21:42:54.920, 0 MiB, 0 %
2026/08/29 21:42:56.920, 0 MiB, 0 %
2026/08/29 21:42:58.921, 0 MiB, 0 %
2026/08/29 21:43:00.921, 0 MiB, 0 %
2026/08/29 21:43:02.921, 0 MiB, 0 %
2026/08/29 21:43:04.921, 0 MiB, 0 %
2026/08/29 21:43:06.922, 0 MiB, 0 %
2026/08/29 21:43:08.922, 0 MiB, 0 %
2026/08/29 21:43:10.922, 0 MiB, 0 %
2026/08/29 21:43:12.923, 0 MiB, 0 %
2026/08/29 21:43:14.923, 0 MiB, 0 %
2026/08/29 21:43:16.923, 0 MiB, 0 %
2026/08/29 21:43:18.923, 0 MiB, 0 %
2026/08/29 21:43:20.924, 0 MiB, 0 %
2026/08/29 21:43:22.924, 0 MiB, 0 %
2026/08/29 21:43:24.924, 0 MiB, 0 %
2026/08/29 21:43:26.924, 0 MiB, 0 %
2026/08/29 21:43:28.925, 0 MiB, 0 %
2026/08/29 21:43:30.925, 0 MiB, 0 %
2026/08/29 21:43:32.925, 0 MiB, 0 %
2026/08/29 21:43:34.926, 0 MiB, 0 %
2026/08/29 21:43:36.926, 0 MiB, 0 %
2026/08/29 21:43:38.926, 0 MiB, 0 %
2026/08/29 21:43:40.927, 0 MiB, 0 %
2026/08/29 21:43:42.927, 0 MiB, 0 %
2026/08/29 21:43:44.927, 0 MiB, 0 %
2026/08/29 21:43:46.927, 0 MiB, 0 %
2026/08/29 21:43:48.928, 0 MiB, 0 %
2026/08/29 21:43:50.928, 0 MiB, 0 %
2026/08/29 21:43:52.928, 0 MiB, 0 %
2026/08/29 21:43:54.928, 0 MiB, 0 %
2026/08/29 21:43:56.929, 0 MiB, 0 %
2026/08/29 21:43:58.929, 0 MiB, 0 %
2026/08/29 21:44:00.929, 0 MiB, 0 %
2026/08/29 21:44:02.930, 0 MiB, 0 %
2026/08/29 21:44:04.930, 0 MiB, 0 %
2026/08/29 21:44:06.930, 0 MiB, 0 %
2026/08/29 21:44:08.930, 0 MiB, 0 %
2026/08/29 21:44:10.931, 0 MiB, 0 %
2026/08/29 21:44:12.931, 0 MiB, 0 %
2026/08/29 21:44:14.931, 0 MiB, 0 %
2026/08/29 21:44:16.932, 0 MiB, 0 %
2026/08/29 21:44:18.932, 0 MiB, 0 %
2026/08/29 21:44:20.933, 0 MiB, 0 %
2026/08/29 21:44:22.933, 0 MiB, 0 %
2026/08/29 21:44:24.933, 0 MiB, 0 %
2026/08/29 21:44:26.934, 0 MiB, 0 %
2026/08/29 21:44:28.934, 0 MiB, 0 %
2026/08/29 21:44:30.934, 0 MiB, 0 %
2026/08/29 21:44:32.935, 0 MiB, 0 %
2026/08/29 21:44:34.935, 0 MiB, 0 %
2026/08/29 21:44:36.935, 0 MiB, 0 %
2026/08/29 21:44:38.936, 0 MiB, 0 %
2026/08/29 21:44:40.936, 0 MiB, 0 %
2026/08/29 21:44:42.936, 0 MiB, 0 %
2026/08/29 21:44:44.936, 0 MiB, 0 %
2026/08/29 21:44:46.937, 0 MiB, 0 %
2026/08/29 21:44:48.937, 0 MiB, 0 %
2026/08/29 21:44:50.937, 0 MiB, 0 %
2026/08/29 21:44:52.938, 0 MiB, 0 %
2026/08/29 21:44:54.938, 0 MiB, 0 %
2026/08/29 21:44:56.938, 0 MiB, 0 %
2026/08/29 21:44:58.939, 0 MiB, 0 %
2026/08/29 21:45:00.939, 0 MiB, 0 %
2026/08/29 21:45:02.939, 0 MiB, 0 %
2026/08/29 21:45:04.940, 0 MiB, 0 %
2026/08/29 21:45:06.940, 0 MiB, 0 %
2026/08/29 21:45:08.940, 0 MiB, 0 %
2026/08/29 21:45:10.941, 0 MiB, 0 %
2026/08/29 21:45:12.941, 0 MiB, 0 %
2026/08/29 21:45:14.941, 0 MiB, 0 %
2026/08/29 21:45:16.941, 0 MiB, 0 %
2026/08/29 21:45:18.942, 0 MiB, 0 %
2026/08/29 21:45:20.942, 0 MiB, 0 %
2026/08/29 21:45:22.943, 0 MiB, 0 %
2026/08/29 21:45:24.943, 0 MiB, 0 %
2026/08/29 21:45:26.943, 0 MiB, 0 %
2026/08/29 21:45:28.944, 0 MiB, 0 %
2026/08/29 21:45:30.944, 0 MiB, 0 %
2026/08/29 21:45:32.944, 0 MiB, 0 %
2026/08/29 21:45:34.944, 0 MiB, 0 %
2026/08/29 21:45:36.945, 0 MiB, 0 %
2026/08/29 21:45:38.945, 0 MiB, 0 %
2026/08/29 21:45:40.945, 0 MiB, 0 %
2026/08/29 21:45:42.945, 0 MiB, 0 %
2026/08/29 21:45:44.946, 0 MiB, 0 %
2026/08/29 21:45:46.946, 0 MiB, 0 %
2026/08/29 21:45:48.946, 0 MiB, 0 %
2026/08/29 21:45:50.946, 0 MiB, 0 %
2026/08/29 21:45:52.947, 0 MiB, 0 %
2026/08/29 21:45:54.947, 0 MiB, 0 %
2026/08/29 21:45:56.947, 0 MiB, 0 %
2026/08/29 21:45:58.948, 0 MiB, 0 %
2026/08/29 21:46:00.948, 0 MiB, 0 %
2026/08/29 21:46:02.948, 0 MiB, 0 %
2026/08/29 21:46:04.949, 0 MiB, 0 %
2026/08/29 21:46:06.949, 0 MiB, 0 %
2026/08/29 21:46:08.949, 0 MiB, 0 %
2026/08/29 21:46:10.949, 0 MiB, 0 %
2026/08/29 21:46:12.950, 0 MiB, 0 %
2026/08/29 21:46:14.950, 0 MiB, 0 %
2026/08/29 21:46:16.950, 0 MiB, 0 %
2026/08/29 21:46:18.950, 0 MiB, 0 %
2026/08/29 21:46:20.951, 0 MiB, 0 %
2026/08/29 21:46:22.951, 0 MiB, 0 %
2026/08/29 21:46:24.952, 0 MiB, 0 %
2026/08/29 21:46:26.952, 0 MiB, 0 %
2026/08/29 21:46:28.952, 0 MiB, 0 %
2026/08/29 21:46:30.952, 0 MiB, 0 %
2026/08/29 21:46:32.953, 0 MiB, 0 %
2026/08/29 21:46:34.953, 0 MiB, 0 %
2026/08/29 21:46:36.953, 0 MiB, 0 %
2026/08/29 21:46:38.954, 0 MiB, 0 %
2026/08/29 21:46:40.954, 0 MiB, 0 %
2026/08/29 21:46:42.954, 0 MiB, 0 %
2026/08/29 21:46:44.955, 0 MiB, 0 %
2026/08/29 21:46:46.955, 0 MiB, 0 %
2026/08/29 21:46:48.955, 0 MiB, 0 %
2026/08/29 21:46:50.955, 0 MiB, 0 %
2026/08/29 21:46:52.956, 0 MiB, 0 %
2026/08/29 21:46:54.956, 0 MiB, 0 %
2026/08/29 21:46:56.956, 0 MiB, 0 %
2026/08/29 21:46:58.956, 0 MiB, 0 %
2026/08/29 21:47:00.957, 0 MiB, 0 %
2026/08/29 21:47:02.957, 0 MiB, 0 %
2026/08/29 21:47:04.957, 0 MiB, 0 %
2026/08/29 21:47:06.957, 0 MiB, 0 %
2026/08/29 21:47:08.957, 0 MiB, 0 %
2026/08/29 21:47:10.958, 0 MiB, 0 %
2026/08/29 21:47:12.958, 0 MiB, 0 %
2026/08/29 21:47:14.958, 0 MiB, 0 %
2026/08/29 21:47:16.958, 0 MiB, 0 %
2026/08/29 21:47:18.959, 0 MiB, 0 %
2026/08/29 21:47:20.959, 0 MiB, 0 %
2026/08/29 21:47:22.959, 0 MiB, 0 %
2026/08/29 21:47:24.959, 0 MiB, 0 %
2026/08/29 21:47:26.959, 0 MiB, 0 %
2026/08/29 21:47:28.960, 0 MiB, 0 %
2026/08/29 21:47:30.960, 0 MiB, 0 %
2026/08/29 21:47:32.960, 0 MiB, 0 %
2026/08/29 21:47:34.960, 0 MiB, 0 %
2026/08/29 21:47:36.961, 0 MiB, 0 %
2026/08/29 21:47:38.961, 0 MiB, 0 %
2026/08/29 21:47:40.961, 0 MiB, 0 %
2026/08/29 21:47:42.962, 0 MiB, 0 %
2026/08/29 21:47:44.962, 0 MiB, 0 %
2026/08/29 21:47:46.962, 0 MiB, 0 %
2026/08/29 21:47:48.962, 0 MiB, 0 %
2026/08/29 21:47:50.963, 0 MiB, 0 %
2026/08/29 21:47:52.963, 0 MiB, 0 %
2026/08/29 21:47:54.963, 0 MiB, 0 %
2026/08/29 21:47:56.963, 0 MiB, 0 %
2026/08/29 21:47:58.964, 0 MiB, 0 %
2026/08/29 21:48:00.964, 0 MiB, 0 %
2026/08/29 21:48:02.964, 0 MiB, 0 %
2026/08/29 21:48:04.965, 0 MiB, 0 %
2026/08/29 21:48:06.965, 0 MiB, 0 %
2026/08/29 21:48:08.965, 0 MiB, 0 %
2026/08/29 21:48:10.965, 0 MiB, 0 %
2026/08/29 21:48:12.966, 0 MiB, 0 %
2026/08/29 21:48:14.966, 0 MiB, 0 %
2026/08/29 21:48:16.966, 0 MiB, 0 %
2026/08/29 21:48:18.966, 0 MiB, 0 %
2026/08/29 21:48:20.967, 0 MiB, 0 %
2026/08/29 21:48:22.967, 0 MiB, 0 %
2026/08/29 21:48:24.967, 0 MiB, 0 %
2026/08/29 21:48:26.968, 0 MiB, 0 %
2026/08/29 21:48:28.968, 0 MiB, 0 %
2026/08/29 21:48:30.968, 0 MiB, 0 %
2026/08/29 21:48:32.969, 0 MiB, 0 %
2026/08/29 21:48:34.969, 0 MiB, 0 %
2026/08/29 21:48:36.969, 0 MiB, 0 %
2026/08/29 21:48:38.970, 0 MiB, 0 %
2026/08/29 21:48:40.970, 0 MiB, 0 %
2026/08/29 21:48:42.970, 0 MiB, 0 %
2026/08/29 21:48:44.970, 0 MiB, 0 %
2026/08/29 21:48:46.971, 0 MiB, 0 %
2026/08/29 21:48:48.971, 0 MiB, 0 %
2026/08/29 21:48:50.972, 0 MiB, 0 %
2026/08/29 21:48:52.972, 0 MiB, 0 %
2026/08/29 21:48:54.972, 0 MiB, 0 %
2026/08/29 21:48:56.972, 0 MiB, 0 %
2026/08/29 21:48:58.973, 0 MiB, 0 %
2026/08/29 21:49:00.973, 0 MiB, 0 %
2026/08/29 21:49:02.973, 0 MiB, 0 %
2026/08/29 21:49:04.974, 0 MiB, 0 %
2026/08/29 21:49:06.974, 0 MiB, 0 %
2026/08/29 21:49:08.974, 0 MiB, 0 %
2026/08/29 21:49:10.975, 0 MiB, 0 %
2026/08/29 21:49:12.975, 0 MiB, 0 %
2026/08/29 21:49:14.975, 0 MiB, 0 %
2026/08/29 21:49:16.976, 0 MiB, 0 %
2026/08/29 21:49:18.976, 0 MiB, 0 %
2026/08/29 21:49:20.976, 0 MiB, 0 %
2026/08/29 21:49:22.977, 0 MiB, 0 %
2026/08/29 21:49:24.977, 0 MiB, 0 %
2026/08/29 21:49:26.977, 0 MiB, 0 %
2026/08/29 21:49:28.978, 0 MiB, 0 %
2026/08/29 21:49:30.978, 0 MiB, 0 %
2026/08/29 21:49:32.978, 0 MiB, 0 %
2026/08/29 21:49:34.979, 0 MiB, 0 %
2026/08/29 21:49:36.979, 0 MiB, 0 %
2026/08/29 21:49:38.979, 0 MiB, 0 %
2026/08/29 21:49:40.980, 0 MiB, 0 %
2026/08/29 21:49:42.980, 0 MiB, 0 %
2026/08/29 21:49:44.980, 0 MiB, 0 %
2026/08/29 21:49:46.981, 0 MiB, 0 %
2026/08/29 21:49:48.981, 0 MiB, 0 %
2026/08/29 21:49:50.981, 0 MiB, 0 %
2026/08/29 21:49:52.982, 0 MiB, 0 %
2026/08/29 21:49:54.982, 0 MiB, 0 %
2026/08/29 21:49:56.982, 0 MiB, 0 %
2026/08/29 21:49:58.983, 0 MiB, 0 %
2026/08/29 21:50:00.983, 0 MiB, 0 %
2026/08/29 21:50:02.983, 0 MiB, 0 %
2026/08/29 21:50:04.984, 0 MiB, 0 %
2026/08/29 21:50:06.984, 0 MiB, 0 %
2026/08/29 21:50:08.984, 0 MiB, 0 %
2026/08/29 21:50:10.985, 0 MiB, 0 %
2026/08/29 21:50:12.985, 0 MiB, 0 %
2026/08/29 21:50:14.985, 0 MiB, 0 %
2026/08/29 21:50:16.986, 0 MiB, 0 %
2026/08/29 21:50:18.986, 0 MiB, 0 %
2026/08/29 21:50:20.986, 0 MiB, 0 %
2026/08/29 21:50:22.987, 0 MiB, 0 %
2026/08/29 21:50:24.987, 0 MiB, 0 %
2026/08/29 21:50:26.987, 0 MiB, 0 %
2026/08/29 21:50:28.988, 0 MiB, 0 %
2026/08/29 21:50:30.988, 0 MiB, 0 %
2026/08/29 21:50:32.988, 0 MiB, 0 %
2026/08/29 21:50:34.989, 0 MiB, 0 %
2026/08/29 21:50:36.989, 0 MiB, 0 %
2026/08/29 21:50:38.989, 0 MiB, 0 %
2026/08/29 21:50:40.990, 0 MiB, 0 %
2026/08/29 21:50:42.990, 0 MiB, 0 %
2026/08/29 21:50:44.990, 0 MiB, 0 %
2026/08/29 21:50:46.990, 0 MiB, 0 %
2026/08/29 21:50:48.991, 0 MiB, 0 %
2026/08/29 21:50:50.991, 0 MiB, 0 %
2026/08/29 21:50:52.991, 0 MiB, 0 %
2026/08/29 21:50:54.991, 0 MiB, 0 %
2026/08/29 21:50:56.992, 0 MiB, 0 %
2026/08/29 21:50:58.992, 0 MiB, 0 %
2026/08/29 21:51:00.992, 0 MiB, 0 %
2026/08/29 21:51:02.993, 0 MiB, 0 %
2026/08/29 21:51:04.993, 0 MiB, 0 %
2026/08/29 21:51:06.993, 0 MiB, 0 %
2026/08/29 21:51:08.993, 0 MiB, 0 %
2026/08/29 21:51:10.994, 0 MiB, 0 %
2026/08/29 21:51:12.994, 0 MiB, 0 %
2026/08/29 21:51:14.994, 0 MiB, 0 %
2026/08/29 21:51:16.995, 0 MiB, 0 %
2026/08/29 21:51:18.995, 0 MiB, 0 %
2026/08/29 21:51:20.995, 0 MiB, 0 %
2026/08/29 21:51:22.995, 0 MiB, 0 %
2026/08/29 21:51:24.996, 0 MiB, 0 %
2026/08/29 21:51:26.996, 0 MiB, 0 %
2026/08/29 21:51:28.996, 0 MiB, 0 %
2026/08/29 21:51:30.997, 0 MiB, 0 %
2026/08/29 21:51:32.997, 0 MiB, 0 %
2026/08/29 21:51:34.997, 0 MiB, 0 %
2026/08/29 21:51:36.998, 0 MiB, 0 %
2026/08/29 21:51:38.998, 0 MiB, 0 %
2026/08/29 21:51:40.998, 0 MiB, 0 %
2026/08/29 21:51:42.999, 0 MiB, 0 %
2026/08/29 21:51:44.999, 0 MiB, 0 %
2026/08/29 21:51:46.999, 0 MiB, 0 %
2026/08/29 21:51:48.999, 0 MiB, 0 %
2026/08/29 21:51:51.000, 0 MiB, 0 %
2026/08/29 21:51:53.000, 0 MiB, 0 %
2026/08/29 21:51:55.000, 0 MiB, 0 %
2026/08/29 21:51:57.001, 0 MiB, 0 %
2026/08/29 21:51:59.001, 0 MiB, 0 %
2026/08/29 21:52:01.001, 0 MiB, 0 %
2026/08/29 21:52:03.002, 0 MiB, 0 %
2026/08/29 21:52:05.002, 0 MiB, 0 %
2026/08/29 21:52:07.002, 0 MiB, 0 %
2026/08/29 21:52:09.003, 0 MiB, 0 %
2026/08/29 21:52:11.003, 0 MiB, 0 %
2026/08/29 21:52:13.003, 0 MiB, 0 %
2026/08/29 21:52:15.004, 0 MiB, 0 %
2026/08/29 21:52:17.004, 0 MiB, 0 %
2026/08/29 21:52:19.004, 0 MiB, 0 %
2026/08/29 21:52:21.004, 0 MiB, 0 %
2026/08/29 21:52:23.005, 0 MiB, 0 %
2026/08/29 21:52:25.005, 0 MiB, 0 %
2026/08/29 21:52:27.005, 0 MiB, 0 %
2026/08/29 21:52:29.006, 0 MiB, 0 %
2026/08/29 21:52:31.006, 0 MiB, 0 %
2026/08/29 21:52:33.006, 0 MiB, 0 %
2026/08/29 21:52:35.007, 0 MiB, 0 %
2026/08/29 21:52:37.007, 0 MiB, 0 %
2026/08/29 21:52:39.007, 0 MiB, 0 %
2026/08/29 21:52:41.008, 0 MiB, 0 %
2026/08/29 21:52:43.008, 0 MiB, 0 %
2026/08/29 21:52:45.008, 0 MiB, 0 %
2026/08/29 21:52:47.009, 0 MiB, 0 %
2026/08/29 21:52:49.009, 0 MiB, 0 %
2026/08/29 21:52:51.009, 0 MiB, 0 %
2026/08/29 21:52:53.010, 0 MiB, 0 %
2026/08/29 21:52:55.010, 0 MiB, 0 %
2026/08/29 21:52:57.010, 0 MiB, 0 %
2026/08/29 21:52:59.011, 0 MiB, 0 %
2026/08/29 21:53:01.011, 0 MiB, 0 %
2026/08/29 21:53:03.011, 0 MiB, 0 %
2026/08/29 21:53:05.011, 0 MiB, 0 %
2026/08/29 21:53:07.012, 0 MiB, 0 %
2026/08/29 21:53:09.012, 0 MiB, 0 %
2026/08/29 21:53:11.012, 0 MiB, 0 %
2026/08/29 21:53:13.013, 0 MiB, 0 %
2026/08/29 21:53:15.013, 0 MiB, 0 %
2026/08/29 21:53:17.013, 0 MiB, 0 %
2026/08/29 21:53:19.014, 0 MiB, 0 %
2026/08/29 21:53:21.014, 0 MiB, 0 %
2026/08/29 21:53:23.014, 0 MiB, 0 %
2026/08/29 21:53:25.014, 0 MiB, 0 %
2026/08/29 21:53:27.015, 0 MiB, 0 %
2026/08/29 21:53:29.015, 0 MiB, 0 %
2026/08/29 21:53:31.015, 0 MiB, 0 %
2026/08/29 21:53:33.016, 0 MiB, 0 %
2026/08/29 21:53:35.016, 0 MiB, 0 %
2026/08/29 21:53:37.016, 0 MiB, 0 %
2026/08/29 21:53:39.017, 0 MiB, 0 %
2026/08/29 21:53:41.017, 0 MiB, 0 %
2026/08/29 21:53:43.017, 0 MiB, 0 %
2026/08/29 21:53:45.017, 0 MiB, 0 %
2026/08/29 21:53:47.018, 0 MiB, 0 %
2026/08/29 21:53:49.018, 0 MiB, 0 %
2026/08/29 21:53:51.018, 0 MiB, 0 %
2026/08/29 21:53:53.019, 0 MiB, 0 %
2026/08/29 21:53:55.019, 0 MiB, 0 %
2026/08/29 21:53:57.019, 0 MiB, 0 %
2026/08/29 21:53:59.020, 0 MiB, 0 %
2026/08/29 21:54:01.020, 0 MiB, 0 %
2026/08/29 21:54:03.020, 0 MiB, 0 %
2026/08/29 21:54:05.021, 0 MiB, 0 %
2026/08/29 21:54:07.021, 0 MiB, 0 %
2026/08/29 21:54:09.021, 0 MiB, 0 %
2026/08/29 21:54:11.022, 0 MiB, 0 %
2026/08/29 21:54:13.022, 0 MiB, 0 %
2026/08/29 21:54:15.022, 0 MiB, 0 %
2026/08/29 21:54:17.023, 0 MiB, 0 %
2026/08/29 21:54:19.023, 0 MiB, 0 %
2026/08/29 21:54:21.023, 0 MiB, 0 %
2026/08/29 21:54:23.024, 0 MiB, 0 %
2026/08/29 21:54:25.024, 0 MiB, 0 %
2026/08/29 21:54:27.024, 0 MiB, 0 %
2026/08/29 21:54:29.025, 0 MiB, 0 %
2026/08/29 21:54:31.025, 0 MiB, 0 %
2026/08/29 21:54:33.025, 0 MiB, 0 %
2026/08/29 21:54:35.026, 0 MiB, 0 %
2026/08/29 21:54:37.026, 0 MiB, 0 %
2026/08/29 21:54:39.026, 0 MiB, 0 %
2026/08/29 21:54:41.027, 0 MiB, 0 %
2026/08/29 21:54:43.027, 0 MiB, 0 %
2026/08/29 21:54:45.027, 0 MiB, 0 %
2026/08/29 21:54:47.028, 0 MiB, 0 %
2026/08/29 21:54:49.028, 0 MiB, 0 %
2026/08/29 21:54:51.028, 0 MiB, 0 %
2026/08/29 21:54:53.029, 0 MiB, 0 %
2026/08/29 21:54:55.029, 0 MiB, 0 %
2026/08/29 21:54:57.029, 0 MiB, 0 %
2026/08/29 21:54:59.030, 0 MiB, 0 %
2026/08/29 21:55:01.030, 0 MiB, 0 %
2026/08/29 21:55:03.030, 0 MiB, 0 %
2026/08/29 21:55:05.030, 0 MiB, 0 %
2026/08/29 21:55:07.031, 0 MiB, 0 %
2026/08/29 21:55:09.031, 0 MiB, 0 %
2026/08/29 21:55:11.031, 0 MiB, 0 %
2026/08/29 21:55:13.032, 0 MiB, 0 %
2026/08/29 21:55:15.032, 0 MiB, 0 %
2026/08/29 21:55:17.032, 0 MiB, 0 %
2026/08/29 21:55:19.033, 0 MiB, 0 %
2026/08/29 21:55:21.033, 0 MiB, 0 %
2026/08/29 21:55:23.033, 0 MiB, 0 %
2026/08/29 21:55:25.034, 0 MiB, 0 %
2026/08/29 21:55:27.034, 0 MiB, 0 %
2026/08/29 21:55:29.034, 0 MiB, 0 %
2026/08/29 21:55:31.035, 0 MiB, 0 %
2026/08/29 21:55:33.035, 0 MiB, 0 %
2026/08/29 21:55:35.035, 0 MiB, 0 %
2026/08/29 21:55:37.035, 0 MiB, 0 %
2026/08/29 21:55:39.036, 0 MiB, 0 %
2026/08/29 21:55:41.036, 0 MiB, 0 %
2026/08/29 21:55:43.036, 0 MiB, 0 %
2026/08/29 21:55:45.037, 0 MiB, 0 %
2026/08/29 21:55:47.037, 0 MiB, 0 %
2026/08/29 21:55:49.037, 0 MiB, 0 %
2026/08/29 21:55:51.037, 0 MiB, 0 %
2026/08/29 21:55:53.038, 0 MiB, 0 %
2026/08/29 21:55:55.038, 0 MiB, 0 %
2026/08/29 21:55:57.038, 0 MiB, 0 %
2026/08/29 21:55:59.039, 0 MiB, 0 %
2026/08/29 21:56:01.039, 0 MiB, 0 %
2026/08/29 21:56:03.039, 0 MiB, 0 %
2026/08/29 21:56:05.040, 0 MiB, 0 %
2026/08/29 21:56:07.040, 0 MiB, 0 %
2026/08/29 21:56:09.040, 0 MiB, 0 %
2026/08/29 21:56:11.041, 0 MiB, 0 %
2026/08/29 21:56:13.041, 0 MiB, 0 %
2026/08/29 21:56:15.041, 0 MiB, 0 %
2026/08/29 21:56:17.041, 0 MiB, 0 %
2026/08/29 21:56:19.042, 0 MiB, 0 %
2026/08/29 21:56:21.042, 0 MiB, 0 %
2026/08/29 21:56:23.042, 0 MiB, 0 %
2026/08/29 21:56:25.043, 0 MiB, 0 %
2026/08/29 21:56:27.043, 0 MiB, 0 %
2026/08/29 21:56:29.043, 0 MiB, 0 %
2026/08/29 21:56:31.044, 0 MiB, 0 %
2026/08/29 21:56:33.044, 0 MiB, 0 %
2026/08/29 21:56:35.044, 0 MiB, 0 %
2026/08/29 21:56:37.045, 0 MiB, 0 %
2026/08/29 21:56:39.045, 0 MiB, 0 %
2026/08/29 21:56:41.045, 0 MiB, 0 %
2026/08/29 21:56:43.045, 0 MiB, 0 %
2026/08/29 21:56:45.046, 0 MiB, 0 %
2026/08/29 21:56:47.046, 0 MiB, 0 %
2026/08/29 21:56:49.047, 0 MiB, 0 %
2026/08/29 21:56:51.047, 0 MiB, 0 %
2026/08/29 21:56:53.047, 0 MiB, 0 %
2026/08/29 21:56:55.047, 0 MiB, 0 %
2026/08/29 21:56:57.048, 0 MiB, 0 %
2026/08/29 21:56:59.048, 0 MiB, 0 %
2026/08/29 21:57:01.048, 0 MiB, 0 %
2026/08/29 21:57:03.049, 0 MiB, 0 %
2026/08/29 21:57:05.049, 0 MiB, 0 %
2026/08/29 21:57:07.049, 0 MiB, 0 %
2026/08/29 21:57:09.050, 0 MiB, 0 %
2026/08/29 21:57:11.050, 0 MiB, 0 %
2026/08/29 21:57:13.050, 0 MiB, 0 %
2026/08/29 21:57:15.051, 0 MiB, 0 %
2026/08/29 21:57:17.051, 0 MiB, 0 %
2026/08/29 21:57:19.051, 0 MiB, 0 %
2026/08/29 21:57:21.052, 0 MiB, 0 %
2026/08/29 21:57:23.052, 0 MiB, 0 %
2026/08/29 21:57:25.052, 0 MiB, 0 %
2026/08/29 21:57:27.053, 0 MiB, 0 %
2026/08/29 21:57:29.053, 0 MiB, 0 %
2026/08/29 21:57:31.053, 0 MiB, 0 %
2026/08/29 21:57:33.053, 0 MiB, 0 %
2026/08/29 21:57:35.054, 0 MiB, 0 %
2026/08/29 21:57:37.054, 0 MiB, 0 %
2026/08/29 21:57:39.055, 0 MiB, 0 %
2026/08/29 21:57:41.055, 0 MiB, 0 %
2026/08/29 21:57:43.055, 0 MiB, 0 %
2026/08/29 21:57:45.055, 0 MiB, 0 %
2026/08/29 21:57:47.056, 0 MiB, 0 %
2026/08/29 21:57:49.056, 0 MiB, 0 %
2026/08/29 21:57:51.056, 0 MiB, 0 %
2026/08/29 21:57:53.056, 0 MiB, 0 %
2026/08/29 21:57:55.056, 0 MiB, 0 %
2026/08/29 21:57:57.057, 0 MiB, 0 %
2026/08/29 21:57:59.058, 0 MiB, 0 %
2026/08/29 21:58:01.058, 0 MiB, 0 %
2026/08/29 21:58:03.059, 0 MiB, 0 %
2026/08/29 21:58:05.059, 0 MiB, 0 %
2026/08/29 21:58:07.059, 0 MiB, 0 %
2026/08/29 21:58:09.060, 0 MiB, 0 %
2026/08/29 21:58:11.060, 0 MiB, 0 %
2026/08/29 21:58:13.060, 0 MiB, 0 %
2026/08/29 21:58:15.060, 0 MiB, 0 %
2026/08/29 21:58:17.061, 0 MiB, 0 %
2026/08/29 21:58:19.061, 0 MiB, 0 %
2026/08/29 21:58:21.061, 0 MiB, 0 %
2026/08/29 21:58:23.062, 0 MiB, 0 %
2026/08/29 21:58:25.062, 0 MiB, 0 %
2026/08/29 21:58:27.062, 0 MiB, 0 %
2026/08/29 21:58:29.063, 0 MiB, 0 %
2026/08/29 21:58:31.063, 0 MiB, 0 %
2026/08/29 21:58:33.063, 0 MiB, 0 %
2026/08/29 21:58:35.063, 0 MiB, 0 %
2026/08/29 21:58:37.064, 0 MiB, 0 %
2026/08/29 21:58:39.064, 0 MiB, 0 %
2026/08/29 21:58:41.064, 0 MiB, 0 %
2026/08/29 21:58:43.065, 0 MiB, 0 %
2026/08/29 21:58:45.065, 0 MiB, 0 %
2026/08/29 21:58:47.065, 0 MiB, 0 %
2026/08/29 21:58:49.066, 0 MiB, 0 %
2026/08/29 21:58:51.066, 0 MiB, 0 %
2026/08/29 21:58:53.066, 0 MiB, 0 %
2026/08/29 21:58:55.067, 0 MiB, 0 %
2026/08/29 21:58:57.067, 0 MiB, 0 %
2026/08/29 21:58:59.067, 0 MiB, 0 %
2026/08/29 21:59:01.068, 0 MiB, 0 %
2026/08/29 21:59:03.068, 0 MiB, 0 %
2026/08/29 21:59:05.068, 0 MiB, 0 %
2026/08/29 21:59:07.069, 0 MiB, 0 %
2026/08/29 21:59:09.069, 0 MiB, 0 %
2026/08/29 21:59:11.069, 0 MiB, 0 %
2026/08/29 21:59:13.069, 0 MiB, 0 %
2026/08/29 21:59:15.070, 0 MiB, 0 %
2026/08/29 21:59:17.070, 0 MiB, 0 %
2026/08/29 21:59:19.070, 0 MiB, 0 %
2026/08/29 21:59:21.071, 0 MiB, 0 %
2026/08/29 21:59:23.071, 0 MiB, 0 %
2026/08/29 21:59:25.071, 0 MiB, 0 %
2026/08/29 21:59:27.072, 0 MiB, 0 %
2026/08/29 21:59:29.072, 0 MiB, 0 %
2026/08/29 21:59:31.072, 0 MiB, 0 %
2026/08/29 21:59:33.073, 0 MiB, 0 %
2026/08/29 21:59:35.073, 0 MiB, 0 %
2026/08/29 21:59:37.073, 0 MiB, 0 %
2026/08/29 21:59:39.074, 0 MiB, 0 %
2026/08/29 21:59:41.074, 0 MiB, 0 %
2026/08/29 21:59:43.074, 0 MiB, 0 %
2026/08/29 21:59:45.075, 0 MiB, 0 %
2026/08/29 21:59:47.075, 0 MiB, 0 %
2026/08/29 21:59:49.075, 0 MiB, 0 %
2026/08/29 21:59:51.076, 0 MiB, 0 %
2026/08/29 21:59:53.076, 0 MiB, 0 %
2026/08/29 21:59:55.076, 0 MiB, 0 %
2026/08/29 21:59:57.077, 0 MiB, 0 %
2026/08/29 21:59:59.077, 0 MiB, 0 %
2026/08/29 22:00:01.077, 0 MiB, 0 %
2026/08/29 22:00:03.077, 0 MiB, 0 %
2026/08/29 22:00:05.078, 0 MiB, 0 %
2026/08/29 22:00:07.078, 0 MiB, 0 %
2026/08/29 22:00:09.078, 0 MiB, 0 %
2026/08/29 22:00:11.079, 0 MiB, 0 %
2026/08/29 22:00:13.079, 0 MiB, 0 %
2026/08/29 22:00:15.079, 0 MiB, 0 %
2026/08/29 22:00:17.080, 0 MiB, 0 %
2026/08/29 22:00:19.080, 0 MiB, 0 %
2026/08/29 22:00:21.080, 0 MiB, 0 %
2026/08/29 22:00:23.081, 0 MiB, 0 %
2026/08/29 22:00:25.081, 0 MiB, 0 %
2026/08/29 22:00:27.081, 0 MiB, 0 %
2026/08/29 22:00:29.081, 0 MiB, 0 %
2026/08/29 22:00:31.082, 0 MiB, 0 %
2026/08/29 22:00:33.082, 0 MiB, 0 %
2026/08/29 22:00:35.082, 0 MiB, 0 %
2026/08/29 22:00:37.083, 0 MiB, 0 %
2026/08/29 22:00:39.083, 0 MiB, 0 %
2026/08/29 22:00:41.083, 0 MiB, 0 %
2026/08/29 22:00:43.084, 0 MiB, 0 %
2026/08/29 22:00:45.084, 0 MiB, 0 %
2026/08/29 22:00:47.084, 0 MiB, 0 %
2026/08/29 22:00:49.085, 0 MiB, 0 %
2026/08/29 22:00:51.085, 0 MiB, 0 %
2026/08/29 22:00:53.085, 0 MiB, 0 %
2026/08/29 22:00:55.085, 0 MiB, 0 %
2026/08/29 22:00:57.086, 0 MiB, 0 %
2026/08/29 22:00:59.086, 0 MiB, 0 %
2026/08/29 22:01:01.086, 0 MiB, 0 %
2026/08/29 22:01:03.087, 0 MiB, 0 %
2026/08/29 22:01:05.087, 0 MiB, 0 %
2026/08/29 22:01:07.087, 0 MiB, 0 %
2026/08/29 22:01:09.088, 0 MiB, 0 %
2026/08/29 22:01:11.088, 0 MiB, 0 %
2026/08/29 22:01:13.088, 0 MiB, 0 %
2026/08/29 22:01:15.088, 0 MiB, 0 %
2026/08/29 22:01:17.089, 0 MiB, 0 %
2026/08/29 22:01:19.089, 0 MiB, 0 %
2026/08/29 22:01:21.089, 0 MiB, 0 %
2026/08/29 22:01:23.090, 0 MiB, 0 %
2026/08/29 22:01:25.090, 0 MiB, 0 %
2026/08/29 22:01:27.090, 0 MiB, 0 %
2026/08/29 22:01:29.091, 0 MiB, 0 %
2026/08/29 22:01:31.091, 0 MiB, 0 %
2026/08/29 22:01:33.091, 0 MiB, 0 %
2026/08/29 22:01:35.092, 0 MiB, 0 %
2026/08/29 22:01:37.092, 0 MiB, 0 %
2026/08/29 22:01:39.092, 0 MiB, 0 %
2026/08/29 22:01:41.092, 0 MiB, 0 %
2026/08/29 22:01:43.093, 0 MiB, 0 %
2026/08/29 22:01:45.093, 0 MiB, 0 %
2026/08/29 22:01:47.093, 0 MiB, 0 %
2026/08/29 22:01:49.094, 0 MiB, 0 %
2026/08/29 22:01:51.094, 0 MiB, 0 %
2026/08/29 22:01:53.094, 0 MiB, 0 %
2026/08/29 22:01:55.095, 0 MiB, 0 %
2026/08/29 22:01:57.095, 0 MiB, 0 %
2026/08/29 22:01:59.095, 0 MiB, 0 %
2026/08/29 22:02:01.096, 0 MiB, 0 %
2026/08/29 22:02:03.096, 0 MiB, 0 %
2026/08/29 22:02:05.096, 0 MiB, 0 %
2026/08/29 22:02:07.097, 0 MiB, 0 %
2026/08/29 22:02:09.097, 0 MiB, 0 %
2026/08/29 22:02:11.097, 0 MiB, 0 %
2026/08/29 22:02:13.097, 0 MiB, 0 %
2026/08/29 22:02:15.098, 0 MiB, 0 %
2026/08/29 22:02:17.098, 0 MiB, 0 %
2026/08/29 22:02:19.098, 0 MiB, 0 %
2026/08/29 22:02:21.098, 0 MiB, 0 %
2026/08/29 22:02:23.099, 0 MiB, 0 %
2026/08/29 22:02:25.099, 0 MiB, 0 %
2026/08/29 22:02:27.099, 0 MiB, 0 %
2026/08/29 22:02:29.099, 0 MiB, 0 %
2026/08/29 22:02:31.100, 0 MiB, 0 %
2026/08/29 22:02:33.100, 0 MiB, 0 %
2026/08/29 22:02:35.100, 0 MiB, 0 %
2026/08/29 22:02:37.100, 0 MiB, 0 %
2026/08/29 22:02:39.101, 0 MiB, 0 %
2026/08/29 22:02:41.101, 0 MiB, 0 %
2026/08/29 22:02:43.101, 0 MiB, 0 %
2026/08/29 22:02:45.102, 0 MiB, 0 %
2026/08/29 22:02:47.102, 0 MiB, 0 %
2026/08/29 22:02:49.102, 0 MiB, 0 %
2026/08/29 22:02:51.103, 0 MiB, 0 %
2026/08/29 22:02:53.103, 0 MiB, 0 %
2026/08/29 22:02:55.103, 0 MiB, 0 %
2026/08/29 22:02:57.104, 0 MiB, 0 %
2026/08/29 22:02:59.104, 0 MiB, 0 %
2026/08/29 22:03:01.104, 0 MiB, 0 %
2026/08/29 22:03:03.105, 0 MiB, 0 %
2026/08/29 22:03:05.105, 0 MiB, 0 %
2026/08/29 22:03:07.105, 0 MiB, 0 %
2026/08/29 22:03:09.106, 0 MiB, 0 %
2026/08/29 22:03:11.106, 0 MiB, 0 %
2026/08/29 22:03:13.106, 0 MiB, 0 %
2026/08/29 22:03:15.107, 0 MiB, 0 %
2026/08/29 22:03:17.107, 0 MiB, 0 %
2026/08/29 22:03:19.107, 0 MiB, 0 %
2026/08/29 22:03:21.107, 0 MiB, 0 %
2026/08/29 22:03:23.108, 0 MiB, 0 %
2026/08/29 22:03:25.108, 0 MiB, 0 %
2026/08/29 22:03:27.108, 0 MiB, 0 %
2026/08/29 22:03:29.109, 0 MiB, 0 %
2026/08/29 22:03:31.109, 0 MiB, 0 %
2026/08/29 22:03:33.109, 0 MiB, 0 %
2026/08/29 22:03:35.110, 0 MiB, 0 %
2026/08/29 22:03:37.110, 0 MiB, 0 %
2026/08/29 22:03:39.110, 0 MiB, 0 %
2026/08/29 22:03:41.111, 0 MiB, 0 %
2026/08/29 22:03:43.111, 0 MiB, 0 %
2026/08/29 22:03:45.111, 0 MiB, 0 %
2026/08/29 22:03:47.112, 0 MiB, 0 %
2026/08/29 22:03:49.112, 0 MiB, 0 %
2026/08/29 22:03:51.112, 0 MiB, 0 %
2026/08/29 22:03:53.113, 0 MiB, 0 %
2026/08/29 22:03:55.113, 0 MiB, 0 %
2026/08/29 22:03:57.113, 0 MiB, 0 %
2026/08/29 22:03:59.114, 0 MiB, 0 %
2026/08/29 22:04:01.114, 0 MiB, 0 %
2026/08/29 22:04:03.114, 0 MiB, 0 %
2026/08/29 22:04:05.115, 0 MiB, 0 %
2026/08/29 22:04:07.115, 0 MiB, 0 %
2026/08/29 22:04:09.115, 0 MiB, 0 %
2026/08/29 22:04:11.115, 0 MiB, 0 %
2026/08/29 22:04:13.116, 0 MiB, 0 %
2026/08/29 22:04:15.116, 0 MiB, 0 %
2026/08/29 22:04:17.116, 0 MiB, 0 %
2026/08/29 22:04:19.117, 0 MiB, 0 %
2026/08/29 22:04:21.117, 0 MiB, 0 %
2026/08/29 22:04:23.117, 0 MiB, 0 %
2026/08/29 22:04:25.118, 0 MiB, 0 %
2026/08/29 22:04:27.118, 0 MiB, 0 %
2026/08/29 22:04:29.118, 0 MiB, 0 %
2026/08/29 22:04:31.119, 0 MiB, 0 %
2026/08/29 22:04:33.119, 0 MiB, 0 %
2026/08/29 22:04:35.119, 0 MiB, 0 %
2026/08/29 22:04:37.120, 0 MiB, 0 %
2026/08/29 22:04:39.120, 0 MiB, 0 %
2026/08/29 22:04:41.120, 0 MiB, 0 %
2026/08/29 22:04:43.121, 0 MiB, 0 %
2026/08/29 22:04:45.121, 0 MiB, 0 %
2026/08/29 22:04:47.121, 0 MiB, 0 %
2026/08/29 22:04:49.121, 0 MiB, 0 %
2026/08/29 22:04:51.122, 0 MiB, 0 %
2026/08/29 22:04:53.122, 0 MiB, 0 %
2026/08/29 22:04:55.122, 0 MiB, 0 %
2026/08/29 22:04:57.123, 0 MiB, 0 %
2026/08/29 22:04:59.123, 0 MiB, 0 %
2026/08/29 22:05:01.123, 0 MiB, 0 %
2026/08/29 22:05:03.123, 0 MiB, 0 %
2026/08/29 22:05:05.124, 0 MiB, 0 %
2026/08/29 22:05:07.124, 0 MiB, 0 %
2026/08/29 22:05:09.124, 0 MiB, 0 %
2026/08/29 22:05:11.125, 0 MiB, 0 %
2026/08/29 22:05:13.125, 0 MiB, 0 %
2026/08/29 22:05:15.125, 0 MiB, 0 %
2026/08/29 22:05:17.126, 0 MiB, 0 %
2026/08/29 22:05:19.126, 0 MiB, 0 %
2026/08/29 22:05:21.126, 0 MiB, 0 %
2026/08/29 22:05:23.127, 0 MiB, 0 %
2026/08/29 22:05:25.127, 0 MiB, 0 %
2026/08/29 22:05:27.127, 0 MiB, 0 %
2026/08/29 22:05:29.127, 0 MiB, 0 %
2026/08/29 22:05:31.128, 0 MiB, 0 %
2026/08/29 22:05:33.128, 0 MiB, 0 %
2026/08/29 22:05:35.128, 0 MiB, 0 %
2026/08/29 22:05:37.129, 0 MiB, 0 %
2026/08/29 22:05:39.129, 0 MiB, 0 %
2026/08/29 22:05:41.129, 0 MiB, 0 %
2026/08/29 22:05:43.130, 0 MiB, 0 %
2026/08/29 22:05:45.130, 0 MiB, 0 %
2026/08/29 22:05:47.130, 0 MiB, 0 %
2026/08/29 22:05:49.131, 0 MiB, 0 %
2026/08/29 22:05:51.131, 0 MiB, 0 %
2026/08/29 22:05:53.131, 0 MiB, 0 %
2026/08/29 22:05:55.131, 0 MiB, 0 %
2026/08/29 22:05:57.132, 0 MiB, 0 %
2026/08/29 22:05:59.132, 0 MiB, 0 %
2026/08/29 22:06:01.132, 0 MiB, 0 %
2026/08/29 22:06:03.133, 0 MiB, 0 %
2026/08/29 22:06:05.133, 0 MiB, 0 %
2026/08/29 22:06:07.133, 0 MiB, 0 %
2026/08/29 22:06:09.134, 0 MiB, 0 %
2026/08/29 22:06:11.134, 0 MiB, 0 %
2026/08/29 22:06:13.134, 0 MiB, 0 %
2026/08/29 22:06:15.134, 0 MiB, 0 %
2026/08/29 22:06:17.135, 0 MiB, 0 %
2026/08/29 22:06:19.135, 0 MiB, 0 %
2026/08/29 22:06:21.135, 0 MiB, 0 %
2026/08/29 22:06:23.136, 0 MiB, 0 %
2026/08/29 22:06:25.136, 0 MiB, 0 %
2026/08/29 22:06:27.136, 0 MiB, 0 %
2026/08/29 22:06:29.137, 0 MiB, 0 %
2026/08/29 22:06:31.137, 0 MiB, 0 %
2026/08/29 22:06:33.137, 0 MiB, 0 %
2026/08/29 22:06:35.138, 0 MiB, 0 %
2026/08/29 22:06:37.138, 0 MiB, 0 %
2026/08/29 22:06:39.138, 0 MiB, 0 %
2026/08/29 22:06:41.138, 0 MiB, 0 %
2026/08/29 22:06:43.139, 0 MiB, 0 %
2026/08/29 22:06:45.139, 0 MiB, 0 %
2026/08/29 22:06:47.139, 0 MiB, 0 %
2026/08/29 22:06:49.140, 0 MiB, 0 %
2026/08/29 22:06:51.140, 0 MiB, 0 %
2026/08/29 22:06:53.140, 0 MiB, 0 %
2026/08/29 22:06:55.141, 0 MiB, 0 %
2026/08/29 22:06:57.141, 0 MiB, 0 %
2026/08/29 22:06:59.141, 0 MiB, 0 %
2026/08/29 22:07:01.142, 0 MiB, 0 %
2026/08/29 22:07:03.142, 0 MiB, 0 %
2026/08/29 22:07:05.142, 0 MiB, 0 %
2026/08/29 22:07:07.143, 0 MiB, 0 %
2026/08/29 22:07:09.143, 0 MiB, 0 %
2026/08/29 22:07:11.143, 0 MiB, 0 %
2026/08/29 22:07:13.144, 0 MiB, 0 %
2026/08/29 22:07:15.144, 0 MiB, 0 %
2026/08/29 22:07:17.144, 0 MiB, 0 %
2026/08/29 22:07:19.144, 0 MiB, 0 %
2026/08/29 22:07:21.145, 0 MiB, 0 %
2026/08/29 22:07:23.145, 0 MiB, 0 %
2026/08/29 22:07:25.145, 0 MiB, 0 %
2026/08/29 22:07:27.146, 0 MiB, 0 %
2026/08/29 22:07:29.146, 0 MiB, 0 %
2026/08/29 22:07:31.146, 0 MiB, 0 %
2026/08/29 22:07:33.147, 0 MiB, 0 %
2026/08/29 22:07:35.147, 0 MiB, 0 %
2026/08/29 22:07:37.147, 0 MiB, 0 %
2026/08/29 22:07:39.147, 0 MiB, 0 %
2026/08/29 22:07:41.148, 0 MiB, 0 %
2026/08/29 22:07:43.148, 0 MiB, 0 %
2026/08/29 22:07:45.148, 0 MiB, 0 %
2026/08/29 22:07:47.149, 0 MiB, 0 %
2026/08/29 22:07:49.149, 0 MiB, 0 %
2026/08/29 22:07:51.149, 0 MiB, 0 %
2026/08/29 22:07:53.150, 0 MiB, 0 %
2026/08/29 22:07:55.150, 0 MiB, 0 %
2026/08/29 22:07:57.150, 0 MiB, 0 %
2026/08/29 22:07:59.151, 0 MiB, 0 %
2026/08/29 22:08:01.151, 0 MiB, 0 %
2026/08/29 22:08:03.151, 0 MiB, 0 %
2026/08/29 22:08:05.151, 0 MiB, 0 %
2026/08/29 22:08:07.152, 0 MiB, 0 %
2026/08/29 22:08:09.152, 0 MiB, 0 %
2026/08/29 22:08:11.152, 0 MiB, 0 %
2026/08/29 22:08:13.153, 0 MiB, 0 %
2026/08/29 22:08:15.153, 0 MiB, 0 %
2026/08/29 22:08:17.153, 0 MiB, 0 %
2026/08/29 22:08:19.154, 0 MiB, 0 %
2026/08/29 22:08:21.154, 0 MiB, 0 %
2026/08/29 22:08:23.154, 0 MiB, 0 %
2026/08/29 22:08:25.155, 0 MiB, 0 %
2026/08/29 22:08:27.155, 0 MiB, 0 %
2026/08/29 22:08:29.155, 0 MiB, 0 %
2026/08/29 22:08:31.156, 0 MiB, 0 %
2026/08/29 22:08:33.156, 0 MiB, 0 %
2026/08/29 22:08:35.156, 0 MiB, 0 %
2026/08/29 22:08:37.157, 0 MiB, 0 %
2026/08/29 22:08:39.157, 0 MiB, 0 %
2026/08/29 22:08:41.157, 0 MiB, 0 %
2026/08/29 22:08:43.158, 0 MiB, 0 %
2026/08/29 22:08:45.158, 0 MiB, 0 %
2026/08/29 22:08:47.158, 0 MiB, 0 %
2026/08/29 22:08:49.158, 0 MiB, 0 %
2026/08/29 22:08:51.159, 0 MiB, 0 %
2026/08/29 22:08:53.159, 0 MiB, 0 %
2026/08/29 22:08:55.159, 0 MiB, 0 %
2026/08/29 22:08:57.160, 0 MiB, 0 %
2026/08/29 22:08:59.160, 0 MiB, 0 %
2026/08/29 22:09:01.160, 0 MiB, 0 %
2026/08/29 22:09:03.161, 0 MiB, 0 %
2026/08/29 22:09:05.161, 0 MiB, 0 %
2026/08/29 22:09:07.161, 0 MiB, 0 %
2026/08/29 22:09:09.162, 0 MiB, 0 %
2026/08/29 22:09:11.162, 0 MiB, 0 %
2026/08/29 22:09:13.162, 0 MiB, 0 %
2026/08/29 22:09:15.162, 0 MiB, 0 %
2026/08/29 22:09:17.163, 0 MiB, 0 %
2026/08/29 22:09:19.163, 0 MiB, 0 %
2026/08/29 22:09:21.163, 0 MiB, 0 %
2026/08/29 22:09:23.164, 0 MiB, 0 %
2026/08/29 22:09:25.164, 0 MiB, 0 %
2026/08/29 22:09:27.164, 0 MiB, 0 %
2026/08/29 22:09:29.164, 0 MiB, 0 %
2026/08/29 22:09:31.165, 0 MiB, 0 %
2026/08/29 22:09:33.165, 0 MiB, 0 %
2026/08/29 22:09:35.165, 0 MiB, 0 %
2026/08/29 22:09:37.166, 0 MiB, 0 %
2026/08/29 22:09:39.166, 0 MiB, 0 %
2026/08/29 22:09:41.166, 0 MiB, 0 %
2026/08/29 22:09:43.167, 0 MiB, 0 %
2026/08/29 22:09:45.167, 0 MiB, 0 %
2026/08/29 22:09:47.167, 0 MiB, 0 %
2026/08/29 22:09:49.167, 0 MiB, 0 %
2026/08/29 22:09:51.168, 0 MiB, 0 %
2026/08/29 22:09:53.168, 0 MiB, 0 %
2026/08/29 22:09:55.168, 0 MiB, 0 %
2026/08/29 22:09:57.169, 0 MiB, 0 %
2026/08/29 22:09:59.169, 0 MiB, 0 %
2026/08/29 22:10:01.169, 0 MiB, 0 %
2026/08/29 22:10:03.169, 0 MiB, 0 %
2026/08/29 22:10:05.170, 0 MiB, 0 %
2026/08/29 22:10:07.170, 0 MiB, 0 %
2026/08/29 22:10:09.170, 0 MiB, 0 %
2026/08/29 22:10:11.171, 0 MiB, 0 %
2026/08/29 22:10:13.171, 0 MiB, 0 %
2026/08/29 22:10:15.171, 0 MiB, 0 %
2026/08/29 22:10:17.171, 0 MiB, 0 %
2026/08/29 22:10:19.172, 0 MiB, 0 %
2026/08/29 22:10:21.172, 0 MiB, 0 %
2026/08/29 22:10:23.172, 0 MiB, 0 %
2026/08/29 22:10:25.172, 0 MiB, 0 %
2026/08/29 22:10:27.173, 0 MiB, 0 %
2026/08/29 22:10:29.173, 0 MiB, 0 %
2026/08/29 22:10:31.173, 0 MiB, 0 %
2026/08/29 22:10:33.173, 0 MiB, 0 %
2026/08/29 22:10:35.174, 0 MiB, 0 %
2026/08/29 22:10:37.174, 0 MiB, 0 %
2026/08/29 22:10:39.174, 0 MiB, 0 %
2026/08/29 22:10:41.175, 0 MiB, 0 %
2026/08/29 22:10:43.175, 0 MiB, 0 %
2026/08/29 22:10:45.175, 0 MiB, 0 %
2026/08/29 22:10:47.176, 0 MiB, 0 %
2026/08/29 22:10:49.176, 0 MiB, 0 %
2026/08/29 22:10:51.176, 0 MiB, 0 %
2026/08/29 22:10:53.177, 0 MiB, 0 %
2026/08/29 22:10:55.177, 0 MiB, 0 %
2026/08/29 22:10:57.178, 0 MiB, 0 %
2026/08/29 22:10:59.178, 0 MiB, 0 %
2026/08/29 22:11:01.178, 0 MiB, 0 %
2026/08/29 22:11:03.179, 0 MiB, 0 %
2026/08/29 22:11:05.179, 0 MiB, 0 %
2026/08/29 22:11:07.179, 0 MiB, 0 %
2026/08/29 22:11:09.180, 0 MiB, 0 %
2026/08/29 22:11:11.180, 0 MiB, 0 %
2026/08/29 22:11:13.180, 0 MiB, 0 %
2026/08/29 22:11:15.180, 0 MiB, 0 %
2026/08/29 22:11:17.180, 0 MiB, 0 %
2026/08/29 22:11:19.180, 0 MiB, 0 %
2026/08/29 22:11:21.181, 0 MiB, 0 %
2026/08/29 22:11:23.181, 0 MiB, 0 %
2026/08/29 22:11:25.181, 0 MiB, 0 %
2026/08/29 22:11:27.181, 0 MiB, 0 %
2026/08/29 22:11:29.181, 0 MiB, 0 %
2026/08/29 22:11:31.181, 0 MiB, 0 %
2026/08/29 22:11:33.182, 0 MiB, 0 %
2026/08/29 22:11:35.182, 0 MiB, 0 %
2026/08/29 22:11:37.182, 0 MiB, 0 %
2026/08/29 22:11:39.182, 0 MiB, 0 %
2026/08/29 22:11:41.182, 0 MiB, 0 %
2026/08/29 22:11:43.182, 0 MiB, 0 %
2026/08/29 22:11:45.183, 0 MiB, 0 %
2026/08/29 22:11:47.183, 0 MiB, 0 %
2026/08/29 22:11:49.183, 0 MiB, 0 %
2026/08/29 22:11:51.183, 0 MiB, 0 %
2026/08/29 22:11:53.183, 0 MiB, 0 %
2026/08/29 22:11:55.183, 0 MiB, 0 %
2026/08/29 22:11:57.184, 0 MiB, 0 %
2026/08/29 22:11:59.184, 0 MiB, 0 %
2026/08/29 22:12:01.184, 0 MiB, 0 %
2026/08/29 22:12:03.184, 0 MiB, 0 %
2026/08/29 22:12:05.184, 0 MiB, 0 %
2026/08/29 22:12:07.185, 0 MiB, 0 %
2026/08/29 22:12:09.185, 0 MiB, 0 %
2026/08/29 22:12:11.185, 0 MiB, 0 %
2026/08/29 22:12:13.185, 0 MiB, 0 %
2026/08/29 22:12:15.185, 0 MiB, 0 %
2026/08/29 22:12:17.185, 0 MiB, 0 %
2026/08/29 22:12:19.185, 0 MiB, 0 %
2026/08/29 22:12:21.185, 0 MiB, 0 %
2026/08/29 22:12:23.186, 0 MiB, 0 %
2026/08/29 22:12:25.186, 0 MiB, 0 %
2026/08/29 22:12:27.186, 0 MiB, 0 %
2026/08/29 22:12:29.186, 0 MiB, 0 %
2026/08/29 22:12:31.186, 0 MiB, 0 %
2026/08/29 22:12:33.187, 0 MiB, 0 %
2026/08/29 22:12:35.187, 0 MiB, 0 %
2026/08/29 22:12:37.187, 0 MiB, 0 %
2026/08/29 22:12:39.187, 0 MiB, 0 %
2026/08/29 22:12:41.187, 0 MiB, 0 %
2026/08/29 22:12:43.188, 0 MiB, 0 %
2026/08/29 22:12:45.188, 0 MiB, 0 %
2026/08/29 22:12:47.188, 0 MiB, 0 %
2026/08/29 22:12:49.188, 0 MiB, 0 %
2026/08/29 22:12:51.188, 0 MiB, 0 %
2026/08/29 22:12:53.188, 0 MiB, 0 %
2026/08/29 22:12:55.188, 0 MiB, 0 %
2026/08/29 22:12:57.189, 0 MiB, 0 %
2026/08/29 22:12:59.189, 0 MiB, 0 %
2026/08/29 22:13:01.189, 0 MiB, 0 %
2026/08/29 22:13:03.189, 0 MiB, 0 %
2026/08/29 22:13:05.189, 0 MiB, 0 %
2026/08/29 22:13:07.190, 0 MiB, 0 %
2026/08/29 22:13:09.190, 0 MiB, 0 %
2026/08/29 22:13:11.190, 0 MiB, 0 %
2026/08/29 22:13:13.190, 0 MiB, 0 %
2026/08/29 22:13:15.190, 0 MiB, 0 %
2026/08/29 22:13:17.191, 0 MiB, 0 %
2026/08/29 22:13:19.191, 0 MiB, 0 %
2026/08/29 22:13:21.191, 0 MiB, 0 %
2026/08/29 22:13:23.192, 0 MiB, 0 %
2026/08/29 22:13:25.192, 0 MiB, 0 %
2026/08/29 22:13:27.192, 0 MiB, 0 %
2026/08/29 22:13:29.193, 0 MiB, 0 %
2026/08/29 22:13:31.193, 0 MiB, 0 %
2026/08/29 22:13:33.193, 0 MiB, 0 %
2026/08/29 22:13:35.194, 0 MiB, 0 %
2026/08/29 22:13:37.194, 0 MiB, 0 %
2026/08/29 22:13:39.194, 0 MiB, 0 %
2026/08/29 22:13:41.195, 0 MiB, 0 %
2026/08/29 22:13:43.195, 0 MiB, 0 %
2026/08/29 22:13:45.195, 0 MiB, 0 %
2026/08/29 22:13:47.195, 0 MiB, 0 %
2026/08/29 22:13:49.196, 0 MiB, 0 %
2026/08/29 22:13:51.196, 0 MiB, 0 %
2026/08/29 22:13:53.196, 0 MiB, 0 %
2026/08/29 22:13:55.196, 0 MiB, 0 %
2026/08/29 22:13:57.196, 0 MiB, 0 %
2026/08/29 22:13:59.196, 0 MiB, 0 %
2026/08/29 22:14:01.196, 0 MiB, 0 %
2026/08/29 22:14:03.197, 0 MiB, 0 %
2026/08/29 22:14:05.197, 0 MiB, 0 %
2026/08/29 22:14:07.197, 0 MiB, 0 %
2026/08/29 22:14:09.197, 0 MiB, 0 %
2026/08/29 22:14:11.197, 0 MiB, 0 %
2026/08/29 22:14:13.198, 0 MiB, 0 %
2026/08/29 22:14:15.198, 0 MiB, 0 %
2026/08/29 22:14:17.198, 0 MiB, 0 %
2026/08/29 22:14:19.198, 0 MiB, 0 %
2026/08/29 22:14:21.198, 0 MiB, 0 %
2026/08/29 22:14:23.198, 0 MiB, 0 %
2026/08/29 22:14:25.199, 0 MiB, 0 %
2026/08/29 22:14:27.199, 0 MiB, 0 %
2026/08/29 22:14:29.199, 0 MiB, 0 %
2026/08/29 22:14:31.199, 0 MiB, 0 %
2026/08/29 22:14:33.199, 0 MiB, 0 %
2026/08/29 22:14:35.200, 0 MiB, 0 %
2026/08/29 22:14:37.200, 0 MiB, 0 %
2026/08/29 22:14:39.200, 0 MiB, 0 %
2026/08/29 22:14:41.200, 0 MiB, 0 %
2026/08/29 22:14:43.200, 0 MiB, 0 %
2026/08/29 22:14:45.200, 0 MiB, 0 %
2026/08/29 22:14:47.200, 0 MiB, 0 %
2026/08/29 22:14:49.200, 0 MiB, 0 %
2026/08/29 22:14:51.201, 0 MiB, 0 %
2026/08/29 22:14:53.201, 0 MiB, 0 %
2026/08/29 22:14:55.201, 0 MiB, 0 %
2026/08/29 22:14:57.201, 0 MiB, 0 %
2026/08/29 22:14:59.202, 0 MiB, 0 %
2026/08/29 22:15:01.202, 0 MiB, 0 %
2026/08/29 22:15:03.202, 0 MiB, 0 %
2026/08/29 22:15:05.203, 0 MiB, 0 %
2026/08/29 22:15:07.203, 0 MiB, 0 %
2026/08/29 22:15:09.203, 0 MiB, 0 %
2026/08/29 22:15:11.204, 0 MiB, 0 %
2026/08/29 22:15:13.204, 0 MiB, 0 %
2026/08/29 22:15:15.204, 0 MiB, 0 %
2026/08/29 22:15:17.205, 0 MiB, 0 %
2026/08/29 22:15:19.205, 0 MiB, 0 %
2026/08/29 22:15:21.205, 0 MiB, 0 %
2026/08/29 22:15:23.206, 0 MiB, 0 %
2026/08/29 22:15:25.206, 0 MiB, 0 %
2026/08/29 22:15:27.206, 0 MiB, 0 %
2026/08/29 22:15:29.206, 0 MiB, 0 %
2026/08/29 22:15:31.207, 0 MiB, 0 %
2026/08/29 22:15:33.207, 0 MiB, 0 %
2026/08/29 22:15:35.207, 0 MiB, 0 %
2026/08/29 22:15:37.207, 0 MiB, 0 %
2026/08/29 22:15:39.208, 0 MiB, 0 %
2026/08/29 22:15:41.208, 0 MiB, 0 %
2026/08/29 22:15:43.208, 0 MiB, 0 %
2026/08/29 22:15:45.209, 0 MiB, 0 %
2026/08/29 22:15:47.209, 0 MiB, 0 %
2026/08/29 22:15:49.209, 0 MiB, 0 %
2026/08/29 22:15:51.209, 0 MiB, 0 %
2026/08/29 22:15:53.210, 0 MiB, 0 %
2026/08/29 22:15:55.210, 0 MiB, 0 %
2026/08/29 22:15:57.210, 0 MiB, 0 %
2026/08/29 22:15:59.211, 0 MiB, 0 %
2026/08/29 22:16:01.211, 0 MiB, 0 %
2026/08/29 22:16:03.211, 0 MiB, 0 %
2026/08/29 22:16:05.212, 0 MiB, 0 %
2026/08/29 22:16:07.212, 0 MiB, 0 %
2026/08/29 22:16:09.212, 0 MiB, 0 %
2026/08/29 22:16:11.213, 0 MiB, 0 %
2026/08/29 22:16:13.213, 0 MiB, 0 %
2026/08/29 22:16:15.213, 0 MiB, 0 %
2026/08/29 22:16:17.213, 0 MiB, 0 %
2026/08/29 22:16:19.213, 0 MiB, 0 %
2026/08/29 22:16:21.213, 0 MiB, 0 %
2026/08/29 22:16:23.213, 0 MiB, 0 %
2026/08/29 22:16:25.214, 0 MiB, 0 %
2026/08/29 22:16:27.214, 0 MiB, 0 %
2026/08/29 22:16:29.214, 0 MiB, 0 %
2026/08/29 22:16:31.215, 0 MiB, 0 %
2026/08/29 22:16:33.215, 0 MiB, 0 %
2026/08/29 22:16:35.215, 0 MiB, 0 %
2026/08/29 22:16:37.216, 0 MiB, 0 %
2026/08/29 22:16:39.216, 0 MiB, 0 %
2026/08/29 22:16:41.216, 0 MiB, 0 %
2026/08/29 22:16:43.217, 0 MiB, 0 %
2026/08/29 22:16:45.217, 0 MiB, 0 %
2026/08/29 22:16:47.217, 0 MiB, 0 %
2026/08/29 22:16:49.218, 0 MiB, 0 %
2026/08/29 22:16:51.218, 0 MiB, 0 %
2026/08/29 22:16:53.218, 0 MiB, 0 %
2026/08/29 22:16:55.218, 0 MiB, 0 %
2026/08/29 22:16:57.219, 0 MiB, 0 %
2026/08/29 22:16:59.219, 0 MiB, 0 %
2026/08/29 22:17:01.219, 0 MiB, 0 %
2026/08/29 22:17:03.220, 0 MiB, 0 %
2026/08/29 22:17:05.220, 0 MiB, 0 %
2026/08/29 22:17:07.220, 0 MiB, 0 %
2026/08/29 22:17:09.220, 0 MiB, 0 %
2026/08/29 22:17:11.220, 0 MiB, 0 %
2026/08/29 22:17:13.221, 0 MiB, 0 %
2026/08/29 22:17:15.221, 0 MiB, 0 %
2026/08/29 22:17:17.221, 0 MiB, 0 %
2026/08/29 22:17:19.222, 0 MiB, 0 %
2026/08/29 22:17:21.222, 0 MiB, 0 %
2026/08/29 22:17:23.222, 0 MiB, 0 %
2026/08/29 22:17:25.223, 0 MiB, 0 %
2026/08/29 22:17:27.223, 0 MiB, 0 %
2026/08/29 22:17:29.223, 0 MiB, 0 %
2026/08/29 22:17:31.224, 0 MiB, 0 %
2026/08/29 22:17:33.224, 0 MiB, 0 %
2026/08/29 22:17:35.224, 0 MiB, 0 %
2026/08/29 22:17:37.224, 0 MiB, 0 %
2026/08/29 22:17:39.225, 0 MiB, 0 %
2026/08/29 22:17:41.225, 0 MiB, 0 %
2026/08/29 22:17:43.225, 0 MiB, 0 %
2026/08/29 22:17:45.226, 0 MiB, 0 %
2026/08/29 22:17:47.226, 0 MiB, 0 %
2026/08/29 22:17:49.226, 0 MiB, 0 %
2026/08/29 22:17:51.227, 0 MiB, 0 %
2026/08/29 22:17:53.227, 0 MiB, 0 %
2026/08/29 22:17:55.227, 0 MiB, 0 %
2026/08/29 22:17:57.227, 0 MiB, 0 %
2026/08/29 22:17:59.228, 0 MiB, 0 %
2026/08/29 22:18:01.228, 0 MiB, 0 %
2026/08/29 22:18:03.228, 0 MiB, 0 %
2026/08/29 22:18:05.229, 0 MiB, 0 %
2026/08/29 22:18:07.229, 0 MiB, 0 %
2026/08/29 22:18:09.229, 0 MiB, 0 %
2026/08/29 22:18:11.230, 0 MiB, 0 %
2026/08/29 22:18:13.230, 0 MiB, 0 %
2026/08/29 22:18:15.230, 0 MiB, 0 %
2026/08/29 22:18:17.231, 0 MiB, 0 %
2026/08/29 22:18:19.231, 0 MiB, 0 %
2026/08/29 22:18:21.231, 0 MiB, 0 %
2026/08/29 22:18:23.231, 0 MiB, 0 %
2026/08/29 22:18:25.232, 0 MiB, 0 %
2026/08/29 22:18:27.232, 0 MiB, 0 %
2026/08/29 22:18:29.232, 0 MiB, 0 %
2026/08/29 22:18:31.233, 0 MiB, 0 %
2026/08/29 22:18:33.233, 0 MiB, 0 %
2026/08/29 22:18:35.233, 0 MiB, 0 %
2026/08/29 22:18:37.233, 0 MiB, 0 %
2026/08/29 22:18:39.234, 0 MiB, 0 %
2026/08/29 22:18:41.234, 0 MiB, 0 %
2026/08/29 22:18:43.234, 0 MiB, 0 %
2026/08/29 22:18:45.235, 0 MiB, 0 %
2026/08/29 22:18:47.235, 0 MiB, 0 %
2026/08/29 22:18:49.235, 0 MiB, 0 %
2026/08/29 22:18:51.235, 0 MiB, 0 %
2026/08/29 22:18:53.236, 0 MiB, 0 %
2026/08/29 22:18:55.236, 0 MiB, 0 %
2026/08/29 22:18:57.236, 0 MiB, 0 %
2026/08/29 22:18:59.237, 0 MiB, 0 %
2026/08/29 22:19:01.237, 0 MiB, 0 %
2026/08/29 22:19:03.237, 0 MiB, 0 %
2026/08/29 22:19:05.238, 0 MiB, 0 %
2026/08/29 22:19:07.238, 0 MiB, 0 %
2026/08/29 22:19:09.238, 0 MiB, 0 %
2026/08/29 22:19:11.239, 0 MiB, 0 %
2026/08/29 22:19:13.239, 0 MiB, 0 %
2026/08/29 22:19:15.239, 0 MiB, 0 %
2026/08/29 22:19:17.239, 0 MiB, 0 %
2026/08/29 22:19:19.239, 0 MiB, 0 %
2026/08/29 22:19:21.240, 0 MiB, 0 %
2026/08/29 22:19:23.240, 0 MiB, 0 %
2026/08/29 22:19:25.240, 0 MiB, 0 %
2026/08/29 22:19:27.241, 0 MiB, 0 %
2026/08/29 22:19:29.241, 0 MiB, 0 %
2026/08/29 22:19:31.241, 0 MiB, 0 %
2026/08/29 22:19:33.242, 0 MiB, 0 %
2026/08/29 22:19:35.242, 0 MiB, 0 %
2026/08/29 22:19:37.242, 0 MiB, 0 %
2026/08/29 22:19:39.243, 0 MiB, 0 %
2026/08/29 22:19:41.243, 0 MiB, 0 %
2026/08/29 22:19:43.243, 0 MiB, 0 %
2026/08/29 22:19:45.243, 0 MiB, 0 %
2026/08/29 22:19:47.244, 0 MiB, 0 %
2026/08/29 22:19:49.244, 0 MiB, 0 %
2026/08/29 22:19:51.244, 0 MiB, 0 %
2026/08/29 22:19:53.245, 0 MiB, 0 %
2026/08/29 22:19:55.245, 0 MiB, 0 %
2026/08/29 22:19:57.245, 0 MiB, 0 %
2026/08/29 22:19:59.245, 0 MiB, 0 %
2026/08/29 22:20:01.246, 0 MiB, 0 %
2026/08/29 22:20:03.246, 0 MiB, 0 %
2026/08/29 22:20:05.246, 0 MiB, 0 %
2026/08/29 22:20:07.247, 0 MiB, 0 %
2026/08/29 22:20:09.247, 0 MiB, 0 %
2026/08/29 22:20:11.247, 0 MiB, 0 %
2026/08/29 22:20:13.248, 0 MiB, 0 %
2026/08/29 22:20:15.248, 0 MiB, 0 %
2026/08/29 22:20:17.248, 0 MiB, 0 %
2026/08/29 22:20:19.248, 0 MiB, 0 %
2026/08/29 22:20:21.249, 0 MiB, 0 %
2026/08/29 22:20:23.249, 0 MiB, 0 %
2026/08/29 22:20:25.249, 0 MiB, 0 %
2026/08/29 22:20:27.250, 0 MiB, 0 %
2026/08/29 22:20:29.250, 0 MiB, 0 %
2026/08/29 22:20:31.250, 0 MiB, 0 %
2026/08/29 22:20:33.251, 0 MiB, 0 %
2026/08/29 22:20:35.251, 0 MiB, 0 %
2026/08/29 22:20:37.251, 0 MiB, 0 %
2026/08/29 22:20:39.252, 0 MiB, 0 %
2026/08/29 22:20:41.252, 0 MiB, 0 %
2026/08/29 22:20:43.252, 0 MiB, 0 %
2026/08/29 22:20:45.252, 0 MiB, 0 %
2026/08/29 22:20:47.252, 0 MiB, 0 %
2026/08/29 22:20:49.253, 0 MiB, 0 %
2026/08/29 22:20:51.253, 0 MiB, 0 %
2026/08/29 22:20:53.253, 0 MiB, 0 %
2026/08/29 22:20:55.254, 0 MiB, 0 %
2026/08/29 22:20:57.254, 0 MiB, 0 %
2026/08/29 22:20:59.254, 0 MiB, 0 %
2026/08/29 22:21:01.254, 0 MiB, 0 %
2026/08/29 22:21:03.254, 0 MiB, 0 %
2026/08/29 22:21:05.255, 0 MiB, 0 %
2026/08/29 22:21:07.255, 0 MiB, 0 %
2026/08/29 22:21:09.255, 0 MiB, 0 %
2026/08/29 22:21:11.255, 0 MiB, 0 %
2026/08/29 22:21:13.255, 0 MiB, 0 %
2026/08/29 22:21:15.255, 0 MiB, 0 %
2026/08/29 22:21:17.255, 0 MiB, 0 %
2026/08/29 22:21:19.256, 0 MiB, 0 %
2026/08/29 22:21:21.256, 0 MiB, 0 %
2026/08/29 22:21:23.256, 0 MiB, 0 %
2026/08/29 22:21:25.256, 0 MiB, 0 %
2026/08/29 22:21:27.256, 0 MiB, 0 %
2026/08/29 22:21:29.257, 0 MiB, 0 %
2026/08/29 22:21:31.257, 0 MiB, 0 %
2026/08/29 22:21:33.257, 0 MiB, 0 %
2026/08/29 22:21:35.257, 0 MiB, 0 %
2026/08/29 22:21:37.257, 0 MiB, 0 %
2026/08/29 22:21:39.257, 0 MiB, 0 %
2026/08/29 22:21:41.257, 0 MiB, 0 %
2026/08/29 22:21:43.258, 0 MiB, 0 %
2026/08/29 22:21:45.258, 0 MiB, 0 %
2026/08/29 22:21:47.258, 0 MiB, 0 %
2026/08/29 22:21:49.258, 0 MiB, 0 %
2026/08/29 22:21:51.259, 0 MiB, 0 %
2026/08/29 22:21:53.259, 0 MiB, 0 %
2026/08/29 22:21:55.259, 0 MiB, 0 %
2026/08/29 22:21:57.259, 0 MiB, 0 %
2026/08/29 22:21:59.260, 0 MiB, 0 %
2026/08/29 22:22:01.260, 0 MiB, 0 %
2026/08/29 22:22:03.260, 0 MiB, 0 %
2026/08/29 22:22:05.260, 0 MiB, 0 %
2026/08/29 22:22:07.260, 0 MiB, 0 %
2026/08/29 22:22:09.261, 0 MiB, 0 %
2026/08/29 22:22:11.261, 0 MiB, 0 %
2026/08/29 22:22:13.261, 0 MiB, 0 %
2026/08/29 22:22:15.261, 0 MiB, 0 %
2026/08/29 22:22:17.261, 0 MiB, 0 %
2026/08/29 22:22:19.261, 0 MiB, 0 %
2026/08/29 22:22:21.262, 0 MiB, 0 %
2026/08/29 22:22:23.262, 0 MiB, 0 %
2026/08/29 22:22:25.262, 0 MiB, 0 %
2026/08/29 22:22:27.262, 0 MiB, 0 %
2026/08/29 22:22:29.262, 0 MiB, 0 %
2026/08/29 22:22:31.262, 0 MiB, 0 %
2026/08/29 22:22:33.263, 0 MiB, 0 %
2026/08/29 22:22:35.263, 0 MiB, 0 %
2026/08/29 22:22:37.263, 0 MiB, 0 %
2026/08/29 22:22:39.263, 0 MiB, 0 %
2026/08/29 22:22:41.263, 0 MiB, 0 %
2026/08/29 22:22:43.264, 0 MiB, 0 %
2026/08/29 22:22:45.264, 0 MiB, 0 %
2026/08/29 22:22:47.264, 0 MiB, 0 %
2026/08/29 22:22:49.264, 0 MiB, 0 %
2026/08/29 22:22:51.264, 0 MiB, 0 %
2026/08/29 22:22:53.265, 0 MiB, 0 %
2026/08/29 22:22:55.265, 0 MiB, 0 %
2026/08/29 22:22:57.265, 0 MiB, 0 %
2026/08/29 22:22:59.265, 0 MiB, 0 %
2026/08/29 22:23:01.266, 0 MiB, 0 %
2026/08/29 22:23:03.266, 0 MiB, 0 %
2026/08/29 22:23:05.266, 0 MiB, 0 %
2026/08/29 22:23:07.266, 0 MiB, 0 %
2026/08/29 22:23:09.266, 0 MiB, 0 %
2026/08/29 22:23:11.267, 0 MiB, 0 %
2026/08/29 22:23:13.267, 0 MiB, 0 %
2026/08/29 22:23:15.267, 0 MiB, 0 %
2026/08/29 22:23:17.267, 0 MiB, 0 %
2026/08/29 22:23:19.267, 0 MiB, 0 %
2026/08/29 22:23:21.268, 0 MiB, 0 %
2026/08/29 22:23:23.268, 0 MiB, 0 %
2026/08/29 22:23:25.268, 0 MiB, 0 %
2026/08/29 22:23:27.268, 0 MiB, 0 %
2026/08/29 22:23:29.269, 0 MiB, 0 %
2026/08/29 22:23:31.269, 0 MiB, 0 %
2026/08/29 22:23:33.269, 0 MiB, 0 %
2026/08/29 22:23:35.269, 0 MiB, 0 %
2026/08/29 22:23:37.270, 0 MiB, 0 %
2026/08/29 22:23:39.270, 0 MiB, 0 %
2026/08/29 22:23:41.270, 0 MiB, 0 %
2026/08/29 22:23:43.270, 0 MiB, 0 %
2026/08/29 22:23:45.270, 0 MiB, 0 %
2026/08/29 22:23:47.271, 0 MiB, 0 %
2026/08/29 22:23:49.271, 0 MiB, 0 %
2026/08/29 22:23:51.282, 0 MiB, 0 %
2026/08/29 22:23:53.282, 0 MiB, 0 %
2026/08/29 22:23:55.282, 0 MiB, 0 %
2026/08/29 22:23:57.283, 0 MiB, 0 %
2026/08/29 22:23:59.283, 0 MiB, 0 %
2026/08/29 22:24:01.283, 0 MiB, 0 %
2026/08/29 22:24:03.283, 0 MiB, 0 %
2026/08/29 22:24:05.283, 0 MiB, 0 %
2026/08/29 22:24:07.283, 0 MiB, 0 %
2026/08/29 22:24:09.284, 0 MiB, 0 %
2026/08/29 22:24:11.284, 0 MiB, 0 %
2026/08/29 22:24:13.284, 0 MiB, 0 %
2026/08/29 22:24:15.284, 0 MiB, 0 %
2026/08/29 22:24:17.285, 0 MiB, 0 %
2026/08/29 22:24:19.285, 0 MiB, 0 %
2026/08/29 22:24:21.285, 0 MiB, 0 %
2026/08/29 22:24:23.285, 0 MiB, 0 %
2026/08/29 22:24:25.285, 0 MiB, 0 %
2026/08/29 22:24:27.286, 0 MiB, 0 %
2026/08/29 22:24:29.286, 0 MiB, 0 %
2026/08/29 22:24:31.286, 0 MiB, 0 %
2026/08/29 22:24:33.286, 0 MiB, 0 %
2026/08/29 22:24:35.287, 0 MiB, 0 %
2026/08/29 22:24:37.287, 0 MiB, 0 %
2026/08/29 22:24:39.287, 0 MiB, 0 %
2026/08/29 22:24:41.287, 0 MiB, 0 %
2026/08/29 22:24:43.287, 0 MiB, 0 %
2026/08/29 22:24:45.288, 0 MiB, 0 %
2026/08/29 22:24:47.288, 0 MiB, 0 %
2026/08/29 22:24:49.288, 0 MiB, 0 %
2026/08/29 22:24:51.289, 0 MiB, 0 %
2026/08/29 22:24:53.289, 0 MiB, 0 %
2026/08/29 22:24:55.289, 0 MiB, 0 %
2026/08/29 22:24:57.289, 0 MiB, 0 %
2026/08/29 22:24:59.290, 0 MiB, 0 %
2026/08/29 22:25:01.290, 0 MiB, 0 %
2026/08/29 22:25:03.290, 0 MiB, 0 %
2026/08/29 22:25:05.290, 0 MiB, 0 %
2026/08/29 22:25:07.290, 0 MiB, 0 %
2026/08/29 22:25:09.291, 0 MiB, 0 %
2026/08/29 22:25:11.291, 0 MiB, 0 %
2026/08/29 22:25:13.291, 0 MiB, 0 %
2026/08/29 22:25:15.291, 0 MiB, 0 %
2026/08/29 22:25:17.292, 0 MiB, 0 %
2026/08/29 22:25:19.292, 0 MiB, 0 %
2026/08/29 22:25:21.292, 0 MiB, 0 %
2026/08/29 22:25:23.292, 0 MiB, 0 %
2026/08/29 22:25:25.292, 0 MiB, 0 %
2026/08/29 22:25:27.293, 0 MiB, 0 %
2026/08/29 22:25:29.293, 0 MiB, 0 %
2026/08/29 22:25:31.293, 0 MiB, 0 %
2026/08/29 22:25:33.293, 0 MiB, 0 %
2026/08/29 22:25:35.294, 0 MiB, 0 %
2026/08/29 22:25:37.294, 0 MiB, 0 %
2026/08/29 22:25:39.294, 0 MiB, 0 %
2026/08/29 22:25:41.294, 0 MiB, 0 %
2026/08/29 22:25:43.295, 0 MiB, 0 %
2026/08/29 22:25:45.295, 0 MiB, 0 %
2026/08/29 22:25:47.295, 0 MiB, 0 %
2026/08/29 22:25:49.295, 0 MiB, 0 %
2026/08/29 22:25:51.295, 0 MiB, 0 %
2026/08/29 22:25:53.296, 0 MiB, 0 %
2026/08/29 22:25:55.296, 0 MiB, 0 %
2026/08/29 22:25:57.296, 0 MiB, 0 %
2026/08/29 22:25:59.296, 0 MiB, 0 %
2026/08/29 22:26:01.297, 0 MiB, 0 %
2026/08/29 22:26:03.297, 0 MiB, 0 %
2026/08/29 22:26:05.297, 0 MiB, 0 %
2026/08/29 22:26:07.297, 0 MiB, 0 %
2026/08/29 22:26:09.297, 0 MiB, 0 %
2026/08/29 22:26:11.311, 0 MiB, 0 %
2026/08/29 22:26:13.311, 0 MiB, 0 %
2026/08/29 22:26:15.311, 0 MiB, 0 %
2026/08/29 22:26:17.311, 0 MiB, 0 %
2026/08/29 22:26:19.312, 0 MiB, 0 %
2026/08/29 22:26:21.312, 0 MiB, 0 %
2026/08/29 22:26:23.312, 0 MiB, 0 %
2026/08/29 22:26:25.312, 0 MiB, 0 %
2026/08/29 22:26:27.313, 0 MiB, 0 %
2026/08/29 22:26:29.313, 0 MiB, 0 %
2026/08/29 22:26:31.313, 0 MiB, 0 %
2026/08/29 22:26:33.314, 0 MiB, 0 %
2026/08/29 22:26:35.314, 0 MiB, 0 %
2026/08/29 22:26:37.314, 0 MiB, 0 %
2026/08/29 22:26:39.314, 0 MiB, 0 %
2026/08/29 22:26:41.314, 0 MiB, 0 %
2026/08/29 22:26:43.314, 0 MiB, 0 %
2026/08/29 22:26:45.315, 0 MiB, 0 %
2026/08/29 22:26:47.315, 0 MiB, 0 %
2026/08/29 22:26:49.315, 0 MiB, 0 %
2026/08/29 22:26:51.315, 0 MiB, 0 %
2026/08/29 22:26:53.315, 0 MiB, 0 %
2026/08/29 22:26:55.316, 0 MiB, 0 %
2026/08/29 22:26:57.316, 0 MiB, 0 %
2026/08/29 22:26:59.316, 0 MiB, 0 %
2026/08/29 22:27:01.316, 0 MiB, 0 %
2026/08/29 22:27:03.316, 0 MiB, 0 %
2026/08/29 22:27:05.316, 0 MiB, 0 %
2026/08/29 22:27:07.317, 0 MiB, 0 %
2026/08/29 22:27:09.317, 0 MiB, 0 %
2026/08/29 22:27:11.317, 0 MiB, 0 %
2026/08/29 22:27:13.317, 0 MiB, 0 %
2026/08/29 22:27:15.318, 0 MiB, 0 %
2026/08/29 22:27:17.318, 0 MiB, 0 %
2026/08/29 22:27:19.318, 0 MiB, 0 %
2026/08/29 22:27:21.318, 0 MiB, 0 %
2026/08/29 22:27:23.318, 0 MiB, 0 %
2026/08/29 22:27:25.319, 0 MiB, 0 %
2026/08/29 22:27:27.319, 0 MiB, 0 %
2026/08/29 22:27:29.319, 0 MiB, 0 %
2026/08/29 22:27:31.319, 0 MiB, 0 %
2026/08/29 22:27:33.320, 0 MiB, 0 %
2026/08/29 22:27:35.320, 0 MiB, 0 %
2026/08/29 22:27:37.320, 0 MiB, 0 %
2026/08/29 22:27:39.320, 0 MiB, 0 %
2026/08/29 22:27:41.321, 0 MiB, 0 %
2026/08/29 22:27:43.321, 0 MiB, 0 %
2026/08/29 22:27:45.321, 0 MiB, 0 %
2026/08/29 22:27:47.321, 0 MiB, 0 %
2026/08/29 22:27:49.322, 0 MiB, 0 %
2026/08/29 22:27:51.322, 0 MiB, 0 %
2026/08/29 22:27:53.322, 0 MiB, 0 %
2026/08/29 22:27:55.322, 0 MiB, 0 %
2026/08/29 22:27:57.322, 0 MiB, 0 %
2026/08/29 22:27:59.322, 0 MiB, 0 %
2026/08/29 22:28:01.323, 0 MiB, 0 %
2026/08/29 22:28:03.323, 0 MiB, 0 %
2026/08/29 22:28:05.323, 0 MiB, 0 %
2026/08/29 22:28:07.323, 0 MiB, 0 %
2026/08/29 22:28:09.324, 0 MiB, 0 %
2026/08/29 22:28:11.324, 0 MiB, 0 %
2026/08/29 22:28:13.324, 0 MiB, 0 %
2026/08/29 22:28:15.324, 0 MiB, 0 %
2026/08/29 22:28:17.324, 0 MiB, 0 %
2026/08/29 22:28:19.324, 0 MiB, 0 %
2026/08/29 22:28:21.325, 0 MiB, 0 %
2026/08/29 22:28:23.325, 0 MiB, 0 %
2026/08/29 22:28:25.325, 0 MiB, 0 %
2026/08/29 22:28:27.325, 0 MiB, 0 %
2026/08/29 22:28:29.325, 0 MiB, 0 %
2026/08/29 22:28:31.326, 0 MiB, 0 %
2026/08/29 22:28:33.326, 0 MiB, 0 %
2026/08/29 22:28:35.326, 0 MiB, 0 %
2026/08/29 22:28:37.326, 0 MiB, 0 %
2026/08/29 22:28:39.327, 0 MiB, 0 %
2026/08/29 22:28:41.327, 0 MiB, 0 %
2026/08/29 22:28:43.327, 0 MiB, 0 %
2026/08/29 22:28:45.327, 0 MiB, 0 %
2026/08/29 22:28:47.327, 0 MiB, 0 %
2026/08/29 22:28:49.327, 0 MiB, 0 %
2026/08/29 22:28:51.328, 0 MiB, 0 %
2026/08/29 22:28:53.328, 0 MiB, 0 %
2026/08/29 22:28:55.328, 0 MiB, 0 %
2026/08/29 22:28:57.328, 0 MiB, 0 %
2026/08/29 22:28:59.328, 0 MiB, 0 %
2026/08/29 22:29:01.328, 0 MiB, 0 %
2026/08/29 22:29:03.329, 0 MiB, 0 %
2026/08/29 22:29:05.329, 0 MiB, 0 %
2026/08/29 22:29:07.329, 0 MiB, 0 %
2026/08/29 22:29:09.329, 0 MiB, 0 %
2026/08/29 22:29:11.329, 0 MiB, 0 %
2026/08/29 22:29:13.330, 0 MiB, 0 %
2026/08/29 22:29:15.330, 0 MiB, 0 %
2026/08/29 22:29:17.330, 0 MiB, 0 %
2026/08/29 22:29:19.330, 0 MiB, 0 %
2026/08/29 22:29:21.331, 0 MiB, 0 %
2026/08/29 22:29:23.331, 0 MiB, 0 %
2026/08/29 22:29:25.331, 0 MiB, 0 %
2026/08/29 22:29:27.331, 0 MiB, 0 %
2026/08/29 22:29:29.332, 0 MiB, 0 %
2026/08/29 22:29:31.332, 0 MiB, 0 %
2026/08/29 22:29:33.332, 0 MiB, 0 %
2026/08/29 22:29:35.333, 0 MiB, 0 %
2026/08/29 22:29:37.333, 0 MiB, 0 %
2026/08/29 22:29:39.333, 0 MiB, 0 %
2026/08/29 22:29:41.333, 0 MiB, 0 %
2026/08/29 22:29:43.334, 0 MiB, 0 %
2026/08/29 22:29:45.334, 0 MiB, 0 %
2026/08/29 22:29:47.334, 0 MiB, 0 %
2026/08/29 22:29:49.334, 0 MiB, 0 %
2026/08/29 22:29:51.335, 0 MiB, 0 %
2026/08/29 22:29:53.335, 0 MiB, 0 %
2026/08/29 22:29:55.335, 0 MiB, 0 %
2026/08/29 22:29:57.335, 0 MiB, 0 %
2026/08/29 22:29:59.336, 0 MiB, 0 %
2026/08/29 22:30:01.336, 0 MiB, 0 %
2026/08/29 22:30:03.336, 0 MiB, 0 %
2026/08/29 22:30:05.336, 0 MiB, 0 %
2026/08/29 22:30:07.336, 0 MiB, 0 %
2026/08/29 22:30:09.337, 0 MiB, 0 %
2026/08/29 22:30:11.337, 0 MiB, 0 %
2026/08/29 22:30:13.337, 0 MiB, 0 %
2026/08/29 22:30:15.337, 0 MiB, 0 %
2026/08/29 22:30:17.337, 0 MiB, 0 %
2026/08/29 22:30:19.338, 0 MiB, 0 %
2026/08/29 22:30:21.338, 0 MiB, 0 %
2026/08/29 22:30:23.338, 0 MiB, 0 %
2026/08/29 22:30:25.338, 0 MiB, 0 %
2026/08/29 22:30:27.338, 0 MiB, 0 %
2026/08/29 22:30:29.339, 0 MiB, 0 %
2026/08/29 22:30:31.339, 0 MiB, 0 %
2026/08/29 22:30:33.339, 0 MiB, 0 %
2026/08/29 22:30:35.339, 0 MiB, 0 %
2026/08/29 22:30:37.340, 0 MiB, 0 %
2026/08/29 22:30:39.340, 0 MiB, 0 %
2026/08/29 22:30:41.340, 0 MiB, 0 %
2026/08/29 22:30:43.340, 0 MiB, 0 %
2026/08/29 22:30:45.340, 0 MiB, 0 %
2026/08/29 22:30:47.340, 0 MiB, 0 %
2026/08/29 22:30:49.341, 0 MiB, 0 %
2026/08/29 22:30:51.341, 0 MiB, 0 %
2026/08/29 22:30:53.341, 0 MiB, 0 %
2026/08/29 22:30:55.341, 0 MiB, 0 %
2026/08/29 22:30:57.341, 0 MiB, 0 %
2026/08/29 22:30:59.341, 0 MiB, 0 %
2026/08/29 22:31:01.342, 0 MiB, 0 %
2026/08/29 22:31:03.342, 0 MiB, 0 %
2026/08/29 22:31:05.342, 0 MiB, 0 %
2026/08/29 22:31:07.342, 0 MiB, 0 %
2026/08/29 22:31:09.342, 0 MiB, 0 %
2026/08/29 22:31:11.342, 0 MiB, 0 %
2026/08/29 22:31:13.343, 0 MiB, 0 %
2026/08/29 22:31:15.343, 0 MiB, 0 %
2026/08/29 22:31:17.343, 0 MiB, 0 %
2026/08/29 22:31:19.343, 0 MiB, 0 %
2026/08/29 22:31:21.344, 0 MiB, 0 %
2026/08/29 22:31:23.344, 0 MiB, 0 %
2026/08/29 22:31:25.344, 0 MiB, 0 %
2026/08/29 22:31:27.344, 0 MiB, 0 %
2026/08/29 22:31:29.344, 0 MiB, 0 %
2026/08/29 22:31:31.345, 0 MiB, 0 %
2026/08/29 22:31:33.345, 0 MiB, 0 %
2026/08/29 22:31:35.345, 0 MiB, 0 %
2026/08/29 22:31:37.345, 0 MiB, 0 %
2026/08/29 22:31:39.345, 0 MiB, 0 %
2026/08/29 22:31:41.346, 0 MiB, 0 %
2026/08/29 22:31:43.346, 0 MiB, 0 %
2026/08/29 22:31:45.346, 0 MiB, 0 %
2026/08/29 22:31:47.346, 0 MiB, 0 %
2026/08/29 22:31:49.346, 0 MiB, 0 %
2026/08/29 22:31:51.346, 0 MiB, 0 %
2026/08/29 22:31:53.346, 0 MiB, 0 %
2026/08/29 22:31:55.347, 0 MiB, 0 %
2026/08/29 22:31:57.347, 0 MiB, 0 %
2026/08/29 22:31:59.347, 0 MiB, 0 %
2026/08/29 22:32:01.347, 0 MiB, 0 %
2026/08/29 22:32:03.347, 0 MiB, 0 %
2026/08/29 22:32:05.347, 0 MiB, 0 %
2026/08/29 22:32:07.347, 0 MiB, 0 %
2026/08/29 22:32:09.348, 0 MiB, 0 %
2026/08/29 22:32:11.348, 0 MiB, 0 %
2026/08/29 22:32:13.348, 0 MiB, 0 %
2026/08/29 22:32:15.348, 0 MiB, 0 %
2026/08/29 22:32:17.348, 0 MiB, 0 %
2026/08/29 22:32:19.348, 0 MiB, 0 %
2026/08/29 22:32:21.349, 0 MiB, 0 %
2026/08/29 22:32:23.349, 0 MiB, 0 %
2026/08/29 22:32:25.349, 0 MiB, 0 %
2026/08/29 22:32:27.349, 0 MiB, 0 %
2026/08/29 22:32:29.349, 0 MiB, 0 %
2026/08/29 22:32:31.349, 0 MiB, 0 %
2026/08/29 22:32:33.350, 0 MiB, 0 %
2026/08/29 22:32:35.350, 0 MiB, 0 %
2026/08/29 22:32:37.350, 0 MiB, 0 %
2026/08/29 22:32:39.350, 0 MiB, 0 %
2026/08/29 22:32:41.350, 0 MiB, 0 %
2026/08/29 22:32:43.350, 0 MiB, 0 %
2026/08/29 22:32:45.350, 0 MiB, 0 %
2026/08/29 22:32:47.350, 0 MiB, 0 %
2026/08/29 22:32:49.351, 0 MiB, 0 %
2026/08/29 22:32:51.351, 0 MiB, 0 %
2026/08/29 22:32:53.351, 0 MiB, 0 %
2026/08/29 22:32:55.351, 0 MiB, 0 %
2026/08/29 22:32:57.351, 0 MiB, 0 %
2026/08/29 22:32:59.352, 0 MiB, 0 %
2026/08/29 22:33:01.352, 0 MiB, 0 %
2026/08/29 22:33:03.352, 0 MiB, 0 %
2026/08/29 22:33:05.352, 0 MiB, 0 %
2026/08/29 22:33:07.352, 0 MiB, 0 %
2026/08/29 22:33:09.352, 0 MiB, 0 %
2026/08/29 22:33:11.352, 0 MiB, 0 %
2026/08/29 22:33:13.353, 0 MiB, 0 %
2026/08/29 22:33:15.353, 0 MiB, 0 %
2026/08/29 22:33:17.353, 0 MiB, 0 %
2026/08/29 22:33:19.353, 0 MiB, 0 %
2026/08/29 22:33:21.354, 0 MiB, 0 %
2026/08/29 22:33:23.354, 0 MiB, 0 %
2026/08/29 22:33:25.354, 0 MiB, 0 %
2026/08/29 22:33:27.354, 0 MiB, 0 %
2026/08/29 22:33:29.354, 0 MiB, 0 %
2026/08/29 22:33:31.355, 0 MiB, 0 %
2026/08/29 22:33:33.355, 0 MiB, 0 %
2026/08/29 22:33:35.355, 0 MiB, 0 %
2026/08/29 22:33:37.355, 0 MiB, 0 %
2026/08/29 22:33:39.355, 0 MiB, 0 %
2026/08/29 22:33:41.355, 0 MiB, 0 %
2026/08/29 22:33:43.355, 0 MiB, 0 %
2026/08/29 22:33:45.355, 0 MiB, 0 %
2026/08/29 22:33:47.356, 0 MiB, 0 %
2026/08/29 22:33:49.356, 0 MiB, 0 %
2026/08/29 22:33:51.356, 0 MiB, 0 %
2026/08/29 22:33:53.356, 0 MiB, 0 %
2026/08/29 22:33:55.356, 0 MiB, 0 %
2026/08/29 22:33:57.356, 0 MiB, 0 %
2026/08/29 22:33:59.357, 0 MiB, 0 %
2026/08/29 22:34:01.357, 0 MiB, 0 %
2026/08/29 22:34:03.357, 0 MiB, 0 %
2026/08/29 22:34:05.357, 0 MiB, 0 %
2026/08/29 22:34:07.357, 0 MiB, 0 %
2026/08/29 22:34:09.357, 0 MiB, 0 %
2026/08/29 22:34:11.358, 0 MiB, 0 %
2026/08/29 22:34:13.358, 0 MiB, 0 %
2026/08/29 22:34:15.358, 0 MiB, 0 %
2026/08/29 22:34:17.358, 0 MiB, 0 %
2026/08/29 22:34:19.358, 0 MiB, 0 %
2026/08/29 22:34:21.359, 0 MiB, 0 %
2026/08/29 22:34:23.359, 0 MiB, 0 %
2026/08/29 22:34:25.359, 0 MiB, 0 %
2026/08/29 22:34:27.359, 0 MiB, 0 %
2026/08/29 22:34:29.359, 0 MiB, 0 %
2026/08/29 22:34:31.359, 0 MiB, 0 %
2026/08/29 22:34:33.360, 0 MiB, 0 %
2026/08/29 22:34:35.360, 0 MiB, 0 %
2026/08/29 22:34:37.360, 0 MiB, 0 %
2026/08/29 22:34:39.360, 0 MiB, 0 %
2026/08/29 22:34:41.360, 0 MiB, 0 %
2026/08/29 22:34:43.361, 0 MiB, 0 %
2026/08/29 22:34:45.361, 0 MiB, 0 %
2026/08/29 22:34:47.361, 0 MiB, 0 %
2026/08/29 22:34:49.361, 0 MiB, 0 %
2026/08/29 22:34:51.361, 0 MiB, 0 %
2026/08/29 22:34:53.362, 0 MiB, 0 %
2026/08/29 22:34:55.362, 0 MiB, 0 %
2026/08/29 22:34:57.362, 0 MiB, 0 %
2026/08/29 22:34:59.362, 0 MiB, 0 %
2026/08/29 22:35:01.363, 0 MiB, 0 %
2026/08/29 22:35:03.363, 0 MiB, 0 %
2026/08/29 22:35:05.363, 0 MiB, 0 %
2026/08/29 22:35:07.363, 0 MiB, 0 %
2026/08/29 22:35:09.363, 0 MiB, 0 %
2026/08/29 22:35:11.364, 0 MiB, 0 %
2026/08/29 22:35:13.364, 0 MiB, 0 %
2026/08/29 22:35:15.364, 0 MiB, 0 %
2026/08/29 22:35:17.364, 0 MiB, 0 %
2026/08/29 22:35:19.365, 0 MiB, 0 %
2026/08/29 22:35:21.365, 0 MiB, 0 %
2026/08/29 22:35:23.365, 0 MiB, 0 %
2026/08/29 22:35:25.365, 0 MiB, 0 %
2026/08/29 22:35:27.365, 0 MiB, 0 %
2026/08/29 22:35:29.365, 0 MiB, 0 %
2026/08/29 22:35:31.366, 0 MiB, 0 %
2026/08/29 22:35:33.366, 0 MiB, 0 %
2026/08/29 22:35:35.366, 0 MiB, 0 %
2026/08/29 22:35:37.366, 0 MiB, 0 %
2026/08/29 22:35:39.366, 0 MiB, 0 %
2026/08/29 22:35:41.366, 0 MiB, 0 %
2026/08/29 22:35:43.367, 0 MiB, 0 %
2026/08/29 22:35:45.367, 0 MiB, 0 %
2026/08/29 22:35:47.367, 0 MiB, 0 %
2026/08/29 22:35:49.367, 0 MiB, 0 %
2026/08/29 22:35:51.367, 0 MiB, 0 %
2026/08/29 22:35:53.367, 0 MiB, 0 %
2026/08/29 22:35:55.367, 0 MiB, 0 %
2026/08/29 22:35:57.368, 0 MiB, 0 %
2026/08/29 22:35:59.368, 0 MiB, 0 %
2026/08/29 22:36:01.368, 0 MiB, 0 %
2026/08/29 22:36:03.368, 0 MiB, 0 %
2026/08/29 22:36:05.368, 0 MiB, 0 %
2026/08/29 22:36:07.369, 0 MiB, 0 %
2026/08/29 22:36:09.369, 0 MiB, 0 %
2026/08/29 22:36:11.369, 0 MiB, 0 %
2026/08/29 22:36:13.369, 0 MiB, 0 %
2026/08/29 22:36:15.369, 0 MiB, 0 %
2026/08/29 22:36:17.369, 0 MiB, 0 %
2026/08/29 22:36:19.370, 0 MiB, 0 %
2026/08/29 22:36:21.370, 0 MiB, 0 %
2026/08/29 22:36:23.370, 0 MiB, 0 %
2026/08/29 22:36:25.370, 0 MiB, 0 %
2026/08/29 22:36:27.370, 0 MiB, 0 %
2026/08/29 22:36:29.371, 0 MiB, 0 %
2026/08/29 22:36:31.371, 0 MiB, 0 %
2026/08/29 22:36:33.371, 0 MiB, 0 %
2026/08/29 22:36:35.371, 0 MiB, 0 %
2026/08/29 22:36:37.371, 0 MiB, 0 %
2026/08/29 22:36:39.372, 0 MiB, 0 %
2026/08/29 22:36:41.372, 0 MiB, 0 %
2026/08/29 22:36:43.372, 0 MiB, 0 %
2026/08/29 22:36:45.372, 0 MiB, 0 %
2026/08/29 22:36:47.372, 0 MiB, 0 %
2026/08/29 22:36:49.372, 0 MiB, 0 %
2026/08/29 22:36:51.373, 0 MiB, 0 %
2026/08/29 22:36:53.373, 0 MiB, 0 %
2026/08/29 22:36:55.373, 0 MiB, 0 %
2026/08/29 22:36:57.373, 0 MiB, 0 %
2026/08/29 22:36:59.373, 0 MiB, 0 %
2026/08/29 22:37:01.374, 0 MiB, 0 %
2026/08/29 22:37:03.374, 0 MiB, 0 %
2026/08/29 22:37:05.374, 0 MiB, 0 %
2026/08/29 22:37:07.374, 0 MiB, 0 %
2026/08/29 22:37:09.374, 0 MiB, 0 %
2026/08/29 22:37:11.374, 0 MiB, 0 %
2026/08/29 22:37:13.374, 0 MiB, 0 %
2026/08/29 22:37:15.375, 0 MiB, 0 %
2026/08/29 22:37:17.375, 0 MiB, 0 %
2026/08/29 22:37:19.375, 0 MiB, 0 %
2026/08/29 22:37:21.375, 0 MiB, 0 %
2026/08/29 22:37:23.376, 0 MiB, 0 %
2026/08/29 22:37:25.376, 0 MiB, 0 %
2026/08/29 22:37:27.376, 0 MiB, 0 %
2026/08/29 22:37:29.376, 0 MiB, 0 %
2026/08/29 22:37:31.376, 0 MiB, 0 %
2026/08/29 22:37:33.376, 0 MiB, 0 %
2026/08/29 22:37:35.377, 0 MiB, 0 %
2026/08/29 22:37:37.377, 0 MiB, 0 %
2026/08/29 22:37:39.377, 0 MiB, 0 %
2026/08/29 22:37:41.377, 0 MiB, 0 %
2026/08/29 22:37:43.377, 0 MiB, 0 %
2026/08/29 22:37:45.378, 0 MiB, 0 %
2026/08/29 22:37:47.378, 0 MiB, 0 %
2026/08/29 22:37:49.378, 0 MiB, 0 %
2026/08/29 22:37:51.378, 0 MiB, 0 %
2026/08/29 22:37:53.378, 0 MiB, 0 %
2026/08/29 22:37:55.379, 0 MiB, 0 %
2026/08/29 22:37:57.379, 0 MiB, 0 %
2026/08/29 22:37:59.379, 0 MiB, 0 %
2026/08/29 22:38:01.379, 0 MiB, 0 %
2026/08/29 22:38:03.379, 0 MiB, 0 %
2026/08/29 22:38:05.380, 0 MiB, 0 %
2026/08/29 22:38:07.380, 0 MiB, 0 %
2026/08/29 22:38:09.380, 0 MiB, 0 %
2026/08/29 22:38:11.380, 0 MiB, 0 %
2026/08/29 22:38:13.380, 0 MiB, 0 %
2026/08/29 22:38:15.380, 0 MiB, 0 %
2026/08/29 22:38:17.380, 0 MiB, 0 %
2026/08/29 22:38:19.381, 0 MiB, 0 %
2026/08/29 22:38:21.381, 0 MiB, 0 %
2026/08/29 22:38:23.381, 0 MiB, 0 %
2026/08/29 22:38:25.381, 0 MiB, 0 %
2026/08/29 22:38:27.381, 0 MiB, 0 %
2026/08/29 22:38:29.381, 0 MiB, 0 %
2026/08/29 22:38:31.381, 0 MiB, 0 %
2026/08/29 22:38:33.382, 0 MiB, 0 %
2026/08/29 22:38:35.382, 0 MiB, 0 %
2026/08/29 22:38:37.382, 0 MiB, 0 %
2026/08/29 22:38:39.382, 0 MiB, 0 %
2026/08/29 22:38:41.382, 0 MiB, 0 %
2026/08/29 22:38:43.382, 0 MiB, 0 %
2026/08/29 22:38:45.382, 0 MiB, 0 %
2026/08/29 22:38:47.382, 0 MiB, 0 %
2026/08/29 22:38:49.383, 0 MiB, 0 %
2026/08/29 22:38:51.383, 0 MiB, 0 %
2026/08/29 22:38:53.383, 0 MiB, 0 %
2026/08/29 22:38:55.383, 0 MiB, 0 %
2026/08/29 22:38:57.383, 0 MiB, 0 %
2026/08/29 22:38:59.383, 0 MiB, 0 %
2026/08/29 22:39:01.384, 0 MiB, 0 %
2026/08/29 22:39:03.384, 0 MiB, 0 %
2026/08/29 22:39:05.384, 0 MiB, 0 %
2026/08/29 22:39:07.384, 0 MiB, 0 %
2026/08/29 22:39:09.385, 0 MiB, 0 %
2026/08/29 22:39:11.385, 0 MiB, 0 %
2026/08/29 22:39:13.385, 0 MiB, 0 %
2026/08/29 22:39:15.386, 0 MiB, 0 %
2026/08/29 22:39:17.386, 0 MiB, 0 %
2026/08/29 22:39:19.386, 0 MiB, 0 %
2026/08/29 22:39:21.386, 0 MiB, 0 %
2026/08/29 22:39:23.386, 0 MiB, 0 %
2026/08/29 22:39:25.386, 0 MiB, 0 %
2026/08/29 22:39:27.386, 0 MiB, 0 %
2026/08/29 22:39:29.386, 0 MiB, 0 %
2026/08/29 22:39:31.387, 0 MiB, 0 %
2026/08/29 22:39:33.387, 0 MiB, 0 %
2026/08/29 22:39:35.387, 0 MiB, 0 %
2026/08/29 22:39:37.387, 0 MiB, 0 %
2026/08/29 22:39:39.387, 0 MiB, 0 %
2026/08/29 22:39:41.387, 0 MiB, 0 %
2026/08/29 22:39:43.387, 0 MiB, 0 %
2026/08/29 22:39:45.387, 0 MiB, 0 %
2026/08/29 22:39:47.388, 0 MiB, 0 %
2026/08/29 22:39:49.388, 0 MiB, 0 %
2026/08/29 22:39:51.388, 0 MiB, 0 %
2026/08/29 22:39:53.388, 0 MiB, 0 %
2026/08/29 22:39:55.388, 0 MiB, 0 %
2026/08/29 22:39:57.388, 0 MiB, 0 %
2026/08/29 22:39:59.388, 0 MiB, 0 %
2026/08/29 22:40:01.389, 0 MiB, 0 %
2026/08/29 22:40:03.389, 0 MiB, 0 %
2026/08/29 22:40:05.389, 0 MiB, 0 %
2026/08/29 22:40:07.389, 0 MiB, 0 %
2026/08/29 22:40:09.389, 0 MiB, 0 %
2026/08/29 22:40:11.389, 0 MiB, 0 %
2026/08/29 22:40:13.390, 0 MiB, 0 %
2026/08/29 22:40:15.390, 0 MiB, 0 %
2026/08/29 22:40:17.390, 0 MiB, 0 %
2026/08/29 22:40:19.390, 0 MiB, 0 %
2026/08/29 22:40:21.390, 0 MiB, 0 %
2026/08/29 22:40:23.390, 0 MiB, 0 %
2026/08/29 22:40:25.391, 0 MiB, 0 %
2026/08/29 22:40:27.391, 0 MiB, 0 %
2026/08/29 22:40:29.391, 0 MiB, 0 %
2026/08/29 22:40:31.391, 0 MiB, 0 %
2026/08/29 22:40:33.391, 0 MiB, 0 %
2026/08/29 22:40:35.391, 0 MiB, 0 %
2026/08/29 22:40:37.392, 0 MiB, 0 %
2026/08/29 22:40:39.392, 0 MiB, 0 %
2026/08/29 22:40:41.392, 0 MiB, 0 %
2026/08/29 22:40:43.392, 0 MiB, 0 %
2026/08/29 22:40:45.392, 0 MiB, 0 %
2026/08/29 22:40:47.392, 0 MiB, 0 %
2026/08/29 22:40:49.392, 0 MiB, 0 %
2026/08/29 22:40:51.392, 0 MiB, 0 %
2026/08/29 22:40:53.393, 0 MiB, 0 %
2026/08/29 22:40:55.393, 0 MiB, 0 %
2026/08/29 22:40:57.393, 0 MiB, 0 %
2026/08/29 22:40:59.393, 0 MiB, 0 %
2026/08/29 22:41:01.393, 0 MiB, 0 %
2026/08/29 22:41:03.393, 0 MiB, 0 %
2026/08/29 22:41:05.393, 0 MiB, 0 %
2026/08/29 22:41:07.393, 0 MiB, 0 %
2026/08/29 22:41:09.394, 0 MiB, 0 %
2026/08/29 22:41:11.394, 0 MiB, 0 %
2026/08/29 22:41:13.394, 0 MiB, 0 %
2026/08/29 22:41:15.394, 0 MiB, 0 %
2026/08/29 22:41:17.394, 0 MiB, 0 %
2026/08/29 22:41:19.395, 0 MiB, 0 %
2026/08/29 22:41:21.395, 0 MiB, 0 %
2026/08/29 22:41:23.395, 0 MiB, 0 %
2026/08/29 22:41:25.395, 0 MiB, 0 %
2026/08/29 22:41:27.395, 0 MiB, 0 %
2026/08/29 22:41:29.395, 0 MiB, 0 %
2026/08/29 22:41:31.395, 0 MiB, 0 %
2026/08/29 22:41:33.396, 0 MiB, 0 %
2026/08/29 22:41:35.396, 0 MiB, 0 %
2026/08/29 22:41:37.396, 0 MiB, 0 %
2026/08/29 22:41:39.396, 0 MiB, 0 %
2026/08/29 22:41:41.396, 0 MiB, 0 %
2026/08/29 22:41:43.396, 0 MiB, 0 %
2026/08/29 22:41:45.396, 0 MiB, 0 %
2026/08/29 22:41:47.396, 0 MiB, 0 %
2026/08/29 22:41:49.397, 0 MiB, 0 %
2026/08/29 22:41:51.397, 0 MiB, 0 %
2026/08/29 22:41:53.397, 0 MiB, 0 %
2026/08/29 22:41:55.397, 0 MiB, 0 %
2026/08/29 22:41:57.397, 0 MiB, 0 %
2026/08/29 22:41:59.397, 0 MiB, 0 %
2026/08/29 22:42:01.397, 0 MiB, 0 %
2026/08/29 22:42:03.397, 0 MiB, 0 %
2026/08/29 22:42:05.397, 0 MiB, 0 %
2026/08/29 22:42:07.398, 0 MiB, 0 %
2026/08/29 22:42:09.398, 0 MiB, 0 %
2026/08/29 22:42:11.398, 0 MiB, 0 %
2026/08/29 22:42:13.398, 0 MiB, 0 %
2026/08/29 22:42:15.398, 0 MiB, 0 %
2026/08/29 22:42:17.398, 0 MiB, 0 %
2026/08/29 22:42:19.399, 0 MiB, 0 %
2026/08/29 22:42:21.399, 0 MiB, 0 %
2026/08/29 22:42:23.399, 0 MiB, 0 %
2026/08/29 22:42:25.399, 0 MiB, 0 %
2026/08/29 22:42:27.399, 0 MiB, 0 %
2026/08/29 22:42:29.400, 0 MiB, 0 %
2026/08/29 22:42:31.400, 0 MiB, 0 %
2026/08/29 22:42:33.400, 0 MiB, 0 %
2026/08/29 22:42:35.400, 0 MiB, 0 %
2026/08/29 22:42:37.400, 0 MiB, 0 %
2026/08/29 22:42:39.400, 0 MiB, 0 %
2026/08/29 22:42:41.401, 0 MiB, 0 %
2026/08/29 22:42:43.401, 0 MiB, 0 %
2026/08/29 22:42:45.401, 0 MiB, 0 %
2026/08/29 22:42:47.401, 0 MiB, 0 %
2026/08/29 22:42:49.401, 0 MiB, 0 %
2026/08/29 22:42:51.401, 0 MiB, 0 %
2026/08/29 22:42:53.401, 0 MiB, 0 %
2026/08/29 22:42:55.402, 0 MiB, 0 %
2026/08/29 22:42:57.402, 0 MiB, 0 %
2026/08/29 22:42:59.402, 0 MiB, 0 %
2026/08/29 22:43:01.402, 0 MiB, 0 %
2026/08/29 22:43:03.403, 0 MiB, 0 %
2026/08/29 22:43:05.403, 0 MiB, 0 %
2026/08/29 22:43:07.403, 0 MiB, 0 %
2026/08/29 22:43:09.403, 0 MiB, 0 %
2026/08/29 22:43:11.403, 0 MiB, 0 %
2026/08/29 22:43:13.403, 0 MiB, 0 %
2026/08/29 22:43:15.403, 0 MiB, 0 %
2026/08/29 22:43:17.403, 0 MiB, 0 %
2026/08/29 22:43:19.403, 0 MiB, 0 %
2026/08/29 22:43:21.404, 0 MiB, 0 %
2026/08/29 22:43:23.404, 0 MiB, 0 %
2026/08/29 22:43:25.404, 0 MiB, 0 %
2026/08/29 22:43:27.404, 0 MiB, 0 %
2026/08/29 22:43:29.404, 0 MiB, 0 %
2026/08/29 22:43:31.404, 0 MiB, 0 %
2026/08/29 22:43:33.405, 0 MiB, 0 %
2026/08/29 22:43:35.405, 0 MiB, 0 %
2026/08/29 22:43:37.405, 0 MiB, 0 %
2026/08/29 22:43:39.405, 0 MiB, 0 %
2026/08/29 22:43:41.405, 0 MiB, 0 %
2026/08/29 22:43:43.405, 0 MiB, 0 %
2026/08/29 22:43:45.405, 0 MiB, 0 %
2026/08/29 22:43:47.405, 0 MiB, 0 %
2026/08/29 22:43:49.405, 0 MiB, 0 %
2026/08/29 22:43:51.406, 0 MiB, 0 %
2026/08/29 22:43:53.406, 0 MiB, 0 %
2026/08/29 22:43:55.406, 0 MiB, 0 %
2026/08/29 22:43:57.406, 0 MiB, 0 %
2026/08/29 22:43:59.406, 0 MiB, 0 %
2026/08/29 22:44:01.406, 0 MiB, 0 %
2026/08/29 22:44:03.406, 0 MiB, 0 %
2026/08/29 22:44:05.407, 0 MiB, 0 %
2026/08/29 22:44:07.407, 0 MiB, 0 %
2026/08/29 22:44:09.407, 0 MiB, 0 %
2026/08/29 22:44:11.407, 0 MiB, 0 %
2026/08/29 22:44:13.407, 0 MiB, 0 %
2026/08/29 22:44:15.407, 0 MiB, 0 %
2026/08/29 22:44:17.407, 0 MiB, 0 %
2026/08/29 22:44:19.407, 0 MiB, 0 %
2026/08/29 22:44:21.408, 0 MiB, 0 %
2026/08/29 22:44:23.408, 0 MiB, 0 %
2026/08/29 22:44:25.408, 0 MiB, 0 %
2026/08/29 22:44:27.408, 0 MiB, 0 %
2026/08/29 22:44:29.408, 0 MiB, 0 %
2026/08/29 22:44:31.408, 0 MiB, 0 %
2026/08/29 22:44:33.409, 0 MiB, 0 %
2026/08/29 22:44:35.409, 0 MiB, 0 %
2026/08/29 22:44:37.409, 0 MiB, 0 %
2026/08/29 22:44:39.409, 0 MiB, 0 %
2026/08/29 22:44:41.409, 0 MiB, 0 %
2026/08/29 22:44:43.409, 0 MiB, 0 %
2026/08/29 22:44:45.409, 0 MiB, 0 %
2026/08/29 22:44:47.410, 0 MiB, 0 %
2026/08/29 22:44:49.410, 0 MiB, 0 %
2026/08/29 22:44:51.410, 0 MiB, 0 %
2026/08/29 22:44:53.410, 0 MiB, 0 %
2026/08/29 22:44:55.410, 0 MiB, 0 %
2026/08/29 22:44:57.410, 0 MiB, 0 %
2026/08/29 22:44:59.411, 0 MiB, 0 %
2026/08/29 22:45:01.411, 0 MiB, 0 %
2026/08/29 22:45:03.411, 0 MiB, 0 %
2026/08/29 22:45:05.411, 0 MiB, 0 %
2026/08/29 22:45:07.411, 0 MiB, 0 %
2026/08/29 22:45:09.412, 0 MiB, 0 %
2026/08/29 22:45:11.412, 0 MiB, 0 %
2026/08/29 22:45:13.412, 0 MiB, 0 %
2026/08/29 22:45:15.412, 0 MiB, 0 %
2026/08/29 22:45:17.412, 0 MiB, 0 %
2026/08/29 22:45:19.412, 0 MiB, 0 %
2026/08/29 22:45:21.412, 0 MiB, 0 %
2026/08/29 22:45:23.413, 0 MiB, 0 %
2026/08/29 22:45:25.413, 0 MiB, 0 %
2026/08/29 22:45:27.413, 0 MiB, 0 %
2026/08/29 22:45:29.413, 0 MiB, 0 %
2026/08/29 22:45:31.413, 0 MiB, 0 %
2026/08/29 22:45:33.413, 0 MiB, 0 %
2026/08/29 22:45:35.413, 0 MiB, 0 %
2026/08/29 22:45:37.414, 0 MiB, 0 %
2026/08/29 22:45:39.414, 0 MiB, 0 %
2026/08/29 22:45:41.414, 0 MiB, 0 %
2026/08/29 22:45:43.414, 0 MiB, 0 %
2026/08/29 22:45:45.415, 0 MiB, 0 %
2026/08/29 22:45:47.415, 0 MiB, 0 %
2026/08/29 22:45:49.415, 0 MiB, 0 %
2026/08/29 22:45:51.415, 0 MiB, 0 %
2026/08/29 22:45:53.415, 0 MiB, 0 %
2026/08/29 22:45:55.415, 0 MiB, 0 %
2026/08/29 22:45:57.416, 0 MiB, 0 %
2026/08/29 22:45:59.416, 0 MiB, 0 %
2026/08/29 22:46:01.416, 0 MiB, 0 %
2026/08/29 22:46:03.416, 0 MiB, 0 %
2026/08/29 22:46:05.416, 0 MiB, 0 %
2026/08/29 22:46:07.416, 0 MiB, 0 %
2026/08/29 22:46:09.416, 0 MiB, 0 %
2026/08/29 22:46:11.417, 0 MiB, 0 %
2026/08/29 22:46:13.417, 0 MiB, 0 %
2026/08/29 22:46:15.417, 0 MiB, 0 %
2026/08/29 22:46:17.417, 0 MiB, 0 %
2026/08/29 22:46:19.417, 0 MiB, 0 %
2026/08/29 22:46:21.417, 0 MiB, 0 %
2026/08/29 22:46:23.417, 0 MiB, 0 %
2026/08/29 22:46:25.418, 0 MiB, 0 %
2026/08/29 22:46:27.418, 0 MiB, 0 %
2026/08/29 22:46:29.418, 0 MiB, 0 %
2026/08/29 22:46:31.418, 0 MiB, 0 %
2026/08/29 22:46:33.418, 0 MiB, 0 %
2026/08/29 22:46:35.418, 0 MiB, 0 %
2026/08/29 22:46:37.418, 0 MiB, 0 %
2026/08/29 22:46:39.419, 0 MiB, 0 %
2026/08/29 22:46:41.419, 0 MiB, 0 %
2026/08/29 22:46:43.419, 0 MiB, 0 %
2026/08/29 22:46:45.419, 0 MiB, 0 %
2026/08/29 22:46:47.419, 0 MiB, 0 %
2026/08/29 22:46:49.419, 0 MiB, 0 %
2026/08/29 22:46:51.419, 0 MiB, 0 %
2026/08/29 22:46:53.420, 0 MiB, 0 %
2026/08/29 22:46:55.420, 0 MiB, 0 %
2026/08/29 22:46:57.420, 0 MiB, 0 %
2026/08/29 22:46:59.420, 0 MiB, 0 %
2026/08/29 22:47:01.420, 0 MiB, 0 %
2026/08/29 22:47:03.420, 0 MiB, 0 %
2026/08/29 22:47:05.420, 0 MiB, 0 %
2026/08/29 22:47:07.420, 0 MiB, 0 %
2026/08/29 22:47:09.421, 0 MiB, 0 %
2026/08/29 22:47:11.421, 0 MiB, 0 %
2026/08/29 22:47:13.421, 0 MiB, 0 %
2026/08/29 22:47:15.421, 0 MiB, 0 %
2026/08/29 22:47:17.421, 0 MiB, 0 %
2026/08/29 22:47:19.421, 0 MiB, 0 %
2026/08/29 22:47:21.421, 0 MiB, 0 %
2026/08/29 22:47:23.421, 0 MiB, 0 %
2026/08/29 22:47:25.422, 0 MiB, 0 %
2026/08/29 22:47:27.422, 0 MiB, 0 %
2026/08/29 22:47:29.422, 0 MiB, 0 %
2026/08/29 22:47:31.422, 0 MiB, 0 %
2026/08/29 22:47:33.422, 0 MiB, 0 %
2026/08/29 22:47:35.423, 0 MiB, 0 %
2026/08/29 22:47:37.423, 0 MiB, 0 %
2026/08/29 22:47:39.423, 0 MiB, 0 %
2026/08/29 22:47:41.423, 0 MiB, 0 %
2026/08/29 22:47:43.424, 0 MiB, 0 %
2026/08/29 22:47:45.424, 0 MiB, 0 %
2026/08/29 22:47:47.424, 0 MiB, 0 %
2026/08/29 22:47:49.424, 0 MiB, 0 %
2026/08/29 22:47:51.424, 0 MiB, 0 %
2026/08/29 22:47:53.425, 0 MiB, 0 %
2026/08/29 22:47:55.425, 0 MiB, 0 %
2026/08/29 22:47:57.425, 0 MiB, 0 %
2026/08/29 22:47:59.425, 0 MiB, 0 %
2026/08/29 22:48:01.425, 0 MiB, 0 %
2026/08/29 22:48:03.425, 0 MiB, 0 %
2026/08/29 22:48:05.425, 0 MiB, 0 %
2026/08/29 22:48:07.425, 0 MiB, 0 %
2026/08/29 22:48:09.426, 0 MiB, 0 %
2026/08/29 22:48:11.426, 0 MiB, 0 %
2026/08/29 22:48:13.426, 0 MiB, 0 %
2026/08/29 22:48:15.426, 0 MiB, 0 %
2026/08/29 22:48:17.426, 0 MiB, 0 %
2026/08/29 22:48:19.426, 0 MiB, 0 %
2026/08/29 22:48:21.427, 0 MiB, 0 %
2026/08/29 22:48:23.427, 0 MiB, 0 %
2026/08/29 22:48:25.427, 0 MiB, 0 %
2026/08/29 22:48:27.427, 0 MiB, 0 %
2026/08/29 22:48:29.427, 0 MiB, 0 %
2026/08/29 22:48:31.427, 0 MiB, 0 %
2026/08/29 22:48:33.427, 0 MiB, 0 %
2026/08/29 22:48:35.428, 0 MiB, 0 %
2026/08/29 22:48:37.428, 0 MiB, 0 %
2026/08/29 22:48:39.428, 0 MiB, 0 %
2026/08/29 22:48:41.428, 0 MiB, 0 %
2026/08/29 22:48:43.428, 0 MiB, 0 %
2026/08/29 22:48:45.428, 0 MiB, 0 %
2026/08/29 22:48:47.428, 0 MiB, 0 %
2026/08/29 22:48:49.428, 0 MiB, 0 %
2026/08/29 22:48:51.429, 0 MiB, 0 %
2026/08/29 22:48:53.429, 0 MiB, 0 %
2026/08/29 22:48:55.429, 0 MiB, 0 %
2026/08/29 22:48:57.429, 0 MiB, 0 %
2026/08/29 22:48:59.429, 0 MiB, 0 %
2026/08/29 22:49:01.429, 0 MiB, 0 %
2026/08/29 22:49:03.429, 0 MiB, 0 %
2026/08/29 22:49:05.430, 0 MiB, 0 %
2026/08/29 22:49:07.430, 0 MiB, 0 %
2026/08/29 22:49:09.430, 0 MiB, 0 %
2026/08/29 22:49:11.430, 0 MiB, 0 %
2026/08/29 22:49:13.430, 0 MiB, 0 %
2026/08/29 22:49:15.430, 0 MiB, 0 %
2026/08/29 22:49:17.431, 0 MiB, 0 %
2026/08/29 22:49:19.431, 0 MiB, 0 %
2026/08/29 22:49:21.431, 0 MiB, 0 %
2026/08/29 22:49:23.431, 0 MiB, 0 %
2026/08/29 22:49:25.431, 0 MiB, 0 %
2026/08/29 22:49:27.432, 0 MiB, 0 %
2026/08/29 22:49:29.432, 0 MiB, 0 %
2026/08/29 22:49:31.432, 0 MiB, 0 %
2026/08/29 22:49:33.433, 0 MiB, 0 %
2026/08/29 22:49:35.433, 0 MiB, 0 %
2026/08/29 22:49:37.433, 0 MiB, 0 %
2026/08/29 22:49:39.433, 0 MiB, 0 %
2026/08/29 22:49:41.434, 0 MiB, 0 %
2026/08/29 22:49:43.434, 0 MiB, 0 %
2026/08/29 22:49:45.434, 0 MiB, 0 %
2026/08/29 22:49:47.435, 0 MiB, 0 %
2026/08/29 22:49:49.435, 0 MiB, 0 %
2026/08/29 22:49:51.435, 0 MiB, 0 %
2026/08/29 22:49:53.435, 0 MiB, 0 %
2026/08/29 22:49:55.435, 0 MiB, 0 %
2026/08/29 22:49:57.436, 0 MiB, 0 %
2026/08/29 22:49:59.436, 0 MiB, 0 %
2026/08/29 22:50:01.436, 0 MiB, 0 %
2026/08/29 22:50:03.436, 0 MiB, 0 %
2026/08/29 22:50:05.437, 0 MiB, 0 %
2026/08/29 22:50:07.437, 0 MiB, 0 %
2026/08/29 22:50:09.437, 0 MiB, 0 %
2026/08/29 22:50:11.437, 0 MiB, 0 %
2026/08/29 22:50:13.437, 0 MiB, 0 %
2026/08/29 22:50:15.438, 0 MiB, 0 %
2026/08/29 22:50:17.438, 0 MiB, 0 %
2026/08/29 22:50:19.438, 0 MiB, 0 %
2026/08/29 22:50:21.438, 0 MiB, 0 %
2026/08/29 22:50:23.438, 0 MiB, 0 %
2026/08/29 22:50:25.439, 0 MiB, 0 %
2026/08/29 22:50:27.439, 0 MiB, 0 %
2026/08/29 22:50:29.439, 0 MiB, 0 %
2026/08/29 22:50:31.439, 0 MiB, 0 %
2026/08/29 22:50:33.439, 0 MiB, 0 %
2026/08/29 22:50:35.440, 0 MiB, 0 %
2026/08/29 22:50:37.440, 0 MiB, 0 %
2026/08/29 22:50:39.440, 0 MiB, 0 %
2026/08/29 22:50:41.440, 0 MiB, 0 %
2026/08/29 22:50:43.440, 0 MiB, 0 %
2026/08/29 22:50:45.441, 0 MiB, 0 %
2026/08/29 22:50:47.441, 0 MiB, 0 %
2026/08/29 22:50:49.441, 0 MiB, 0 %
2026/08/29 22:50:51.441, 0 MiB, 0 %
2026/08/29 22:50:53.441, 0 MiB, 0 %
2026/08/29 22:50:55.442, 0 MiB, 0 %
2026/08/29 22:50:57.442, 0 MiB, 0 %
2026/08/29 22:50:59.442, 0 MiB, 0 %
2026/08/29 22:51:01.442, 0 MiB, 0 %
2026/08/29 22:51:03.442, 0 MiB, 0 %
2026/08/29 22:51:05.443, 0 MiB, 0 %
2026/08/29 22:51:07.443, 0 MiB, 0 %
2026/08/29 22:51:09.443, 0 MiB, 0 %
2026/08/29 22:51:11.443, 0 MiB, 0 %
2026/08/29 22:51:13.444, 0 MiB, 0 %
2026/08/29 22:51:15.444, 0 MiB, 0 %
2026/08/29 22:51:17.444, 0 MiB, 0 %
2026/08/29 22:51:19.444, 0 MiB, 0 %
2026/08/29 22:51:21.444, 0 MiB, 0 %
2026/08/29 22:51:23.445, 0 MiB, 0 %
2026/08/29 22:51:25.445, 0 MiB, 0 %
2026/08/29 22:51:27.445, 0 MiB, 0 %
2026/08/29 22:51:29.445, 0 MiB, 0 %
2026/08/29 22:51:31.446, 0 MiB, 0 %
2026/08/29 22:51:33.446, 0 MiB, 0 %
2026/08/29 22:51:35.447, 0 MiB, 0 %
2026/08/29 22:51:37.447, 0 MiB, 0 %
2026/08/29 22:51:39.448, 0 MiB, 0 %
2026/08/29 22:51:41.448, 0 MiB, 0 %
2026/08/29 22:51:43.448, 0 MiB, 0 %
2026/08/29 22:51:45.448, 0 MiB, 0 %
2026/08/29 22:51:47.448, 0 MiB, 0 %
2026/08/29 22:51:49.448, 0 MiB, 0 %
2026/08/29 22:51:51.448, 0 MiB, 0 %
2026/08/29 22:51:53.448, 0 MiB, 0 %
2026/08/29 22:51:55.449, 0 MiB, 0 %
2026/08/29 22:51:57.449, 0 MiB, 0 %
2026/08/29 22:51:59.449, 0 MiB, 0 %
2026/08/29 22:52:01.449, 0 MiB, 0 %
2026/08/29 22:52:03.449, 0 MiB, 0 %
2026/08/29 22:52:05.449, 0 MiB, 0 %
2026/08/29 22:52:07.450, 0 MiB, 0 %
2026/08/29 22:52:09.450, 0 MiB, 0 %
2026/08/29 22:52:11.450, 0 MiB, 0 %
2026/08/29 22:52:13.450, 0 MiB, 0 %
2026/08/29 22:52:15.450, 0 MiB, 0 %
2026/08/29 22:52:17.450, 0 MiB, 0 %
2026/08/29 22:52:19.450, 0 MiB, 0 %
2026/08/29 22:52:21.451, 0 MiB, 0 %
2026/08/29 22:52:23.451, 0 MiB, 0 %
2026/08/29 22:52:25.451, 0 MiB, 0 %
2026/08/29 22:52:27.451, 0 MiB, 0 %
2026/08/29 22:52:29.451, 0 MiB, 0 %
2026/08/29 22:52:31.451, 0 MiB, 0 %
2026/08/29 22:52:33.452, 0 MiB, 0 %
2026/08/29 22:52:35.452, 0 MiB, 0 %
2026/08/29 22:52:37.452, 0 MiB, 0 %
2026/08/29 22:52:39.453, 0 MiB, 0 %
2026/08/29 22:52:41.453, 0 MiB, 0 %
2026/08/29 22:52:43.453, 0 MiB, 0 %
2026/08/29 22:52:45.453, 0 MiB, 0 %
2026/08/29 22:52:47.453, 0 MiB, 0 %
2026/08/29 22:52:49.453, 0 MiB, 0 %
2026/08/29 22:52:51.454, 0 MiB, 0 %
2026/08/29 22:52:53.454, 0 MiB, 0 %
2026/08/29 22:52:55.454, 0 MiB, 0 %
2026/08/29 22:52:57.454, 0 MiB, 0 %
2026/08/29 22:52:59.454, 0 MiB, 0 %
2026/08/29 22:53:01.455, 0 MiB, 0 %
2026/08/29 22:53:03.455, 0 MiB, 0 %
2026/08/29 22:53:05.455, 0 MiB, 0 %
2026/08/29 22:53:07.455, 0 MiB, 0 %
2026/08/29 22:53:09.455, 0 MiB, 0 %
2026/08/29 22:53:11.455, 0 MiB, 0 %
2026/08/29 22:53:13.456, 0 MiB, 0 %
2026/08/29 22:53:15.456, 0 MiB, 0 %
2026/08/29 22:53:17.456, 0 MiB, 0 %
2026/08/29 22:53:19.456, 0 MiB, 0 %
2026/08/29 22:53:21.456, 0 MiB, 0 %
2026/08/29 22:53:23.456, 0 MiB, 0 %
2026/08/29 22:53:25.456, 0 MiB, 0 %
2026/08/29 22:53:27.457, 0 MiB, 0 %
2026/08/29 22:53:29.457, 0 MiB, 0 %
2026/08/29 22:53:31.457, 0 MiB, 0 %
2026/08/29 22:53:33.458, 0 MiB, 0 %
2026/08/29 22:53:35.458, 0 MiB, 0 %
2026/08/29 22:53:37.458, 0 MiB, 0 %
2026/08/29 22:53:39.459, 0 MiB, 0 %
2026/08/29 22:53:41.459, 0 MiB, 0 %
2026/08/29 22:53:43.459, 0 MiB, 0 %
2026/08/29 22:53:45.460, 0 MiB, 0 %
2026/08/29 22:53:47.460, 0 MiB, 0 %
2026/08/29 22:53:49.460, 0 MiB, 0 %
2026/08/29 22:53:51.461, 0 MiB, 0 %
2026/08/29 22:53:53.461, 0 MiB, 0 %
2026/08/29 22:53:55.461, 0 MiB, 0 %
2026/08/29 22:53:57.461, 0 MiB, 0 %
2026/08/29 22:53:59.462, 0 MiB, 0 %
2026/08/29 22:54:01.462, 0 MiB, 0 %
2026/08/29 22:54:03.462, 0 MiB, 0 %
2026/08/29 22:54:05.462, 0 MiB, 0 %
2026/08/29 22:54:07.463, 0 MiB, 0 %
2026/08/29 22:54:09.463, 0 MiB, 0 %
2026/08/29 22:54:11.463, 0 MiB, 0 %
2026/08/29 22:54:13.463, 0 MiB, 0 %
2026/08/29 22:54:15.464, 0 MiB, 0 %
2026/08/29 22:54:17.464, 0 MiB, 0 %
2026/08/29 22:54:19.464, 0 MiB, 0 %
2026/08/29 22:54:21.465, 0 MiB, 0 %
2026/08/29 22:54:23.465, 0 MiB, 0 %
2026/08/29 22:54:25.465, 0 MiB, 0 %
2026/08/29 22:54:27.466, 0 MiB, 0 %
2026/08/29 22:54:29.466, 0 MiB, 0 %
2026/08/29 22:54:31.466, 0 MiB, 0 %
2026/08/29 22:54:33.466, 0 MiB, 0 %
2026/08/29 22:54:35.467, 0 MiB, 0 %
2026/08/29 22:54:37.467, 0 MiB, 0 %
2026/08/29 22:54:39.467, 0 MiB, 0 %
2026/08/29 22:54:41.468, 0 MiB, 0 %
2026/08/29 22:54:43.468, 0 MiB, 0 %
2026/08/29 22:54:45.468, 0 MiB, 0 %
2026/08/29 22:54:47.469, 0 MiB, 0 %
2026/08/29 22:54:49.469, 0 MiB, 0 %
2026/08/29 22:54:51.469, 0 MiB, 0 %
2026/08/29 22:54:53.469, 0 MiB, 0 %
2026/08/29 22:54:55.469, 0 MiB, 0 %
2026/08/29 22:54:57.469, 0 MiB, 0 %
2026/08/29 22:54:59.470, 0 MiB, 0 %
2026/08/29 22:55:01.470, 0 MiB, 0 %
2026/08/29 22:55:03.470, 0 MiB, 0 %
2026/08/29 22:55:05.470, 0 MiB, 0 %
2026/08/29 22:55:07.470, 0 MiB, 0 %
2026/08/29 22:55:09.470, 0 MiB, 0 %
2026/08/29 22:55:11.471, 0 MiB, 0 %
2026/08/29 22:55:13.471, 0 MiB, 0 %
2026/08/29 22:55:15.472, 0 MiB, 0 %
2026/08/29 22:55:17.472, 0 MiB, 0 %
2026/08/29 22:55:19.472, 0 MiB, 0 %
2026/08/29 22:55:21.473, 0 MiB, 0 %
2026/08/29 22:55:23.473, 0 MiB, 0 %
2026/08/29 22:55:25.473, 0 MiB, 0 %
2026/08/29 22:55:27.474, 0 MiB, 0 %
2026/08/29 22:55:29.474, 0 MiB, 0 %
2026/08/29 22:55:31.474, 0 MiB, 0 %
2026/08/29 22:55:33.475, 0 MiB, 0 %
2026/08/29 22:55:35.475, 0 MiB, 0 %
2026/08/29 22:55:37.475, 0 MiB, 0 %
2026/08/29 22:55:39.476, 0 MiB, 0 %
2026/08/29 22:55:41.476, 0 MiB, 0 %
2026/08/29 22:55:43.476, 0 MiB, 0 %
2026/08/29 22:55:45.477, 0 MiB, 0 %
2026/08/29 22:55:47.477, 0 MiB, 0 %
2026/08/29 22:55:49.477, 0 MiB, 0 %
2026/08/29 22:55:51.477, 0 MiB, 0 %
2026/08/29 22:55:53.477, 0 MiB, 0 %
2026/08/29 22:55:55.478, 0 MiB, 0 %
2026/08/29 22:55:57.478, 0 MiB, 0 %
2026/08/29 22:55:59.478, 0 MiB, 0 %
2026/08/29 22:56:01.479, 0 MiB, 0 %
2026/08/29 22:56:03.479, 0 MiB, 0 %
2026/08/29 22:56:05.479, 0 MiB, 0 %
2026/08/29 22:56:07.480, 0 MiB, 0 %
2026/08/29 22:56:09.480, 0 MiB, 0 %
2026/08/29 22:56:11.480, 0 MiB, 0 %
2026/08/29 22:56:13.481, 0 MiB, 0 %
2026/08/29 22:56:15.481, 0 MiB, 0 %
2026/08/29 22:56:17.481, 0 MiB, 0 %
2026/08/29 22:56:19.482, 0 MiB, 0 %
2026/08/29 22:56:21.482, 0 MiB, 0 %
2026/08/29 22:56:23.482, 0 MiB, 0 %
2026/08/29 22:56:25.483, 0 MiB, 0 %
2026/08/29 22:56:27.483, 0 MiB, 0 %
2026/08/29 22:56:29.483, 0 MiB, 0 %
2026/08/29 22:56:31.483, 0 MiB, 0 %
2026/08/29 22:56:33.484, 0 MiB, 0 %
2026/08/29 22:56:35.484, 0 MiB, 0 %
2026/08/29 22:56:37.484, 0 MiB, 0 %
2026/08/29 22:56:39.484, 0 MiB, 0 %
2026/08/29 22:56:41.485, 0 MiB, 0 %
2026/08/29 22:56:43.485, 0 MiB, 0 %
2026/08/29 22:56:45.485, 0 MiB, 0 %
2026/08/29 22:56:47.485, 0 MiB, 0 %
2026/08/29 22:56:49.485, 0 MiB, 0 %
2026/08/29 22:56:51.485, 0 MiB, 0 %
2026/08/29 22:56:53.486, 0 MiB, 0 %
2026/08/29 22:56:55.486, 0 MiB, 0 %
2026/08/29 22:56:57.486, 0 MiB, 0 %
2026/08/29 22:56:59.486, 0 MiB, 0 %
2026/08/29 22:57:01.486, 0 MiB, 0 %
2026/08/29 22:57:03.487, 0 MiB, 0 %
2026/08/29 22:57:05.487, 0 MiB, 0 %
2026/08/29 22:57:07.487, 0 MiB, 0 %
2026/08/29 22:57:09.487, 0 MiB, 0 %
2026/08/29 22:57:11.487, 0 MiB, 0 %
2026/08/29 22:57:13.487, 0 MiB, 0 %
2026/08/29 22:57:15.487, 0 MiB, 0 %
2026/08/29 22:57:17.488, 0 MiB, 0 %
2026/08/29 22:57:19.488, 0 MiB, 0 %
2026/08/29 22:57:21.488, 0 MiB, 0 %
2026/08/29 22:57:23.488, 0 MiB, 0 %
2026/08/29 22:57:25.488, 0 MiB, 0 %
2026/08/29 22:57:27.488, 0 MiB, 0 %
2026/08/29 22:57:29.489, 0 MiB, 0 %
2026/08/29 22:57:31.489, 0 MiB, 0 %
2026/08/29 22:57:33.489, 0 MiB, 0 %
2026/08/29 22:57:35.489, 0 MiB, 0 %
2026/08/29 22:57:37.489, 0 MiB, 0 %
2026/08/29 22:57:39.489, 0 MiB, 0 %
2026/08/29 22:57:41.489, 0 MiB, 0 %
2026/08/29 22:57:43.490, 0 MiB, 0 %
2026/08/29 22:57:45.490, 0 MiB, 0 %
2026/08/29 22:57:47.490, 0 MiB, 0 %
2026/08/29 22:57:49.490, 0 MiB, 0 %
2026/08/29 22:57:51.490, 0 MiB, 0 %
2026/08/29 22:57:53.490, 0 MiB, 0 %
2026/08/29 22:57:55.491, 0 MiB, 0 %
2026/08/29 22:57:57.491, 0 MiB, 0 %
2026/08/29 22:57:59.491, 0 MiB, 0 %
2026/08/29 22:58:01.491, 0 MiB, 0 %
2026/08/29 22:58:03.491, 0 MiB, 0 %
2026/08/29 22:58:05.491, 0 MiB, 0 %
2026/08/29 22:58:07.491, 0 MiB, 0 %
2026/08/29 22:58:09.491, 0 MiB, 0 %
2026/08/29 22:58:11.492, 0 MiB, 0 %
2026/08/29 22:58:13.492, 0 MiB, 0 %
2026/08/29 22:58:15.492, 0 MiB, 0 %
2026/08/29 22:58:17.492, 0 MiB, 0 %
2026/08/29 22:58:19.492, 0 MiB, 0 %
2026/08/29 22:58:21.492, 0 MiB, 0 %
2026/08/29 22:58:23.492, 0 MiB, 0 %
2026/08/29 22:58:25.492, 0 MiB, 0 %
2026/08/29 22:58:27.493, 0 MiB, 0 %
2026/08/29 22:58:29.493, 0 MiB, 0 %
2026/08/29 22:58:31.493, 0 MiB, 0 %
2026/08/29 22:58:33.493, 0 MiB, 0 %
2026/08/29 22:58:35.494, 0 MiB, 0 %
2026/08/29 22:58:37.494, 0 MiB, 0 %
2026/08/29 22:58:39.494, 0 MiB, 0 %
2026/08/29 22:58:41.494, 0 MiB, 0 %
2026/08/29 22:58:43.495, 0 MiB, 0 %
2026/08/29 22:58:45.495, 0 MiB, 0 %
2026/08/29 22:58:47.495, 0 MiB, 0 %
2026/08/29 22:58:49.496, 0 MiB, 0 %
2026/08/29 22:58:51.496, 0 MiB, 0 %
2026/08/29 22:58:53.496, 0 MiB, 0 %
2026/08/29 22:58:55.497, 0 MiB, 0 %
2026/08/29 22:58:57.497, 0 MiB, 0 %
2026/08/29 22:58:59.497, 0 MiB, 0 %
2026/08/29 22:59:01.498, 0 MiB, 0 %
2026/08/29 22:59:03.498, 0 MiB, 0 %
2026/08/29 22:59:05.498, 0 MiB, 0 %
2026/08/29 22:59:07.499, 0 MiB, 0 %
2026/08/29 22:59:09.499, 0 MiB, 0 %
2026/08/29 22:59:11.499, 0 MiB, 0 %
2026/08/29 22:59:13.499, 0 MiB, 0 %
2026/08/29 22:59:15.499, 0 MiB, 0 %
2026/08/29 22:59:17.499, 0 MiB, 0 %
2026/08/29 22:59:19.499, 0 MiB, 0 %
2026/08/29 22:59:21.500, 0 MiB, 0 %
2026/08/29 22:59:23.500, 0 MiB, 0 %
2026/08/29 22:59:25.500, 0 MiB, 0 %
2026/08/29 22:59:27.500, 0 MiB, 0 %
2026/08/29 22:59:29.500, 0 MiB, 0 %
2026/08/29 22:59:31.500, 0 MiB, 0 %
2026/08/29 22:59:33.500, 0 MiB, 0 %
2026/08/29 22:59:35.500, 0 MiB, 0 %
2026/08/29 22:59:37.501, 0 MiB, 0 %
2026/08/29 22:59:39.501, 0 MiB, 0 %
2026/08/29 22:59:41.501, 0 MiB, 0 %
2026/08/29 22:59:43.501, 0 MiB, 0 %
2026/08/29 22:59:45.501, 0 MiB, 0 %
2026/08/29 22:59:47.501, 0 MiB, 0 %
2026/08/29 22:59:49.502, 0 MiB, 0 %
2026/08/29 22:59:51.502, 0 MiB, 0 %
2026/08/29 22:59:53.502, 0 MiB, 0 %
2026/08/29 22:59:55.502, 0 MiB, 0 %
2026/08/29 22:59:57.502, 0 MiB, 0 %
2026/08/29 22:59:59.502, 0 MiB, 0 %
2026/08/29 23:00:01.502, 0 MiB, 0 %
2026/08/29 23:00:03.502, 0 MiB, 0 %
2026/08/29 23:00:05.503, 0 MiB, 0 %
2026/08/29 23:00:07.503, 0 MiB, 0 %
2026/08/29 23:00:09.503, 0 MiB, 0 %
2026/08/29 23:00:11.503, 0 MiB, 0 %
2026/08/29 23:00:13.503, 0 MiB, 0 %
2026/08/29 23:00:15.503, 0 MiB, 0 %
2026/08/29 23:00:17.504, 0 MiB, 0 %
2026/08/29 23:00:19.504, 0 MiB, 0 %
2026/08/29 23:00:21.504, 0 MiB, 0 %
2026/08/29 23:00:23.504, 0 MiB, 0 %
2026/08/29 23:00:25.504, 0 MiB, 0 %
2026/08/29 23:00:27.504, 0 MiB, 0 %
2026/08/29 23:00:29.504, 0 MiB, 0 %
2026/08/29 23:00:31.505, 0 MiB, 0 %
2026/08/29 23:00:33.505, 0 MiB, 0 %
2026/08/29 23:00:35.505, 0 MiB, 0 %
2026/08/29 23:00:37.505, 0 MiB, 0 %
2026/08/29 23:00:39.505, 0 MiB, 0 %
2026/08/29 23:00:41.505, 0 MiB, 0 %
2026/08/29 23:00:43.505, 0 MiB, 0 %
2026/08/29 23:00:45.506, 0 MiB, 0 %
2026/08/29 23:00:47.506, 0 MiB, 0 %
2026/08/29 23:00:49.506, 0 MiB, 0 %
2026/08/29 23:00:51.506, 0 MiB, 0 %
2026/08/29 23:00:53.506, 0 MiB, 0 %
2026/08/29 23:00:55.507, 0 MiB, 0 %
2026/08/29 23:00:57.507, 0 MiB, 0 %
2026/08/29 23:00:59.507, 0 MiB, 0 %
2026/08/29 23:01:01.507, 0 MiB, 0 %
2026/08/29 23:01:03.508, 0 MiB, 0 %
2026/08/29 23:01:05.508, 0 MiB, 0 %
2026/08/29 23:01:07.508, 0 MiB, 0 %
2026/08/29 23:01:09.509, 0 MiB, 0 %
2026/08/29 23:01:11.509, 0 MiB, 0 %
2026/08/29 23:01:13.509, 0 MiB, 0 %
2026/08/29 23:01:15.510, 0 MiB, 0 %
2026/08/29 23:01:17.510, 0 MiB, 0 %
2026/08/29 23:01:19.510, 0 MiB, 0 %
2026/08/29 23:01:21.511, 0 MiB, 0 %
2026/08/29 23:01:23.511, 0 MiB, 0 %
2026/08/29 23:01:25.511, 0 MiB, 0 %
2026/08/29 23:01:27.512, 0 MiB, 0 %
2026/08/29 23:01:29.512, 0 MiB, 0 %
2026/08/29 23:01:31.512, 0 MiB, 0 %
2026/08/29 23:01:33.512, 0 MiB, 0 %
2026/08/29 23:01:35.512, 0 MiB, 0 %
2026/08/29 23:01:37.512, 0 MiB, 0 %
2026/08/29 23:01:39.513, 0 MiB, 0 %
2026/08/29 23:01:41.513, 0 MiB, 0 %
2026/08/29 23:01:43.513, 0 MiB, 0 %
2026/08/29 23:01:45.513, 0 MiB, 0 %
2026/08/29 23:01:47.513, 0 MiB, 0 %
2026/08/29 23:01:49.513, 0 MiB, 0 %
2026/08/29 23:01:51.513, 0 MiB, 0 %
2026/08/29 23:01:53.513, 0 MiB, 0 %
2026/08/29 23:01:55.513, 0 MiB, 0 %
2026/08/29 23:01:57.514, 0 MiB, 0 %
2026/08/29 23:01:59.514, 0 MiB, 0 %
2026/08/29 23:02:01.514, 0 MiB, 0 %
2026/08/29 23:02:03.514, 0 MiB, 0 %
2026/08/29 23:02:05.514, 0 MiB, 0 %
2026/08/29 23:02:07.514, 0 MiB, 0 %
2026/08/29 23:02:09.515, 0 MiB, 0 %
2026/08/29 23:02:11.515, 0 MiB, 0 %
2026/08/29 23:02:13.515, 0 MiB, 0 %
2026/08/29 23:02:15.515, 0 MiB, 0 %
2026/08/29 23:02:17.515, 0 MiB, 0 %
2026/08/29 23:02:19.516, 0 MiB, 0 %
2026/08/29 23:02:21.516, 0 MiB, 0 %
2026/08/29 23:02:23.516, 0 MiB, 0 %
2026/08/29 23:02:25.516, 0 MiB, 0 %
2026/08/29 23:02:27.516, 0 MiB, 0 %
2026/08/29 23:02:29.516, 0 MiB, 0 %
2026/08/29 23:02:31.516, 0 MiB, 0 %
2026/08/29 23:02:33.517, 0 MiB, 0 %
2026/08/29 23:02:35.517, 0 MiB, 0 %
2026/08/29 23:02:37.517, 0 MiB, 0 %
2026/08/29 23:02:39.517, 0 MiB, 0 %
2026/08/29 23:02:41.517, 0 MiB, 0 %
2026/08/29 23:02:43.517, 0 MiB, 0 %
2026/08/29 23:02:45.517, 0 MiB, 0 %
2026/08/29 23:02:47.517, 0 MiB, 0 %
2026/08/29 23:02:49.518, 0 MiB, 0 %
2026/08/29 23:02:51.518, 0 MiB, 0 %
2026/08/29 23:02:53.518, 0 MiB, 0 %
2026/08/29 23:02:55.518, 0 MiB, 0 %
2026/08/29 23:02:57.518, 0 MiB, 0 %
2026/08/29 23:02:59.518, 0 MiB, 0 %
2026/08/29 23:03:01.518, 0 MiB, 0 %
2026/08/29 23:03:03.518, 0 MiB, 0 %
2026/08/29 23:03:05.519, 0 MiB, 0 %
2026/08/29 23:03:07.519, 0 MiB, 0 %
2026/08/29 23:03:09.519, 0 MiB, 0 %
2026/08/29 23:03:11.519, 0 MiB, 0 %
2026/08/29 23:03:13.519, 0 MiB, 0 %
2026/08/29 23:03:15.519, 0 MiB, 0 %
2026/08/29 23:03:17.519, 0 MiB, 0 %
2026/08/29 23:03:19.519, 0 MiB, 0 %
2026/08/29 23:03:21.520, 0 MiB, 0 %
2026/08/29 23:03:23.520, 0 MiB, 0 %
2026/08/29 23:03:25.520, 0 MiB, 0 %
2026/08/29 23:03:27.520, 0 MiB, 0 %
2026/08/29 23:03:29.520, 0 MiB, 0 %
2026/08/29 23:03:31.521, 0 MiB, 0 %
2026/08/29 23:03:33.521, 0 MiB, 0 %
2026/08/29 23:03:35.521, 0 MiB, 0 %
2026/08/29 23:03:37.522, 0 MiB, 0 %
2026/08/29 23:03:39.522, 0 MiB, 0 %
2026/08/29 23:03:41.522, 0 MiB, 0 %
2026/08/29 23:03:43.523, 0 MiB, 0 %
2026/08/29 23:03:45.523, 0 MiB, 0 %
2026/08/29 23:03:47.523, 0 MiB, 0 %
2026/08/29 23:03:49.524, 0 MiB, 0 %
2026/08/29 23:03:51.524, 0 MiB, 0 %
2026/08/29 23:03:53.524, 0 MiB, 0 %
2026/08/29 23:03:55.525, 0 MiB, 0 %
2026/08/29 23:03:57.525, 0 MiB, 0 %
2026/08/29 23:03:59.525, 0 MiB, 0 %
2026/08/29 23:04:01.525, 0 MiB, 0 %
2026/08/29 23:04:03.526, 0 MiB, 0 %
2026/08/29 23:04:05.526, 0 MiB, 0 %
2026/08/29 23:04:07.526, 0 MiB, 0 %
2026/08/29 23:04:09.527, 0 MiB, 0 %
2026/08/29 23:04:11.527, 0 MiB, 0 %
2026/08/29 23:04:13.527, 0 MiB, 0 %
2026/08/29 23:04:15.527, 0 MiB, 0 %
2026/08/29 23:04:17.527, 0 MiB, 0 %
2026/08/29 23:04:19.527, 0 MiB, 0 %
2026/08/29 23:04:21.528, 0 MiB, 0 %
2026/08/29 23:04:23.528, 0 MiB, 0 %
2026/08/29 23:04:25.528, 0 MiB, 0 %
2026/08/29 23:04:27.528, 0 MiB, 0 %
2026/08/29 23:04:29.528, 0 MiB, 0 %
2026/08/29 23:04:31.528, 0 MiB, 0 %
2026/08/29 23:04:33.529, 0 MiB, 0 %
2026/08/29 23:04:35.529, 0 MiB, 0 %
2026/08/29 23:04:37.529, 0 MiB, 0 %
2026/08/29 23:04:39.529, 0 MiB, 0 %
2026/08/29 23:04:41.529, 0 MiB, 0 %
2026/08/29 23:04:43.529, 0 MiB, 0 %
2026/08/29 23:04:45.529, 0 MiB, 0 %
2026/08/29 23:04:47.530, 0 MiB, 0 %
2026/08/29 23:04:49.530, 0 MiB, 0 %
2026/08/29 23:04:51.530, 0 MiB, 0 %
2026/08/29 23:04:53.530, 0 MiB, 0 %
2026/08/29 23:04:55.530, 0 MiB, 0 %
2026/08/29 23:04:57.530, 0 MiB, 0 %
2026/08/29 23:04:59.531, 0 MiB, 0 %
2026/08/29 23:05:01.531, 0 MiB, 0 %
2026/08/29 23:05:03.531, 0 MiB, 0 %
2026/08/29 23:05:05.531, 0 MiB, 0 %
2026/08/29 23:05:07.531, 0 MiB, 0 %
2026/08/29 23:05:09.531, 0 MiB, 0 %
2026/08/29 23:05:11.531, 0 MiB, 0 %
2026/08/29 23:05:13.531, 0 MiB, 0 %
2026/08/29 23:05:15.531, 0 MiB, 0 %
2026/08/29 23:05:17.532, 0 MiB, 0 %
2026/08/29 23:05:19.532, 0 MiB, 0 %
2026/08/29 23:05:21.532, 0 MiB, 0 %
2026/08/29 23:05:23.532, 0 MiB, 0 %
2026/08/29 23:05:25.532, 0 MiB, 0 %
2026/08/29 23:05:27.532, 0 MiB, 0 %
2026/08/29 23:05:29.533, 0 MiB, 0 %
2026/08/29 23:05:31.533, 0 MiB, 0 %
2026/08/29 23:05:33.533, 0 MiB, 0 %
2026/08/29 23:05:35.533, 0 MiB, 0 %
2026/08/29 23:05:37.533, 0 MiB, 0 %
2026/08/29 23:05:39.533, 0 MiB, 0 %
2026/08/29 23:05:41.533, 0 MiB, 0 %
2026/08/29 23:05:43.533, 0 MiB, 0 %
2026/08/29 23:05:45.534, 0 MiB, 0 %
2026/08/29 23:05:47.534, 0 MiB, 0 %
2026/08/29 23:05:49.534, 0 MiB, 0 %
2026/08/29 23:05:51.534, 0 MiB, 0 %
2026/08/29 23:05:53.534, 0 MiB, 0 %
2026/08/29 23:05:55.534, 0 MiB, 0 %
2026/08/29 23:05:57.535, 0 MiB, 0 %
2026/08/29 23:05:59.535, 0 MiB, 0 %
2026/08/29 23:06:01.535, 0 MiB, 0 %
2026/08/29 23:06:03.536, 0 MiB, 0 %
2026/08/29 23:06:05.536, 0 MiB, 0 %
2026/08/29 23:06:07.536, 0 MiB, 0 %
2026/08/29 23:06:09.537, 0 MiB, 0 %
2026/08/29 23:06:11.537, 0 MiB, 0 %
2026/08/29 23:06:13.537, 0 MiB, 0 %
2026/08/29 23:06:15.537, 0 MiB, 0 %
2026/08/29 23:06:17.538, 0 MiB, 0 %
2026/08/29 23:06:19.538, 0 MiB, 0 %
2026/08/29 23:06:21.538, 0 MiB, 0 %
2026/08/29 23:06:23.539, 0 MiB, 0 %
2026/08/29 23:06:25.539, 0 MiB, 0 %
2026/08/29 23:06:27.539, 0 MiB, 0 %
2026/08/29 23:06:29.539, 0 MiB, 0 %
2026/08/29 23:06:31.540, 0 MiB, 0 %
2026/08/29 23:06:33.540, 0 MiB, 0 %
2026/08/29 23:06:35.540, 0 MiB, 0 %
2026/08/29 23:06:37.540, 0 MiB, 0 %
2026/08/29 23:06:39.540, 0 MiB, 0 %
2026/08/29 23:06:41.541, 0 MiB, 0 %
2026/08/29 23:06:43.541, 0 MiB, 0 %
2026/08/29 23:06:45.541, 0 MiB, 0 %
2026/08/29 23:06:47.541, 0 MiB, 0 %
2026/08/29 23:06:49.541, 0 MiB, 0 %
2026/08/29 23:06:51.541, 0 MiB, 0 %
2026/08/29 23:06:53.542, 0 MiB, 0 %
2026/08/29 23:06:55.542, 0 MiB, 0 %
2026/08/29 23:06:57.542, 0 MiB, 0 %
2026/08/29 23:06:59.542, 0 MiB, 0 %
2026/08/29 23:07:01.542, 0 MiB, 0 %
2026/08/29 23:07:03.542, 0 MiB, 0 %
2026/08/29 23:07:05.543, 0 MiB, 0 %
2026/08/29 23:07:07.543, 0 MiB, 0 %
2026/08/29 23:07:09.543, 0 MiB, 0 %
2026/08/29 23:07:11.543, 0 MiB, 0 %
2026/08/29 23:07:13.543, 0 MiB, 0 %
2026/08/29 23:07:15.543, 0 MiB, 0 %
2026/08/29 23:07:17.543, 0 MiB, 0 %
2026/08/29 23:07:19.544, 0 MiB, 0 %
2026/08/29 23:07:21.544, 0 MiB, 0 %
2026/08/29 23:07:23.544, 0 MiB, 0 %
2026/08/29 23:07:25.544, 0 MiB, 0 %
2026/08/29 23:07:27.544, 0 MiB, 0 %
2026/08/29 23:07:29.544, 0 MiB, 0 %
2026/08/29 23:07:31.544, 0 MiB, 0 %
2026/08/29 23:07:33.545, 0 MiB, 0 %
2026/08/29 23:07:35.545, 0 MiB, 0 %
2026/08/29 23:07:37.545, 0 MiB, 0 %
2026/08/29 23:07:39.545, 0 MiB, 0 %
2026/08/29 23:07:41.545, 0 MiB, 0 %
2026/08/29 23:07:43.545, 0 MiB, 0 %
2026/08/29 23:07:45.545, 0 MiB, 0 %
2026/08/29 23:07:47.546, 0 MiB, 0 %
2026/08/29 23:07:49.546, 0 MiB, 0 %
2026/08/29 23:07:51.546, 0 MiB, 0 %
2026/08/29 23:07:53.546, 0 MiB, 0 %
2026/08/29 23:07:55.547, 0 MiB, 0 %
2026/08/29 23:07:57.547, 0 MiB, 0 %
2026/08/29 23:07:59.547, 0 MiB, 0 %
2026/08/29 23:08:01.547, 0 MiB, 0 %
2026/08/29 23:08:03.547, 0 MiB, 0 %
2026/08/29 23:08:05.547, 0 MiB, 0 %
2026/08/29 23:08:07.548, 0 MiB, 0 %
2026/08/29 23:08:09.548, 0 MiB, 0 %
2026/08/29 23:08:11.548, 0 MiB, 0 %
2026/08/29 23:08:13.548, 0 MiB, 0 %
2026/08/29 23:08:15.548, 0 MiB, 0 %
2026/08/29 23:08:17.548, 0 MiB, 0 %
2026/08/29 23:08:19.548, 0 MiB, 0 %
2026/08/29 23:08:21.549, 0 MiB, 0 %
2026/08/29 23:08:23.549, 0 MiB, 0 %
2026/08/29 23:08:25.549, 0 MiB, 0 %
2026/08/29 23:08:27.549, 0 MiB, 0 %
2026/08/29 23:08:29.549, 0 MiB, 0 %
2026/08/29 23:08:31.550, 0 MiB, 0 %
2026/08/29 23:08:33.550, 0 MiB, 0 %
2026/08/29 23:08:35.550, 0 MiB, 0 %
2026/08/29 23:08:37.551, 0 MiB, 0 %
2026/08/29 23:08:39.551, 0 MiB, 0 %
2026/08/29 23:08:41.551, 0 MiB, 0 %
2026/08/29 23:08:43.552, 0 MiB, 0 %
2026/08/29 23:08:45.552, 0 MiB, 0 %
2026/08/29 23:08:47.552, 0 MiB, 0 %
2026/08/29 23:08:49.552, 0 MiB, 0 %
2026/08/29 23:08:51.553, 0 MiB, 0 %
2026/08/29 23:08:53.553, 0 MiB, 0 %
2026/08/29 23:08:55.553, 0 MiB, 0 %
2026/08/29 23:08:57.554, 0 MiB, 0 %
2026/08/29 23:08:59.554, 0 MiB, 0 %
2026/08/29 23:09:01.554, 0 MiB, 0 %
2026/08/29 23:09:03.555, 0 MiB, 0 %
2026/08/29 23:09:05.555, 0 MiB, 0 %
2026/08/29 23:09:07.555, 0 MiB, 0 %
2026/08/29 23:09:09.555, 0 MiB, 0 %
2026/08/29 23:09:11.555, 0 MiB, 0 %
2026/08/29 23:09:13.556, 0 MiB, 0 %
2026/08/29 23:09:15.556, 0 MiB, 0 %
2026/08/29 23:09:17.556, 0 MiB, 0 %
2026/08/29 23:09:19.556, 0 MiB, 0 %
2026/08/29 23:09:21.556, 0 MiB, 0 %
2026/08/29 23:09:23.557, 0 MiB, 0 %
2026/08/29 23:09:25.557, 0 MiB, 0 %
2026/08/29 23:09:27.557, 0 MiB, 0 %
2026/08/29 23:09:29.557, 0 MiB, 0 %
2026/08/29 23:09:31.557, 0 MiB, 0 %
2026/08/29 23:09:33.558, 0 MiB, 0 %
2026/08/29 23:09:35.558, 0 MiB, 0 %
2026/08/29 23:09:37.558, 0 MiB, 0 %
2026/08/29 23:09:39.558, 0 MiB, 0 %
2026/08/29 23:09:41.558, 0 MiB, 0 %
2026/08/29 23:09:43.559, 0 MiB, 0 %
2026/08/29 23:09:45.559, 0 MiB, 0 %
2026/08/29 23:09:47.559, 0 MiB, 0 %
2026/08/29 23:09:49.559, 0 MiB, 0 %
2026/08/29 23:09:51.559, 0 MiB, 0 %
2026/08/29 23:09:53.559, 0 MiB, 0 %
2026/08/29 23:09:55.560, 0 MiB, 0 %
2026/08/29 23:09:57.560, 0 MiB, 0 %
2026/08/29 23:09:59.560, 0 MiB, 0 %
2026/08/29 23:10:01.560, 0 MiB, 0 %
2026/08/29 23:10:03.560, 0 MiB, 0 %
2026/08/29 23:10:05.560, 0 MiB, 0 %
2026/08/29 23:10:07.560, 0 MiB, 0 %
2026/08/29 23:10:09.561, 0 MiB, 0 %
2026/08/29 23:10:11.561, 0 MiB, 0 %
2026/08/29 23:10:13.561, 0 MiB, 0 %
2026/08/29 23:10:15.561, 0 MiB, 0 %
2026/08/29 23:10:17.561, 0 MiB, 0 %
2026/08/29 23:10:19.561, 0 MiB, 0 %
2026/08/29 23:10:21.561, 0 MiB, 0 %
2026/08/29 23:10:23.562, 0 MiB, 0 %
2026/08/29 23:10:25.562, 0 MiB, 0 %
2026/08/29 23:10:27.562, 0 MiB, 0 %
2026/08/29 23:10:29.562, 0 MiB, 0 %
2026/08/29 23:10:31.563, 0 MiB, 0 %
2026/08/29 23:10:33.563, 0 MiB, 0 %
2026/08/29 23:10:35.563, 0 MiB, 0 %
2026/08/29 23:10:37.563, 0 MiB, 0 %
2026/08/29 23:10:39.563, 0 MiB, 0 %
2026/08/29 23:10:41.564, 0 MiB, 0 %
2026/08/29 23:10:43.564, 0 MiB, 0 %
2026/08/29 23:10:45.564, 0 MiB, 0 %
2026/08/29 23:10:47.565, 0 MiB, 0 %
2026/08/29 23:10:49.565, 0 MiB, 0 %
2026/08/29 23:10:51.565, 0 MiB, 0 %
2026/08/29 23:10:53.566, 0 MiB, 0 %
2026/08/29 23:10:55.566, 0 MiB, 0 %
2026/08/29 23:10:57.566, 0 MiB, 0 %
2026/08/29 23:10:59.567, 0 MiB, 0 %
2026/08/29 23:11:01.567, 0 MiB, 0 %
2026/08/29 23:11:03.567, 0 MiB, 0 %
2026/08/29 23:11:05.568, 0 MiB, 0 %
2026/08/29 23:11:07.568, 0 MiB, 0 %
2026/08/29 23:11:09.569, 0 MiB, 0 %
2026/08/29 23:11:11.569, 0 MiB, 0 %
2026/08/29 23:11:13.569, 0 MiB, 0 %
2026/08/29 23:11:15.570, 0 MiB, 0 %
2026/08/29 23:11:17.570, 0 MiB, 0 %
2026/08/29 23:11:19.570, 0 MiB, 0 %
2026/08/29 23:11:21.570, 0 MiB, 0 %
2026/08/29 23:11:23.570, 0 MiB, 0 %
2026/08/29 23:11:25.570, 0 MiB, 0 %
2026/08/29 23:11:27.570, 0 MiB, 0 %
2026/08/29 23:11:29.571, 0 MiB, 0 %
2026/08/29 23:11:31.571, 0 MiB, 0 %
2026/08/29 23:11:33.571, 0 MiB, 0 %
2026/08/29 23:11:35.571, 0 MiB, 0 %
2026/08/29 23:11:37.572, 0 MiB, 0 %
2026/08/29 23:11:39.572, 0 MiB, 0 %
2026/08/29 23:11:41.572, 0 MiB, 0 %
2026/08/29 23:11:43.572, 0 MiB, 0 %
2026/08/29 23:11:45.572, 0 MiB, 0 %
2026/08/29 23:11:47.572, 0 MiB, 0 %
2026/08/29 23:11:49.572, 0 MiB, 0 %
2026/08/29 23:11:51.573, 0 MiB, 0 %
2026/08/29 23:11:53.573, 0 MiB, 0 %
2026/08/29 23:11:55.573, 0 MiB, 0 %
2026/08/29 23:11:57.573, 0 MiB, 0 %
2026/08/29 23:11:59.574, 0 MiB, 0 %
2026/08/29 23:12:01.574, 0 MiB, 0 %
2026/08/29 23:12:03.574, 0 MiB, 0 %
2026/08/29 23:12:05.574, 0 MiB, 0 %
2026/08/29 23:12:07.574, 0 MiB, 0 %
2026/08/29 23:12:09.574, 0 MiB, 0 %
2026/08/29 23:12:11.575, 0 MiB, 0 %
2026/08/29 23:12:13.575, 0 MiB, 0 %
2026/08/29 23:12:15.575, 0 MiB, 0 %
2026/08/29 23:12:17.575, 0 MiB, 0 %
2026/08/29 23:12:19.575, 0 MiB, 0 %
2026/08/29 23:12:21.576, 0 MiB, 0 %
2026/08/29 23:12:23.576, 0 MiB, 0 %
2026/08/29 23:12:25.576, 0 MiB, 0 %
2026/08/29 23:12:27.576, 0 MiB, 0 %
2026/08/29 23:12:29.576, 0 MiB, 0 %
2026/08/29 23:12:31.576, 0 MiB, 0 %
2026/08/29 23:12:33.577, 0 MiB, 0 %
2026/08/29 23:12:35.577, 0 MiB, 0 %
2026/08/29 23:12:37.577, 0 MiB, 0 %
2026/08/29 23:12:39.577, 0 MiB, 0 %
2026/08/29 23:12:41.577, 0 MiB, 0 %
2026/08/29 23:12:43.577, 0 MiB, 0 %
2026/08/29 23:12:45.578, 0 MiB, 0 %
2026/08/29 23:12:47.578, 0 MiB, 0 %
2026/08/29 23:12:49.578, 0 MiB, 0 %
2026/08/29 23:12:51.578, 0 MiB, 0 %
2026/08/29 23:12:53.578, 0 MiB, 0 %
2026/08/29 23:12:55.578, 0 MiB, 0 %
2026/08/29 23:12:57.579, 0 MiB, 0 %
2026/08/29 23:12:59.579, 0 MiB, 0 %
2026/08/29 23:13:01.579, 0 MiB, 0 %
2026/08/29 23:13:03.579, 0 MiB, 0 %
2026/08/29 23:13:05.579, 0 MiB, 0 %
2026/08/29 23:13:07.579, 0 MiB, 0 %
2026/08/29 23:13:09.580, 0 MiB, 0 %
2026/08/29 23:13:11.580, 0 MiB, 0 %
2026/08/29 23:13:13.580, 0 MiB, 0 %
2026/08/29 23:13:15.580, 0 MiB, 0 %
2026/08/29 23:13:17.580, 0 MiB, 0 %
2026/08/29 23:13:19.581, 0 MiB, 0 %
2026/08/29 23:13:21.581, 0 MiB, 0 %
2026/08/29 23:13:23.582, 0 MiB, 0 %
2026/08/29 23:13:25.582, 0 MiB, 0 %
2026/08/29 23:13:27.582, 0 MiB, 0 %
2026/08/29 23:13:29.583, 0 MiB, 0 %
2026/08/29 23:13:31.583, 0 MiB, 0 %
2026/08/29 23:13:33.583, 0 MiB, 0 %
2026/08/29 23:13:35.584, 0 MiB, 0 %
2026/08/29 23:13:37.584, 0 MiB, 0 %
2026/08/29 23:13:39.584, 0 MiB, 0 %
2026/08/29 23:13:41.585, 0 MiB, 0 %
2026/08/29 23:13:43.585, 0 MiB, 0 %
2026/08/29 23:13:45.586, 0 MiB, 0 %
2026/08/29 23:13:47.586, 0 MiB, 0 %
2026/08/29 23:13:49.586, 0 MiB, 0 %
2026/08/29 23:13:51.587, 0 MiB, 0 %
2026/08/29 23:13:53.587, 0 MiB, 0 %
2026/08/29 23:13:55.587, 0 MiB, 0 %
2026/08/29 23:13:57.587, 0 MiB, 0 %
2026/08/29 23:13:59.587, 0 MiB, 0 %
2026/08/29 23:14:01.588, 0 MiB, 0 %
2026/08/29 23:14:03.588, 0 MiB, 0 %
2026/08/29 23:14:05.588, 0 MiB, 0 %
2026/08/29 23:14:07.588, 0 MiB, 0 %
2026/08/29 23:14:09.588, 0 MiB, 0 %
2026/08/29 23:14:11.589, 0 MiB, 0 %
2026/08/29 23:14:13.589, 0 MiB, 0 %
2026/08/29 23:14:15.589, 0 MiB, 0 %
2026/08/29 23:14:17.589, 0 MiB, 0 %
2026/08/29 23:14:19.589, 0 MiB, 0 %
2026/08/29 23:14:21.589, 0 MiB, 0 %
2026/08/29 23:14:23.589, 0 MiB, 0 %
2026/08/29 23:14:25.590, 0 MiB, 0 %
2026/08/29 23:14:27.590, 0 MiB, 0 %
2026/08/29 23:14:29.590, 0 MiB, 0 %
2026/08/29 23:14:31.590, 0 MiB, 0 %
2026/08/29 23:14:33.590, 0 MiB, 0 %
2026/08/29 23:14:35.591, 0 MiB, 0 %
2026/08/29 23:14:37.591, 0 MiB, 0 %
2026/08/29 23:14:39.591, 0 MiB, 0 %
2026/08/29 23:14:41.591, 0 MiB, 0 %
2026/08/29 23:14:43.591, 0 MiB, 0 %
2026/08/29 23:14:45.592, 0 MiB, 0 %
2026/08/29 23:14:47.592, 0 MiB, 0 %
2026/08/29 23:14:49.592, 0 MiB, 0 %
2026/08/29 23:14:51.592, 0 MiB, 0 %
2026/08/29 23:14:53.592, 0 MiB, 0 %
2026/08/29 23:14:55.592, 0 MiB, 0 %
2026/08/29 23:14:57.592, 0 MiB, 0 %
2026/08/29 23:14:59.593, 0 MiB, 0 %
2026/08/29 23:15:01.593, 0 MiB, 0 %
2026/08/29 23:15:03.593, 0 MiB, 0 %
2026/08/29 23:15:05.593, 0 MiB, 0 %
2026/08/29 23:15:07.593, 0 MiB, 0 %
2026/08/29 23:15:09.594, 0 MiB, 0 %
2026/08/29 23:15:11.594, 0 MiB, 0 %
2026/08/29 23:15:13.594, 0 MiB, 0 %
2026/08/29 23:15:15.594, 0 MiB, 0 %
2026/08/29 23:15:17.594, 0 MiB, 0 %
2026/08/29 23:15:19.595, 0 MiB, 0 %
2026/08/29 23:15:21.595, 0 MiB, 0 %
2026/08/29 23:15:23.595, 0 MiB, 0 %
2026/08/29 23:15:25.595, 0 MiB, 0 %
2026/08/29 23:15:27.595, 0 MiB, 0 %
2026/08/29 23:15:29.595, 0 MiB, 0 %
2026/08/29 23:15:31.596, 0 MiB, 0 %
2026/08/29 23:15:33.596, 0 MiB, 0 %
2026/08/29 23:15:35.596, 0 MiB, 0 %
2026/08/29 23:15:37.596, 0 MiB, 0 %
2026/08/29 23:15:39.596, 0 MiB, 0 %
2026/08/29 23:15:41.596, 0 MiB, 0 %
2026/08/29 23:15:43.596, 0 MiB, 0 %
2026/08/29 23:15:45.596, 0 MiB, 0 %
2026/08/29 23:15:47.597, 0 MiB, 0 %
2026/08/29 23:15:49.597, 0 MiB, 0 %
2026/08/29 23:15:51.597, 0 MiB, 0 %
2026/08/29 23:15:53.597, 0 MiB, 0 %
2026/08/29 23:15:55.598, 0 MiB, 0 %
2026/08/29 23:15:57.598, 0 MiB, 0 %
2026/08/29 23:15:59.598, 0 MiB, 0 %
2026/08/29 23:16:01.599, 0 MiB, 0 %
2026/08/29 23:16:03.599, 0 MiB, 0 %
2026/08/29 23:16:05.599, 0 MiB, 0 %
2026/08/29 23:16:07.599, 0 MiB, 0 %
2026/08/29 23:16:09.600, 0 MiB, 0 %
2026/08/29 23:16:11.600, 0 MiB, 0 %
2026/08/29 23:16:13.600, 0 MiB, 0 %
2026/08/29 23:16:15.601, 0 MiB, 0 %
2026/08/29 23:16:17.601, 0 MiB, 0 %
2026/08/29 23:16:19.601, 0 MiB, 0 %
2026/08/29 23:16:21.602, 0 MiB, 0 %
2026/08/29 23:16:23.602, 0 MiB, 0 %
2026/08/29 23:16:25.602, 0 MiB, 0 %
2026/08/29 23:16:27.602, 0 MiB, 0 %
2026/08/29 23:16:29.603, 0 MiB, 0 %
2026/08/29 23:16:31.603, 0 MiB, 0 %
2026/08/29 23:16:33.613, 0 MiB, 0 %
2026/08/29 23:16:35.614, 0 MiB, 0 %
2026/08/29 23:16:37.615, 0 MiB, 0 %
2026/08/29 23:16:39.615, 0 MiB, 0 %
2026/08/29 23:16:41.615, 0 MiB, 0 %
2026/08/29 23:16:43.615, 0 MiB, 0 %
2026/08/29 23:16:45.616, 0 MiB, 0 %
2026/08/29 23:16:47.616, 0 MiB, 0 %
2026/08/29 23:16:49.616, 0 MiB, 0 %
2026/08/29 23:16:51.616, 0 MiB, 0 %
2026/08/29 23:16:53.616, 0 MiB, 0 %
2026/08/29 23:16:55.616, 0 MiB, 0 %
2026/08/29 23:16:57.616, 0 MiB, 0 %
2026/08/29 23:16:59.617, 0 MiB, 0 %
2026/08/29 23:17:01.617, 0 MiB, 0 %
2026/08/29 23:17:03.617, 0 MiB, 0 %
2026/08/29 23:17:05.617, 0 MiB, 0 %
2026/08/29 23:17:07.617, 0 MiB, 0 %
2026/08/29 23:17:09.617, 0 MiB, 0 %
2026/08/29 23:17:11.618, 0 MiB, 0 %
2026/08/29 23:17:13.618, 0 MiB, 0 %
2026/08/29 23:17:15.618, 0 MiB, 0 %
2026/08/29 23:17:17.618, 0 MiB, 0 %
2026/08/29 23:17:19.619, 0 MiB, 0 %
2026/08/29 23:17:21.619, 0 MiB, 0 %
2026/08/29 23:17:23.619, 0 MiB, 0 %
2026/08/29 23:17:25.619, 0 MiB, 0 %
2026/08/29 23:17:27.620, 0 MiB, 0 %
2026/08/29 23:17:29.620, 0 MiB, 0 %
2026/08/29 23:17:31.620, 0 MiB, 0 %
2026/08/29 23:17:33.621, 0 MiB, 0 %
2026/08/29 23:17:35.621, 0 MiB, 0 %
2026/08/29 23:17:37.621, 0 MiB, 0 %
2026/08/29 23:17:39.621, 0 MiB, 0 %
2026/08/29 23:17:41.622, 0 MiB, 0 %
2026/08/29 23:17:43.622, 0 MiB, 0 %
2026/08/29 23:17:45.622, 0 MiB, 0 %
2026/08/29 23:17:47.623, 0 MiB, 0 %
2026/08/29 23:17:49.623, 0 MiB, 0 %
2026/08/29 23:17:51.623, 0 MiB, 0 %
2026/08/29 23:17:53.623, 0 MiB, 0 %
2026/08/29 23:17:55.623, 0 MiB, 0 %
2026/08/29 23:17:57.624, 0 MiB, 0 %
2026/08/29 23:17:59.624, 0 MiB, 0 %
2026/08/29 23:18:01.624, 0 MiB, 0 %
2026/08/29 23:18:03.624, 0 MiB, 0 %
2026/08/29 23:18:05.624, 0 MiB, 0 %
2026/08/29 23:18:07.624, 0 MiB, 0 %
2026/08/29 23:18:09.624, 0 MiB, 0 %
2026/08/29 23:18:11.624, 0 MiB, 0 %
2026/08/29 23:18:13.625, 0 MiB, 0 %
2026/08/29 23:18:15.625, 0 MiB, 0 %
2026/08/29 23:18:17.625, 0 MiB, 0 %
2026/08/29 23:18:19.626, 0 MiB, 0 %
2026/08/29 23:18:21.626, 0 MiB, 0 %
2026/08/29 23:18:23.626, 0 MiB, 0 %
2026/08/29 23:18:25.626, 0 MiB, 0 %
2026/08/29 23:18:27.627, 0 MiB, 0 %
2026/08/29 23:18:29.627, 0 MiB, 0 %
2026/08/29 23:18:31.627, 0 MiB, 0 %
2026/08/29 23:18:33.628, 0 MiB, 0 %
2026/08/29 23:18:35.628, 0 MiB, 0 %
2026/08/29 23:18:37.628, 0 MiB, 0 %
2026/08/29 23:18:39.629, 0 MiB, 0 %
2026/08/29 23:18:41.629, 0 MiB, 0 %
2026/08/29 23:18:43.629, 0 MiB, 0 %
2026/08/29 23:18:45.630, 0 MiB, 0 %
2026/08/29 23:18:47.630, 0 MiB, 0 %
2026/08/29 23:18:49.630, 0 MiB, 0 %
2026/08/29 23:18:51.630, 0 MiB, 0 %
2026/08/29 23:18:53.630, 0 MiB, 0 %
2026/08/29 23:18:55.630, 0 MiB, 0 %
2026/08/29 23:18:57.631, 0 MiB, 0 %
2026/08/29 23:18:59.631, 0 MiB, 0 %
2026/08/29 23:19:01.631, 0 MiB, 0 %
2026/08/29 23:19:03.631, 0 MiB, 0 %
2026/08/29 23:19:05.631, 0 MiB, 0 %
2026/08/29 23:19:07.631, 0 MiB, 0 %
2026/08/29 23:19:09.631, 0 MiB, 0 %
2026/08/29 23:19:11.632, 0 MiB, 0 %
2026/08/29 23:19:13.632, 0 MiB, 0 %
2026/08/29 23:19:15.632, 0 MiB, 0 %
2026/08/29 23:19:17.633, 0 MiB, 0 %
2026/08/29 23:19:19.633, 0 MiB, 0 %
2026/08/29 23:19:21.633, 0 MiB, 0 %
2026/08/29 23:19:23.633, 0 MiB, 0 %
2026/08/29 23:19:25.634, 0 MiB, 0 %
2026/08/29 23:19:27.634, 0 MiB, 0 %
2026/08/29 23:19:29.634, 0 MiB, 0 %
2026/08/29 23:19:31.635, 0 MiB, 0 %
2026/08/29 23:19:33.635, 0 MiB, 0 %
2026/08/29 23:19:35.635, 0 MiB, 0 %
2026/08/29 23:19:37.636, 0 MiB, 0 %
2026/08/29 23:19:39.636, 0 MiB, 0 %
2026/08/29 23:19:41.636, 0 MiB, 0 %
2026/08/29 23:19:43.636, 0 MiB, 0 %
2026/08/29 23:19:45.637, 0 MiB, 0 %
2026/08/29 23:19:47.637, 0 MiB, 0 %
2026/08/29 23:19:49.638, 0 MiB, 0 %
2026/08/29 23:19:51.638, 0 MiB, 0 %
2026/08/29 23:19:53.638, 0 MiB, 0 %
2026/08/29 23:19:55.638, 0 MiB, 0 %
2026/08/29 23:19:57.639, 0 MiB, 0 %
2026/08/29 23:19:59.639, 0 MiB, 0 %
2026/08/29 23:20:01.639, 0 MiB, 0 %
2026/08/29 23:20:03.640, 0 MiB, 0 %
2026/08/29 23:20:05.640, 0 MiB, 0 %
2026/08/29 23:20:07.640, 0 MiB, 0 %
2026/08/29 23:20:09.641, 0 MiB, 0 %
2026/08/29 23:20:11.641, 0 MiB, 0 %
2026/08/29 23:20:13.641, 0 MiB, 0 %
2026/08/29 23:20:15.641, 0 MiB, 0 %
2026/08/29 23:20:17.642, 0 MiB, 0 %
2026/08/29 23:20:19.642, 0 MiB, 0 %
2026/08/29 23:20:21.642, 0 MiB, 0 %
2026/08/29 23:20:23.643, 0 MiB, 0 %
2026/08/29 23:20:25.643, 0 MiB, 0 %
2026/08/29 23:20:27.643, 0 MiB, 0 %
2026/08/29 23:20:29.644, 0 MiB, 0 %
2026/08/29 23:20:31.644, 0 MiB, 0 %
2026/08/29 23:20:33.644, 0 MiB, 0 %
2026/08/29 23:20:35.644, 0 MiB, 0 %
2026/08/29 23:20:37.644, 0 MiB, 0 %
2026/08/29 23:20:39.644, 0 MiB, 0 %
2026/08/29 23:20:41.645, 0 MiB, 0 %
2026/08/29 23:20:43.645, 0 MiB, 0 %
2026/08/29 23:20:45.645, 0 MiB, 0 %
2026/08/29 23:20:47.645, 0 MiB, 0 %
2026/08/29 23:20:49.645, 0 MiB, 0 %
2026/08/29 23:20:51.645, 0 MiB, 0 %
2026/08/29 23:20:53.645, 0 MiB, 0 %
2026/08/29 23:20:55.645, 0 MiB, 0 %
2026/08/29 23:20:57.645, 0 MiB, 0 %
2026/08/29 23:20:59.646, 0 MiB, 0 %
2026/08/29 23:21:01.646, 0 MiB, 0 %
2026/08/29 23:21:03.646, 0 MiB, 0 %
2026/08/29 23:21:05.646, 0 MiB, 0 %
2026/08/29 23:21:07.646, 0 MiB, 0 %
2026/08/29 23:21:09.647, 0 MiB, 0 %
2026/08/29 23:21:11.647, 0 MiB, 0 %
2026/08/29 23:21:13.647, 0 MiB, 0 %
2026/08/29 23:21:15.647, 0 MiB, 0 %
2026/08/29 23:21:17.647, 0 MiB, 0 %
2026/08/29 23:21:19.648, 0 MiB, 0 %
2026/08/29 23:21:21.648, 0 MiB, 0 %
2026/08/29 23:21:23.648, 0 MiB, 0 %
2026/08/29 23:21:25.648, 0 MiB, 0 %
2026/08/29 23:21:27.648, 0 MiB, 0 %
2026/08/29 23:21:29.648, 0 MiB, 0 %
2026/08/29 23:21:31.648, 0 MiB, 0 %
2026/08/29 23:21:33.649, 0 MiB, 0 %
2026/08/29 23:21:35.649, 0 MiB, 0 %
2026/08/29 23:21:37.649, 0 MiB, 0 %
2026/08/29 23:21:39.649, 0 MiB, 0 %
2026/08/29 23:21:41.649, 0 MiB, 0 %
2026/08/29 23:21:43.649, 0 MiB, 0 %
2026/08/29 23:21:45.649, 0 MiB, 0 %
2026/08/29 23:21:47.649, 0 MiB, 0 %
2026/08/29 23:21:49.650, 0 MiB, 0 %
2026/08/29 23:21:51.650, 0 MiB, 0 %
2026/08/29 23:21:53.650, 0 MiB, 0 %
2026/08/29 23:21:55.650, 0 MiB, 0 %
2026/08/29 23:21:57.650, 0 MiB, 0 %
2026/08/29 23:21:59.650, 0 MiB, 0 %
2026/08/29 23:22:01.650, 0 MiB, 0 %
2026/08/29 23:22:03.651, 0 MiB, 0 %
2026/08/29 23:22:05.651, 0 MiB, 0 %
2026/08/29 23:22:07.651, 0 MiB, 0 %
2026/08/29 23:22:09.651, 0 MiB, 0 %
2026/08/29 23:22:11.651, 0 MiB, 0 %
2026/08/29 23:22:13.651, 0 MiB, 0 %
2026/08/29 23:22:15.651, 0 MiB, 0 %
2026/08/29 23:22:17.651, 0 MiB, 0 %
2026/08/29 23:22:19.652, 0 MiB, 0 %
2026/08/29 23:22:21.652, 0 MiB, 0 %
2026/08/29 23:22:23.652, 0 MiB, 0 %
2026/08/29 23:22:25.652, 0 MiB, 0 %
2026/08/29 23:22:27.652, 0 MiB, 0 %
2026/08/29 23:22:29.652, 0 MiB, 0 %
2026/08/29 23:22:31.653, 0 MiB, 0 %
2026/08/29 23:22:33.653, 0 MiB, 0 %
2026/08/29 23:22:35.653, 0 MiB, 0 %
2026/08/29 23:22:37.653, 0 MiB, 0 %
2026/08/29 23:22:39.654, 0 MiB, 0 %
2026/08/29 23:22:41.654, 0 MiB, 0 %
2026/08/29 23:22:43.654, 0 MiB, 0 %
2026/08/29 23:22:45.654, 0 MiB, 0 %
2026/08/29 23:22:47.654, 0 MiB, 0 %
2026/08/29 23:22:49.654, 0 MiB, 0 %
2026/08/29 23:22:51.655, 0 MiB, 0 %
2026/08/29 23:22:53.655, 0 MiB, 0 %
2026/08/29 23:22:55.655, 0 MiB, 0 %
2026/08/29 23:22:57.655, 0 MiB, 0 %
2026/08/29 23:22:59.655, 0 MiB, 0 %
2026/08/29 23:23:01.655, 0 MiB, 0 %
2026/08/29 23:23:03.656, 0 MiB, 0 %
2026/08/29 23:23:05.656, 0 MiB, 0 %
2026/08/29 23:23:07.656, 0 MiB, 0 %
2026/08/29 23:23:09.656, 0 MiB, 0 %
2026/08/29 23:23:11.656, 0 MiB, 0 %
2026/08/29 23:23:13.656, 0 MiB, 0 %
2026/08/29 23:23:15.656, 0 MiB, 0 %
2026/08/29 23:23:17.657, 0 MiB, 0 %
2026/08/29 23:23:19.657, 0 MiB, 0 %
2026/08/29 23:23:21.657, 0 MiB, 0 %
2026/08/29 23:23:23.657, 0 MiB, 0 %
2026/08/29 23:23:25.657, 0 MiB, 0 %
2026/08/29 23:23:27.658, 0 MiB, 0 %
2026/08/29 23:23:29.658, 0 MiB, 0 %
2026/08/29 23:23:31.658, 0 MiB, 0 %
2026/08/29 23:23:33.658, 0 MiB, 0 %
2026/08/29 23:23:35.658, 0 MiB, 0 %
2026/08/29 23:23:37.658, 0 MiB, 0 %
2026/08/29 23:23:39.659, 0 MiB, 0 %
2026/08/29 23:23:41.659, 0 MiB, 0 %
2026/08/29 23:23:43.659, 0 MiB, 0 %
2026/08/29 23:23:45.659, 0 MiB, 0 %
2026/08/29 23:23:47.659, 0 MiB, 0 %
2026/08/29 23:23:49.659, 0 MiB, 0 %
2026/08/29 23:23:51.660, 0 MiB, 0 %
2026/08/29 23:23:53.660, 0 MiB, 0 %
2026/08/29 23:23:55.660, 0 MiB, 0 %
2026/08/29 23:23:57.660, 0 MiB, 0 %
2026/08/29 23:23:59.660, 0 MiB, 0 %
2026/08/29 23:24:01.660, 0 MiB, 0 %
2026/08/29 23:24:03.660, 0 MiB, 0 %
2026/08/29 23:24:05.660, 0 MiB, 0 %
2026/08/29 23:24:07.661, 0 MiB, 0 %
2026/08/29 23:24:09.661, 0 MiB, 0 %
2026/08/29 23:24:11.661, 0 MiB, 0 %
2026/08/29 23:24:13.661, 0 MiB, 0 %
2026/08/29 23:24:15.661, 0 MiB, 0 %
2026/08/29 23:24:17.661, 0 MiB, 0 %
2026/08/29 23:24:19.662, 0 MiB, 0 %
2026/08/29 23:24:21.662, 0 MiB, 0 %
2026/08/29 23:24:23.662, 0 MiB, 0 %
2026/08/29 23:24:25.662, 0 MiB, 0 %
2026/08/29 23:24:27.662, 0 MiB, 0 %
2026/08/29 23:24:29.662, 0 MiB, 0 %
2026/08/29 23:24:31.662, 0 MiB, 0 %
2026/08/29 23:24:33.662, 0 MiB, 0 %
2026/08/29 23:24:35.663, 0 MiB, 0 %
2026/08/29 23:24:37.663, 0 MiB, 0 %
2026/08/29 23:24:39.663, 0 MiB, 0 %
2026/08/29 23:24:41.663, 0 MiB, 0 %
2026/08/29 23:24:43.663, 0 MiB, 0 %
2026/08/29 23:24:45.663, 0 MiB, 0 %
2026/08/29 23:24:47.663, 0 MiB, 0 %
2026/08/29 23:24:49.664, 0 MiB, 0 %
2026/08/29 23:24:51.664, 0 MiB, 0 %
2026/08/29 23:24:53.664, 0 MiB, 0 %
2026/08/29 23:24:55.664, 0 MiB, 0 %
2026/08/29 23:24:57.664, 0 MiB, 0 %
2026/08/29 23:24:59.665, 0 MiB, 0 %
2026/08/29 23:25:01.665, 0 MiB, 0 %
2026/08/29 23:25:03.665, 0 MiB, 0 %
2026/08/29 23:25:05.665, 0 MiB, 0 %
2026/08/29 23:25:07.666, 0 MiB, 0 %
2026/08/29 23:25:09.666, 0 MiB, 0 %
2026/08/29 23:25:11.666, 0 MiB, 0 %
2026/08/29 23:25:13.666, 0 MiB, 0 %
2026/08/29 23:25:15.666, 0 MiB, 0 %
2026/08/29 23:25:17.667, 0 MiB, 0 %
2026/08/29 23:25:19.667, 0 MiB, 0 %
2026/08/29 23:25:21.667, 0 MiB, 0 %
2026/08/29 23:25:23.667, 0 MiB, 0 %
2026/08/29 23:25:25.667, 0 MiB, 0 %
2026/08/29 23:25:27.667, 0 MiB, 0 %
2026/08/29 23:25:29.667, 0 MiB, 0 %
2026/08/29 23:25:31.668, 0 MiB, 0 %
2026/08/29 23:25:33.668, 0 MiB, 0 %
2026/08/29 23:25:35.668, 0 MiB, 0 %
2026/08/29 23:25:37.668, 0 MiB, 0 %
2026/08/29 23:25:39.668, 0 MiB, 0 %
2026/08/29 23:25:41.668, 0 MiB, 0 %
2026/08/29 23:25:43.668, 0 MiB, 0 %
2026/08/29 23:25:45.669, 0 MiB, 0 %
2026/08/29 23:25:47.669, 0 MiB, 0 %
2026/08/29 23:25:49.669, 0 MiB, 0 %
2026/08/29 23:25:51.669, 0 MiB, 0 %
2026/08/29 23:25:53.669, 0 MiB, 0 %
2026/08/29 23:25:55.669, 0 MiB, 0 %
2026/08/29 23:25:57.670, 0 MiB, 0 %
2026/08/29 23:25:59.670, 0 MiB, 0 %
2026/08/29 23:26:01.670, 0 MiB, 0 %
2026/08/29 23:26:03.670, 0 MiB, 0 %
2026/08/29 23:26:05.670, 0 MiB, 0 %
2026/08/29 23:26:07.670, 0 MiB, 0 %
2026/08/29 23:26:09.670, 0 MiB, 0 %
2026/08/29 23:26:11.671, 0 MiB, 0 %
2026/08/29 23:26:13.671, 0 MiB, 0 %
2026/08/29 23:26:15.671, 0 MiB, 0 %
2026/08/29 23:26:17.671, 0 MiB, 0 %
2026/08/29 23:26:19.671, 0 MiB, 0 %
2026/08/29 23:26:21.671, 0 MiB, 0 %
2026/08/29 23:26:23.671, 0 MiB, 0 %
2026/08/29 23:26:25.671, 0 MiB, 0 %
2026/08/29 23:26:27.671, 0 MiB, 0 %
2026/08/29 23:26:29.672, 0 MiB, 0 %
2026/08/29 23:26:31.672, 0 MiB, 0 %
2026/08/29 23:26:33.672, 0 MiB, 0 %
2026/08/29 23:26:35.672, 0 MiB, 0 %
2026/08/29 23:26:37.672, 0 MiB, 0 %
2026/08/29 23:26:39.672, 0 MiB, 0 %
2026/08/29 23:26:41.672, 0 MiB, 0 %
2026/08/29 23:26:43.673, 0 MiB, 0 %
2026/08/29 23:26:45.673, 0 MiB, 0 %
2026/08/29 23:26:47.673, 0 MiB, 0 %
2026/08/29 23:26:49.673, 0 MiB, 0 %
2026/08/29 23:26:51.673, 0 MiB, 0 %
2026/08/29 23:26:53.673, 0 MiB, 0 %
2026/08/29 23:26:55.674, 0 MiB, 0 %
2026/08/29 23:26:57.674, 0 MiB, 0 %
2026/08/29 23:26:59.674, 0 MiB, 0 %
2026/08/29 23:27:01.674, 0 MiB, 0 %
2026/08/29 23:27:03.674, 0 MiB, 0 %
2026/08/29 23:27:05.674, 0 MiB, 0 %
2026/08/29 23:27:07.674, 0 MiB, 0 %
2026/08/29 23:27:09.675, 0 MiB, 0 %
2026/08/29 23:27:11.675, 0 MiB, 0 %
2026/08/29 23:27:13.675, 0 MiB, 0 %
2026/08/29 23:27:15.675, 0 MiB, 0 %
2026/08/29 23:27:17.675, 0 MiB, 0 %
2026/08/29 23:27:19.675, 0 MiB, 0 %
2026/08/29 23:27:21.675, 0 MiB, 0 %
2026/08/29 23:27:23.675, 0 MiB, 0 %
2026/08/29 23:27:25.676, 0 MiB, 0 %
2026/08/29 23:27:27.676, 0 MiB, 0 %
2026/08/29 23:27:29.676, 0 MiB, 0 %
2026/08/29 23:27:31.676, 0 MiB, 0 %
2026/08/29 23:27:33.676, 0 MiB, 0 %
2026/08/29 23:27:35.676, 0 MiB, 0 %
2026/08/29 23:27:37.677, 0 MiB, 0 %
2026/08/29 23:27:39.677, 0 MiB, 0 %
2026/08/29 23:27:41.677, 0 MiB, 0 %
2026/08/29 23:27:43.677, 0 MiB, 0 %
2026/08/29 23:27:45.677, 0 MiB, 0 %
2026/08/29 23:27:47.677, 0 MiB, 0 %
2026/08/29 23:27:49.678, 0 MiB, 0 %
2026/08/29 23:27:51.678, 0 MiB, 0 %
2026/08/29 23:27:53.678, 0 MiB, 0 %
2026/08/29 23:27:55.678, 0 MiB, 0 %
2026/08/29 23:27:57.678, 0 MiB, 0 %
2026/08/29 23:27:59.678, 0 MiB, 0 %
2026/08/29 23:28:01.679, 0 MiB, 0 %
2026/08/29 23:28:03.679, 0 MiB, 0 %
2026/08/29 23:28:05.679, 0 MiB, 0 %
2026/08/29 23:28:07.679, 0 MiB, 0 %
2026/08/29 23:28:09.679, 0 MiB, 0 %
2026/08/29 23:28:11.679, 0 MiB, 0 %
2026/08/29 23:28:13.679, 0 MiB, 0 %
2026/08/29 23:28:15.679, 0 MiB, 0 %
2026/08/29 23:28:17.679, 0 MiB, 0 %
2026/08/29 23:28:19.680, 0 MiB, 0 %
2026/08/29 23:28:21.680, 0 MiB, 0 %
2026/08/29 23:28:23.680, 0 MiB, 0 %
2026/08/29 23:28:25.680, 0 MiB, 0 %
2026/08/29 23:28:27.680, 0 MiB, 0 %
2026/08/29 23:28:29.680, 0 MiB, 0 %
2026/08/29 23:28:31.680, 0 MiB, 0 %
2026/08/29 23:28:33.680, 0 MiB, 0 %
2026/08/29 23:28:35.681, 0 MiB, 0 %
2026/08/29 23:28:37.681, 0 MiB, 0 %
2026/08/29 23:28:39.681, 0 MiB, 0 %
2026/08/29 23:28:41.681, 0 MiB, 0 %
2026/08/29 23:28:43.681, 0 MiB, 0 %
2026/08/29 23:28:45.681, 0 MiB, 0 %
2026/08/29 23:28:47.681, 0 MiB, 0 %
2026/08/29 23:28:49.682, 0 MiB, 0 %
2026/08/29 23:28:51.682, 0 MiB, 0 %
2026/08/29 23:28:53.682, 0 MiB, 0 %
2026/08/29 23:28:55.682, 0 MiB, 0 %
2026/08/29 23:28:57.682, 0 MiB, 0 %
2026/08/29 23:28:59.682, 0 MiB, 0 %
2026/08/29 23:29:01.682, 0 MiB, 0 %
2026/08/29 23:29:03.683, 0 MiB, 0 %
2026/08/29 23:29:05.683, 0 MiB, 0 %
2026/08/29 23:29:07.683, 0 MiB, 0 %
2026/08/29 23:29:09.683, 0 MiB, 0 %
2026/08/29 23:29:11.683, 0 MiB, 0 %
2026/08/29 23:29:13.684, 0 MiB, 0 %
2026/08/29 23:29:15.684, 0 MiB, 0 %
2026/08/29 23:29:17.684, 0 MiB, 0 %
2026/08/29 23:29:19.684, 0 MiB, 0 %
2026/08/29 23:29:21.684, 0 MiB, 0 %
2026/08/29 23:29:23.684, 0 MiB, 0 %
2026/08/29 23:29:25.684, 0 MiB, 0 %
2026/08/29 23:29:27.684, 0 MiB, 0 %
2026/08/29 23:29:29.685, 0 MiB, 0 %
2026/08/29 23:29:31.685, 0 MiB, 0 %
2026/08/29 23:29:33.685, 0 MiB, 0 %
2026/08/29 23:29:35.685, 0 MiB, 0 %
2026/08/29 23:29:37.685, 0 MiB, 0 %
2026/08/29 23:29:39.685, 0 MiB, 0 %
2026/08/29 23:29:41.686, 0 MiB, 0 %
2026/08/29 23:29:43.686, 0 MiB, 0 %
2026/08/29 23:29:45.686, 0 MiB, 0 %
2026/08/29 23:29:47.686, 0 MiB, 0 %
2026/08/29 23:29:49.686, 0 MiB, 0 %
2026/08/29 23:29:51.686, 0 MiB, 0 %
2026/08/29 23:29:53.687, 0 MiB, 0 %
2026/08/29 23:29:55.687, 0 MiB, 0 %
2026/08/29 23:29:57.687, 0 MiB, 0 %
2026/08/29 23:29:59.687, 0 MiB, 0 %
2026/08/29 23:30:01.687, 0 MiB, 0 %
2026/08/29 23:30:03.687, 0 MiB, 0 %
2026/08/29 23:30:05.687, 0 MiB, 0 %
2026/08/29 23:30:07.687, 0 MiB, 0 %
2026/08/29 23:30:09.688, 0 MiB, 0 %
2026/08/29 23:30:11.688, 0 MiB, 0 %
2026/08/29 23:30:13.688, 0 MiB, 0 %
2026/08/29 23:30:15.688, 0 MiB, 0 %
2026/08/29 23:30:17.688, 0 MiB, 0 %
2026/08/29 23:30:19.688, 0 MiB, 0 %
2026/08/29 23:30:21.689, 0 MiB, 0 %
2026/08/29 23:30:23.689, 0 MiB, 0 %
2026/08/29 23:30:25.689, 0 MiB, 0 %
2026/08/29 23:30:27.689, 0 MiB, 0 %
2026/08/29 23:30:29.689, 0 MiB, 0 %
2026/08/29 23:30:31.689, 0 MiB, 0 %
2026/08/29 23:30:33.690, 0 MiB, 0 %
2026/08/29 23:30:35.690, 0 MiB, 0 %
2026/08/29 23:30:37.690, 0 MiB, 0 %
2026/08/29 23:30:39.690, 0 MiB, 0 %
2026/08/29 23:30:41.690, 0 MiB, 0 %
2026/08/29 23:30:43.690, 0 MiB, 0 %
2026/08/29 23:30:45.690, 0 MiB, 0 %
2026/08/29 23:30:47.691, 0 MiB, 0 %
2026/08/29 23:30:49.691, 0 MiB, 0 %
2026/08/29 23:30:51.691, 0 MiB, 0 %
2026/08/29 23:30:53.691, 0 MiB, 0 %
2026/08/29 23:30:55.691, 0 MiB, 0 %
2026/08/29 23:30:57.691, 0 MiB, 0 %
2026/08/29 23:30:59.692, 0 MiB, 0 %
2026/08/29 23:31:01.692, 0 MiB, 0 %
2026/08/29 23:31:03.692, 0 MiB, 0 %
2026/08/29 23:31:05.692, 0 MiB, 0 %
2026/08/29 23:31:07.692, 0 MiB, 0 %
2026/08/29 23:31:09.692, 0 MiB, 0 %
2026/08/29 23:31:11.693, 0 MiB, 0 %
2026/08/29 23:31:13.693, 0 MiB, 0 %
2026/08/29 23:31:15.693, 0 MiB, 0 %
2026/08/29 23:31:17.693, 0 MiB, 0 %
2026/08/29 23:31:19.693, 0 MiB, 0 %
2026/08/29 23:31:21.693, 0 MiB, 0 %
2026/08/29 23:31:23.694, 0 MiB, 0 %
2026/08/29 23:31:25.694, 0 MiB, 0 %
2026/08/29 23:31:27.694, 0 MiB, 0 %
2026/08/29 23:31:29.694, 0 MiB, 0 %
2026/08/29 23:31:31.694, 0 MiB, 0 %
2026/08/29 23:31:33.694, 0 MiB, 0 %
2026/08/29 23:31:35.694, 0 MiB, 0 %
2026/08/29 23:31:37.695, 0 MiB, 0 %
2026/08/29 23:31:39.695, 0 MiB, 0 %
2026/08/29 23:31:41.695, 0 MiB, 0 %
2026/08/29 23:31:43.695, 0 MiB, 0 %
2026/08/29 23:31:45.695, 0 MiB, 0 %
2026/08/29 23:31:47.696, 0 MiB, 0 %
2026/08/29 23:31:49.696, 0 MiB, 0 %
2026/08/29 23:31:51.696, 0 MiB, 0 %
2026/08/29 23:31:53.696, 0 MiB, 0 %
2026/08/29 23:31:55.696, 0 MiB, 0 %
2026/08/29 23:31:57.697, 0 MiB, 0 %
2026/08/29 23:31:59.697, 0 MiB, 0 %
2026/08/29 23:32:01.697, 0 MiB, 0 %
2026/08/29 23:32:03.697, 0 MiB, 0 %
2026/08/29 23:32:05.698, 0 MiB, 0 %
2026/08/29 23:32:07.698, 0 MiB, 0 %
2026/08/29 23:32:09.698, 0 MiB, 0 %
2026/08/29 23:32:11.698, 0 MiB, 0 %
2026/08/29 23:32:13.698, 0 MiB, 0 %
2026/08/29 23:32:15.698, 0 MiB, 0 %
2026/08/29 23:32:17.698, 0 MiB, 0 %
2026/08/29 23:32:19.699, 0 MiB, 0 %
2026/08/29 23:32:21.699, 0 MiB, 0 %
2026/08/29 23:32:23.699, 0 MiB, 0 %
2026/08/29 23:32:25.699, 0 MiB, 0 %
2026/08/29 23:32:27.700, 0 MiB, 0 %
2026/08/29 23:32:29.700, 0 MiB, 0 %
2026/08/29 23:32:31.700, 0 MiB, 0 %
2026/08/29 23:32:33.700, 0 MiB, 0 %
2026/08/29 23:32:35.701, 0 MiB, 0 %
2026/08/29 23:32:37.701, 0 MiB, 0 %
2026/08/29 23:32:39.701, 0 MiB, 0 %
2026/08/29 23:32:41.701, 0 MiB, 0 %
2026/08/29 23:32:43.701, 0 MiB, 0 %
2026/08/29 23:32:45.702, 0 MiB, 0 %
2026/08/29 23:32:47.702, 0 MiB, 0 %
2026/08/29 23:32:49.702, 0 MiB, 0 %
2026/08/29 23:32:51.702, 0 MiB, 0 %
2026/08/29 23:32:53.702, 0 MiB, 0 %
2026/08/29 23:32:55.702, 0 MiB, 0 %
2026/08/29 23:32:57.703, 0 MiB, 0 %
2026/08/29 23:32:59.703, 0 MiB, 0 %
2026/08/29 23:33:01.703, 0 MiB, 0 %
2026/08/29 23:33:03.703, 0 MiB, 0 %
2026/08/29 23:33:05.703, 0 MiB, 0 %
2026/08/29 23:33:07.704, 0 MiB, 0 %
2026/08/29 23:33:09.704, 0 MiB, 0 %
2026/08/29 23:33:11.704, 0 MiB, 0 %
2026/08/29 23:33:13.704, 0 MiB, 0 %
2026/08/29 23:33:15.704, 0 MiB, 0 %
2026/08/29 23:33:17.704, 0 MiB, 0 %
2026/08/29 23:33:19.704, 0 MiB, 0 %
2026/08/29 23:33:21.705, 0 MiB, 0 %
2026/08/29 23:33:23.705, 0 MiB, 0 %
2026/08/29 23:33:25.705, 0 MiB, 0 %
2026/08/29 23:33:27.705, 0 MiB, 0 %
2026/08/29 23:33:29.705, 0 MiB, 0 %
2026/08/29 23:33:31.705, 0 MiB, 0 %
2026/08/29 23:33:33.705, 0 MiB, 0 %
2026/08/29 23:33:35.706, 0 MiB, 0 %
2026/08/29 23:33:37.706, 0 MiB, 0 %
2026/08/29 23:33:39.706, 0 MiB, 0 %
2026/08/29 23:33:41.706, 0 MiB, 0 %
2026/08/29 23:33:43.706, 0 MiB, 0 %
2026/08/29 23:33:45.706, 0 MiB, 0 %
2026/08/29 23:33:47.707, 0 MiB, 0 %
2026/08/29 23:33:49.707, 0 MiB, 0 %
2026/08/29 23:33:51.707, 0 MiB, 0 %
2026/08/29 23:33:53.707, 0 MiB, 0 %
2026/08/29 23:33:55.707, 0 MiB, 0 %
2026/08/29 23:33:57.708, 0 MiB, 0 %
2026/08/29 23:33:59.708, 0 MiB, 0 %
2026/08/29 23:34:01.708, 0 MiB, 0 %
2026/08/29 23:34:03.708, 0 MiB, 0 %
2026/08/29 23:34:05.708, 0 MiB, 0 %
2026/08/29 23:34:07.709, 0 MiB, 0 %
2026/08/29 23:34:09.709, 0 MiB, 0 %
2026/08/29 23:34:11.709, 0 MiB, 0 %
2026/08/29 23:34:13.709, 0 MiB, 0 %
2026/08/29 23:34:15.709, 0 MiB, 0 %
2026/08/29 23:34:17.710, 0 MiB, 0 %
2026/08/29 23:34:19.710, 0 MiB, 0 %
2026/08/29 23:34:21.710, 0 MiB, 0 %
2026/08/29 23:34:23.710, 0 MiB, 0 %
2026/08/29 23:34:25.711, 0 MiB, 0 %
2026/08/29 23:34:27.711, 0 MiB, 0 %
2026/08/29 23:34:29.711, 0 MiB, 0 %
2026/08/29 23:34:31.711, 0 MiB, 0 %
2026/08/29 23:34:33.711, 0 MiB, 0 %
2026/08/29 23:34:35.712, 0 MiB, 0 %
2026/08/29 23:34:37.712, 0 MiB, 0 %
2026/08/29 23:34:39.712, 0 MiB, 0 %
2026/08/29 23:34:41.712, 0 MiB, 0 %
2026/08/29 23:34:43.712, 0 MiB, 0 %
2026/08/29 23:34:45.712, 0 MiB, 0 %
2026/08/29 23:34:47.713, 0 MiB, 0 %
2026/08/29 23:34:49.713, 0 MiB, 0 %
2026/08/29 23:34:51.713, 0 MiB, 0 %
2026/08/29 23:34:53.713, 0 MiB, 0 %
2026/08/29 23:34:55.713, 0 MiB, 0 %
2026/08/29 23:34:57.713, 0 MiB, 0 %
2026/08/29 23:34:59.714, 0 MiB, 0 %
2026/08/29 23:35:01.714, 0 MiB, 0 %
2026/08/29 23:35:03.714, 0 MiB, 0 %
2026/08/29 23:35:05.714, 0 MiB, 0 %
2026/08/29 23:35:07.714, 0 MiB, 0 %
2026/08/29 23:35:09.714, 0 MiB, 0 %
2026/08/29 23:35:11.714, 0 MiB, 0 %
2026/08/29 23:35:13.715, 0 MiB, 0 %
2026/08/29 23:35:15.715, 0 MiB, 0 %
2026/08/29 23:35:17.715, 0 MiB, 0 %
2026/08/29 23:35:19.715, 0 MiB, 0 %
2026/08/29 23:35:21.715, 0 MiB, 0 %
2026/08/29 23:35:23.715, 0 MiB, 0 %
2026/08/29 23:35:25.716, 0 MiB, 0 %
2026/08/29 23:35:27.716, 0 MiB, 0 %
2026/08/29 23:35:29.716, 0 MiB, 0 %
2026/08/29 23:35:31.716, 0 MiB, 0 %
2026/08/29 23:35:33.716, 0 MiB, 0 %
2026/08/29 23:35:35.716, 0 MiB, 0 %
2026/08/29 23:35:37.717, 0 MiB, 0 %
2026/08/29 23:35:39.717, 0 MiB, 0 %
2026/08/29 23:35:41.717, 0 MiB, 0 %
2026/08/29 23:35:43.717, 0 MiB, 0 %
2026/08/29 23:35:45.717, 0 MiB, 0 %
2026/08/29 23:35:47.717, 0 MiB, 0 %
2026/08/29 23:35:49.718, 0 MiB, 0 %
2026/08/29 23:35:51.718, 0 MiB, 0 %
2026/08/29 23:35:53.718, 0 MiB, 0 %
2026/08/29 23:35:55.718, 0 MiB, 0 %
2026/08/29 23:35:57.718, 0 MiB, 0 %
2026/08/29 23:35:59.718, 0 MiB, 0 %
2026/08/29 23:36:01.718, 0 MiB, 0 %
2026/08/29 23:36:03.718, 0 MiB, 0 %
2026/08/29 23:36:05.719, 0 MiB, 0 %
2026/08/29 23:36:07.719, 0 MiB, 0 %
2026/08/29 23:36:09.719, 0 MiB, 0 %
2026/08/29 23:36:11.719, 0 MiB, 0 %
2026/08/29 23:36:13.719, 0 MiB, 0 %
2026/08/29 23:36:15.719, 0 MiB, 0 %
2026/08/29 23:36:17.719, 0 MiB, 0 %
2026/08/29 23:36:19.720, 0 MiB, 0 %
2026/08/29 23:36:21.720, 0 MiB, 0 %
2026/08/29 23:36:23.720, 0 MiB, 0 %
2026/08/29 23:36:25.720, 0 MiB, 0 %
2026/08/29 23:36:27.720, 0 MiB, 0 %
2026/08/29 23:36:29.720, 0 MiB, 0 %
2026/08/29 23:36:31.721, 0 MiB, 0 %
2026/08/29 23:36:33.721, 0 MiB, 0 %
2026/08/29 23:36:35.721, 0 MiB, 0 %
2026/08/29 23:36:37.721, 0 MiB, 0 %
2026/08/29 23:36:39.721, 0 MiB, 0 %
2026/08/29 23:36:41.721, 0 MiB, 0 %
2026/08/29 23:36:43.722, 0 MiB, 0 %
2026/08/29 23:36:45.722, 0 MiB, 0 %
2026/08/29 23:36:47.722, 0 MiB, 0 %
2026/08/29 23:36:49.722, 0 MiB, 0 %
2026/08/29 23:36:51.723, 0 MiB, 0 %
2026/08/29 23:36:53.723, 0 MiB, 0 %
2026/08/29 23:36:55.723, 0 MiB, 0 %
2026/08/29 23:36:57.723, 0 MiB, 0 %
2026/08/29 23:36:59.723, 0 MiB, 0 %
2026/08/29 23:37:01.723, 0 MiB, 0 %
2026/08/29 23:37:03.724, 0 MiB, 0 %
2026/08/29 23:37:05.724, 0 MiB, 0 %
2026/08/29 23:37:07.724, 0 MiB, 0 %
2026/08/29 23:37:09.724, 0 MiB, 0 %
2026/08/29 23:37:11.724, 0 MiB, 0 %
2026/08/29 23:37:13.724, 0 MiB, 0 %
2026/08/29 23:37:15.724, 0 MiB, 0 %
2026/08/29 23:37:17.724, 0 MiB, 0 %
2026/08/29 23:37:19.724, 0 MiB, 0 %
2026/08/29 23:37:21.725, 0 MiB, 0 %
2026/08/29 23:37:23.725, 0 MiB, 0 %
2026/08/29 23:37:25.725, 0 MiB, 0 %
2026/08/29 23:37:27.725, 0 MiB, 0 %
2026/08/29 23:37:29.725, 0 MiB, 0 %
2026/08/29 23:37:31.725, 0 MiB, 0 %
2026/08/29 23:37:33.726, 0 MiB, 0 %
2026/08/29 23:37:35.726, 0 MiB, 0 %
2026/08/29 23:37:37.726, 0 MiB, 0 %
2026/08/29 23:37:39.726, 0 MiB, 0 %
2026/08/29 23:37:41.726, 0 MiB, 0 %
2026/08/29 23:37:43.726, 0 MiB, 0 %
2026/08/29 23:37:45.726, 0 MiB, 0 %
2026/08/29 23:37:47.727, 0 MiB, 0 %
2026/08/29 23:37:49.727, 0 MiB, 0 %
2026/08/29 23:37:51.727, 0 MiB, 0 %
2026/08/29 23:37:53.727, 0 MiB, 0 %
2026/08/29 23:37:55.727, 0 MiB, 0 %
2026/08/29 23:37:57.727, 0 MiB, 0 %
2026/08/29 23:37:59.727, 0 MiB, 0 %
2026/08/29 23:38:01.728, 0 MiB, 0 %
2026/08/29 23:38:03.728, 0 MiB, 0 %
2026/08/29 23:38:05.728, 0 MiB, 0 %
2026/08/29 23:38:07.728, 0 MiB, 0 %
2026/08/29 23:38:09.728, 0 MiB, 0 %
2026/08/29 23:38:11.728, 0 MiB, 0 %
2026/08/29 23:38:13.729, 0 MiB, 0 %
2026/08/29 23:38:15.729, 0 MiB, 0 %
2026/08/29 23:38:17.729, 0 MiB, 0 %
2026/08/29 23:38:19.729, 0 MiB, 0 %
2026/08/29 23:38:21.729, 0 MiB, 0 %
2026/08/29 23:38:23.730, 0 MiB, 0 %
2026/08/29 23:38:25.730, 0 MiB, 0 %
2026/08/29 23:38:27.730, 0 MiB, 0 %
2026/08/29 23:38:29.730, 0 MiB, 0 %
2026/08/29 23:38:31.730, 0 MiB, 0 %
2026/08/29 23:38:33.730, 0 MiB, 0 %
2026/08/29 23:38:35.730, 0 MiB, 0 %
2026/08/29 23:38:37.730, 0 MiB, 0 %
2026/08/29 23:38:39.731, 0 MiB, 0 %
2026/08/29 23:38:41.731, 0 MiB, 0 %
2026/08/29 23:38:43.731, 0 MiB, 0 %
2026/08/29 23:38:45.731, 0 MiB, 0 %
2026/08/29 23:38:47.731, 0 MiB, 0 %
2026/08/29 23:38:49.731, 0 MiB, 0 %
2026/08/29 23:38:51.731, 0 MiB, 0 %
2026/08/29 23:38:53.731, 0 MiB, 0 %
2026/08/29 23:38:55.731, 0 MiB, 0 %
2026/08/29 23:38:57.732, 0 MiB, 0 %
2026/08/29 23:38:59.732, 0 MiB, 0 %
2026/08/29 23:39:01.732, 0 MiB, 0 %
2026/08/29 23:39:03.732, 0 MiB, 0 %
2026/08/29 23:39:05.732, 0 MiB, 0 %
2026/08/29 23:39:07.732, 0 MiB, 0 %
2026/08/29 23:39:09.732, 0 MiB, 0 %
2026/08/29 23:39:11.733, 0 MiB, 0 %
2026/08/29 23:39:13.733, 0 MiB, 0 %
2026/08/29 23:39:15.733, 0 MiB, 0 %
2026/08/29 23:39:17.733, 0 MiB, 0 %
2026/08/29 23:39:19.733, 0 MiB, 0 %
2026/08/29 23:39:21.733, 0 MiB, 0 %
2026/08/29 23:39:23.733, 0 MiB, 0 %
2026/08/29 23:39:25.733, 0 MiB, 0 %
2026/08/29 23:39:27.734, 0 MiB, 0 %
2026/08/29 23:39:29.734, 0 MiB, 0 %
2026/08/29 23:39:31.734, 0 MiB, 0 %
2026/08/29 23:39:33.734, 0 MiB, 0 %
2026/08/29 23:39:35.734, 0 MiB, 0 %
2026/08/29 23:39:37.735, 0 MiB, 0 %
2026/08/29 23:39:39.735, 0 MiB, 0 %
2026/08/29 23:39:41.735, 0 MiB, 0 %
2026/08/29 23:39:43.735, 0 MiB, 0 %
2026/08/29 23:39:45.735, 0 MiB, 0 %
2026/08/29 23:39:47.735, 0 MiB, 0 %
2026/08/29 23:39:49.735, 0 MiB, 0 %
2026/08/29 23:39:51.735, 0 MiB, 0 %
2026/08/29 23:39:53.736, 0 MiB, 0 %
2026/08/29 23:39:55.736, 0 MiB, 0 %
2026/08/29 23:39:57.736, 0 MiB, 0 %
2026/08/29 23:39:59.736, 0 MiB, 0 %
2026/08/29 23:40:01.736, 0 MiB, 0 %
2026/08/29 23:40:03.736, 0 MiB, 0 %
2026/08/29 23:40:05.736, 0 MiB, 0 %
2026/08/29 23:40:07.737, 0 MiB, 0 %
2026/08/29 23:40:09.737, 0 MiB, 0 %
2026/08/29 23:40:11.737, 0 MiB, 0 %
2026/08/29 23:40:13.737, 0 MiB, 0 %
2026/08/29 23:40:15.737, 0 MiB, 0 %
2026/08/29 23:40:17.737, 0 MiB, 0 %
2026/08/29 23:40:19.737, 0 MiB, 0 %
2026/08/29 23:40:21.738, 0 MiB, 0 %
2026/08/29 23:40:23.738, 0 MiB, 0 %
2026/08/29 23:40:25.738, 0 MiB, 0 %
2026/08/29 23:40:27.738, 0 MiB, 0 %
2026/08/29 23:40:29.738, 0 MiB, 0 %
2026/08/29 23:40:31.738, 0 MiB, 0 %
2026/08/29 23:40:33.738, 0 MiB, 0 %
2026/08/29 23:40:35.738, 0 MiB, 0 %
2026/08/29 23:40:37.739, 0 MiB, 0 %
2026/08/29 23:40:39.739, 0 MiB, 0 %
2026/08/29 23:40:41.739, 0 MiB, 0 %
2026/08/29 23:40:43.739, 0 MiB, 0 %
2026/08/29 23:40:45.739, 0 MiB, 0 %
2026/08/29 23:40:47.739, 0 MiB, 0 %
2026/08/29 23:40:49.739, 0 MiB, 0 %
2026/08/29 23:40:51.739, 0 MiB, 0 %
2026/08/29 23:40:53.740, 0 MiB, 0 %
2026/08/29 23:40:55.740, 0 MiB, 0 %
2026/08/29 23:40:57.740, 0 MiB, 0 %
2026/08/29 23:40:59.740, 0 MiB, 0 %
2026/08/29 23:41:01.741, 0 MiB, 0 %
2026/08/29 23:41:03.741, 0 MiB, 0 %
2026/08/29 23:41:05.741, 0 MiB, 0 %
2026/08/29 23:41:07.741, 0 MiB, 0 %
2026/08/29 23:41:09.741, 0 MiB, 0 %
2026/08/29 23:41:11.741, 0 MiB, 0 %
2026/08/29 23:41:13.742, 0 MiB, 0 %
2026/08/29 23:41:15.742, 0 MiB, 0 %
2026/08/29 23:41:17.742, 0 MiB, 0 %
2026/08/29 23:41:19.742, 0 MiB, 0 %
2026/08/29 23:41:21.742, 0 MiB, 0 %
2026/08/29 23:41:23.742, 0 MiB, 0 %
2026/08/29 23:41:25.742, 0 MiB, 0 %
2026/08/29 23:41:27.743, 0 MiB, 0 %
2026/08/29 23:41:29.743, 0 MiB, 0 %
2026/08/29 23:41:31.743, 0 MiB, 0 %
2026/08/29 23:41:33.743, 0 MiB, 0 %
2026/08/29 23:41:35.743, 0 MiB, 0 %
2026/08/29 23:41:37.743, 0 MiB, 0 %
2026/08/29 23:41:39.744, 0 MiB, 0 %
2026/08/29 23:41:41.744, 0 MiB, 0 %
2026/08/29 23:41:43.744, 0 MiB, 0 %
2026/08/29 23:41:45.744, 0 MiB, 0 %
2026/08/29 23:41:47.744, 0 MiB, 0 %
2026/08/29 23:41:49.744, 0 MiB, 0 %
2026/08/29 23:41:51.744, 0 MiB, 0 %
2026/08/29 23:41:53.744, 0 MiB, 0 %
2026/08/29 23:41:55.745, 0 MiB, 0 %
2026/08/29 23:41:57.745, 0 MiB, 0 %
2026/08/29 23:41:59.745, 0 MiB, 0 %
2026/08/29 23:42:01.745, 0 MiB, 0 %
2026/08/29 23:42:03.745, 0 MiB, 0 %
2026/08/29 23:42:05.745, 0 MiB, 0 %
2026/08/29 23:42:07.745, 0 MiB, 0 %
2026/08/29 23:42:09.746, 0 MiB, 0 %
2026/08/29 23:42:11.746, 0 MiB, 0 %
2026/08/29 23:42:13.746, 0 MiB, 0 %
2026/08/29 23:42:15.746, 0 MiB, 0 %
2026/08/29 23:42:17.746, 0 MiB, 0 %
2026/08/29 23:42:19.746, 0 MiB, 0 %
2026/08/29 23:42:21.746, 0 MiB, 0 %
2026/08/29 23:42:23.746, 0 MiB, 0 %
2026/08/29 23:42:25.747, 0 MiB, 0 %
2026/08/29 23:42:27.747, 0 MiB, 0 %
2026/08/29 23:42:29.747, 0 MiB, 0 %
2026/08/29 23:42:31.747, 0 MiB, 0 %
2026/08/29 23:42:33.747, 0 MiB, 0 %
2026/08/29 23:42:35.747, 0 MiB, 0 %
2026/08/29 23:42:37.747, 0 MiB, 0 %
2026/08/29 23:42:39.747, 0 MiB, 0 %
2026/08/29 23:42:41.748, 0 MiB, 0 %
2026/08/29 23:42:43.748, 0 MiB, 0 %
2026/08/29 23:42:45.748, 0 MiB, 0 %
2026/08/29 23:42:47.748, 0 MiB, 0 %
2026/08/29 23:42:49.748, 0 MiB, 0 %
2026/08/29 23:42:51.748, 0 MiB, 0 %
2026/08/29 23:42:53.748, 0 MiB, 0 %
2026/08/29 23:42:55.748, 0 MiB, 0 %
2026/08/29 23:42:57.749, 0 MiB, 0 %
2026/08/29 23:42:59.749, 0 MiB, 0 %
2026/08/29 23:43:01.749, 0 MiB, 0 %
2026/08/29 23:43:03.749, 0 MiB, 0 %
2026/08/29 23:43:05.749, 0 MiB, 0 %
2026/08/29 23:43:07.749, 0 MiB, 0 %
2026/08/29 23:43:09.749, 0 MiB, 0 %
2026/08/29 23:43:11.750, 0 MiB, 0 %
2026/08/29 23:43:13.750, 0 MiB, 0 %
2026/08/29 23:43:15.750, 0 MiB, 0 %
2026/08/29 23:43:17.750, 0 MiB, 0 %
2026/08/29 23:43:19.750, 0 MiB, 0 %
2026/08/29 23:43:21.750, 0 MiB, 0 %
2026/08/29 23:43:23.751, 0 MiB, 0 %
2026/08/29 23:43:25.751, 0 MiB, 0 %
2026/08/29 23:43:27.751, 0 MiB, 0 %
2026/08/29 23:43:29.751, 0 MiB, 0 %
2026/08/29 23:43:31.751, 0 MiB, 0 %
2026/08/29 23:43:33.751, 0 MiB, 0 %
2026/08/29 23:43:35.751, 0 MiB, 0 %
2026/08/29 23:43:37.752, 0 MiB, 0 %
2026/08/29 23:43:39.752, 0 MiB, 0 %
2026/08/29 23:43:41.752, 0 MiB, 0 %
2026/08/29 23:43:43.752, 0 MiB, 0 %
2026/08/29 23:43:45.752, 0 MiB, 0 %
2026/08/29 23:43:47.752, 0 MiB, 0 %
2026/08/29 23:43:49.752, 0 MiB, 0 %
2026/08/29 23:43:51.752, 0 MiB, 0 %
2026/08/29 23:43:53.753, 0 MiB, 0 %
2026/08/29 23:43:55.753, 0 MiB, 0 %
2026/08/29 23:43:57.753, 0 MiB, 0 %
2026/08/29 23:43:59.753, 0 MiB, 0 %
2026/08/29 23:44:01.753, 0 MiB, 0 %
2026/08/29 23:44:03.753, 0 MiB, 0 %
2026/08/29 23:44:05.753, 0 MiB, 0 %
2026/08/29 23:44:07.754, 0 MiB, 0 %
2026/08/29 23:44:09.754, 0 MiB, 0 %
2026/08/29 23:44:11.754, 0 MiB, 0 %
2026/08/29 23:44:13.754, 0 MiB, 0 %
2026/08/29 23:44:15.754, 0 MiB, 0 %
2026/08/29 23:44:17.754, 0 MiB, 0 %
2026/08/29 23:44:19.754, 0 MiB, 0 %
2026/08/29 23:44:21.754, 0 MiB, 0 %
2026/08/29 23:44:23.755, 0 MiB, 0 %
2026/08/29 23:44:25.755, 0 MiB, 0 %
2026/08/29 23:44:27.755, 0 MiB, 0 %
2026/08/29 23:44:29.755, 0 MiB, 0 %
2026/08/29 23:44:31.755, 0 MiB, 0 %
2026/08/29 23:44:33.755, 0 MiB, 0 %
2026/08/29 23:44:35.755, 0 MiB, 0 %
2026/08/29 23:44:37.756, 0 MiB, 0 %
2026/08/29 23:44:39.756, 0 MiB, 0 %
2026/08/29 23:44:41.756, 0 MiB, 0 %
2026/08/29 23:44:43.756, 0 MiB, 0 %
2026/08/29 23:44:45.756, 0 MiB, 0 %
2026/08/29 23:44:47.756, 0 MiB, 0 %
2026/08/29 23:44:49.756, 0 MiB, 0 %
2026/08/29 23:44:51.757, 0 MiB, 0 %
2026/08/29 23:44:53.757, 0 MiB, 0 %
2026/08/29 23:44:55.757, 0 MiB, 0 %
2026/08/29 23:44:57.757, 0 MiB, 0 %
2026/08/29 23:44:59.757, 0 MiB, 0 %
2026/08/29 23:45:01.757, 0 MiB, 0 %
2026/08/29 23:45:03.757, 0 MiB, 0 %
2026/08/29 23:45:05.758, 0 MiB, 0 %
2026/08/29 23:45:07.758, 0 MiB, 0 %
2026/08/29 23:45:09.758, 0 MiB, 0 %
2026/08/29 23:45:11.758, 0 MiB, 0 %
2026/08/29 23:45:13.758, 0 MiB, 0 %
2026/08/29 23:45:15.758, 0 MiB, 0 %
2026/08/29 23:45:17.758, 0 MiB, 0 %
2026/08/29 23:45:19.759, 0 MiB, 0 %
2026/08/29 23:45:21.759, 0 MiB, 0 %
2026/08/29 23:45:23.759, 0 MiB, 0 %
2026/08/29 23:45:25.759, 0 MiB, 0 %
2026/08/29 23:45:27.759, 0 MiB, 0 %
2026/08/29 23:45:29.759, 0 MiB, 0 %
2026/08/29 23:45:31.759, 0 MiB, 0 %
2026/08/29 23:45:33.760, 0 MiB, 0 %
2026/08/29 23:45:35.760, 0 MiB, 0 %
2026/08/29 23:45:37.760, 0 MiB, 0 %
2026/08/29 23:45:39.760, 0 MiB, 0 %
2026/08/29 23:45:41.760, 0 MiB, 0 %
2026/08/29 23:45:43.760, 0 MiB, 0 %
2026/08/29 23:45:45.761, 0 MiB, 0 %
2026/08/29 23:45:47.761, 0 MiB, 0 %
2026/08/29 23:45:49.761, 0 MiB, 0 %
2026/08/29 23:45:51.761, 0 MiB, 0 %
2026/08/29 23:45:53.761, 0 MiB, 0 %
2026/08/29 23:45:55.761, 0 MiB, 0 %
2026/08/29 23:45:57.762, 0 MiB, 0 %
2026/08/29 23:45:59.762, 0 MiB, 0 %
2026/08/29 23:46:01.762, 0 MiB, 0 %
2026/08/29 23:46:03.762, 0 MiB, 0 %
2026/08/29 23:46:05.762, 0 MiB, 0 %
2026/08/29 23:46:07.762, 0 MiB, 0 %
2026/08/29 23:46:09.763, 0 MiB, 0 %
2026/08/29 23:46:11.763, 0 MiB, 0 %
2026/08/29 23:46:13.763, 0 MiB, 0 %
2026/08/29 23:46:15.763, 0 MiB, 0 %
2026/08/29 23:46:17.763, 0 MiB, 0 %
2026/08/29 23:46:19.763, 0 MiB, 0 %
2026/08/29 23:46:21.764, 0 MiB, 0 %
2026/08/29 23:46:23.764, 0 MiB, 0 %
2026/08/29 23:46:25.764, 0 MiB, 0 %
2026/08/29 23:46:27.764, 0 MiB, 0 %
2026/08/29 23:46:29.764, 0 MiB, 0 %
2026/08/29 23:46:31.764, 0 MiB, 0 %
2026/08/29 23:46:33.764, 0 MiB, 0 %
2026/08/29 23:46:35.765, 0 MiB, 0 %
2026/08/29 23:46:37.765, 0 MiB, 0 %
2026/08/29 23:46:39.765, 0 MiB, 0 %
2026/08/29 23:46:41.765, 0 MiB, 0 %
2026/08/29 23:46:43.765, 0 MiB, 0 %
2026/08/29 23:46:45.766, 0 MiB, 0 %
2026/08/29 23:46:47.766, 0 MiB, 0 %
2026/08/29 23:46:49.766, 0 MiB, 0 %
2026/08/29 23:46:51.766, 0 MiB, 0 %
2026/08/29 23:46:53.766, 0 MiB, 0 %
2026/08/29 23:46:55.766, 0 MiB, 0 %
2026/08/29 23:46:57.767, 0 MiB, 0 %
2026/08/29 23:46:59.767, 0 MiB, 0 %
2026/08/29 23:47:01.767, 0 MiB, 0 %
2026/08/29 23:47:03.767, 0 MiB, 0 %
2026/08/29 23:47:05.767, 0 MiB, 0 %
2026/08/29 23:47:07.767, 0 MiB, 0 %
2026/08/29 23:47:09.768, 0 MiB, 0 %
2026/08/29 23:47:11.768, 0 MiB, 0 %
2026/08/29 23:47:13.768, 0 MiB, 0 %
2026/08/29 23:47:15.768, 0 MiB, 0 %
2026/08/29 23:47:17.768, 0 MiB, 0 %
2026/08/29 23:47:19.768, 0 MiB, 0 %
2026/08/29 23:47:21.768, 0 MiB, 0 %
2026/08/29 23:47:23.768, 0 MiB, 0 %
2026/08/29 23:47:25.769, 0 MiB, 0 %
2026/08/29 23:47:27.769, 0 MiB, 0 %
2026/08/29 23:47:29.769, 0 MiB, 0 %
2026/08/29 23:47:31.769, 0 MiB, 0 %
2026/08/29 23:47:33.770, 0 MiB, 0 %
2026/08/29 23:47:35.770, 0 MiB, 0 %
2026/08/29 23:47:37.770, 0 MiB, 0 %
2026/08/29 23:47:39.770, 0 MiB, 0 %
2026/08/29 23:47:41.770, 0 MiB, 0 %
2026/08/29 23:47:43.770, 0 MiB, 0 %
2026/08/29 23:47:45.770, 0 MiB, 0 %
2026/08/29 23:47:47.771, 0 MiB, 0 %
2026/08/29 23:47:49.771, 0 MiB, 0 %
2026/08/29 23:47:51.771, 0 MiB, 0 %
2026/08/29 23:47:53.771, 0 MiB, 0 %
2026/08/29 23:47:55.771, 0 MiB, 0 %
2026/08/29 23:47:57.771, 0 MiB, 0 %
2026/08/29 23:47:59.771, 0 MiB, 0 %
2026/08/29 23:48:01.772, 0 MiB, 0 %
2026/08/29 23:48:03.772, 0 MiB, 0 %
2026/08/29 23:48:05.772, 0 MiB, 0 %
2026/08/29 23:48:07.772, 0 MiB, 0 %
2026/08/29 23:48:09.772, 0 MiB, 0 %
2026/08/29 23:48:11.773, 0 MiB, 0 %
2026/08/29 23:48:13.773, 0 MiB, 0 %
2026/08/29 23:48:15.773, 0 MiB, 0 %
2026/08/29 23:48:17.773, 0 MiB, 0 %
2026/08/29 23:48:19.774, 0 MiB, 0 %
2026/08/29 23:48:21.774, 0 MiB, 0 %
2026/08/29 23:48:23.774, 0 MiB, 0 %
2026/08/29 23:48:25.774, 0 MiB, 0 %
2026/08/29 23:48:27.774, 0 MiB, 0 %
2026/08/29 23:48:29.775, 0 MiB, 0 %
2026/08/29 23:48:31.775, 0 MiB, 0 %
2026/08/29 23:48:33.775, 0 MiB, 0 %
2026/08/29 23:48:35.775, 0 MiB, 0 %
2026/08/29 23:48:37.775, 0 MiB, 0 %
2026/08/29 23:48:39.775, 0 MiB, 0 %
2026/08/29 23:48:41.775, 0 MiB, 0 %
2026/08/29 23:48:43.776, 0 MiB, 0 %
2026/08/29 23:48:45.776, 0 MiB, 0 %
2026/08/29 23:48:47.776, 0 MiB, 0 %
2026/08/29 23:48:49.776, 0 MiB, 0 %
2026/08/29 23:48:51.776, 0 MiB, 0 %
2026/08/29 23:48:53.776, 0 MiB, 0 %
2026/08/29 23:48:55.777, 0 MiB, 0 %
2026/08/29 23:48:57.777, 0 MiB, 0 %
2026/08/29 23:48:59.777, 0 MiB, 0 %
2026/08/29 23:49:01.777, 0 MiB, 0 %
2026/08/29 23:49:03.777, 0 MiB, 0 %
2026/08/29 23:49:05.778, 0 MiB, 0 %
2026/08/29 23:49:07.778, 0 MiB, 0 %
2026/08/29 23:49:09.778, 0 MiB, 0 %
2026/08/29 23:49:11.778, 0 MiB, 0 %
2026/08/29 23:49:13.778, 0 MiB, 0 %
2026/08/29 23:49:15.778, 0 MiB, 0 %
2026/08/29 23:49:17.779, 0 MiB, 0 %
2026/08/29 23:49:19.779, 0 MiB, 0 %
2026/08/29 23:49:21.779, 0 MiB, 0 %
2026/08/29 23:49:23.779, 0 MiB, 0 %
2026/08/29 23:49:25.779, 0 MiB, 0 %
2026/08/29 23:49:27.780, 0 MiB, 0 %
2026/08/29 23:49:29.780, 0 MiB, 0 %
2026/08/29 23:49:31.780, 0 MiB, 0 %
2026/08/29 23:49:33.780, 0 MiB, 0 %
2026/08/29 23:49:35.780, 0 MiB, 0 %
2026/08/29 23:49:37.780, 0 MiB, 0 %
2026/08/29 23:49:39.780, 0 MiB, 0 %
2026/08/29 23:49:41.780, 0 MiB, 0 %
2026/08/29 23:49:43.780, 0 MiB, 0 %
2026/08/29 23:49:45.781, 0 MiB, 0 %
2026/08/29 23:49:47.781, 0 MiB, 0 %
2026/08/29 23:49:49.781, 0 MiB, 0 %
2026/08/29 23:49:51.781, 0 MiB, 0 %
2026/08/29 23:49:53.781, 0 MiB, 0 %
2026/08/29 23:49:55.781, 0 MiB, 0 %
2026/08/29 23:49:57.781, 0 MiB, 0 %
2026/08/29 23:49:59.782, 0 MiB, 0 %
2026/08/29 23:50:01.782, 0 MiB, 0 %
2026/08/29 23:50:03.782, 0 MiB, 0 %
2026/08/29 23:50:05.782, 0 MiB, 0 %
2026/08/29 23:50:07.782, 0 MiB, 0 %
2026/08/29 23:50:09.782, 0 MiB, 0 %
2026/08/29 23:50:11.782, 0 MiB, 0 %
2026/08/29 23:50:13.782, 0 MiB, 0 %
2026/08/29 23:50:15.782, 0 MiB, 0 %
2026/08/29 23:50:17.783, 0 MiB, 0 %
2026/08/29 23:50:19.783, 0 MiB, 0 %
2026/08/29 23:50:21.783, 0 MiB, 0 %
2026/08/29 23:50:23.783, 0 MiB, 0 %
2026/08/29 23:50:25.783, 0 MiB, 0 %
2026/08/29 23:50:27.784, 0 MiB, 0 %
2026/08/29 23:50:29.784, 0 MiB, 0 %
2026/08/29 23:50:31.784, 0 MiB, 0 %
2026/08/29 23:50:33.784, 0 MiB, 0 %
2026/08/29 23:50:35.784, 0 MiB, 0 %
2026/08/29 23:50:37.784, 0 MiB, 0 %
2026/08/29 23:50:39.784, 0 MiB, 0 %
2026/08/29 23:50:41.785, 0 MiB, 0 %
2026/08/29 23:50:43.785, 0 MiB, 0 %
2026/08/29 23:50:45.785, 0 MiB, 0 %
2026/08/29 23:50:47.785, 0 MiB, 0 %
2026/08/29 23:50:49.785, 0 MiB, 0 %
2026/08/29 23:50:51.785, 0 MiB, 0 %
2026/08/29 23:50:53.785, 0 MiB, 0 %
2026/08/29 23:50:55.786, 0 MiB, 0 %
2026/08/29 23:50:57.786, 0 MiB, 0 %
2026/08/29 23:50:59.786, 0 MiB, 0 %
2026/08/29 23:51:01.786, 0 MiB, 0 %
2026/08/29 23:51:03.786, 0 MiB, 0 %
2026/08/29 23:51:05.786, 0 MiB, 0 %
2026/08/29 23:51:07.786, 0 MiB, 0 %
2026/08/29 23:51:09.786, 0 MiB, 0 %
2026/08/29 23:51:11.787, 0 MiB, 0 %
2026/08/29 23:51:13.787, 0 MiB, 0 %
2026/08/29 23:51:15.787, 0 MiB, 0 %
2026/08/29 23:51:17.787, 0 MiB, 0 %
2026/08/29 23:51:19.787, 0 MiB, 0 %
2026/08/29 23:51:21.787, 0 MiB, 0 %
2026/08/29 23:51:23.787, 0 MiB, 0 %
2026/08/29 23:51:25.787, 0 MiB, 0 %
2026/08/29 23:51:27.788, 0 MiB, 0 %
2026/08/29 23:51:29.788, 0 MiB, 0 %
2026/08/29 23:51:31.788, 0 MiB, 0 %
2026/08/29 23:51:33.788, 0 MiB, 0 %
2026/08/29 23:51:35.788, 0 MiB, 0 %
2026/08/29 23:51:37.788, 0 MiB, 0 %
2026/08/29 23:51:39.789, 0 MiB, 0 %
2026/08/29 23:51:41.789, 0 MiB, 0 %
2026/08/29 23:51:43.789, 0 MiB, 0 %
2026/08/29 23:51:45.789, 0 MiB, 0 %
2026/08/29 23:51:47.789, 0 MiB, 0 %
2026/08/29 23:51:49.789, 0 MiB, 0 %
2026/08/29 23:51:51.790, 0 MiB, 0 %
2026/08/29 23:51:53.790, 0 MiB, 0 %
2026/08/29 23:51:55.790, 0 MiB, 0 %
2026/08/29 23:51:57.790, 0 MiB, 0 %
2026/08/29 23:51:59.790, 0 MiB, 0 %
2026/08/29 23:52:01.790, 0 MiB, 0 %
2026/08/29 23:52:03.791, 0 MiB, 0 %
2026/08/29 23:52:05.791, 0 MiB, 0 %
2026/08/29 23:52:07.791, 0 MiB, 0 %
2026/08/29 23:52:09.791, 0 MiB, 0 %
2026/08/29 23:52:11.791, 0 MiB, 0 %
2026/08/29 23:52:13.791, 0 MiB, 0 %
2026/08/29 23:52:15.791, 0 MiB, 0 %
2026/08/29 23:52:17.791, 0 MiB, 0 %
2026/08/29 23:52:19.792, 0 MiB, 0 %
2026/08/29 23:52:21.792, 0 MiB, 0 %
2026/08/29 23:52:23.792, 0 MiB, 0 %
2026/08/29 23:52:25.792, 0 MiB, 0 %
2026/08/29 23:52:27.792, 0 MiB, 0 %
2026/08/29 23:52:29.792, 0 MiB, 0 %
2026/08/29 23:52:31.792, 0 MiB, 0 %
2026/08/29 23:52:33.792, 0 MiB, 0 %
2026/08/29 23:52:35.793, 0 MiB, 0 %
2026/08/29 23:52:37.793, 0 MiB, 0 %
2026/08/29 23:52:39.793, 0 MiB, 0 %
2026/08/29 23:52:41.793, 0 MiB, 0 %
2026/08/29 23:52:43.793, 0 MiB, 0 %
2026/08/29 23:52:45.793, 0 MiB, 0 %
2026/08/29 23:52:47.793, 0 MiB, 0 %
2026/08/29 23:52:49.794, 0 MiB, 0 %
2026/08/29 23:52:51.794, 0 MiB, 0 %
2026/08/29 23:52:53.794, 0 MiB, 0 %
2026/08/29 23:52:55.794, 0 MiB, 0 %
2026/08/29 23:52:57.794, 0 MiB, 0 %
2026/08/29 23:52:59.794, 0 MiB, 0 %
2026/08/29 23:53:01.795, 0 MiB, 0 %
2026/08/29 23:53:03.795, 0 MiB, 0 %
2026/08/29 23:53:05.795, 0 MiB, 0 %
2026/08/29 23:53:07.795, 0 MiB, 0 %
2026/08/29 23:53:09.795, 0 MiB, 0 %
2026/08/29 23:53:11.795, 0 MiB, 0 %
2026/08/29 23:53:13.795, 0 MiB, 0 %
2026/08/29 23:53:15.796, 0 MiB, 0 %
2026/08/29 23:53:17.796, 0 MiB, 0 %
2026/08/29 23:53:19.796, 0 MiB, 0 %
2026/08/29 23:53:21.796, 0 MiB, 0 %
2026/08/29 23:53:23.796, 0 MiB, 0 %
2026/08/29 23:53:25.796, 0 MiB, 0 %
2026/08/29 23:53:27.796, 0 MiB, 0 %
2026/08/29 23:53:29.797, 0 MiB, 0 %
2026/08/29 23:53:31.797, 0 MiB, 0 %
2026/08/29 23:53:33.797, 0 MiB, 0 %
2026/08/29 23:53:35.797, 0 MiB, 0 %
2026/08/29 23:53:37.797, 0 MiB, 0 %
2026/08/29 23:53:39.797, 0 MiB, 0 %
2026/08/29 23:53:41.797, 0 MiB, 0 %
2026/08/29 23:53:43.797, 0 MiB, 0 %
2026/08/29 23:53:45.798, 0 MiB, 0 %
2026/08/29 23:53:47.798, 0 MiB, 0 %
2026/08/29 23:53:49.798, 0 MiB, 0 %
2026/08/29 23:53:51.798, 0 MiB, 0 %
2026/08/29 23:53:53.798, 0 MiB, 0 %
2026/08/29 23:53:55.798, 0 MiB, 0 %
2026/08/29 23:53:57.798, 0 MiB, 0 %
2026/08/29 23:53:59.798, 0 MiB, 0 %
2026/08/29 23:54:01.799, 0 MiB, 0 %
2026/08/29 23:54:03.799, 0 MiB, 0 %
2026/08/29 23:54:05.799, 0 MiB, 0 %
2026/08/29 23:54:07.799, 0 MiB, 0 %
2026/08/29 23:54:09.799, 0 MiB, 0 %
2026/08/29 23:54:11.799, 0 MiB, 0 %
2026/08/29 23:54:13.799, 0 MiB, 0 %
2026/08/29 23:54:15.799, 0 MiB, 0 %
2026/08/29 23:54:17.800, 0 MiB, 0 %
2026/08/29 23:54:19.800, 0 MiB, 0 %
2026/08/29 23:54:21.800, 0 MiB, 0 %
2026/08/29 23:54:23.800, 0 MiB, 0 %
2026/08/29 23:54:25.800, 0 MiB, 0 %
2026/08/29 23:54:27.800, 0 MiB, 0 %
2026/08/29 23:54:29.800, 0 MiB, 0 %
2026/08/29 23:54:31.801, 0 MiB, 0 %
2026/08/29 23:54:33.801, 0 MiB, 0 %
2026/08/29 23:54:35.801, 0 MiB, 0 %
2026/08/29 23:54:37.801, 0 MiB, 0 %
2026/08/29 23:54:39.801, 0 MiB, 0 %
2026/08/29 23:54:41.801, 0 MiB, 0 %
2026/08/29 23:54:43.801, 0 MiB, 0 %
2026/08/29 23:54:45.802, 0 MiB, 0 %
2026/08/29 23:54:47.802, 0 MiB, 0 %
2026/08/29 23:54:49.802, 0 MiB, 0 %
2026/08/29 23:54:51.802, 0 MiB, 0 %
2026/08/29 23:54:53.802, 0 MiB, 0 %
2026/08/29 23:54:55.803, 0 MiB, 0 %
2026/08/29 23:54:57.803, 0 MiB, 0 %
2026/08/29 23:54:59.803, 0 MiB, 0 %
2026/08/29 23:55:01.803, 0 MiB, 0 %
2026/08/29 23:55:03.803, 0 MiB, 0 %
2026/08/29 23:55:05.804, 0 MiB, 0 %
2026/08/29 23:55:07.804, 0 MiB, 0 %
2026/08/29 23:55:09.804, 0 MiB, 0 %
2026/08/29 23:55:11.804, 0 MiB, 0 %
2026/08/29 23:55:13.804, 0 MiB, 0 %
2026/08/29 23:55:15.804, 0 MiB, 0 %
2026/08/29 23:55:17.804, 0 MiB, 0 %
2026/08/29 23:55:19.804, 0 MiB, 0 %
2026/08/29 23:55:21.805, 0 MiB, 0 %
2026/08/29 23:55:23.805, 0 MiB, 0 %
2026/08/29 23:55:25.805, 0 MiB, 0 %
2026/08/29 23:55:27.805, 0 MiB, 0 %
2026/08/29 23:55:29.805, 0 MiB, 0 %
2026/08/29 23:55:31.805, 0 MiB, 0 %
2026/08/29 23:55:33.806, 0 MiB, 0 %
2026/08/29 23:55:35.806, 0 MiB, 0 %
2026/08/29 23:55:37.806, 0 MiB, 0 %
2026/08/29 23:55:39.806, 0 MiB, 0 %
2026/08/29 23:55:41.806, 0 MiB, 0 %
2026/08/29 23:55:43.806, 0 MiB, 0 %
2026/08/29 23:55:45.806, 0 MiB, 0 %
2026/08/29 23:55:47.807, 0 MiB, 0 %
2026/08/29 23:55:49.807, 0 MiB, 0 %
2026/08/29 23:55:51.807, 0 MiB, 0 %
2026/08/29 23:55:53.807, 0 MiB, 0 %
2026/08/29 23:55:55.807, 0 MiB, 0 %
2026/08/29 23:55:57.807, 0 MiB, 0 %
2026/08/29 23:55:59.808, 0 MiB, 0 %
2026/08/29 23:56:01.808, 0 MiB, 0 %
2026/08/29 23:56:03.808, 0 MiB, 0 %
2026/08/29 23:56:05.808, 0 MiB, 0 %
2026/08/29 23:56:07.808, 0 MiB, 0 %
2026/08/29 23:56:09.808, 0 MiB, 0 %
2026/08/29 23:56:11.809, 0 MiB, 0 %
2026/08/29 23:56:13.809, 0 MiB, 0 %
2026/08/29 23:56:15.809, 0 MiB, 0 %
2026/08/29 23:56:17.809, 0 MiB, 0 %
2026/08/29 23:56:19.809, 0 MiB, 0 %
2026/08/29 23:56:21.810, 0 MiB, 0 %
2026/08/29 23:56:23.810, 0 MiB, 0 %
2026/08/29 23:56:25.810, 0 MiB, 0 %
2026/08/29 23:56:27.810, 0 MiB, 0 %
2026/08/29 23:56:29.810, 0 MiB, 0 %
2026/08/29 23:56:31.811, 0 MiB, 0 %
2026/08/29 23:56:33.811, 0 MiB, 0 %
2026/08/29 23:56:35.811, 0 MiB, 0 %
2026/08/29 23:56:37.811, 0 MiB, 0 %
2026/08/29 23:56:39.811, 0 MiB, 0 %
2026/08/29 23:56:41.811, 0 MiB, 0 %
2026/08/29 23:56:43.812, 0 MiB, 0 %
2026/08/29 23:56:45.812, 0 MiB, 0 %
2026/08/29 23:56:47.812, 0 MiB, 0 %
2026/08/29 23:56:49.812, 0 MiB, 0 %
2026/08/29 23:56:51.812, 0 MiB, 0 %
2026/08/29 23:56:53.813, 0 MiB, 0 %
2026/08/29 23:56:55.813, 0 MiB, 0 %
2026/08/29 23:56:57.813, 0 MiB, 0 %
2026/08/29 23:56:59.813, 0 MiB, 0 %
2026/08/29 23:57:01.813, 0 MiB, 0 %
2026/08/29 23:57:03.813, 0 MiB, 0 %
2026/08/29 23:57:05.813, 0 MiB, 0 %
2026/08/29 23:57:07.813, 0 MiB, 0 %
2026/08/29 23:57:09.814, 0 MiB, 0 %
2026/08/29 23:57:11.814, 0 MiB, 0 %
2026/08/29 23:57:13.814, 0 MiB, 0 %
2026/08/29 23:57:15.814, 0 MiB, 0 %
2026/08/29 23:57:17.814, 0 MiB, 0 %
2026/08/29 23:57:19.814, 0 MiB, 0 %
2026/08/29 23:57:21.815, 0 MiB, 0 %
2026/08/29 23:57:23.815, 0 MiB, 0 %
2026/08/29 23:57:25.815, 0 MiB, 0 %
2026/08/29 23:57:27.815, 0 MiB, 0 %
2026/08/29 23:57:29.815, 0 MiB, 0 %
2026/08/29 23:57:31.816, 0 MiB, 0 %
2026/08/29 23:57:33.816, 0 MiB, 0 %
2026/08/29 23:57:35.816, 0 MiB, 0 %
2026/08/29 23:57:37.816, 0 MiB, 0 %
2026/08/29 23:57:39.816, 0 MiB, 0 %
2026/08/29 23:57:41.817, 0 MiB, 0 %
2026/08/29 23:57:43.817, 0 MiB, 0 %
2026/08/29 23:57:45.817, 0 MiB, 0 %
2026/08/29 23:57:47.817, 0 MiB, 0 %
2026/08/29 23:57:49.817, 0 MiB, 0 %
2026/08/29 23:57:51.818, 0 MiB, 0 %
2026/08/29 23:57:53.818, 0 MiB, 0 %
2026/08/29 23:57:55.818, 0 MiB, 0 %
2026/08/29 23:57:57.818, 0 MiB, 0 %
2026/08/29 23:57:59.818, 0 MiB, 0 %
2026/08/29 23:58:01.818, 0 MiB, 0 %
2026/08/29 23:58:03.818, 0 MiB, 0 %
2026/08/29 23:58:05.818, 0 MiB, 0 %
2026/08/29 23:58:07.819, 0 MiB, 0 %
2026/08/29 23:58:09.819, 0 MiB, 0 %
2026/08/29 23:58:11.819, 0 MiB, 0 %
2026/08/29 23:58:13.819, 0 MiB, 0 %
2026/08/29 23:58:15.819, 0 MiB, 0 %
2026/08/29 23:58:17.819, 0 MiB, 0 %
2026/08/29 23:58:19.819, 0 MiB, 0 %
2026/08/29 23:58:21.819, 0 MiB, 0 %
2026/08/29 23:58:23.820, 0 MiB, 0 %
2026/08/29 23:58:25.820, 0 MiB, 0 %
2026/08/29 23:58:27.820, 0 MiB, 0 %
2026/08/29 23:58:29.820, 0 MiB, 0 %
2026/08/29 23:58:31.820, 0 MiB, 0 %
2026/08/29 23:58:33.820, 0 MiB, 0 %
2026/08/29 23:58:35.820, 0 MiB, 0 %
2026/08/29 23:58:37.821, 0 MiB, 0 %
2026/08/29 23:58:39.821, 0 MiB, 0 %
2026/08/29 23:58:41.821, 0 MiB, 0 %
2026/08/29 23:58:43.821, 0 MiB, 0 %
2026/08/29 23:58:45.821, 0 MiB, 0 %
2026/08/29 23:58:47.821, 0 MiB, 0 %
2026/08/29 23:58:49.821, 0 MiB, 0 %
2026/08/29 23:58:51.822, 0 MiB, 0 %
2026/08/29 23:58:53.822, 0 MiB, 0 %
2026/08/29 23:58:55.822, 0 MiB, 0 %
2026/08/29 23:58:57.822, 0 MiB, 0 %
2026/08/29 23:58:59.822, 0 MiB, 0 %
2026/08/29 23:59:01.822, 0 MiB, 0 %
2026/08/29 23:59:03.822, 0 MiB, 0 %
2026/08/29 23:59:05.823, 0 MiB, 0 %
2026/08/29 23:59:07.823, 0 MiB, 0 %
2026/08/29 23:59:09.823, 0 MiB, 0 %
2026/08/29 23:59:11.823, 0 MiB, 0 %
2026/08/29 23:59:13.823, 0 MiB, 0 %
2026/08/29 23:59:15.823, 0 MiB, 0 %
2026/08/29 23:59:17.823, 0 MiB, 0 %
2026/08/29 23:59:19.824, 0 MiB, 0 %
2026/08/29 23:59:21.824, 0 MiB, 0 %
2026/08/29 23:59:23.824, 0 MiB, 0 %
2026/08/29 23:59:25.824, 0 MiB, 0 %
2026/08/29 23:59:27.824, 0 MiB, 0 %
2026/08/29 23:59:29.824, 0 MiB, 0 %
2026/08/29 23:59:31.825, 0 MiB, 0 %
2026/08/29 23:59:33.825, 0 MiB, 0 %
2026/08/29 23:59:35.825, 0 MiB, 0 %
2026/08/29 23:59:37.825, 0 MiB, 0 %
2026/08/29 23:59:39.825, 0 MiB, 0 %
2026/08/29 23:59:41.826, 0 MiB, 0 %
2026/08/29 23:59:43.826, 0 MiB, 0 %
2026/08/29 23:59:45.826, 0 MiB, 0 %
2026/08/29 23:59:47.826, 0 MiB, 0 %
2026/08/29 23:59:49.826, 0 MiB, 0 %
2026/08/29 23:59:51.826, 0 MiB, 0 %
2026/08/29 23:59:53.827, 0 MiB, 0 %
2026/08/29 23:59:55.827, 0 MiB, 0 %
2026/08/29 23:59:57.827, 0 MiB, 0 %
2026/08/29 23:59:59.827, 0 MiB, 0 %
2026/08/30 00:00:01.827, 0 MiB, 0 %
2026/08/30 00:00:03.827, 0 MiB, 0 %
2026/08/30 00:00:05.827, 0 MiB, 0 %
2026/08/30 00:00:07.827, 0 MiB, 0 %
2026/08/30 00:00:09.827, 0 MiB, 0 %
2026/08/30 00:00:11.828, 0 MiB, 0 %
2026/08/30 00:00:13.828, 0 MiB, 0 %
2026/08/30 00:00:15.828, 0 MiB, 0 %
2026/08/30 00:00:17.828, 0 MiB, 0 %
2026/08/30 00:00:19.828, 0 MiB, 0 %
2026/08/30 00:00:21.828, 0 MiB, 0 %
2026/08/30 00:00:23.828, 0 MiB, 0 %
2026/08/30 00:00:25.828, 0 MiB, 0 %
2026/08/30 00:00:27.828, 0 MiB, 0 %
2026/08/30 00:00:29.829, 0 MiB, 0 %
2026/08/30 00:00:31.829, 0 MiB, 0 %
2026/08/30 00:00:33.829, 0 MiB, 0 %
2026/08/30 00:00:35.829, 0 MiB, 0 %
2026/08/30 00:00:37.829, 0 MiB, 0 %
2026/08/30 00:00:39.829, 0 MiB, 0 %
2026/08/30 00:00:41.831, 0 MiB, 0 %
2026/08/30 00:00:43.831, 0 MiB, 0 %
2026/08/30 00:00:45.831, 0 MiB, 0 %
2026/08/30 00:00:47.831, 0 MiB, 0 %
2026/08/30 00:00:49.831, 0 MiB, 0 %
2026/08/30 00:00:51.831, 0 MiB, 0 %
2026/08/30 00:00:53.831, 0 MiB, 0 %
2026/08/30 00:00:55.832, 0 MiB, 0 %
2026/08/30 00:00:57.832, 0 MiB, 0 %
2026/08/30 00:00:59.832, 0 MiB, 0 %
2026/08/30 00:01:01.832, 0 MiB, 0 %
2026/08/30 00:01:03.832, 0 MiB, 0 %
2026/08/30 00:01:05.832, 0 MiB, 0 %
2026/08/30 00:01:07.832, 0 MiB, 0 %
2026/08/30 00:01:09.833, 0 MiB, 0 %
2026/08/30 00:01:11.833, 0 MiB, 0 %
2026/08/30 00:01:13.833, 0 MiB, 0 %
2026/08/30 00:01:15.833, 0 MiB, 0 %
2026/08/30 00:01:17.833, 0 MiB, 0 %
2026/08/30 00:01:19.833, 0 MiB, 0 %
2026/08/30 00:01:21.833, 0 MiB, 0 %
2026/08/30 00:01:23.834, 0 MiB, 0 %
2026/08/30 00:01:25.834, 0 MiB, 0 %
2026/08/30 00:01:27.834, 0 MiB, 0 %
2026/08/30 00:01:29.834, 0 MiB, 0 %
2026/08/30 00:01:31.834, 0 MiB, 0 %
2026/08/30 00:01:33.834, 0 MiB, 0 %
2026/08/30 00:01:35.834, 0 MiB, 0 %
2026/08/30 00:01:37.834, 0 MiB, 0 %
2026/08/30 00:01:39.835, 0 MiB, 0 %
2026/08/30 00:01:41.835, 0 MiB, 0 %
2026/08/30 00:01:43.835, 0 MiB, 0 %
2026/08/30 00:01:45.835, 0 MiB, 0 %
2026/08/30 00:01:47.835, 0 MiB, 0 %
2026/08/30 00:01:49.835, 0 MiB, 0 %
2026/08/30 00:01:51.835, 0 MiB, 0 %
2026/08/30 00:01:53.835, 0 MiB, 0 %
2026/08/30 00:01:55.836, 0 MiB, 0 %
2026/08/30 00:01:57.836, 0 MiB, 0 %
2026/08/30 00:01:59.836, 0 MiB, 0 %
2026/08/30 00:02:01.836, 0 MiB, 0 %
2026/08/30 00:02:03.836, 0 MiB, 0 %
2026/08/30 00:02:05.836, 0 MiB, 0 %
2026/08/30 00:02:07.837, 0 MiB, 0 %
2026/08/30 00:02:09.837, 0 MiB, 0 %
2026/08/30 00:02:11.837, 0 MiB, 0 %
2026/08/30 00:02:13.837, 0 MiB, 0 %
2026/08/30 00:02:15.837, 0 MiB, 0 %
2026/08/30 00:02:17.838, 0 MiB, 0 %
2026/08/30 00:02:19.838, 0 MiB, 0 %
2026/08/30 00:02:21.838, 0 MiB, 0 %
2026/08/30 00:02:23.838, 0 MiB, 0 %
2026/08/30 00:02:25.838, 0 MiB, 0 %
2026/08/30 00:02:27.839, 0 MiB, 0 %
2026/08/30 00:02:29.839, 0 MiB, 0 %
2026/08/30 00:02:31.839, 0 MiB, 0 %
2026/08/30 00:02:33.839, 0 MiB, 0 %
2026/08/30 00:02:35.839, 0 MiB, 0 %
2026/08/30 00:02:37.839, 0 MiB, 0 %
2026/08/30 00:02:39.840, 0 MiB, 0 %
2026/08/30 00:02:41.840, 0 MiB, 0 %
2026/08/30 00:02:43.840, 0 MiB, 0 %
2026/08/30 00:02:45.840, 0 MiB, 0 %
2026/08/30 00:02:47.840, 0 MiB, 0 %
2026/08/30 00:02:49.840, 0 MiB, 0 %
2026/08/30 00:02:51.840, 0 MiB, 0 %
2026/08/30 00:02:53.840, 0 MiB, 0 %
2026/08/30 00:02:55.841, 0 MiB, 0 %
2026/08/30 00:02:57.841, 0 MiB, 0 %
2026/08/30 00:02:59.841, 0 MiB, 0 %
2026/08/30 00:03:01.841, 0 MiB, 0 %
2026/08/30 00:03:03.841, 0 MiB, 0 %
2026/08/30 00:03:05.841, 0 MiB, 0 %
2026/08/30 00:03:07.841, 0 MiB, 0 %
2026/08/30 00:03:09.842, 0 MiB, 0 %
2026/08/30 00:03:11.842, 0 MiB, 0 %
2026/08/30 00:03:13.842, 0 MiB, 0 %
2026/08/30 00:03:15.842, 0 MiB, 0 %
2026/08/30 00:03:17.842, 0 MiB, 0 %
2026/08/30 00:03:19.842, 0 MiB, 0 %
2026/08/30 00:03:21.842, 0 MiB, 0 %
2026/08/30 00:03:23.843, 0 MiB, 0 %
2026/08/30 00:03:25.843, 0 MiB, 0 %
2026/08/30 00:03:27.843, 0 MiB, 0 %
2026/08/30 00:03:29.843, 0 MiB, 0 %
2026/08/30 00:03:31.843, 0 MiB, 0 %
2026/08/30 00:03:33.843, 0 MiB, 0 %
2026/08/30 00:03:35.843, 0 MiB, 0 %
2026/08/30 00:03:37.844, 0 MiB, 0 %
2026/08/30 00:03:39.844, 0 MiB, 0 %
2026/08/30 00:03:41.844, 0 MiB, 0 %
2026/08/30 00:03:43.844, 0 MiB, 0 %
2026/08/30 00:03:45.844, 0 MiB, 0 %
2026/08/30 00:03:47.844, 0 MiB, 0 %
2026/08/30 00:03:49.844, 0 MiB, 0 %
2026/08/30 00:03:51.844, 0 MiB, 0 %
2026/08/30 00:03:53.845, 0 MiB, 0 %
2026/08/30 00:03:55.845, 0 MiB, 0 %
2026/08/30 00:03:57.845, 0 MiB, 0 %
2026/08/30 00:03:59.845, 0 MiB, 0 %
2026/08/30 00:04:01.845, 0 MiB, 0 %
2026/08/30 00:04:03.845, 0 MiB, 0 %
2026/08/30 00:04:05.846, 0 MiB, 0 %
2026/08/30 00:04:07.846, 0 MiB, 0 %
2026/08/30 00:04:09.846, 0 MiB, 0 %
2026/08/30 00:04:11.846, 0 MiB, 0 %
2026/08/30 00:04:13.846, 0 MiB, 0 %
2026/08/30 00:04:15.846, 0 MiB, 0 %
2026/08/30 00:04:17.847, 0 MiB, 0 %
2026/08/30 00:04:19.847, 0 MiB, 0 %
2026/08/30 00:04:21.847, 0 MiB, 0 %
2026/08/30 00:04:23.847, 0 MiB, 0 %
2026/08/30 00:04:25.847, 0 MiB, 0 %
2026/08/30 00:04:27.848, 0 MiB, 0 %
2026/08/30 00:04:29.848, 0 MiB, 0 %
2026/08/30 00:04:31.848, 0 MiB, 0 %
2026/08/30 00:04:33.848, 0 MiB, 0 %
2026/08/30 00:04:35.848, 0 MiB, 0 %
2026/08/30 00:04:37.848, 0 MiB, 0 %
2026/08/30 00:04:39.849, 0 MiB, 0 %
2026/08/30 00:04:41.849, 0 MiB, 0 %
2026/08/30 00:04:43.849, 0 MiB, 0 %
2026/08/30 00:04:45.849, 0 MiB, 0 %
2026/08/30 00:04:47.849, 0 MiB, 0 %
2026/08/30 00:04:49.849, 0 MiB, 0 %
2026/08/30 00:04:51.850, 0 MiB, 0 %
2026/08/30 00:04:53.850, 0 MiB, 0 %
2026/08/30 00:04:55.850, 0 MiB, 0 %
2026/08/30 00:04:57.850, 0 MiB, 0 %
2026/08/30 00:04:59.850, 0 MiB, 0 %
2026/08/30 00:05:01.850, 0 MiB, 0 %
2026/08/30 00:05:03.851, 0 MiB, 0 %
2026/08/30 00:05:05.851, 0 MiB, 0 %
2026/08/30 00:05:07.851, 0 MiB, 0 %
2026/08/30 00:05:09.851, 0 MiB, 0 %
2026/08/30 00:05:11.851, 0 MiB, 0 %
2026/08/30 00:05:13.851, 0 MiB, 0 %
2026/08/30 00:05:15.851, 0 MiB, 0 %
2026/08/30 00:05:17.851, 0 MiB, 0 %
2026/08/30 00:05:19.851, 0 MiB, 0 %
2026/08/30 00:05:21.852, 0 MiB, 0 %
2026/08/30 00:05:23.852, 0 MiB, 0 %
2026/08/30 00:05:25.852, 0 MiB, 0 %
2026/08/30 00:05:27.852, 0 MiB, 0 %
2026/08/30 00:05:29.852, 0 MiB, 0 %
2026/08/30 00:05:31.852, 0 MiB, 0 %
2026/08/30 00:05:33.852, 0 MiB, 0 %
2026/08/30 00:05:35.852, 0 MiB, 0 %
2026/08/30 00:05:37.853, 0 MiB, 0 %
2026/08/30 00:05:39.853, 0 MiB, 0 %
2026/08/30 00:05:41.853, 0 MiB, 0 %
2026/08/30 00:05:43.853, 0 MiB, 0 %
2026/08/30 00:05:45.853, 0 MiB, 0 %
2026/08/30 00:05:47.853, 0 MiB, 0 %
2026/08/30 00:05:49.853, 0 MiB, 0 %
2026/08/30 00:05:51.853, 0 MiB, 0 %
2026/08/30 00:05:53.854, 0 MiB, 0 %
2026/08/30 00:05:55.854, 0 MiB, 0 %
2026/08/30 00:05:57.854, 0 MiB, 0 %
2026/08/30 00:05:59.854, 0 MiB, 0 %
2026/08/30 00:06:01.854, 0 MiB, 0 %
2026/08/30 00:06:03.854, 0 MiB, 0 %
2026/08/30 00:06:05.855, 0 MiB, 0 %
2026/08/30 00:06:07.855, 0 MiB, 0 %
2026/08/30 00:06:09.855, 0 MiB, 0 %
2026/08/30 00:06:11.855, 0 MiB, 0 %
2026/08/30 00:06:13.855, 0 MiB, 0 %
2026/08/30 00:06:15.855, 0 MiB, 0 %
2026/08/30 00:06:17.855, 0 MiB, 0 %
2026/08/30 00:06:19.855, 0 MiB, 0 %
2026/08/30 00:06:21.856, 0 MiB, 0 %
2026/08/30 00:06:23.856, 0 MiB, 0 %
2026/08/30 00:06:25.856, 0 MiB, 0 %
2026/08/30 00:06:27.856, 0 MiB, 0 %
2026/08/30 00:06:29.856, 0 MiB, 0 %
2026/08/30 00:06:31.856, 0 MiB, 0 %
2026/08/30 00:06:33.856, 0 MiB, 0 %
2026/08/30 00:06:35.856, 0 MiB, 0 %
2026/08/30 00:06:37.857, 0 MiB, 0 %
2026/08/30 00:06:39.857, 0 MiB, 0 %
2026/08/30 00:06:41.857, 0 MiB, 0 %
2026/08/30 00:06:43.857, 0 MiB, 0 %
2026/08/30 00:06:45.857, 0 MiB, 0 %
2026/08/30 00:06:47.857, 0 MiB, 0 %
2026/08/30 00:06:49.857, 0 MiB, 0 %
2026/08/30 00:06:51.857, 0 MiB, 0 %
2026/08/30 00:06:53.858, 0 MiB, 0 %
2026/08/30 00:06:55.858, 0 MiB, 0 %
2026/08/30 00:06:57.858, 0 MiB, 0 %
2026/08/30 00:06:59.858, 0 MiB, 0 %
2026/08/30 00:07:01.858, 0 MiB, 0 %
2026/08/30 00:07:03.858, 0 MiB, 0 %
2026/08/30 00:07:05.859, 0 MiB, 0 %
2026/08/30 00:07:07.859, 0 MiB, 0 %
2026/08/30 00:07:09.859, 0 MiB, 0 %
2026/08/30 00:07:11.859, 0 MiB, 0 %
2026/08/30 00:07:13.859, 0 MiB, 0 %
2026/08/30 00:07:15.859, 0 MiB, 0 %
2026/08/30 00:07:17.859, 0 MiB, 0 %
2026/08/30 00:07:19.859, 0 MiB, 0 %
2026/08/30 00:07:21.860, 0 MiB, 0 %
2026/08/30 00:07:23.860, 0 MiB, 0 %
2026/08/30 00:07:25.860, 0 MiB, 0 %
2026/08/30 00:07:27.860, 0 MiB, 0 %
2026/08/30 00:07:29.860, 0 MiB, 0 %
2026/08/30 00:07:31.860, 0 MiB, 0 %
2026/08/30 00:07:33.861, 0 MiB, 0 %
2026/08/30 00:07:35.861, 0 MiB, 0 %
2026/08/30 00:07:37.861, 0 MiB, 0 %
2026/08/30 00:07:39.861, 0 MiB, 0 %
2026/08/30 00:07:41.861, 0 MiB, 0 %
2026/08/30 00:07:43.861, 0 MiB, 0 %
2026/08/30 00:07:45.861, 0 MiB, 0 %
2026/08/30 00:07:47.862, 0 MiB, 0 %
2026/08/30 00:07:49.862, 0 MiB, 0 %
2026/08/30 00:07:51.862, 0 MiB, 0 %
2026/08/30 00:07:53.862, 0 MiB, 0 %
2026/08/30 00:07:55.862, 0 MiB, 0 %
2026/08/30 00:07:57.862, 0 MiB, 0 %
2026/08/30 00:07:59.862, 0 MiB, 0 %
2026/08/30 00:08:01.863, 0 MiB, 0 %
2026/08/30 00:08:03.863, 0 MiB, 0 %
2026/08/30 00:08:05.863, 0 MiB, 0 %
2026/08/30 00:08:07.863, 0 MiB, 0 %
2026/08/30 00:08:09.863, 0 MiB, 0 %
2026/08/30 00:08:11.863, 0 MiB, 0 %
2026/08/30 00:08:13.863, 0 MiB, 0 %
2026/08/30 00:08:15.863, 0 MiB, 0 %
2026/08/30 00:08:17.863, 0 MiB, 0 %
2026/08/30 00:08:19.864, 0 MiB, 0 %
2026/08/30 00:08:21.864, 0 MiB, 0 %
2026/08/30 00:08:23.864, 0 MiB, 0 %
2026/08/30 00:08:25.864, 0 MiB, 0 %
2026/08/30 00:08:27.864, 0 MiB, 0 %
2026/08/30 00:08:29.864, 0 MiB, 0 %
2026/08/30 00:08:31.864, 0 MiB, 0 %
2026/08/30 00:08:33.864, 0 MiB, 0 %
2026/08/30 00:08:35.864, 0 MiB, 0 %
2026/08/30 00:08:37.864, 0 MiB, 0 %
2026/08/30 00:08:39.865, 0 MiB, 0 %
2026/08/30 00:08:41.865, 0 MiB, 0 %
2026/08/30 00:08:43.865, 0 MiB, 0 %
2026/08/30 00:08:45.865, 0 MiB, 0 %
2026/08/30 00:08:47.865, 0 MiB, 0 %
2026/08/30 00:08:49.865, 0 MiB, 0 %
2026/08/30 00:08:51.865, 0 MiB, 0 %
2026/08/30 00:08:53.865, 0 MiB, 0 %
2026/08/30 00:08:55.866, 0 MiB, 0 %
2026/08/30 00:08:57.866, 0 MiB, 0 %
2026/08/30 00:08:59.866, 0 MiB, 0 %
2026/08/30 00:09:01.866, 0 MiB, 0 %
2026/08/30 00:09:03.866, 0 MiB, 0 %
2026/08/30 00:09:05.866, 0 MiB, 0 %
2026/08/30 00:09:07.866, 0 MiB, 0 %
2026/08/30 00:09:09.866, 0 MiB, 0 %
2026/08/30 00:09:11.867, 0 MiB, 0 %
2026/08/30 00:09:13.867, 0 MiB, 0 %
2026/08/30 00:09:15.867, 0 MiB, 0 %
2026/08/30 00:09:17.867, 0 MiB, 0 %
2026/08/30 00:09:19.867, 0 MiB, 0 %
2026/08/30 00:09:21.867, 0 MiB, 0 %
2026/08/30 00:09:23.867, 0 MiB, 0 %
2026/08/30 00:09:25.867, 0 MiB, 0 %
2026/08/30 00:09:27.867, 0 MiB, 0 %
2026/08/30 00:09:29.868, 0 MiB, 0 %
2026/08/30 00:09:31.868, 0 MiB, 0 %
2026/08/30 00:09:33.868, 0 MiB, 0 %
2026/08/30 00:09:35.868, 0 MiB, 0 %
2026/08/30 00:09:37.868, 0 MiB, 0 %
2026/08/30 00:09:39.868, 0 MiB, 0 %
2026/08/30 00:09:41.869, 0 MiB, 0 %
2026/08/30 00:09:43.869, 0 MiB, 0 %
2026/08/30 00:09:45.869, 0 MiB, 0 %
2026/08/30 00:09:47.869, 0 MiB, 0 %
2026/08/30 00:09:49.869, 0 MiB, 0 %
2026/08/30 00:09:51.870, 0 MiB, 0 %
2026/08/30 00:09:53.870, 0 MiB, 0 %
2026/08/30 00:09:55.870, 0 MiB, 0 %
2026/08/30 00:09:57.871, 0 MiB, 0 %
2026/08/30 00:09:59.871, 0 MiB, 0 %
2026/08/30 00:10:01.871, 0 MiB, 0 %
2026/08/30 00:10:03.871, 0 MiB, 0 %
2026/08/30 00:10:05.871, 0 MiB, 0 %
2026/08/30 00:10:07.872, 0 MiB, 0 %
2026/08/30 00:10:09.872, 0 MiB, 0 %
2026/08/30 00:10:11.872, 0 MiB, 0 %
2026/08/30 00:10:13.872, 0 MiB, 0 %
2026/08/30 00:10:15.872, 0 MiB, 0 %
2026/08/30 00:10:17.872, 0 MiB, 0 %
2026/08/30 00:10:19.872, 0 MiB, 0 %
2026/08/30 00:10:21.873, 0 MiB, 0 %
2026/08/30 00:10:23.873, 0 MiB, 0 %
2026/08/30 00:10:25.873, 0 MiB, 0 %
2026/08/30 00:10:27.873, 0 MiB, 0 %
2026/08/30 00:10:29.873, 0 MiB, 0 %
2026/08/30 00:10:31.873, 0 MiB, 0 %
2026/08/30 00:10:33.873, 0 MiB, 0 %
2026/08/30 00:10:35.873, 0 MiB, 0 %
2026/08/30 00:10:37.874, 0 MiB, 0 %
2026/08/30 00:10:39.874, 0 MiB, 0 %
2026/08/30 00:10:41.874, 0 MiB, 0 %
2026/08/30 00:10:43.874, 0 MiB, 0 %
2026/08/30 00:10:45.874, 0 MiB, 0 %
2026/08/30 00:10:47.874, 0 MiB, 0 %
2026/08/30 00:10:49.874, 0 MiB, 0 %
2026/08/30 00:10:51.874, 0 MiB, 0 %
2026/08/30 00:10:53.874, 0 MiB, 0 %
2026/08/30 00:10:55.875, 0 MiB, 0 %
2026/08/30 00:10:57.875, 0 MiB, 0 %
2026/08/30 00:10:59.875, 0 MiB, 0 %
2026/08/30 00:11:01.875, 0 MiB, 0 %
2026/08/30 00:11:03.875, 0 MiB, 0 %
2026/08/30 00:11:05.875, 0 MiB, 0 %
2026/08/30 00:11:07.875, 0 MiB, 0 %
2026/08/30 00:11:09.875, 0 MiB, 0 %
2026/08/30 00:11:11.875, 0 MiB, 0 %
2026/08/30 00:11:13.876, 0 MiB, 0 %
2026/08/30 00:11:15.876, 0 MiB, 0 %
2026/08/30 00:11:17.876, 0 MiB, 0 %
2026/08/30 00:11:19.876, 0 MiB, 0 %
2026/08/30 00:11:21.876, 0 MiB, 0 %
2026/08/30 00:11:23.876, 0 MiB, 0 %
2026/08/30 00:11:25.876, 0 MiB, 0 %
2026/08/30 00:11:27.876, 0 MiB, 0 %
2026/08/30 00:11:29.876, 0 MiB, 0 %
2026/08/30 00:11:31.877, 0 MiB, 0 %
2026/08/30 00:11:33.877, 0 MiB, 0 %
2026/08/30 00:11:35.877, 0 MiB, 0 %
2026/08/30 00:11:37.877, 0 MiB, 0 %
2026/08/30 00:11:39.877, 0 MiB, 0 %
2026/08/30 00:11:41.877, 0 MiB, 0 %
2026/08/30 00:11:43.877, 0 MiB, 0 %
2026/08/30 00:11:45.877, 0 MiB, 0 %
2026/08/30 00:11:47.878, 0 MiB, 0 %
2026/08/30 00:11:49.878, 0 MiB, 0 %
2026/08/30 00:11:51.878, 0 MiB, 0 %
2026/08/30 00:11:53.878, 0 MiB, 0 %
2026/08/30 00:11:55.878, 0 MiB, 0 %
2026/08/30 00:11:57.878, 0 MiB, 0 %
2026/08/30 00:11:59.878, 0 MiB, 0 %
2026/08/30 00:12:01.878, 0 MiB, 0 %
2026/08/30 00:12:03.879, 0 MiB, 0 %
2026/08/30 00:12:05.879, 0 MiB, 0 %
2026/08/30 00:12:07.879, 0 MiB, 0 %
2026/08/30 00:12:09.879, 0 MiB, 0 %
2026/08/30 00:12:11.879, 0 MiB, 0 %
2026/08/30 00:12:13.879, 0 MiB, 0 %
2026/08/30 00:12:15.879, 0 MiB, 0 %
2026/08/30 00:12:17.880, 0 MiB, 0 %
2026/08/30 00:12:19.880, 0 MiB, 0 %
2026/08/30 00:12:21.880, 0 MiB, 0 %
2026/08/30 00:12:23.880, 0 MiB, 0 %
2026/08/30 00:12:25.880, 0 MiB, 0 %
2026/08/30 00:12:27.881, 0 MiB, 0 %
2026/08/30 00:12:29.881, 0 MiB, 0 %
2026/08/30 00:12:31.881, 0 MiB, 0 %
2026/08/30 00:12:33.881, 0 MiB, 0 %
2026/08/30 00:12:35.881, 0 MiB, 0 %
2026/08/30 00:12:37.881, 0 MiB, 0 %
2026/08/30 00:12:39.881, 0 MiB, 0 %
2026/08/30 00:12:41.882, 0 MiB, 0 %
2026/08/30 00:12:43.882, 0 MiB, 0 %
2026/08/30 00:12:45.882, 0 MiB, 0 %
2026/08/30 00:12:47.882, 0 MiB, 0 %
2026/08/30 00:12:49.882, 0 MiB, 0 %
2026/08/30 00:12:51.882, 0 MiB, 0 %
2026/08/30 00:12:53.882, 0 MiB, 0 %
2026/08/30 00:12:55.882, 0 MiB, 0 %
2026/08/30 00:12:57.882, 0 MiB, 0 %
2026/08/30 00:12:59.883, 0 MiB, 0 %
2026/08/30 00:13:01.883, 0 MiB, 0 %
2026/08/30 00:13:03.883, 0 MiB, 0 %
2026/08/30 00:13:05.883, 0 MiB, 0 %
2026/08/30 00:13:07.883, 0 MiB, 0 %
2026/08/30 00:13:09.883, 0 MiB, 0 %
2026/08/30 00:13:11.883, 0 MiB, 0 %
2026/08/30 00:13:13.883, 0 MiB, 0 %
2026/08/30 00:13:15.884, 0 MiB, 0 %
2026/08/30 00:13:17.884, 0 MiB, 0 %
2026/08/30 00:13:19.884, 0 MiB, 0 %
2026/08/30 00:13:21.884, 0 MiB, 0 %
2026/08/30 00:13:23.884, 0 MiB, 0 %
2026/08/30 00:13:25.884, 0 MiB, 0 %
2026/08/30 00:13:27.884, 0 MiB, 0 %
2026/08/30 00:13:29.884, 0 MiB, 0 %
2026/08/30 00:13:31.885, 0 MiB, 0 %
2026/08/30 00:13:33.885, 0 MiB, 0 %
2026/08/30 00:13:35.885, 0 MiB, 0 %
2026/08/30 00:13:37.885, 0 MiB, 0 %
2026/08/30 00:13:39.885, 0 MiB, 0 %
2026/08/30 00:13:41.885, 0 MiB, 0 %
2026/08/30 00:13:43.885, 0 MiB, 0 %
2026/08/30 00:13:45.886, 0 MiB, 0 %
2026/08/30 00:13:47.886, 0 MiB, 0 %
2026/08/30 00:13:49.886, 0 MiB, 0 %
2026/08/30 00:13:51.886, 0 MiB, 0 %
2026/08/30 00:13:53.886, 0 MiB, 0 %
2026/08/30 00:13:55.886, 0 MiB, 0 %
2026/08/30 00:13:57.886, 0 MiB, 0 %
2026/08/30 00:13:59.886, 0 MiB, 0 %
2026/08/30 00:14:01.887, 0 MiB, 0 %
2026/08/30 00:14:03.887, 0 MiB, 0 %
2026/08/30 00:14:05.887, 0 MiB, 0 %
2026/08/30 00:14:07.887, 0 MiB, 0 %
2026/08/30 00:14:09.887, 0 MiB, 0 %
2026/08/30 00:14:11.887, 0 MiB, 0 %
2026/08/30 00:14:13.887, 0 MiB, 0 %
2026/08/30 00:14:15.888, 0 MiB, 0 %
2026/08/30 00:14:17.888, 0 MiB, 0 %
2026/08/30 00:14:19.888, 0 MiB, 0 %
2026/08/30 00:14:21.888, 0 MiB, 0 %
2026/08/30 00:14:23.888, 0 MiB, 0 %
2026/08/30 00:14:25.888, 0 MiB, 0 %
2026/08/30 00:14:27.888, 0 MiB, 0 %
2026/08/30 00:14:29.888, 0 MiB, 0 %
2026/08/30 00:14:31.888, 0 MiB, 0 %
2026/08/30 00:14:33.889, 0 MiB, 0 %
2026/08/30 00:14:35.889, 0 MiB, 0 %
2026/08/30 00:14:37.889, 0 MiB, 0 %
2026/08/30 00:14:39.889, 0 MiB, 0 %
2026/08/30 00:14:41.889, 0 MiB, 0 %
2026/08/30 00:14:43.889, 0 MiB, 0 %
2026/08/30 00:14:45.890, 0 MiB, 0 %
2026/08/30 00:14:47.890, 0 MiB, 0 %
2026/08/30 00:14:49.890, 0 MiB, 0 %
2026/08/30 00:14:51.890, 0 MiB, 0 %
2026/08/30 00:14:53.890, 0 MiB, 0 %
2026/08/30 00:14:55.890, 0 MiB, 0 %
2026/08/30 00:14:57.890, 0 MiB, 0 %
2026/08/30 00:14:59.890, 0 MiB, 0 %
2026/08/30 00:15:01.891, 0 MiB, 0 %
2026/08/30 00:15:03.891, 0 MiB, 0 %
2026/08/30 00:15:05.891, 0 MiB, 0 %
2026/08/30 00:15:07.891, 0 MiB, 0 %
2026/08/30 00:15:09.891, 0 MiB, 0 %
2026/08/30 00:15:11.891, 0 MiB, 0 %
2026/08/30 00:15:13.891, 0 MiB, 0 %
2026/08/30 00:15:15.891, 0 MiB, 0 %
2026/08/30 00:15:17.892, 0 MiB, 0 %
2026/08/30 00:15:19.892, 0 MiB, 0 %
2026/08/30 00:15:21.892, 0 MiB, 0 %
2026/08/30 00:15:23.892, 0 MiB, 0 %
2026/08/30 00:15:25.892, 0 MiB, 0 %
2026/08/30 00:15:27.892, 0 MiB, 0 %
2026/08/30 00:15:29.892, 0 MiB, 0 %
2026/08/30 00:15:31.893, 0 MiB, 0 %
2026/08/30 00:15:33.893, 0 MiB, 0 %
2026/08/30 00:15:35.893, 0 MiB, 0 %
2026/08/30 00:15:37.893, 0 MiB, 0 %
2026/08/30 00:15:39.893, 0 MiB, 0 %
2026/08/30 00:15:41.893, 0 MiB, 0 %
2026/08/30 00:15:43.893, 0 MiB, 0 %
2026/08/30 00:15:45.894, 0 MiB, 0 %
2026/08/30 00:15:47.894, 0 MiB, 0 %
2026/08/30 00:15:49.894, 0 MiB, 0 %
2026/08/30 00:15:51.894, 0 MiB, 0 %
2026/08/30 00:15:53.894, 0 MiB, 0 %
2026/08/30 00:15:55.894, 0 MiB, 0 %
2026/08/30 00:15:57.895, 0 MiB, 0 %
2026/08/30 00:15:59.895, 0 MiB, 0 %
2026/08/30 00:16:01.895, 0 MiB, 0 %
2026/08/30 00:16:03.895, 0 MiB, 0 %
2026/08/30 00:16:05.895, 0 MiB, 0 %
2026/08/30 00:16:07.895, 0 MiB, 0 %
2026/08/30 00:16:09.895, 0 MiB, 0 %
2026/08/30 00:16:11.896, 0 MiB, 0 %
2026/08/30 00:16:13.896, 0 MiB, 0 %
2026/08/30 00:16:15.896, 0 MiB, 0 %
2026/08/30 00:16:17.896, 0 MiB, 0 %
2026/08/30 00:16:19.896, 0 MiB, 0 %
2026/08/30 00:16:21.896, 0 MiB, 0 %
2026/08/30 00:16:23.897, 0 MiB, 0 %
2026/08/30 00:16:25.897, 0 MiB, 0 %
2026/08/30 00:16:27.897, 0 MiB, 0 %
2026/08/30 00:16:29.897, 0 MiB, 0 %
2026/08/30 00:16:31.897, 0 MiB, 0 %
2026/08/30 00:16:33.897, 0 MiB, 0 %
2026/08/30 00:16:35.897, 0 MiB, 0 %
2026/08/30 00:16:37.898, 0 MiB, 0 %
2026/08/30 00:16:39.898, 0 MiB, 0 %
2026/08/30 00:16:41.898, 0 MiB, 0 %
2026/08/30 00:16:43.898, 0 MiB, 0 %
2026/08/30 00:16:45.898, 0 MiB, 0 %
2026/08/30 00:16:47.898, 0 MiB, 0 %
2026/08/30 00:16:49.898, 0 MiB, 0 %
2026/08/30 00:16:51.899, 0 MiB, 0 %
2026/08/30 00:16:53.899, 0 MiB, 0 %
2026/08/30 00:16:55.899, 0 MiB, 0 %
2026/08/30 00:16:57.899, 0 MiB, 0 %
2026/08/30 00:16:59.899, 0 MiB, 0 %
2026/08/30 00:17:01.899, 0 MiB, 0 %
2026/08/30 00:17:03.900, 0 MiB, 0 %
2026/08/30 00:17:05.900, 0 MiB, 0 %
2026/08/30 00:17:07.900, 0 MiB, 0 %
2026/08/30 00:17:09.900, 0 MiB, 0 %
2026/08/30 00:17:11.900, 0 MiB, 0 %
2026/08/30 00:17:13.900, 0 MiB, 0 %
2026/08/30 00:17:15.900, 0 MiB, 0 %
2026/08/30 00:17:17.901, 0 MiB, 0 %
2026/08/30 00:17:19.901, 0 MiB, 0 %
2026/08/30 00:17:21.901, 0 MiB, 0 %
2026/08/30 00:17:23.901, 0 MiB, 0 %
2026/08/30 00:17:25.901, 0 MiB, 0 %
2026/08/30 00:17:27.902, 0 MiB, 0 %
2026/08/30 00:17:29.902, 0 MiB, 0 %
2026/08/30 00:17:31.902, 0 MiB, 0 %
2026/08/30 00:17:33.902, 0 MiB, 0 %
2026/08/30 00:17:35.902, 0 MiB, 0 %
2026/08/30 00:17:37.902, 0 MiB, 0 %
2026/08/30 00:17:39.903, 0 MiB, 0 %
2026/08/30 00:17:41.903, 0 MiB, 0 %
2026/08/30 00:17:43.903, 0 MiB, 0 %
2026/08/30 00:17:45.903, 0 MiB, 0 %
2026/08/30 00:17:47.903, 0 MiB, 0 %
2026/08/30 00:17:49.903, 0 MiB, 0 %
2026/08/30 00:17:51.904, 0 MiB, 0 %
2026/08/30 00:17:53.904, 0 MiB, 0 %
2026/08/30 00:17:55.904, 0 MiB, 0 %
2026/08/30 00:17:57.904, 0 MiB, 0 %
2026/08/30 00:17:59.904, 0 MiB, 0 %
2026/08/30 00:18:01.904, 0 MiB, 0 %
2026/08/30 00:18:03.905, 0 MiB, 0 %
2026/08/30 00:18:05.905, 0 MiB, 0 %
2026/08/30 00:18:07.905, 0 MiB, 0 %
2026/08/30 00:18:09.905, 0 MiB, 0 %
2026/08/30 00:18:11.905, 0 MiB, 0 %
2026/08/30 00:18:13.906, 0 MiB, 0 %
2026/08/30 00:18:15.906, 0 MiB, 0 %
2026/08/30 00:18:17.906, 0 MiB, 0 %
2026/08/30 00:18:19.906, 0 MiB, 0 %
2026/08/30 00:18:21.906, 0 MiB, 0 %
2026/08/30 00:18:23.906, 0 MiB, 0 %
2026/08/30 00:18:25.907, 0 MiB, 0 %
2026/08/30 00:18:27.907, 0 MiB, 0 %
2026/08/30 00:18:29.907, 0 MiB, 0 %
2026/08/30 00:18:31.907, 0 MiB, 0 %
2026/08/30 00:18:33.907, 0 MiB, 0 %
2026/08/30 00:18:35.908, 0 MiB, 0 %
2026/08/30 00:18:37.908, 0 MiB, 0 %
2026/08/30 00:18:39.908, 0 MiB, 0 %
2026/08/30 00:18:41.908, 0 MiB, 0 %
2026/08/30 00:18:43.908, 0 MiB, 0 %
2026/08/30 00:18:45.908, 0 MiB, 0 %
2026/08/30 00:18:47.909, 0 MiB, 0 %
2026/08/30 00:18:49.909, 0 MiB, 0 %
2026/08/30 00:18:51.909, 0 MiB, 0 %
2026/08/30 00:18:53.909, 0 MiB, 0 %
2026/08/30 00:18:55.909, 0 MiB, 0 %
2026/08/30 00:18:57.909, 0 MiB, 0 %
2026/08/30 00:18:59.910, 0 MiB, 0 %
2026/08/30 00:19:01.910, 0 MiB, 0 %
2026/08/30 00:19:03.910, 0 MiB, 0 %
2026/08/30 00:19:05.910, 0 MiB, 0 %
2026/08/30 00:19:07.910, 0 MiB, 0 %
2026/08/30 00:19:09.910, 0 MiB, 0 %
2026/08/30 00:19:11.911, 0 MiB, 0 %
2026/08/30 00:19:13.911, 0 MiB, 0 %
2026/08/30 00:19:15.911, 0 MiB, 0 %
2026/08/30 00:19:17.911, 0 MiB, 0 %
2026/08/30 00:19:19.911, 0 MiB, 0 %
2026/08/30 00:19:21.911, 0 MiB, 0 %
2026/08/30 00:19:23.912, 0 MiB, 0 %
2026/08/30 00:19:25.912, 0 MiB, 0 %
2026/08/30 00:19:27.912, 0 MiB, 0 %
2026/08/30 00:19:29.912, 0 MiB, 0 %
2026/08/30 00:19:31.912, 0 MiB, 0 %
2026/08/30 00:19:33.913, 0 MiB, 0 %
2026/08/30 00:19:35.913, 0 MiB, 0 %
2026/08/30 00:19:37.913, 0 MiB, 0 %
2026/08/30 00:19:39.913, 0 MiB, 0 %
2026/08/30 00:19:41.913, 0 MiB, 0 %
2026/08/30 00:19:43.913, 0 MiB, 0 %
2026/08/30 00:19:45.914, 0 MiB, 0 %
2026/08/30 00:19:47.914, 0 MiB, 0 %
2026/08/30 00:19:49.914, 0 MiB, 0 %
2026/08/30 00:19:51.914, 0 MiB, 0 %
2026/08/30 00:19:53.914, 0 MiB, 0 %
2026/08/30 00:19:55.914, 0 MiB, 0 %
2026/08/30 00:19:57.914, 0 MiB, 0 %
2026/08/30 00:19:59.915, 0 MiB, 0 %
2026/08/30 00:20:01.915, 0 MiB, 0 %
2026/08/30 00:20:03.915, 0 MiB, 0 %
2026/08/30 00:20:05.915, 0 MiB, 0 %
2026/08/30 00:20:07.915, 0 MiB, 0 %
2026/08/30 00:20:09.915, 0 MiB, 0 %
2026/08/30 00:20:11.915, 0 MiB, 0 %
2026/08/30 00:20:13.916, 0 MiB, 0 %
2026/08/30 00:20:15.916, 0 MiB, 0 %
2026/08/30 00:20:17.916, 0 MiB, 0 %
2026/08/30 00:20:19.916, 0 MiB, 0 %
2026/08/30 00:20:21.916, 0 MiB, 0 %
2026/08/30 00:20:23.916, 0 MiB, 0 %
2026/08/30 00:20:25.916, 0 MiB, 0 %
2026/08/30 00:20:27.917, 0 MiB, 0 %
2026/08/30 00:20:29.917, 0 MiB, 0 %
2026/08/30 00:20:31.917, 0 MiB, 0 %
2026/08/30 00:20:33.917, 0 MiB, 0 %
2026/08/30 00:20:35.917, 0 MiB, 0 %
2026/08/30 00:20:37.917, 0 MiB, 0 %
2026/08/30 00:20:39.918, 0 MiB, 0 %
2026/08/30 00:20:41.918, 0 MiB, 0 %
2026/08/30 00:20:43.918, 0 MiB, 0 %
2026/08/30 00:20:45.918, 0 MiB, 0 %
2026/08/30 00:20:47.918, 0 MiB, 0 %
2026/08/30 00:20:49.918, 0 MiB, 0 %
2026/08/30 00:20:51.918, 0 MiB, 0 %
2026/08/30 00:20:53.919, 0 MiB, 0 %
2026/08/30 00:20:55.919, 0 MiB, 0 %
2026/08/30 00:20:57.919, 0 MiB, 0 %
2026/08/30 00:20:59.919, 0 MiB, 0 %
2026/08/30 00:21:01.919, 0 MiB, 0 %
2026/08/30 00:21:03.919, 0 MiB, 0 %
2026/08/30 00:21:05.920, 0 MiB, 0 %
2026/08/30 00:21:07.920, 0 MiB, 0 %
2026/08/30 00:21:09.920, 0 MiB, 0 %
2026/08/30 00:21:11.920, 0 MiB, 0 %
2026/08/30 00:21:13.920, 0 MiB, 0 %
2026/08/30 00:21:15.921, 0 MiB, 0 %
2026/08/30 00:21:17.921, 0 MiB, 0 %
2026/08/30 00:21:19.921, 0 MiB, 0 %
2026/08/30 00:21:21.921, 0 MiB, 0 %
2026/08/30 00:21:23.921, 0 MiB, 0 %
2026/08/30 00:21:25.921, 0 MiB, 0 %
2026/08/30 00:21:27.922, 0 MiB, 0 %
2026/08/30 00:21:29.922, 0 MiB, 0 %
2026/08/30 00:21:31.922, 0 MiB, 0 %
2026/08/30 00:21:33.922, 0 MiB, 0 %
2026/08/30 00:21:35.922, 0 MiB, 0 %
2026/08/30 00:21:37.922, 0 MiB, 0 %
2026/08/30 00:21:39.923, 0 MiB, 0 %
2026/08/30 00:21:41.923, 0 MiB, 0 %
2026/08/30 00:21:43.923, 0 MiB, 0 %
2026/08/30 00:21:45.923, 0 MiB, 0 %
2026/08/30 00:21:47.923, 0 MiB, 0 %
2026/08/30 00:21:49.923, 0 MiB, 0 %
2026/08/30 00:21:51.924, 0 MiB, 0 %
2026/08/30 00:21:53.924, 0 MiB, 0 %
2026/08/30 00:21:55.924, 0 MiB, 0 %
2026/08/30 00:21:57.924, 0 MiB, 0 %
2026/08/30 00:21:59.924, 0 MiB, 0 %
2026/08/30 00:22:01.924, 0 MiB, 0 %
2026/08/30 00:22:03.925, 0 MiB, 0 %
2026/08/30 00:22:05.925, 0 MiB, 0 %
2026/08/30 00:22:07.925, 0 MiB, 0 %
2026/08/30 00:22:09.925, 0 MiB, 0 %
2026/08/30 00:22:11.925, 0 MiB, 0 %
2026/08/30 00:22:13.925, 0 MiB, 0 %
2026/08/30 00:22:15.926, 0 MiB, 0 %
2026/08/30 00:22:17.926, 0 MiB, 0 %
2026/08/30 00:22:19.926, 0 MiB, 0 %
2026/08/30 00:22:21.926, 0 MiB, 0 %
2026/08/30 00:22:23.926, 0 MiB, 0 %
2026/08/30 00:22:25.926, 0 MiB, 0 %
2026/08/30 00:22:27.927, 0 MiB, 0 %
2026/08/30 00:22:29.927, 0 MiB, 0 %
2026/08/30 00:22:31.927, 0 MiB, 0 %
2026/08/30 00:22:33.927, 0 MiB, 0 %
2026/08/30 00:22:35.927, 0 MiB, 0 %
2026/08/30 00:22:37.928, 0 MiB, 0 %
2026/08/30 00:22:39.928, 0 MiB, 0 %
2026/08/30 00:22:41.928, 0 MiB, 0 %
2026/08/30 00:22:43.928, 0 MiB, 0 %
2026/08/30 00:22:45.928, 0 MiB, 0 %
2026/08/30 00:22:47.928, 0 MiB, 0 %
2026/08/30 00:22:49.928, 0 MiB, 0 %
2026/08/30 00:22:51.929, 0 MiB, 0 %
2026/08/30 00:22:53.929, 0 MiB, 0 %
2026/08/30 00:22:55.929, 0 MiB, 0 %
2026/08/30 00:22:57.929, 0 MiB, 0 %
2026/08/30 00:22:59.929, 0 MiB, 0 %
2026/08/30 00:23:01.929, 0 MiB, 0 %
2026/08/30 00:23:03.929, 0 MiB, 0 %
2026/08/30 00:23:05.930, 0 MiB, 0 %
2026/08/30 00:23:07.930, 0 MiB, 0 %
2026/08/30 00:23:09.930, 0 MiB, 0 %
2026/08/30 00:23:11.930, 0 MiB, 0 %
2026/08/30 00:23:13.930, 0 MiB, 0 %
2026/08/30 00:23:15.931, 0 MiB, 0 %
2026/08/30 00:23:17.931, 0 MiB, 0 %
2026/08/30 00:23:19.931, 0 MiB, 0 %
2026/08/30 00:23:21.931, 0 MiB, 0 %
2026/08/30 00:23:23.931, 0 MiB, 0 %
2026/08/30 00:23:25.931, 0 MiB, 0 %
2026/08/30 00:23:27.932, 0 MiB, 0 %
2026/08/30 00:23:29.932, 0 MiB, 0 %
2026/08/30 00:23:31.932, 0 MiB, 0 %
2026/08/30 00:23:33.932, 0 MiB, 0 %
2026/08/30 00:23:35.932, 0 MiB, 0 %
2026/08/30 00:23:37.933, 0 MiB, 0 %
2026/08/30 00:23:39.933, 0 MiB, 0 %
2026/08/30 00:23:41.933, 0 MiB, 0 %
2026/08/30 00:23:43.933, 0 MiB, 0 %
2026/08/30 00:23:45.933, 0 MiB, 0 %
2026/08/30 00:23:47.934, 0 MiB, 0 %
2026/08/30 00:23:49.934, 0 MiB, 0 %
2026/08/30 00:23:51.934, 0 MiB, 0 %
2026/08/30 00:23:53.934, 0 MiB, 0 %
2026/08/30 00:23:55.934, 0 MiB, 0 %
2026/08/30 00:23:57.935, 0 MiB, 0 %
2026/08/30 00:23:59.935, 0 MiB, 0 %
2026/08/30 00:24:01.935, 0 MiB, 0 %
2026/08/30 00:24:03.935, 0 MiB, 0 %
2026/08/30 00:24:05.935, 0 MiB, 0 %
2026/08/30 00:24:07.935, 0 MiB, 0 %
2026/08/30 00:24:09.936, 0 MiB, 0 %
2026/08/30 00:24:11.936, 0 MiB, 0 %
2026/08/30 00:24:13.936, 0 MiB, 0 %
2026/08/30 00:24:15.936, 0 MiB, 0 %
2026/08/30 00:24:17.936, 0 MiB, 0 %
2026/08/30 00:24:19.936, 0 MiB, 0 %
2026/08/30 00:24:21.937, 0 MiB, 0 %
2026/08/30 00:24:23.937, 0 MiB, 0 %
2026/08/30 00:24:25.937, 0 MiB, 0 %
2026/08/30 00:24:27.937, 0 MiB, 0 %
2026/08/30 00:24:29.937, 0 MiB, 0 %
2026/08/30 00:24:31.938, 0 MiB, 0 %
2026/08/30 00:24:33.938, 0 MiB, 0 %
2026/08/30 00:24:35.938, 0 MiB, 0 %
2026/08/30 00:24:37.938, 0 MiB, 0 %
2026/08/30 00:24:39.938, 0 MiB, 0 %
2026/08/30 00:24:41.938, 0 MiB, 0 %
2026/08/30 00:24:43.939, 0 MiB, 0 %
2026/08/30 00:24:45.939, 0 MiB, 0 %
2026/08/30 00:24:47.939, 0 MiB, 0 %
2026/08/30 00:24:49.939, 0 MiB, 0 %
2026/08/30 00:24:51.939, 0 MiB, 0 %
2026/08/30 00:24:53.940, 0 MiB, 0 %
2026/08/30 00:24:55.940, 0 MiB, 0 %
2026/08/30 00:24:57.940, 0 MiB, 0 %
2026/08/30 00:24:59.940, 0 MiB, 0 %
2026/08/30 00:25:01.940, 0 MiB, 0 %
2026/08/30 00:25:03.940, 0 MiB, 0 %
2026/08/30 00:25:05.940, 0 MiB, 0 %
2026/08/30 00:25:07.940, 0 MiB, 0 %
2026/08/30 00:25:09.941, 0 MiB, 0 %
2026/08/30 00:25:11.941, 0 MiB, 0 %
2026/08/30 00:25:13.941, 0 MiB, 0 %
2026/08/30 00:25:15.941, 0 MiB, 0 %
2026/08/30 00:25:17.941, 0 MiB, 0 %
2026/08/30 00:25:19.941, 0 MiB, 0 %
2026/08/30 00:25:21.941, 0 MiB, 0 %
2026/08/30 00:25:23.942, 0 MiB, 0 %
2026/08/30 00:25:25.942, 0 MiB, 0 %
2026/08/30 00:25:27.942, 0 MiB, 0 %
2026/08/30 00:25:29.942, 0 MiB, 0 %
2026/08/30 00:25:31.942, 0 MiB, 0 %
2026/08/30 00:25:33.942, 0 MiB, 0 %
2026/08/30 00:25:35.942, 0 MiB, 0 %
2026/08/30 00:25:37.942, 0 MiB, 0 %
2026/08/30 00:25:39.943, 0 MiB, 0 %
2026/08/30 00:25:41.943, 0 MiB, 0 %
2026/08/30 00:25:43.943, 0 MiB, 0 %
2026/08/30 00:25:45.943, 0 MiB, 0 %
2026/08/30 00:25:47.943, 0 MiB, 0 %
2026/08/30 00:25:49.943, 0 MiB, 0 %
2026/08/30 00:25:51.944, 0 MiB, 0 %
2026/08/30 00:25:53.944, 0 MiB, 0 %
2026/08/30 00:25:55.944, 0 MiB, 0 %
2026/08/30 00:25:57.944, 0 MiB, 0 %
2026/08/30 00:25:59.944, 0 MiB, 0 %
2026/08/30 00:26:01.944, 0 MiB, 0 %
2026/08/30 00:26:03.945, 0 MiB, 0 %
2026/08/30 00:26:05.945, 0 MiB, 0 %
2026/08/30 00:26:07.945, 0 MiB, 0 %
2026/08/30 00:26:09.945, 0 MiB, 0 %
2026/08/30 00:26:11.945, 0 MiB, 0 %
2026/08/30 00:26:13.945, 0 MiB, 0 %
2026/08/30 00:26:15.945, 0 MiB, 0 %
2026/08/30 00:26:17.945, 0 MiB, 0 %
2026/08/30 00:26:19.945, 0 MiB, 0 %
2026/08/30 00:26:21.946, 0 MiB, 0 %
2026/08/30 00:26:23.946, 0 MiB, 0 %
2026/08/30 00:26:25.946, 0 MiB, 0 %
2026/08/30 00:26:27.946, 0 MiB, 0 %
2026/08/30 00:26:29.946, 0 MiB, 0 %
2026/08/30 00:26:31.947, 0 MiB, 0 %
2026/08/30 00:26:33.947, 0 MiB, 0 %
2026/08/30 00:26:35.947, 0 MiB, 0 %
2026/08/30 00:26:37.947, 0 MiB, 0 %
2026/08/30 00:26:39.947, 0 MiB, 0 %
2026/08/30 00:26:41.947, 0 MiB, 0 %
2026/08/30 00:26:43.947, 0 MiB, 0 %
2026/08/30 00:26:45.947, 0 MiB, 0 %
2026/08/30 00:26:47.948, 0 MiB, 0 %
2026/08/30 00:26:49.948, 0 MiB, 0 %
2026/08/30 00:26:51.948, 0 MiB, 0 %
2026/08/30 00:26:53.948, 0 MiB, 0 %
2026/08/30 00:26:55.948, 0 MiB, 0 %
2026/08/30 00:26:57.948, 0 MiB, 0 %
2026/08/30 00:26:59.948, 0 MiB, 0 %
2026/08/30 00:27:01.948, 0 MiB, 0 %
2026/08/30 00:27:03.949, 0 MiB, 0 %
2026/08/30 00:27:05.949, 0 MiB, 0 %
2026/08/30 00:27:07.949, 0 MiB, 0 %
2026/08/30 00:27:09.949, 0 MiB, 0 %
2026/08/30 00:27:11.949, 0 MiB, 0 %
2026/08/30 00:27:13.949, 0 MiB, 0 %
2026/08/30 00:27:15.950, 0 MiB, 0 %
2026/08/30 00:27:17.950, 0 MiB, 0 %
2026/08/30 00:27:19.950, 0 MiB, 0 %
2026/08/30 00:27:21.950, 0 MiB, 0 %
2026/08/30 00:27:23.950, 0 MiB, 0 %
2026/08/30 00:27:25.950, 0 MiB, 0 %
2026/08/30 00:27:27.950, 0 MiB, 0 %
2026/08/30 00:27:29.951, 0 MiB, 0 %
2026/08/30 00:27:31.951, 0 MiB, 0 %
2026/08/30 00:27:33.951, 0 MiB, 0 %
2026/08/30 00:27:35.951, 0 MiB, 0 %
2026/08/30 00:27:37.951, 0 MiB, 0 %
2026/08/30 00:27:39.951, 0 MiB, 0 %
2026/08/30 00:27:41.951, 0 MiB, 0 %
2026/08/30 00:27:43.951, 0 MiB, 0 %
2026/08/30 00:27:45.951, 0 MiB, 0 %
2026/08/30 00:27:47.951, 0 MiB, 0 %
2026/08/30 00:27:49.951, 0 MiB, 0 %
2026/08/30 00:27:51.952, 0 MiB, 0 %
2026/08/30 00:27:53.952, 0 MiB, 0 %
2026/08/30 00:27:55.952, 0 MiB, 0 %
2026/08/30 00:27:57.952, 0 MiB, 0 %
2026/08/30 00:27:59.952, 0 MiB, 0 %
2026/08/30 00:28:01.952, 0 MiB, 0 %
2026/08/30 00:28:03.952, 0 MiB, 0 %
2026/08/30 00:28:05.952, 0 MiB, 0 %
2026/08/30 00:28:07.953, 0 MiB, 0 %
2026/08/30 00:28:09.953, 0 MiB, 0 %
2026/08/30 00:28:11.953, 0 MiB, 0 %
2026/08/30 00:28:13.953, 0 MiB, 0 %
2026/08/30 00:28:15.954, 0 MiB, 0 %
2026/08/30 00:28:17.954, 0 MiB, 0 %
2026/08/30 00:28:19.954, 0 MiB, 0 %
2026/08/30 00:28:21.954, 0 MiB, 0 %
2026/08/30 00:28:23.954, 0 MiB, 0 %
2026/08/30 00:28:25.954, 0 MiB, 0 %
2026/08/30 00:28:27.955, 0 MiB, 0 %
2026/08/30 00:28:29.955, 0 MiB, 0 %
2026/08/30 00:28:31.955, 0 MiB, 0 %
2026/08/30 00:28:33.955, 0 MiB, 0 %
2026/08/30 00:28:35.955, 0 MiB, 0 %
2026/08/30 00:28:37.955, 0 MiB, 0 %
2026/08/30 00:28:39.955, 0 MiB, 0 %
2026/08/30 00:28:41.955, 0 MiB, 0 %
2026/08/30 00:28:43.955, 0 MiB, 0 %
2026/08/30 00:28:45.956, 0 MiB, 0 %
2026/08/30 00:28:47.956, 0 MiB, 0 %
2026/08/30 00:28:49.956, 0 MiB, 0 %
2026/08/30 00:28:51.956, 0 MiB, 0 %
2026/08/30 00:28:53.956, 0 MiB, 0 %
2026/08/30 00:28:55.956, 0 MiB, 0 %
2026/08/30 00:28:57.956, 0 MiB, 0 %
2026/08/30 00:28:59.957, 0 MiB, 0 %
2026/08/30 00:29:01.957, 0 MiB, 0 %
2026/08/30 00:29:03.957, 0 MiB, 0 %
2026/08/30 00:29:05.957, 0 MiB, 0 %
2026/08/30 00:29:07.957, 0 MiB, 0 %
2026/08/30 00:29:09.958, 0 MiB, 0 %
2026/08/30 00:29:11.958, 0 MiB, 0 %
2026/08/30 00:29:13.958, 0 MiB, 0 %
2026/08/30 00:29:15.958, 0 MiB, 0 %
2026/08/30 00:29:17.958, 0 MiB, 0 %
2026/08/30 00:29:19.959, 0 MiB, 0 %
2026/08/30 00:29:21.959, 0 MiB, 0 %
2026/08/30 00:29:23.959, 0 MiB, 0 %
2026/08/30 00:29:25.959, 0 MiB, 0 %
2026/08/30 00:29:27.960, 0 MiB, 0 %
2026/08/30 00:29:29.960, 0 MiB, 0 %
2026/08/30 00:29:31.960, 0 MiB, 0 %
2026/08/30 00:29:33.961, 0 MiB, 0 %
2026/08/30 00:29:35.961, 0 MiB, 0 %
2026/08/30 00:29:37.961, 0 MiB, 0 %
2026/08/30 00:29:39.961, 0 MiB, 0 %
2026/08/30 00:29:41.961, 0 MiB, 0 %
2026/08/30 00:29:43.961, 0 MiB, 0 %
2026/08/30 00:29:45.962, 0 MiB, 0 %
2026/08/30 00:29:47.962, 0 MiB, 0 %
2026/08/30 00:29:49.962, 0 MiB, 0 %
2026/08/30 00:29:51.962, 0 MiB, 0 %
2026/08/30 00:29:53.962, 0 MiB, 0 %
2026/08/30 00:29:55.962, 0 MiB, 0 %
2026/08/30 00:29:57.962, 0 MiB, 0 %
2026/08/30 00:29:59.963, 0 MiB, 0 %
2026/08/30 00:30:01.963, 0 MiB, 0 %
2026/08/30 00:30:03.963, 0 MiB, 0 %
2026/08/30 00:30:05.963, 0 MiB, 0 %
2026/08/30 00:30:07.964, 0 MiB, 0 %
2026/08/30 00:30:09.964, 0 MiB, 0 %
2026/08/30 00:30:11.964, 0 MiB, 0 %
2026/08/30 00:30:13.964, 0 MiB, 0 %
2026/08/30 00:30:15.965, 0 MiB, 0 %
2026/08/30 00:30:17.965, 0 MiB, 0 %
2026/08/30 00:30:19.965, 0 MiB, 0 %
2026/08/30 00:30:21.965, 0 MiB, 0 %
2026/08/30 00:30:23.965, 0 MiB, 0 %
2026/08/30 00:30:25.966, 0 MiB, 0 %
2026/08/30 00:30:27.966, 0 MiB, 0 %
2026/08/30 00:30:29.966, 0 MiB, 0 %
2026/08/30 00:30:31.966, 0 MiB, 0 %
2026/08/30 00:30:33.966, 0 MiB, 0 %
2026/08/30 00:30:35.966, 0 MiB, 0 %
2026/08/30 00:30:37.967, 0 MiB, 0 %
2026/08/30 00:30:39.967, 0 MiB, 0 %
2026/08/30 00:30:41.967, 0 MiB, 0 %
2026/08/30 00:30:43.967, 0 MiB, 0 %
2026/08/30 00:30:45.967, 0 MiB, 0 %
2026/08/30 00:30:47.967, 0 MiB, 0 %
2026/08/30 00:30:49.967, 0 MiB, 0 %
2026/08/30 00:30:51.967, 0 MiB, 0 %
2026/08/30 00:30:53.968, 0 MiB, 0 %
2026/08/30 00:30:55.968, 0 MiB, 0 %
2026/08/30 00:30:57.968, 0 MiB, 0 %
2026/08/30 00:30:59.968, 0 MiB, 0 %
2026/08/30 00:31:01.968, 0 MiB, 0 %
2026/08/30 00:31:03.968, 0 MiB, 0 %
2026/08/30 00:31:05.969, 0 MiB, 0 %
2026/08/30 00:31:07.969, 0 MiB, 0 %
2026/08/30 00:31:09.969, 0 MiB, 0 %
2026/08/30 00:31:11.969, 0 MiB, 0 %
2026/08/30 00:31:13.969, 0 MiB, 0 %
2026/08/30 00:31:15.969, 0 MiB, 0 %
2026/08/30 00:31:17.969, 0 MiB, 0 %
2026/08/30 00:31:19.970, 0 MiB, 0 %
2026/08/30 00:31:21.970, 0 MiB, 0 %
2026/08/30 00:31:23.970, 0 MiB, 0 %
2026/08/30 00:31:25.970, 0 MiB, 0 %
2026/08/30 00:31:27.970, 0 MiB, 0 %
2026/08/30 00:31:29.970, 0 MiB, 0 %
2026/08/30 00:31:31.971, 0 MiB, 0 %
2026/08/30 00:31:33.971, 0 MiB, 0 %
2026/08/30 00:31:35.971, 0 MiB, 0 %
2026/08/30 00:31:37.971, 0 MiB, 0 %
2026/08/30 00:31:39.971, 0 MiB, 0 %
2026/08/30 00:31:41.971, 0 MiB, 0 %
2026/08/30 00:31:43.971, 0 MiB, 0 %
2026/08/30 00:31:45.972, 0 MiB, 0 %
2026/08/30 00:31:47.972, 0 MiB, 0 %
2026/08/30 00:31:49.972, 0 MiB, 0 %
2026/08/30 00:31:51.973, 0 MiB, 0 %
2026/08/30 00:31:53.973, 0 MiB, 0 %
2026/08/30 00:31:55.973, 0 MiB, 0 %
2026/08/30 00:31:57.973, 0 MiB, 0 %
2026/08/30 00:31:59.974, 0 MiB, 0 %
2026/08/30 00:32:01.974, 0 MiB, 0 %
2026/08/30 00:32:03.974, 0 MiB, 0 %
2026/08/30 00:32:05.974, 0 MiB, 0 %
2026/08/30 00:32:07.975, 0 MiB, 0 %
2026/08/30 00:32:09.975, 0 MiB, 0 %
2026/08/30 00:32:11.975, 0 MiB, 0 %
2026/08/30 00:32:13.975, 0 MiB, 0 %
2026/08/30 00:32:15.976, 0 MiB, 0 %
2026/08/30 00:32:17.976, 0 MiB, 0 %
2026/08/30 00:32:19.976, 0 MiB, 0 %
2026/08/30 00:32:21.976, 0 MiB, 0 %
2026/08/30 00:32:23.977, 0 MiB, 0 %
2026/08/30 00:32:25.977, 0 MiB, 0 %
2026/08/30 00:32:27.977, 0 MiB, 0 %
2026/08/30 00:32:29.977, 0 MiB, 0 %
2026/08/30 00:32:31.978, 0 MiB, 0 %
2026/08/30 00:32:33.978, 0 MiB, 0 %
2026/08/30 00:32:35.978, 0 MiB, 0 %
2026/08/30 00:32:37.979, 0 MiB, 0 %
2026/08/30 00:32:39.979, 0 MiB, 0 %
2026/08/30 00:32:41.979, 0 MiB, 0 %
2026/08/30 00:32:43.979, 0 MiB, 0 %
2026/08/30 00:32:45.980, 0 MiB, 0 %
2026/08/30 00:32:47.980, 0 MiB, 0 %
2026/08/30 00:32:49.980, 0 MiB, 0 %
2026/08/30 00:32:51.980, 0 MiB, 0 %
2026/08/30 00:32:53.981, 0 MiB, 0 %
2026/08/30 00:32:55.981, 0 MiB, 0 %
2026/08/30 00:32:57.981, 0 MiB, 0 %
2026/08/30 00:32:59.981, 0 MiB, 0 %
2026/08/30 00:33:01.982, 0 MiB, 0 %
2026/08/30 00:33:03.982, 0 MiB, 0 %
2026/08/30 00:33:05.982, 0 MiB, 0 %
2026/08/30 00:33:07.983, 0 MiB, 0 %
2026/08/30 00:33:09.983, 0 MiB, 0 %
2026/08/30 00:33:11.983, 0 MiB, 0 %
2026/08/30 00:33:13.983, 0 MiB, 0 %
2026/08/30 00:33:15.984, 0 MiB, 0 %
2026/08/30 00:33:17.984, 0 MiB, 0 %
2026/08/30 00:33:19.984, 0 MiB, 0 %
2026/08/30 00:33:21.984, 0 MiB, 0 %
2026/08/30 00:33:23.985, 0 MiB, 0 %
2026/08/30 00:33:25.985, 0 MiB, 0 %
2026/08/30 00:33:27.985, 0 MiB, 0 %
2026/08/30 00:33:29.986, 0 MiB, 0 %
2026/08/30 00:33:31.986, 0 MiB, 0 %
2026/08/30 00:33:33.986, 0 MiB, 0 %
2026/08/30 00:33:35.987, 0 MiB, 0 %
2026/08/30 00:33:37.987, 0 MiB, 0 %
2026/08/30 00:33:39.987, 0 MiB, 0 %
2026/08/30 00:33:41.987, 0 MiB, 0 %
2026/08/30 00:33:43.987, 0 MiB, 0 %
2026/08/30 00:33:45.988, 0 MiB, 0 %
2026/08/30 00:33:47.988, 0 MiB, 0 %
2026/08/30 00:33:49.988, 0 MiB, 0 %
2026/08/30 00:33:51.989, 0 MiB, 0 %
2026/08/30 00:33:53.989, 0 MiB, 0 %
2026/08/30 00:33:55.989, 0 MiB, 0 %
2026/08/30 00:33:57.989, 0 MiB, 0 %
2026/08/30 00:33:59.990, 0 MiB, 0 %
2026/08/30 00:34:01.990, 0 MiB, 0 %
2026/08/30 00:34:03.990, 0 MiB, 0 %
2026/08/30 00:34:05.990, 0 MiB, 0 %
2026/08/30 00:34:07.991, 0 MiB, 0 %
2026/08/30 00:34:09.991, 0 MiB, 0 %
2026/08/30 00:34:11.991, 0 MiB, 0 %
2026/08/30 00:34:13.992, 0 MiB, 0 %
2026/08/30 00:34:15.992, 0 MiB, 0 %
2026/08/30 00:34:17.992, 0 MiB, 0 %
2026/08/30 00:34:19.993, 0 MiB, 0 %
2026/08/30 00:34:21.993, 0 MiB, 0 %
2026/08/30 00:34:23.993, 0 MiB, 0 %
2026/08/30 00:34:25.993, 0 MiB, 0 %
2026/08/30 00:34:27.994, 0 MiB, 0 %
2026/08/30 00:34:29.994, 0 MiB, 0 %
2026/08/30 00:34:31.994, 0 MiB, 0 %
2026/08/30 00:34:33.995, 0 MiB, 0 %
2026/08/30 00:34:35.995, 0 MiB, 0 %
2026/08/30 00:34:37.995, 0 MiB, 0 %
2026/08/30 00:34:39.995, 0 MiB, 0 %
2026/08/30 00:34:41.996, 0 MiB, 0 %
2026/08/30 00:34:43.996, 0 MiB, 0 %
2026/08/30 00:34:45.996, 0 MiB, 0 %
2026/08/30 00:34:47.996, 0 MiB, 0 %
2026/08/30 00:34:49.997, 0 MiB, 0 %
2026/08/30 00:34:51.997, 0 MiB, 0 %
2026/08/30 00:34:53.997, 0 MiB, 0 %
2026/08/30 00:34:55.997, 0 MiB, 0 %
2026/08/30 00:34:57.998, 0 MiB, 0 %
2026/08/30 00:34:59.998, 0 MiB, 0 %
2026/08/30 00:35:01.998, 0 MiB, 0 %
2026/08/30 00:35:03.999, 0 MiB, 0 %
2026/08/30 00:35:05.999, 0 MiB, 0 %
2026/08/30 00:35:07.999, 0 MiB, 0 %
2026/08/30 00:35:09.999, 0 MiB, 0 %
2026/08/30 00:35:12.000, 0 MiB, 0 %
2026/08/30 00:35:14.000, 0 MiB, 0 %
2026/08/30 00:35:16.000, 0 MiB, 0 %
2026/08/30 00:35:18.000, 0 MiB, 0 %
2026/08/30 00:35:20.001, 0 MiB, 0 %
2026/08/30 00:35:22.001, 0 MiB, 0 %
2026/08/30 00:35:24.001, 0 MiB, 0 %
2026/08/30 00:35:26.001, 0 MiB, 0 %
2026/08/30 00:35:28.002, 0 MiB, 0 %
2026/08/30 00:35:30.002, 0 MiB, 0 %
2026/08/30 00:35:32.002, 0 MiB, 0 %
2026/08/30 00:35:34.002, 0 MiB, 0 %
2026/08/30 00:35:36.003, 0 MiB, 0 %
2026/08/30 00:35:38.003, 0 MiB, 0 %
2026/08/30 00:35:40.003, 0 MiB, 0 %
2026/08/30 00:35:42.004, 0 MiB, 0 %
2026/08/30 00:35:44.004, 0 MiB, 0 %
2026/08/30 00:35:46.004, 0 MiB, 0 %
2026/08/30 00:35:48.004, 0 MiB, 0 %
2026/08/30 00:35:50.005, 0 MiB, 0 %
2026/08/30 00:35:52.005, 0 MiB, 0 %
2026/08/30 00:35:54.005, 0 MiB, 0 %
2026/08/30 00:35:56.006, 0 MiB, 0 %
2026/08/30 00:35:58.006, 0 MiB, 0 %
2026/08/30 00:36:00.006, 0 MiB, 0 %
2026/08/30 00:36:02.006, 0 MiB, 0 %
2026/08/30 00:36:04.007, 0 MiB, 0 %
2026/08/30 00:36:06.007, 0 MiB, 0 %
2026/08/30 00:36:08.007, 0 MiB, 0 %
2026/08/30 00:36:10.007, 0 MiB, 0 %
2026/08/30 00:36:12.008, 0 MiB, 0 %
2026/08/30 00:36:14.008, 0 MiB, 0 %
2026/08/30 00:36:16.008, 0 MiB, 0 %
2026/08/30 00:36:18.008, 0 MiB, 0 %
2026/08/30 00:36:20.009, 0 MiB, 0 %
2026/08/30 00:36:22.009, 0 MiB, 0 %
2026/08/30 00:36:24.009, 0 MiB, 0 %
2026/08/30 00:36:26.010, 0 MiB, 0 %
2026/08/30 00:36:28.010, 0 MiB, 0 %
2026/08/30 00:36:30.010, 0 MiB, 0 %
2026/08/30 00:36:32.011, 0 MiB, 0 %
2026/08/30 00:36:34.011, 0 MiB, 0 %
2026/08/30 00:36:36.011, 0 MiB, 0 %
2026/08/30 00:36:38.011, 0 MiB, 0 %
2026/08/30 00:36:40.012, 0 MiB, 0 %
2026/08/30 00:36:42.012, 0 MiB, 0 %
2026/08/30 00:36:44.012, 0 MiB, 0 %
2026/08/30 00:36:46.012, 0 MiB, 0 %
2026/08/30 00:36:48.013, 0 MiB, 0 %
2026/08/30 00:36:50.013, 0 MiB, 0 %
2026/08/30 00:36:52.013, 0 MiB, 0 %
2026/08/30 00:36:54.014, 0 MiB, 0 %
2026/08/30 00:36:56.014, 0 MiB, 0 %
2026/08/30 00:36:58.014, 0 MiB, 0 %
2026/08/30 00:37:00.015, 0 MiB, 0 %
2026/08/30 00:37:02.015, 0 MiB, 0 %
2026/08/30 00:37:04.015, 0 MiB, 0 %
2026/08/30 00:37:06.016, 0 MiB, 0 %
2026/08/30 00:37:08.016, 0 MiB, 0 %
2026/08/30 00:37:10.016, 0 MiB, 0 %
2026/08/30 00:37:12.016, 0 MiB, 0 %
2026/08/30 00:37:14.017, 0 MiB, 0 %
2026/08/30 00:37:16.017, 0 MiB, 0 %
2026/08/30 00:37:18.017, 0 MiB, 0 %
2026/08/30 00:37:20.018, 0 MiB, 0 %
2026/08/30 00:37:22.018, 0 MiB, 0 %
2026/08/30 00:37:24.018, 0 MiB, 0 %
2026/08/30 00:37:26.019, 0 MiB, 0 %
2026/08/30 00:37:28.019, 0 MiB, 0 %
2026/08/30 00:37:30.019, 0 MiB, 0 %
2026/08/30 00:37:32.020, 0 MiB, 0 %
2026/08/30 00:37:34.020, 0 MiB, 0 %
2026/08/30 00:37:36.020, 0 MiB, 0 %
2026/08/30 00:37:38.020, 0 MiB, 0 %
2026/08/30 00:37:40.021, 0 MiB, 0 %
2026/08/30 00:37:42.021, 0 MiB, 0 %
2026/08/30 00:37:44.021, 0 MiB, 0 %
2026/08/30 00:37:46.022, 0 MiB, 0 %
2026/08/30 00:37:48.022, 0 MiB, 0 %
2026/08/30 00:37:50.022, 0 MiB, 0 %
2026/08/30 00:37:52.023, 0 MiB, 0 %
2026/08/30 00:37:54.023, 0 MiB, 0 %
2026/08/30 00:37:56.023, 0 MiB, 0 %
2026/08/30 00:37:58.024, 0 MiB, 0 %
2026/08/30 00:38:00.024, 0 MiB, 0 %
2026/08/30 00:38:02.024, 0 MiB, 0 %
2026/08/30 00:38:04.024, 0 MiB, 0 %
2026/08/30 00:38:06.025, 0 MiB, 0 %
2026/08/30 00:38:08.025, 0 MiB, 0 %
2026/08/30 00:38:10.025, 0 MiB, 0 %
2026/08/30 00:38:12.026, 0 MiB, 0 %
2026/08/30 00:38:14.026, 0 MiB, 0 %
2026/08/30 00:38:16.026, 0 MiB, 0 %
2026/08/30 00:38:18.027, 0 MiB, 0 %
2026/08/30 00:38:20.027, 0 MiB, 0 %
2026/08/30 00:38:22.027, 0 MiB, 0 %
2026/08/30 00:38:24.028, 0 MiB, 0 %
2026/08/30 00:38:26.028, 0 MiB, 0 %
2026/08/30 00:38:28.028, 0 MiB, 0 %
2026/08/30 00:38:30.029, 0 MiB, 0 %
2026/08/30 00:38:32.029, 0 MiB, 0 %
2026/08/30 00:38:34.029, 0 MiB, 0 %
2026/08/30 00:38:36.029, 0 MiB, 0 %
2026/08/30 00:38:38.030, 0 MiB, 0 %
2026/08/30 00:38:40.030, 0 MiB, 0 %
2026/08/30 00:38:42.030, 0 MiB, 0 %
2026/08/30 00:38:44.031, 0 MiB, 0 %
2026/08/30 00:38:46.031, 0 MiB, 0 %
2026/08/30 00:38:48.031, 0 MiB, 0 %
2026/08/30 00:38:50.031, 0 MiB, 0 %
2026/08/30 00:38:52.032, 0 MiB, 0 %
2026/08/30 00:38:54.032, 0 MiB, 0 %
2026/08/30 00:38:56.032, 0 MiB, 0 %
2026/08/30 00:38:58.033, 0 MiB, 0 %
2026/08/30 00:39:00.033, 0 MiB, 0 %
2026/08/30 00:39:02.033, 0 MiB, 0 %
2026/08/30 00:39:04.034, 0 MiB, 0 %
2026/08/30 00:39:06.034, 0 MiB, 0 %
2026/08/30 00:39:08.034, 0 MiB, 0 %
2026/08/30 00:39:10.034, 0 MiB, 0 %
2026/08/30 00:39:12.035, 0 MiB, 0 %
2026/08/30 00:39:14.035, 0 MiB, 0 %
2026/08/30 00:39:16.035, 0 MiB, 0 %
2026/08/30 00:39:18.036, 0 MiB, 0 %
2026/08/30 00:39:20.036, 0 MiB, 0 %
2026/08/30 00:39:22.036, 0 MiB, 0 %
2026/08/30 00:39:24.036, 0 MiB, 0 %
2026/08/30 00:39:26.037, 0 MiB, 0 %
2026/08/30 00:39:28.037, 0 MiB, 0 %
2026/08/30 00:39:30.037, 0 MiB, 0 %
2026/08/30 00:39:32.038, 0 MiB, 0 %
2026/08/30 00:39:34.038, 0 MiB, 0 %
2026/08/30 00:39:36.038, 0 MiB, 0 %
2026/08/30 00:39:38.038, 0 MiB, 0 %
2026/08/30 00:39:40.039, 0 MiB, 0 %
2026/08/30 00:39:42.039, 0 MiB, 0 %
2026/08/30 00:39:44.039, 0 MiB, 0 %
2026/08/30 00:39:46.040, 0 MiB, 0 %
2026/08/30 00:39:48.040, 0 MiB, 0 %
2026/08/30 00:39:50.040, 0 MiB, 0 %
2026/08/30 00:39:52.040, 0 MiB, 0 %
2026/08/30 00:39:54.041, 0 MiB, 0 %
2026/08/30 00:39:56.041, 0 MiB, 0 %
2026/08/30 00:39:58.041, 0 MiB, 0 %
2026/08/30 00:40:00.042, 0 MiB, 0 %
2026/08/30 00:40:02.042, 0 MiB, 0 %
2026/08/30 00:40:04.042, 0 MiB, 0 %
2026/08/30 00:40:06.043, 0 MiB, 0 %
2026/08/30 00:40:08.043, 0 MiB, 0 %
2026/08/30 00:40:10.043, 0 MiB, 0 %
2026/08/30 00:40:12.043, 0 MiB, 0 %
2026/08/30 00:40:14.044, 0 MiB, 0 %
2026/08/30 00:40:16.044, 0 MiB, 0 %
2026/08/30 00:40:18.044, 0 MiB, 0 %
2026/08/30 00:40:20.045, 0 MiB, 0 %
2026/08/30 00:40:22.045, 0 MiB, 0 %
2026/08/30 00:40:24.045, 0 MiB, 0 %
2026/08/30 00:40:26.045, 0 MiB, 0 %
2026/08/30 00:40:28.046, 0 MiB, 0 %
2026/08/30 00:40:30.046, 0 MiB, 0 %
2026/08/30 00:40:32.046, 0 MiB, 0 %
2026/08/30 00:40:34.047, 0 MiB, 0 %
2026/08/30 00:40:36.047, 0 MiB, 0 %
2026/08/30 00:40:38.047, 0 MiB, 0 %
2026/08/30 00:40:40.048, 0 MiB, 0 %
2026/08/30 00:40:42.048, 0 MiB, 0 %
2026/08/30 00:40:44.048, 0 MiB, 0 %
2026/08/30 00:40:46.048, 0 MiB, 0 %
2026/08/30 00:40:48.049, 0 MiB, 0 %
2026/08/30 00:40:50.049, 0 MiB, 0 %
2026/08/30 00:40:52.049, 0 MiB, 0 %
2026/08/30 00:40:54.050, 0 MiB, 0 %
2026/08/30 00:40:56.050, 0 MiB, 0 %
2026/08/30 00:40:58.050, 0 MiB, 0 %
2026/08/30 00:41:00.051, 0 MiB, 0 %
2026/08/30 00:41:02.051, 0 MiB, 0 %
2026/08/30 00:41:04.051, 0 MiB, 0 %
2026/08/30 00:41:06.051, 0 MiB, 0 %
2026/08/30 00:41:08.052, 0 MiB, 0 %
2026/08/30 00:41:10.052, 0 MiB, 0 %
2026/08/30 00:41:12.052, 0 MiB, 0 %
2026/08/30 00:41:14.052, 0 MiB, 0 %
2026/08/30 00:41:16.053, 0 MiB, 0 %
2026/08/30 00:41:18.053, 0 MiB, 0 %
2026/08/30 00:41:20.053, 0 MiB, 0 %
2026/08/30 00:41:22.054, 0 MiB, 0 %
2026/08/30 00:41:24.054, 0 MiB, 0 %
2026/08/30 00:41:26.054, 0 MiB, 0 %
2026/08/30 00:41:28.054, 0 MiB, 0 %
2026/08/30 00:41:30.055, 0 MiB, 0 %
2026/08/30 00:41:32.055, 0 MiB, 0 %
2026/08/30 00:41:34.055, 0 MiB, 0 %
2026/08/30 00:41:36.055, 0 MiB, 0 %
2026/08/30 00:41:38.056, 0 MiB, 0 %
2026/08/30 00:41:40.056, 0 MiB, 0 %
2026/08/30 00:41:42.056, 0 MiB, 0 %
2026/08/30 00:41:44.056, 0 MiB, 0 %
2026/08/30 00:41:46.057, 0 MiB, 0 %
2026/08/30 00:41:48.057, 0 MiB, 0 %
2026/08/30 00:41:50.057, 0 MiB, 0 %
2026/08/30 00:41:52.057, 0 MiB, 0 %
2026/08/30 00:41:54.058, 0 MiB, 0 %
2026/08/30 00:41:56.058, 0 MiB, 0 %
2026/08/30 00:41:58.058, 0 MiB, 0 %
2026/08/30 00:42:00.059, 0 MiB, 0 %
2026/08/30 00:42:02.059, 0 MiB, 0 %
2026/08/30 00:42:04.059, 0 MiB, 0 %
2026/08/30 00:42:06.060, 0 MiB, 0 %
2026/08/30 00:42:08.060, 0 MiB, 0 %
2026/08/30 00:42:10.060, 0 MiB, 0 %
2026/08/30 00:42:12.061, 0 MiB, 0 %
2026/08/30 00:42:14.061, 0 MiB, 0 %
2026/08/30 00:42:16.061, 0 MiB, 0 %
2026/08/30 00:42:18.061, 0 MiB, 0 %
2026/08/30 00:42:20.062, 0 MiB, 0 %
2026/08/30 00:42:22.062, 0 MiB, 0 %
2026/08/30 00:42:24.062, 0 MiB, 0 %
2026/08/30 00:42:26.063, 0 MiB, 0 %
2026/08/30 00:42:28.063, 0 MiB, 0 %
2026/08/30 00:42:30.063, 0 MiB, 0 %
2026/08/30 00:42:32.064, 0 MiB, 0 %
2026/08/30 00:42:34.064, 0 MiB, 0 %
2026/08/30 00:42:36.064, 0 MiB, 0 %
2026/08/30 00:42:38.064, 0 MiB, 0 %
2026/08/30 00:42:40.065, 0 MiB, 0 %
2026/08/30 00:42:42.065, 0 MiB, 0 %
2026/08/30 00:42:44.065, 0 MiB, 0 %
2026/08/30 00:42:46.066, 0 MiB, 0 %
2026/08/30 00:42:48.066, 0 MiB, 0 %
2026/08/30 00:42:50.066, 0 MiB, 0 %
2026/08/30 00:42:52.067, 0 MiB, 0 %
2026/08/30 00:42:54.067, 0 MiB, 0 %
2026/08/30 00:42:56.067, 0 MiB, 0 %
2026/08/30 00:42:58.068, 0 MiB, 0 %
2026/08/30 00:43:00.068, 0 MiB, 0 %
2026/08/30 00:43:02.068, 0 MiB, 0 %
2026/08/30 00:43:04.069, 0 MiB, 0 %
2026/08/30 00:43:06.069, 0 MiB, 0 %
2026/08/30 00:43:08.069, 0 MiB, 0 %
2026/08/30 00:43:10.069, 0 MiB, 0 %
2026/08/30 00:43:12.070, 0 MiB, 0 %
2026/08/30 00:43:14.070, 0 MiB, 0 %
2026/08/30 00:43:16.070, 0 MiB, 0 %
2026/08/30 00:43:18.071, 0 MiB, 0 %
2026/08/30 00:43:20.071, 0 MiB, 0 %
2026/08/30 00:43:22.072, 0 MiB, 0 %
2026/08/30 00:43:24.072, 0 MiB, 0 %
2026/08/30 00:43:26.072, 0 MiB, 0 %
2026/08/30 00:43:28.072, 0 MiB, 0 %
2026/08/30 00:43:30.073, 0 MiB, 0 %
2026/08/30 00:43:32.073, 0 MiB, 0 %
2026/08/30 00:43:34.073, 0 MiB, 0 %
2026/08/30 00:43:36.074, 0 MiB, 0 %
2026/08/30 00:43:38.074, 0 MiB, 0 %
2026/08/30 00:43:40.074, 0 MiB, 0 %
2026/08/30 00:43:42.075, 0 MiB, 0 %
2026/08/30 00:43:44.075, 0 MiB, 0 %
2026/08/30 00:43:46.075, 0 MiB, 0 %
2026/08/30 00:43:48.076, 0 MiB, 0 %
2026/08/30 00:43:50.076, 0 MiB, 0 %
2026/08/30 00:43:52.076, 0 MiB, 0 %
2026/08/30 00:43:54.076, 0 MiB, 0 %
2026/08/30 00:43:56.077, 0 MiB, 0 %
2026/08/30 00:43:58.077, 0 MiB, 0 %
2026/08/30 00:44:00.077, 0 MiB, 0 %
2026/08/30 00:44:02.077, 0 MiB, 0 %
2026/08/30 00:44:04.078, 0 MiB, 0 %
2026/08/30 00:44:06.078, 0 MiB, 0 %
2026/08/30 00:44:08.078, 0 MiB, 0 %
2026/08/30 00:44:10.079, 0 MiB, 0 %
2026/08/30 00:44:12.079, 0 MiB, 0 %
2026/08/30 00:44:14.079, 0 MiB, 0 %
2026/08/30 00:44:16.080, 0 MiB, 0 %
2026/08/30 00:44:18.080, 0 MiB, 0 %
2026/08/30 00:44:20.080, 0 MiB, 0 %
2026/08/30 00:44:22.081, 0 MiB, 0 %
2026/08/30 00:44:24.081, 0 MiB, 0 %
2026/08/30 00:44:26.081, 0 MiB, 0 %
2026/08/30 00:44:28.082, 0 MiB, 0 %
2026/08/30 00:44:30.082, 0 MiB, 0 %
2026/08/30 00:44:32.082, 0 MiB, 0 %
2026/08/30 00:44:34.082, 0 MiB, 0 %
2026/08/30 00:44:36.083, 0 MiB, 0 %
2026/08/30 00:44:38.083, 0 MiB, 0 %
2026/08/30 00:44:40.083, 0 MiB, 0 %
2026/08/30 00:44:42.084, 0 MiB, 0 %
2026/08/30 00:44:44.084, 0 MiB, 0 %
2026/08/30 00:44:46.084, 0 MiB, 0 %
2026/08/30 00:44:48.085, 0 MiB, 0 %
2026/08/30 00:44:50.085, 0 MiB, 0 %
2026/08/30 00:44:52.085, 0 MiB, 0 %
2026/08/30 00:44:54.086, 0 MiB, 0 %
2026/08/30 00:44:56.086, 0 MiB, 0 %
2026/08/30 00:44:58.086, 0 MiB, 0 %
2026/08/30 00:45:00.087, 0 MiB, 0 %
2026/08/30 00:45:02.087, 0 MiB, 0 %
2026/08/30 00:45:04.088, 0 MiB, 0 %
2026/08/30 00:45:06.088, 0 MiB, 0 %
2026/08/30 00:45:08.088, 0 MiB, 0 %
2026/08/30 00:45:10.089, 0 MiB, 0 %
2026/08/30 00:45:12.089, 0 MiB, 0 %
2026/08/30 00:45:14.089, 0 MiB, 0 %
2026/08/30 00:45:16.090, 0 MiB, 0 %
2026/08/30 00:45:18.090, 0 MiB, 0 %
2026/08/30 00:45:20.090, 0 MiB, 0 %
2026/08/30 00:45:22.090, 0 MiB, 0 %
2026/08/30 00:45:24.091, 0 MiB, 0 %
2026/08/30 00:45:26.091, 0 MiB, 0 %
2026/08/30 00:45:28.091, 0 MiB, 0 %
2026/08/30 00:45:30.092, 0 MiB, 0 %
2026/08/30 00:45:32.092, 0 MiB, 0 %
2026/08/30 00:45:34.092, 0 MiB, 0 %
2026/08/30 00:45:36.093, 0 MiB, 0 %
2026/08/30 00:45:38.093, 0 MiB, 0 %
2026/08/30 00:45:40.093, 0 MiB, 0 %
2026/08/30 00:45:42.093, 0 MiB, 0 %
2026/08/30 00:45:44.094, 0 MiB, 0 %
2026/08/30 00:45:46.094, 0 MiB, 0 %
2026/08/30 00:45:48.094, 0 MiB, 0 %
2026/08/30 00:45:50.095, 0 MiB, 0 %
2026/08/30 00:45:52.095, 0 MiB, 0 %
2026/08/30 00:45:54.095, 0 MiB, 0 %
2026/08/30 00:45:56.096, 0 MiB, 0 %
2026/08/30 00:45:58.096, 0 MiB, 0 %
2026/08/30 00:46:00.096, 0 MiB, 0 %
2026/08/30 00:46:02.097, 0 MiB, 0 %
2026/08/30 00:46:04.097, 0 MiB, 0 %
2026/08/30 00:46:06.097, 0 MiB, 0 %
2026/08/30 00:46:08.098, 0 MiB, 0 %
2026/08/30 00:46:10.098, 0 MiB, 0 %
2026/08/30 00:46:12.098, 0 MiB, 0 %
2026/08/30 00:46:14.098, 0 MiB, 0 %
2026/08/30 00:46:16.099, 0 MiB, 0 %
2026/08/30 00:46:18.099, 0 MiB, 0 %
2026/08/30 00:46:20.099, 0 MiB, 0 %
2026/08/30 00:46:22.100, 0 MiB, 0 %
2026/08/30 00:46:24.100, 0 MiB, 0 %
2026/08/30 00:46:26.100, 0 MiB, 0 %
2026/08/30 00:46:28.100, 0 MiB, 0 %
2026/08/30 00:46:30.101, 0 MiB, 0 %
2026/08/30 00:46:32.101, 0 MiB, 0 %
2026/08/30 00:46:34.101, 0 MiB, 0 %
2026/08/30 00:46:36.102, 0 MiB, 0 %
2026/08/30 00:46:38.102, 0 MiB, 0 %
2026/08/30 00:46:40.102, 0 MiB, 0 %
2026/08/30 00:46:42.103, 0 MiB, 0 %
2026/08/30 00:46:44.103, 0 MiB, 0 %
2026/08/30 00:46:46.103, 0 MiB, 0 %
2026/08/30 00:46:48.103, 0 MiB, 0 %
2026/08/30 00:46:50.104, 0 MiB, 0 %
2026/08/30 00:46:52.104, 0 MiB, 0 %
2026/08/30 00:46:54.104, 0 MiB, 0 %
2026/08/30 00:46:56.105, 0 MiB, 0 %
2026/08/30 00:46:58.105, 0 MiB, 0 %
2026/08/30 00:47:00.105, 0 MiB, 0 %
2026/08/30 00:47:02.106, 0 MiB, 0 %
2026/08/30 00:47:04.106, 0 MiB, 0 %
2026/08/30 00:47:06.106, 0 MiB, 0 %
2026/08/30 00:47:08.107, 0 MiB, 0 %
2026/08/30 00:47:10.107, 0 MiB, 0 %
2026/08/30 00:47:12.107, 0 MiB, 0 %
2026/08/30 00:47:14.108, 0 MiB, 0 %
2026/08/30 00:47:16.108, 0 MiB, 0 %
2026/08/30 00:47:18.108, 0 MiB, 0 %
2026/08/30 00:47:20.108, 0 MiB, 0 %
2026/08/30 00:47:22.109, 0 MiB, 0 %
2026/08/30 00:47:24.109, 0 MiB, 0 %
2026/08/30 00:47:26.109, 0 MiB, 0 %
2026/08/30 00:47:28.110, 0 MiB, 0 %
2026/08/30 00:47:30.110, 0 MiB, 0 %
2026/08/30 00:47:32.110, 0 MiB, 0 %
2026/08/30 00:47:34.110, 0 MiB, 0 %
2026/08/30 00:47:36.111, 0 MiB, 0 %
2026/08/30 00:47:38.111, 0 MiB, 0 %
2026/08/30 00:47:40.111, 0 MiB, 0 %
2026/08/30 00:47:42.112, 0 MiB, 0 %
2026/08/30 00:47:44.112, 0 MiB, 0 %
2026/08/30 00:47:46.112, 0 MiB, 0 %
2026/08/30 00:47:48.112, 0 MiB, 0 %
2026/08/30 00:47:50.113, 0 MiB, 0 %
2026/08/30 00:47:52.113, 0 MiB, 0 %
2026/08/30 00:47:54.113, 0 MiB, 0 %
2026/08/30 00:47:56.113, 0 MiB, 0 %
2026/08/30 00:47:58.113, 0 MiB, 0 %
2026/08/30 00:48:00.114, 0 MiB, 0 %
2026/08/30 00:48:02.114, 0 MiB, 0 %
2026/08/30 00:48:04.114, 0 MiB, 0 %
2026/08/30 00:48:06.115, 0 MiB, 0 %
2026/08/30 00:48:08.115, 0 MiB, 0 %
2026/08/30 00:48:10.115, 0 MiB, 0 %
2026/08/30 00:48:12.115, 0 MiB, 0 %
2026/08/30 00:48:14.116, 0 MiB, 0 %
2026/08/30 00:48:16.116, 0 MiB, 0 %
2026/08/30 00:48:18.116, 0 MiB, 0 %
2026/08/30 00:48:20.116, 0 MiB, 0 %
2026/08/30 00:48:22.117, 0 MiB, 0 %
2026/08/30 00:48:24.117, 0 MiB, 0 %
2026/08/30 00:48:26.117, 0 MiB, 0 %
2026/08/30 00:48:28.118, 0 MiB, 0 %
2026/08/30 00:48:30.118, 0 MiB, 0 %
2026/08/30 00:48:32.118, 0 MiB, 0 %
2026/08/30 00:48:34.119, 0 MiB, 0 %
2026/08/30 00:48:36.119, 0 MiB, 0 %
2026/08/30 00:48:38.119, 0 MiB, 0 %
2026/08/30 00:48:40.119, 0 MiB, 0 %
2026/08/30 00:48:42.120, 0 MiB, 0 %
2026/08/30 00:48:44.120, 0 MiB, 0 %
2026/08/30 00:48:46.120, 0 MiB, 0 %
2026/08/30 00:48:48.120, 0 MiB, 0 %
2026/08/30 00:48:50.121, 0 MiB, 0 %
2026/08/30 00:48:52.121, 0 MiB, 0 %
2026/08/30 00:48:54.121, 0 MiB, 0 %
2026/08/30 00:48:56.122, 0 MiB, 0 %
2026/08/30 00:48:58.122, 0 MiB, 0 %
2026/08/30 00:49:00.122, 0 MiB, 0 %
2026/08/30 00:49:02.123, 0 MiB, 0 %
2026/08/30 00:49:04.123, 0 MiB, 0 %
2026/08/30 00:49:06.123, 0 MiB, 0 %
2026/08/30 00:49:08.124, 0 MiB, 0 %
2026/08/30 00:49:10.124, 0 MiB, 0 %
2026/08/30 00:49:12.124, 0 MiB, 0 %
2026/08/30 00:49:14.125, 0 MiB, 0 %
2026/08/30 00:49:16.125, 0 MiB, 0 %
2026/08/30 00:49:18.125, 0 MiB, 0 %
2026/08/30 00:49:20.126, 0 MiB, 0 %
2026/08/30 00:49:22.126, 0 MiB, 0 %
2026/08/30 00:49:24.126, 0 MiB, 0 %
2026/08/30 00:49:26.127, 0 MiB, 0 %
2026/08/30 00:49:28.127, 0 MiB, 0 %
2026/08/30 00:49:30.127, 0 MiB, 0 %
2026/08/30 00:49:32.127, 0 MiB, 0 %
2026/08/30 00:49:34.128, 0 MiB, 0 %
2026/08/30 00:49:36.128, 0 MiB, 0 %
2026/08/30 00:49:38.128, 0 MiB, 0 %
2026/08/30 00:49:40.129, 0 MiB, 0 %
2026/08/30 00:49:42.129, 0 MiB, 0 %
2026/08/30 00:49:44.129, 0 MiB, 0 %
2026/08/30 00:49:46.130, 0 MiB, 0 %
2026/08/30 00:49:48.130, 0 MiB, 0 %
2026/08/30 00:49:50.130, 0 MiB, 0 %
2026/08/30 00:49:52.130, 0 MiB, 0 %
2026/08/30 00:49:54.131, 0 MiB, 0 %
2026/08/30 00:49:56.131, 0 MiB, 0 %
2026/08/30 00:49:58.131, 0 MiB, 0 %
2026/08/30 00:50:00.132, 0 MiB, 0 %
2026/08/30 00:50:02.132, 0 MiB, 0 %
2026/08/30 00:50:04.132, 0 MiB, 0 %
2026/08/30 00:50:06.132, 0 MiB, 0 %
2026/08/30 00:50:08.133, 0 MiB, 0 %
2026/08/30 00:50:10.133, 0 MiB, 0 %
2026/08/30 00:50:12.133, 0 MiB, 0 %
2026/08/30 00:50:14.134, 0 MiB, 0 %
2026/08/30 00:50:16.134, 0 MiB, 0 %
2026/08/30 00:50:18.134, 0 MiB, 0 %
2026/08/30 00:50:20.134, 0 MiB, 0 %
2026/08/30 00:50:22.135, 0 MiB, 0 %
2026/08/30 00:50:24.135, 0 MiB, 0 %
2026/08/30 00:50:26.135, 0 MiB, 0 %
2026/08/30 00:50:28.136, 0 MiB, 0 %
2026/08/30 00:50:30.136, 0 MiB, 0 %
2026/08/30 00:50:32.136, 0 MiB, 0 %
2026/08/30 00:50:34.136, 0 MiB, 0 %
2026/08/30 00:50:36.137, 0 MiB, 0 %
2026/08/30 00:50:38.137, 0 MiB, 0 %
2026/08/30 00:50:40.137, 0 MiB, 0 %
2026/08/30 00:50:42.138, 0 MiB, 0 %
2026/08/30 00:50:44.138, 0 MiB, 0 %
2026/08/30 00:50:46.138, 0 MiB, 0 %
2026/08/30 00:50:48.139, 0 MiB, 0 %
2026/08/30 00:50:50.139, 0 MiB, 0 %
2026/08/30 00:50:52.139, 0 MiB, 0 %
2026/08/30 00:50:54.140, 0 MiB, 0 %
2026/08/30 00:50:56.140, 0 MiB, 0 %
2026/08/30 00:50:58.140, 0 MiB, 0 %
2026/08/30 00:51:00.140, 0 MiB, 0 %
2026/08/30 00:51:02.141, 0 MiB, 0 %
2026/08/30 00:51:04.141, 0 MiB, 0 %
2026/08/30 00:51:06.141, 0 MiB, 0 %
2026/08/30 00:51:08.142, 0 MiB, 0 %
2026/08/30 00:51:10.142, 0 MiB, 0 %
2026/08/30 00:51:12.142, 0 MiB, 0 %
2026/08/30 00:51:14.142, 0 MiB, 0 %
2026/08/30 00:51:16.143, 0 MiB, 0 %
2026/08/30 00:51:18.143, 0 MiB, 0 %
2026/08/30 00:51:20.143, 0 MiB, 0 %
2026/08/30 00:51:22.144, 0 MiB, 0 %
2026/08/30 00:51:24.144, 0 MiB, 0 %
2026/08/30 00:51:26.144, 0 MiB, 0 %
2026/08/30 00:51:28.144, 0 MiB, 0 %
2026/08/30 00:51:30.145, 0 MiB, 0 %
2026/08/30 00:51:32.145, 0 MiB, 0 %
2026/08/30 00:51:34.145, 0 MiB, 0 %
2026/08/30 00:51:36.146, 0 MiB, 0 %
2026/08/30 00:51:38.146, 0 MiB, 0 %
2026/08/30 00:51:40.146, 0 MiB, 0 %
2026/08/30 00:51:42.147, 0 MiB, 0 %
2026/08/30 00:51:44.147, 0 MiB, 0 %
2026/08/30 00:51:46.147, 0 MiB, 0 %
2026/08/30 00:51:48.148, 0 MiB, 0 %
2026/08/30 00:51:50.148, 0 MiB, 0 %
2026/08/30 00:51:52.148, 0 MiB, 0 %
2026/08/30 00:51:54.149, 0 MiB, 0 %
2026/08/30 00:51:56.149, 0 MiB, 0 %
2026/08/30 00:51:58.149, 0 MiB, 0 %
2026/08/30 00:52:00.149, 0 MiB, 0 %
2026/08/30 00:52:02.150, 0 MiB, 0 %
2026/08/30 00:52:04.150, 0 MiB, 0 %
2026/08/30 00:52:06.150, 0 MiB, 0 %
2026/08/30 00:52:08.150, 0 MiB, 0 %
2026/08/30 00:52:10.151, 0 MiB, 0 %
2026/08/30 00:52:12.151, 0 MiB, 0 %
2026/08/30 00:52:14.151, 0 MiB, 0 %
2026/08/30 00:52:16.152, 0 MiB, 0 %
2026/08/30 00:52:18.152, 0 MiB, 0 %
2026/08/30 00:52:20.152, 0 MiB, 0 %
2026/08/30 00:52:22.153, 0 MiB, 0 %
2026/08/30 00:52:24.153, 0 MiB, 0 %
2026/08/30 00:52:26.153, 0 MiB, 0 %
2026/08/30 00:52:28.154, 0 MiB, 0 %
2026/08/30 00:52:30.154, 0 MiB, 0 %
2026/08/30 00:52:32.154, 0 MiB, 0 %
2026/08/30 00:52:34.154, 0 MiB, 0 %
2026/08/30 00:52:36.155, 0 MiB, 0 %
2026/08/30 00:52:38.155, 0 MiB, 0 %
2026/08/30 00:52:40.155, 0 MiB, 0 %
2026/08/30 00:52:42.156, 0 MiB, 0 %
2026/08/30 00:52:44.156, 0 MiB, 0 %
2026/08/30 00:52:46.156, 0 MiB, 0 %
2026/08/30 00:52:48.156, 0 MiB, 0 %
2026/08/30 00:52:50.157, 0 MiB, 0 %
2026/08/30 00:52:52.157, 0 MiB, 0 %
2026/08/30 00:52:54.157, 0 MiB, 0 %
2026/08/30 00:52:56.158, 0 MiB, 0 %
2026/08/30 00:52:58.158, 0 MiB, 0 %
2026/08/30 00:53:00.158, 0 MiB, 0 %
2026/08/30 00:53:02.159, 0 MiB, 0 %
2026/08/30 00:53:04.159, 0 MiB, 0 %
2026/08/30 00:53:06.159, 0 MiB, 0 %
2026/08/30 00:53:08.159, 0 MiB, 0 %
2026/08/30 00:53:10.160, 0 MiB, 0 %
2026/08/30 00:53:12.160, 0 MiB, 0 %
2026/08/30 00:53:14.160, 0 MiB, 0 %
2026/08/30 00:53:16.160, 0 MiB, 0 %
2026/08/30 00:53:18.161, 0 MiB, 0 %
2026/08/30 00:53:20.161, 0 MiB, 0 %
2026/08/30 00:53:22.161, 0 MiB, 0 %
2026/08/30 00:53:24.162, 0 MiB, 0 %
2026/08/30 00:53:26.162, 0 MiB, 0 %
2026/08/30 00:53:28.162, 0 MiB, 0 %
2026/08/30 00:53:30.162, 0 MiB, 0 %
2026/08/30 00:53:32.163, 0 MiB, 0 %
2026/08/30 00:53:34.163, 0 MiB, 0 %
2026/08/30 00:53:36.163, 0 MiB, 0 %
2026/08/30 00:53:38.163, 0 MiB, 0 %
2026/08/30 00:53:40.164, 0 MiB, 0 %
2026/08/30 00:53:42.164, 0 MiB, 0 %
2026/08/30 00:53:44.164, 0 MiB, 0 %
2026/08/30 00:53:46.164, 0 MiB, 0 %
2026/08/30 00:53:48.164, 0 MiB, 0 %
2026/08/30 00:53:50.165, 0 MiB, 0 %
2026/08/30 00:53:52.165, 0 MiB, 0 %
2026/08/30 00:53:54.165, 0 MiB, 0 %
2026/08/30 00:53:56.165, 0 MiB, 0 %
2026/08/30 00:53:58.166, 0 MiB, 0 %
2026/08/30 00:54:00.166, 0 MiB, 0 %
2026/08/30 00:54:02.166, 0 MiB, 0 %
2026/08/30 00:54:04.167, 0 MiB, 0 %
2026/08/30 00:54:06.167, 0 MiB, 0 %
2026/08/30 00:54:08.167, 0 MiB, 0 %
2026/08/30 00:54:10.167, 0 MiB, 0 %
2026/08/30 00:54:12.168, 0 MiB, 0 %
2026/08/30 00:54:14.168, 0 MiB, 0 %
2026/08/30 00:54:16.169, 0 MiB, 0 %
2026/08/30 00:54:18.169, 0 MiB, 0 %
2026/08/30 00:54:20.169, 0 MiB, 0 %
2026/08/30 00:54:22.169, 0 MiB, 0 %
2026/08/30 00:54:24.170, 0 MiB, 0 %
2026/08/30 00:54:26.170, 0 MiB, 0 %
2026/08/30 00:54:28.170, 0 MiB, 0 %
2026/08/30 00:54:30.170, 0 MiB, 0 %
2026/08/30 00:54:32.171, 0 MiB, 0 %
2026/08/30 00:54:34.171, 0 MiB, 0 %
2026/08/30 00:54:36.171, 0 MiB, 0 %
2026/08/30 00:54:38.172, 0 MiB, 0 %
2026/08/30 00:54:40.172, 0 MiB, 0 %
2026/08/30 00:54:42.172, 0 MiB, 0 %
2026/08/30 00:54:44.172, 0 MiB, 0 %
2026/08/30 00:54:46.173, 0 MiB, 0 %
2026/08/30 00:54:48.173, 0 MiB, 0 %
2026/08/30 00:54:50.173, 0 MiB, 0 %
2026/08/30 00:54:52.174, 0 MiB, 0 %
2026/08/30 00:54:54.174, 0 MiB, 0 %
2026/08/30 00:54:56.174, 0 MiB, 0 %
2026/08/30 00:54:58.174, 0 MiB, 0 %
2026/08/30 00:55:00.175, 0 MiB, 0 %
2026/08/30 00:55:02.175, 0 MiB, 0 %
2026/08/30 00:55:04.175, 0 MiB, 0 %
2026/08/30 00:55:06.176, 0 MiB, 0 %
2026/08/30 00:55:08.176, 0 MiB, 0 %
2026/08/30 00:55:10.176, 0 MiB, 0 %
2026/08/30 00:55:12.177, 0 MiB, 0 %
2026/08/30 00:55:14.177, 0 MiB, 0 %
2026/08/30 00:55:16.177, 0 MiB, 0 %
2026/08/30 00:55:18.178, 0 MiB, 0 %
2026/08/30 00:55:20.178, 0 MiB, 0 %
2026/08/30 00:55:22.178, 0 MiB, 0 %
2026/08/30 00:55:24.179, 0 MiB, 0 %
2026/08/30 00:55:26.179, 0 MiB, 0 %
2026/08/30 00:55:28.179, 0 MiB, 0 %
2026/08/30 00:55:30.179, 0 MiB, 0 %
2026/08/30 00:55:32.179, 0 MiB, 0 %
2026/08/30 00:55:34.180, 0 MiB, 0 %
2026/08/30 00:55:36.180, 0 MiB, 0 %
2026/08/30 00:55:38.180, 0 MiB, 0 %
2026/08/30 00:55:40.180, 0 MiB, 0 %
2026/08/30 00:55:42.181, 0 MiB, 0 %
2026/08/30 00:55:44.181, 0 MiB, 0 %
2026/08/30 00:55:46.181, 0 MiB, 0 %
2026/08/30 00:55:48.181, 0 MiB, 0 %
2026/08/30 00:55:50.182, 0 MiB, 0 %
2026/08/30 00:55:52.182, 0 MiB, 0 %
2026/08/30 00:55:54.182, 0 MiB, 0 %
2026/08/30 00:55:56.182, 0 MiB, 0 %
2026/08/30 00:55:58.183, 0 MiB, 0 %
2026/08/30 00:56:00.183, 0 MiB, 0 %
2026/08/30 00:56:02.183, 0 MiB, 0 %
2026/08/30 00:56:04.184, 0 MiB, 0 %
2026/08/30 00:56:06.184, 0 MiB, 0 %
2026/08/30 00:56:08.184, 0 MiB, 0 %
2026/08/30 00:56:10.184, 0 MiB, 0 %
2026/08/30 00:56:12.185, 0 MiB, 0 %
2026/08/30 00:56:14.185, 0 MiB, 0 %
2026/08/30 00:56:16.185, 0 MiB, 0 %
2026/08/30 00:56:18.185, 0 MiB, 0 %
2026/08/30 00:56:20.186, 0 MiB, 0 %
2026/08/30 00:56:22.186, 0 MiB, 0 %
2026/08/30 00:56:24.186, 0 MiB, 0 %
2026/08/30 00:56:26.187, 0 MiB, 0 %
2026/08/30 00:56:28.187, 0 MiB, 0 %
2026/08/30 00:56:30.187, 0 MiB, 0 %
2026/08/30 00:56:32.188, 0 MiB, 0 %
2026/08/30 00:56:34.188, 0 MiB, 0 %
2026/08/30 00:56:36.188, 0 MiB, 0 %
2026/08/30 00:56:38.188, 0 MiB, 0 %
2026/08/30 00:56:40.189, 0 MiB, 0 %
2026/08/30 00:56:42.189, 0 MiB, 0 %
2026/08/30 00:56:44.189, 0 MiB, 0 %
2026/08/30 00:56:46.190, 0 MiB, 0 %
2026/08/30 00:56:48.190, 0 MiB, 0 %
2026/08/30 00:56:50.190, 0 MiB, 0 %
2026/08/30 00:56:52.190, 0 MiB, 0 %
2026/08/30 00:56:54.191, 0 MiB, 0 %
2026/08/30 00:56:56.191, 0 MiB, 0 %
2026/08/30 00:56:58.191, 0 MiB, 0 %
2026/08/30 00:57:00.191, 0 MiB, 0 %
2026/08/30 00:57:02.192, 0 MiB, 0 %
2026/08/30 00:57:04.192, 0 MiB, 0 %
2026/08/30 00:57:06.192, 0 MiB, 0 %
2026/08/30 00:57:08.192, 0 MiB, 0 %
2026/08/30 00:57:10.193, 0 MiB, 0 %
2026/08/30 00:57:12.193, 0 MiB, 0 %
2026/08/30 00:57:14.193, 0 MiB, 0 %
2026/08/30 00:57:16.193, 0 MiB, 0 %
2026/08/30 00:57:18.193, 0 MiB, 0 %
2026/08/30 00:57:20.194, 0 MiB, 0 %
2026/08/30 00:57:22.194, 0 MiB, 0 %
2026/08/30 00:57:24.194, 0 MiB, 0 %
2026/08/30 00:57:26.195, 0 MiB, 0 %
2026/08/30 00:57:28.195, 0 MiB, 0 %
2026/08/30 00:57:30.195, 0 MiB, 0 %
2026/08/30 00:57:32.195, 0 MiB, 0 %
2026/08/30 00:57:34.196, 0 MiB, 0 %
2026/08/30 00:57:36.196, 0 MiB, 0 %
2026/08/30 00:57:38.196, 0 MiB, 0 %
2026/08/30 00:57:40.197, 0 MiB, 0 %
2026/08/30 00:57:42.197, 0 MiB, 0 %
2026/08/30 00:57:44.197, 0 MiB, 0 %
2026/08/30 00:57:46.198, 0 MiB, 0 %
2026/08/30 00:57:48.198, 0 MiB, 0 %
2026/08/30 00:57:50.198, 0 MiB, 0 %
2026/08/30 00:57:52.199, 0 MiB, 0 %
2026/08/30 00:57:54.199, 0 MiB, 0 %
2026/08/30 00:57:56.199, 0 MiB, 0 %
2026/08/30 00:57:58.199, 0 MiB, 0 %
2026/08/30 00:58:00.200, 0 MiB, 0 %
2026/08/30 00:58:02.200, 0 MiB, 0 %
2026/08/30 00:58:04.200, 0 MiB, 0 %
2026/08/30 00:58:06.200, 0 MiB, 0 %
2026/08/30 00:58:08.201, 0 MiB, 0 %
2026/08/30 00:58:10.201, 0 MiB, 0 %
2026/08/30 00:58:12.201, 0 MiB, 0 %
2026/08/30 00:58:14.202, 0 MiB, 0 %
2026/08/30 00:58:16.202, 0 MiB, 0 %
2026/08/30 00:58:18.202, 0 MiB, 0 %
2026/08/30 00:58:20.203, 0 MiB, 0 %
2026/08/30 00:58:22.203, 0 MiB, 0 %
2026/08/30 00:58:24.203, 0 MiB, 0 %
2026/08/30 00:58:26.203, 0 MiB, 0 %
2026/08/30 00:58:28.204, 0 MiB, 0 %
2026/08/30 00:58:30.204, 0 MiB, 0 %
2026/08/30 00:58:32.204, 0 MiB, 0 %
2026/08/30 00:58:34.204, 0 MiB, 0 %
2026/08/30 00:58:36.205, 0 MiB, 0 %
2026/08/30 00:58:38.205, 0 MiB, 0 %
2026/08/30 00:58:40.205, 0 MiB, 0 %
2026/08/30 00:58:42.206, 0 MiB, 0 %
2026/08/30 00:58:44.206, 0 MiB, 0 %
2026/08/30 00:58:46.206, 0 MiB, 0 %
2026/08/30 00:58:48.206, 0 MiB, 0 %
2026/08/30 00:58:50.207, 0 MiB, 0 %
2026/08/30 00:58:52.207, 0 MiB, 0 %
2026/08/30 00:58:54.207, 0 MiB, 0 %
2026/08/30 00:58:56.207, 0 MiB, 0 %
2026/08/30 00:58:58.208, 0 MiB, 0 %
2026/08/30 00:59:00.208, 0 MiB, 0 %
2026/08/30 00:59:02.208, 0 MiB, 0 %
2026/08/30 00:59:04.209, 0 MiB, 0 %
2026/08/30 00:59:06.209, 0 MiB, 0 %
2026/08/30 00:59:08.209, 0 MiB, 0 %
2026/08/30 00:59:10.210, 0 MiB, 0 %
2026/08/30 00:59:12.210, 0 MiB, 0 %
2026/08/30 00:59:14.210, 0 MiB, 0 %
2026/08/30 00:59:16.210, 0 MiB, 0 %
2026/08/30 00:59:18.211, 0 MiB, 0 %
2026/08/30 00:59:20.211, 0 MiB, 0 %
2026/08/30 00:59:22.211, 0 MiB, 0 %
2026/08/30 00:59:24.211, 0 MiB, 0 %
2026/08/30 00:59:26.212, 0 MiB, 0 %
2026/08/30 00:59:28.212, 0 MiB, 0 %
2026/08/30 00:59:30.212, 0 MiB, 0 %
2026/08/30 00:59:32.212, 0 MiB, 0 %
2026/08/30 00:59:34.213, 0 MiB, 0 %
2026/08/30 00:59:36.213, 0 MiB, 0 %
2026/08/30 00:59:38.213, 0 MiB, 0 %
2026/08/30 00:59:40.214, 0 MiB, 0 %
2026/08/30 00:59:42.214, 0 MiB, 0 %
2026/08/30 00:59:44.214, 0 MiB, 0 %
2026/08/30 00:59:46.214, 0 MiB, 0 %
2026/08/30 00:59:48.215, 0 MiB, 0 %
2026/08/30 00:59:50.215, 0 MiB, 0 %
2026/08/30 00:59:52.215, 0 MiB, 0 %
2026/08/30 00:59:54.216, 0 MiB, 0 %
2026/08/30 00:59:56.216, 0 MiB, 0 %
2026/08/30 00:59:58.216, 0 MiB, 0 %
2026/08/30 01:00:00.216, 0 MiB, 0 %
2026/08/30 01:00:02.217, 0 MiB, 0 %
2026/08/30 01:00:04.217, 0 MiB, 0 %
2026/08/30 01:00:06.217, 0 MiB, 0 %
2026/08/30 01:00:08.218, 0 MiB, 0 %
2026/08/30 01:00:10.218, 0 MiB, 0 %
2026/08/30 01:00:12.218, 0 MiB, 0 %
2026/08/30 01:00:14.219, 0 MiB, 0 %
2026/08/30 01:00:16.219, 0 MiB, 0 %
2026/08/30 01:00:18.219, 0 MiB, 0 %
2026/08/30 01:00:20.219, 0 MiB, 0 %
2026/08/30 01:00:22.220, 0 MiB, 0 %
2026/08/30 01:00:24.220, 0 MiB, 0 %
2026/08/30 01:00:26.220, 0 MiB, 0 %
2026/08/30 01:00:28.221, 0 MiB, 0 %
2026/08/30 01:00:30.221, 0 MiB, 0 %
2026/08/30 01:00:32.221, 0 MiB, 0 %
2026/08/30 01:00:34.222, 0 MiB, 0 %
2026/08/30 01:00:36.222, 0 MiB, 0 %
2026/08/30 01:00:38.222, 0 MiB, 0 %
2026/08/30 01:00:40.222, 0 MiB, 0 %
2026/08/30 01:00:42.223, 0 MiB, 0 %
2026/08/30 01:00:44.223, 0 MiB, 0 %
2026/08/30 01:00:46.223, 0 MiB, 0 %
2026/08/30 01:00:48.224, 0 MiB, 0 %
2026/08/30 01:00:50.224, 0 MiB, 0 %
2026/08/30 01:00:52.224, 0 MiB, 0 %
2026/08/30 01:00:54.224, 0 MiB, 0 %
2026/08/30 01:00:56.225, 0 MiB, 0 %
2026/08/30 01:00:58.225, 0 MiB, 0 %
2026/08/30 01:01:00.225, 0 MiB, 0 %
2026/08/30 01:01:02.226, 0 MiB, 0 %
2026/08/30 01:01:04.226, 0 MiB, 0 %
2026/08/30 01:01:06.226, 0 MiB, 0 %
2026/08/30 01:01:08.227, 0 MiB, 0 %
2026/08/30 01:01:10.227, 0 MiB, 0 %
2026/08/30 01:01:12.227, 0 MiB, 0 %
2026/08/30 01:01:14.228, 0 MiB, 0 %
2026/08/30 01:01:16.228, 0 MiB, 0 %
2026/08/30 01:01:18.228, 0 MiB, 0 %
2026/08/30 01:01:20.228, 0 MiB, 0 %
2026/08/30 01:01:22.229, 0 MiB, 0 %
2026/08/30 01:01:24.229, 0 MiB, 0 %
2026/08/30 01:01:26.229, 0 MiB, 0 %
2026/08/30 01:01:28.229, 0 MiB, 0 %
2026/08/30 01:01:30.230, 0 MiB, 0 %
2026/08/30 01:01:32.230, 0 MiB, 0 %
2026/08/30 01:01:34.230, 0 MiB, 0 %
2026/08/30 01:01:36.230, 0 MiB, 0 %
2026/08/30 01:01:38.231, 0 MiB, 0 %
2026/08/30 01:01:40.231, 0 MiB, 0 %
2026/08/30 01:01:42.231, 0 MiB, 0 %
2026/08/30 01:01:44.231, 0 MiB, 0 %
2026/08/30 01:01:46.232, 0 MiB, 0 %
2026/08/30 01:01:48.232, 0 MiB, 0 %
2026/08/30 01:01:50.232, 0 MiB, 0 %
2026/08/30 01:01:52.232, 0 MiB, 0 %
2026/08/30 01:01:54.233, 0 MiB, 0 %
2026/08/30 01:01:56.233, 0 MiB, 0 %
2026/08/30 01:01:58.233, 0 MiB, 0 %
2026/08/30 01:02:00.234, 0 MiB, 0 %
2026/08/30 01:02:02.234, 0 MiB, 0 %
2026/08/30 01:02:04.234, 0 MiB, 0 %
2026/08/30 01:02:06.235, 0 MiB, 0 %
2026/08/30 01:02:08.235, 0 MiB, 0 %
2026/08/30 01:02:10.235, 0 MiB, 0 %
2026/08/30 01:02:12.235, 0 MiB, 0 %
2026/08/30 01:02:14.236, 0 MiB, 0 %
2026/08/30 01:02:16.236, 0 MiB, 0 %
2026/08/30 01:02:18.236, 0 MiB, 0 %
2026/08/30 01:02:20.237, 0 MiB, 0 %
2026/08/30 01:02:22.237, 0 MiB, 0 %
2026/08/30 01:02:24.237, 0 MiB, 0 %
2026/08/30 01:02:26.238, 0 MiB, 0 %
2026/08/30 01:02:28.238, 0 MiB, 0 %
2026/08/30 01:02:30.238, 0 MiB, 0 %
2026/08/30 01:02:32.239, 0 MiB, 0 %
2026/08/30 01:02:34.239, 0 MiB, 0 %
2026/08/30 01:02:36.239, 0 MiB, 0 %
2026/08/30 01:02:38.239, 0 MiB, 0 %
2026/08/30 01:02:40.240, 0 MiB, 0 %
2026/08/30 01:02:42.240, 0 MiB, 0 %
2026/08/30 01:02:44.240, 0 MiB, 0 %
2026/08/30 01:02:46.241, 0 MiB, 0 %
2026/08/30 01:02:48.241, 0 MiB, 0 %
2026/08/30 01:02:50.241, 0 MiB, 0 %
2026/08/30 01:02:52.242, 0 MiB, 0 %
2026/08/30 01:02:54.242, 0 MiB, 0 %
2026/08/30 01:02:56.242, 0 MiB, 0 %
2026/08/30 01:02:58.242, 0 MiB, 0 %
2026/08/30 01:03:00.243, 0 MiB, 0 %
2026/08/30 01:03:02.243, 0 MiB, 0 %
2026/08/30 01:03:04.243, 0 MiB, 0 %
2026/08/30 01:03:06.244, 0 MiB, 0 %
2026/08/30 01:03:08.244, 0 MiB, 0 %
2026/08/30 01:03:10.244, 0 MiB, 0 %
2026/08/30 01:03:12.245, 0 MiB, 0 %
2026/08/30 01:03:14.245, 0 MiB, 0 %
2026/08/30 01:03:16.245, 0 MiB, 0 %
2026/08/30 01:03:18.245, 0 MiB, 0 %
2026/08/30 01:03:20.246, 0 MiB, 0 %
2026/08/30 01:03:22.247, 0 MiB, 0 %
2026/08/30 01:03:24.247, 0 MiB, 0 %
2026/08/30 01:03:26.247, 0 MiB, 0 %
2026/08/30 01:03:28.247, 0 MiB, 0 %
2026/08/30 01:03:30.248, 0 MiB, 0 %
2026/08/30 01:03:32.248, 0 MiB, 0 %
2026/08/30 01:03:34.248, 0 MiB, 0 %
2026/08/30 01:03:36.249, 0 MiB, 0 %
2026/08/30 01:03:38.249, 0 MiB, 0 %
2026/08/30 01:03:40.249, 0 MiB, 0 %
2026/08/30 01:03:42.250, 0 MiB, 0 %
2026/08/30 01:03:44.250, 0 MiB, 0 %
2026/08/30 01:03:46.250, 0 MiB, 0 %
2026/08/30 01:03:48.250, 0 MiB, 0 %
2026/08/30 01:03:50.251, 0 MiB, 0 %
2026/08/30 01:03:52.251, 0 MiB, 0 %
2026/08/30 01:03:54.251, 0 MiB, 0 %
2026/08/30 01:03:56.252, 0 MiB, 0 %
2026/08/30 01:03:58.252, 0 MiB, 0 %
2026/08/30 01:04:00.252, 0 MiB, 0 %
2026/08/30 01:04:02.253, 0 MiB, 0 %
2026/08/30 01:04:04.253, 0 MiB, 0 %
2026/08/30 01:04:06.253, 0 MiB, 0 %
2026/08/30 01:04:08.253, 0 MiB, 0 %
2026/08/30 01:04:10.254, 0 MiB, 0 %
2026/08/30 01:04:12.254, 0 MiB, 0 %
2026/08/30 01:04:14.254, 0 MiB, 0 %
2026/08/30 01:04:16.255, 0 MiB, 0 %
2026/08/30 01:04:18.255, 0 MiB, 0 %
2026/08/30 01:04:20.255, 0 MiB, 0 %
2026/08/30 01:04:22.255, 0 MiB, 0 %
2026/08/30 01:04:24.256, 0 MiB, 0 %
2026/08/30 01:04:26.256, 0 MiB, 0 %
2026/08/30 01:04:28.256, 0 MiB, 0 %
2026/08/30 01:04:30.257, 0 MiB, 0 %
2026/08/30 01:04:32.257, 0 MiB, 0 %
2026/08/30 01:04:34.257, 0 MiB, 0 %
2026/08/30 01:04:36.257, 0 MiB, 0 %
2026/08/30 01:04:38.258, 0 MiB, 0 %
2026/08/30 01:04:40.258, 0 MiB, 0 %
2026/08/30 01:04:42.258, 0 MiB, 0 %
2026/08/30 01:04:44.259, 0 MiB, 0 %
2026/08/30 01:04:46.259, 0 MiB, 0 %
2026/08/30 01:04:48.259, 0 MiB, 0 %
2026/08/30 01:04:50.259, 0 MiB, 0 %
2026/08/30 01:04:52.260, 0 MiB, 0 %
2026/08/30 01:04:54.260, 0 MiB, 0 %
2026/08/30 01:04:56.260, 0 MiB, 0 %
2026/08/30 01:04:58.261, 0 MiB, 0 %
2026/08/30 01:05:00.261, 0 MiB, 0 %
2026/08/30 01:05:02.261, 0 MiB, 0 %
2026/08/30 01:05:04.262, 0 MiB, 0 %
2026/08/30 01:05:06.262, 0 MiB, 0 %
2026/08/30 01:05:08.262, 0 MiB, 0 %
2026/08/30 01:05:10.262, 0 MiB, 0 %
2026/08/30 01:05:12.263, 0 MiB, 0 %
2026/08/30 01:05:14.263, 0 MiB, 0 %
2026/08/30 01:05:16.263, 0 MiB, 0 %
2026/08/30 01:05:18.264, 0 MiB, 0 %
2026/08/30 01:05:20.264, 0 MiB, 0 %
2026/08/30 01:05:22.264, 0 MiB, 0 %
2026/08/30 01:05:24.264, 0 MiB, 0 %
2026/08/30 01:05:26.264, 0 MiB, 0 %
2026/08/30 01:05:28.265, 0 MiB, 0 %
2026/08/30 01:05:30.265, 0 MiB, 0 %
2026/08/30 01:05:32.265, 0 MiB, 0 %
2026/08/30 01:05:34.266, 0 MiB, 0 %
2026/08/30 01:05:36.266, 0 MiB, 0 %
2026/08/30 01:05:38.266, 0 MiB, 0 %
2026/08/30 01:05:40.267, 0 MiB, 0 %
2026/08/30 01:05:42.267, 0 MiB, 0 %
2026/08/30 01:05:44.267, 0 MiB, 0 %
2026/08/30 01:05:46.267, 0 MiB, 0 %
2026/08/30 01:05:48.268, 0 MiB, 0 %
2026/08/30 01:05:50.268, 0 MiB, 0 %
2026/08/30 01:05:52.268, 0 MiB, 0 %
2026/08/30 01:05:54.269, 0 MiB, 0 %
2026/08/30 01:05:56.269, 0 MiB, 0 %
2026/08/30 01:05:58.269, 0 MiB, 0 %
2026/08/30 01:06:00.270, 0 MiB, 0 %
2026/08/30 01:06:02.270, 0 MiB, 0 %
2026/08/30 01:06:04.270, 0 MiB, 0 %
2026/08/30 01:06:06.271, 0 MiB, 0 %
2026/08/30 01:06:08.271, 0 MiB, 0 %
2026/08/30 01:06:10.271, 0 MiB, 0 %
2026/08/30 01:06:12.271, 0 MiB, 0 %
2026/08/30 01:06:14.272, 0 MiB, 0 %
2026/08/30 01:06:16.272, 0 MiB, 0 %
2026/08/30 01:06:18.272, 0 MiB, 0 %
2026/08/30 01:06:20.273, 0 MiB, 0 %
2026/08/30 01:06:22.273, 0 MiB, 0 %
2026/08/30 01:06:24.273, 0 MiB, 0 %
2026/08/30 01:06:26.274, 0 MiB, 0 %
2026/08/30 01:06:28.274, 0 MiB, 0 %
2026/08/30 01:06:30.274, 0 MiB, 0 %
2026/08/30 01:06:32.274, 0 MiB, 0 %
2026/08/30 01:06:34.275, 0 MiB, 0 %
2026/08/30 01:06:36.275, 0 MiB, 0 %
2026/08/30 01:06:38.275, 0 MiB, 0 %
2026/08/30 01:06:40.276, 0 MiB, 0 %
2026/08/30 01:06:42.276, 0 MiB, 0 %
2026/08/30 01:06:44.276, 0 MiB, 0 %
2026/08/30 01:06:46.276, 0 MiB, 0 %
2026/08/30 01:06:48.277, 0 MiB, 0 %
2026/08/30 01:06:50.277, 0 MiB, 0 %
2026/08/30 01:06:52.277, 0 MiB, 0 %
2026/08/30 01:06:54.278, 0 MiB, 0 %
2026/08/30 01:06:56.278, 0 MiB, 0 %
2026/08/30 01:06:58.278, 0 MiB, 0 %
2026/08/30 01:07:00.278, 0 MiB, 0 %
2026/08/30 01:07:02.279, 0 MiB, 0 %
2026/08/30 01:07:04.279, 0 MiB, 0 %
2026/08/30 01:07:06.279, 0 MiB, 0 %
2026/08/30 01:07:08.280, 0 MiB, 0 %
2026/08/30 01:07:10.280, 0 MiB, 0 %
2026/08/30 01:07:12.280, 0 MiB, 0 %
2026/08/30 01:07:14.280, 0 MiB, 0 %
2026/08/30 01:07:16.281, 0 MiB, 0 %
2026/08/30 01:07:18.281, 0 MiB, 0 %
2026/08/30 01:07:20.281, 0 MiB, 0 %
2026/08/30 01:07:22.282, 0 MiB, 0 %
2026/08/30 01:07:24.282, 0 MiB, 0 %
2026/08/30 01:07:26.282, 0 MiB, 0 %
2026/08/30 01:07:28.283, 0 MiB, 0 %
2026/08/30 01:07:30.283, 0 MiB, 0 %
2026/08/30 01:07:32.283, 0 MiB, 0 %
2026/08/30 01:07:34.284, 0 MiB, 0 %
2026/08/30 01:07:36.284, 0 MiB, 0 %
2026/08/30 01:07:38.284, 0 MiB, 0 %
2026/08/30 01:07:40.284, 0 MiB, 0 %
2026/08/30 01:07:42.285, 0 MiB, 0 %
2026/08/30 01:07:44.285, 0 MiB, 0 %
2026/08/30 01:07:46.285, 0 MiB, 0 %
2026/08/30 01:07:48.286, 0 MiB, 0 %
2026/08/30 01:07:50.286, 0 MiB, 0 %
2026/08/30 01:07:52.286, 0 MiB, 0 %
2026/08/30 01:07:54.287, 0 MiB, 0 %
2026/08/30 01:07:56.287, 0 MiB, 0 %
2026/08/30 01:07:58.287, 0 MiB, 0 %
2026/08/30 01:08:00.287, 0 MiB, 0 %
2026/08/30 01:08:02.288, 0 MiB, 0 %
2026/08/30 01:08:04.288, 0 MiB, 0 %
2026/08/30 01:08:06.288, 0 MiB, 0 %
2026/08/30 01:08:08.289, 0 MiB, 0 %
2026/08/30 01:08:10.289, 0 MiB, 0 %
2026/08/30 01:08:12.289, 0 MiB, 0 %
2026/08/30 01:08:14.290, 0 MiB, 0 %
2026/08/30 01:08:16.290, 0 MiB, 0 %
2026/08/30 01:08:18.290, 0 MiB, 0 %
2026/08/30 01:08:20.290, 0 MiB, 0 %
2026/08/30 01:08:22.290, 0 MiB, 0 %
2026/08/30 01:08:24.291, 0 MiB, 0 %
2026/08/30 01:08:26.291, 0 MiB, 0 %
2026/08/30 01:08:28.291, 0 MiB, 0 %
2026/08/30 01:08:30.292, 0 MiB, 0 %
2026/08/30 01:08:32.292, 0 MiB, 0 %
2026/08/30 01:08:34.292, 0 MiB, 0 %
2026/08/30 01:08:36.292, 0 MiB, 0 %
2026/08/30 01:08:38.293, 0 MiB, 0 %
2026/08/30 01:08:40.293, 0 MiB, 0 %
2026/08/30 01:08:42.293, 0 MiB, 0 %
2026/08/30 01:08:44.294, 0 MiB, 0 %
2026/08/30 01:08:46.294, 0 MiB, 0 %
2026/08/30 01:08:48.294, 0 MiB, 0 %
2026/08/30 01:08:50.295, 0 MiB, 0 %
2026/08/30 01:08:52.295, 0 MiB, 0 %
2026/08/30 01:08:54.295, 0 MiB, 0 %
2026/08/30 01:08:56.295, 0 MiB, 0 %
2026/08/30 01:08:58.296, 0 MiB, 0 %
2026/08/30 01:09:00.296, 0 MiB, 0 %
2026/08/30 01:09:02.296, 0 MiB, 0 %
2026/08/30 01:09:04.296, 0 MiB, 0 %
2026/08/30 01:09:06.296, 0 MiB, 0 %
2026/08/30 01:09:08.297, 0 MiB, 0 %
2026/08/30 01:09:10.297, 0 MiB, 0 %
2026/08/30 01:09:12.297, 0 MiB, 0 %
2026/08/30 01:09:14.297, 0 MiB, 0 %
2026/08/30 01:09:16.298, 0 MiB, 0 %
2026/08/30 01:09:18.298, 0 MiB, 0 %
2026/08/30 01:09:20.298, 0 MiB, 0 %
2026/08/30 01:09:22.298, 0 MiB, 0 %
2026/08/30 01:09:24.299, 0 MiB, 0 %
2026/08/30 01:09:26.299, 0 MiB, 0 %
2026/08/30 01:09:28.299, 0 MiB, 0 %
2026/08/30 01:09:30.300, 0 MiB, 0 %
2026/08/30 01:09:32.300, 0 MiB, 0 %
2026/08/30 01:09:34.300, 0 MiB, 0 %
2026/08/30 01:09:36.300, 0 MiB, 0 %
2026/08/30 01:09:38.301, 0 MiB, 0 %
2026/08/30 01:09:40.301, 0 MiB, 0 %
2026/08/30 01:09:42.301, 0 MiB, 0 %
2026/08/30 01:09:44.302, 0 MiB, 0 %
2026/08/30 01:09:46.302, 0 MiB, 0 %
2026/08/30 01:09:48.302, 0 MiB, 0 %
2026/08/30 01:09:50.303, 0 MiB, 0 %
2026/08/30 01:09:52.303, 0 MiB, 0 %
2026/08/30 01:09:54.303, 0 MiB, 0 %
2026/08/30 01:09:56.304, 0 MiB, 0 %
2026/08/30 01:09:58.304, 0 MiB, 0 %
2026/08/30 01:10:00.304, 0 MiB, 0 %
2026/08/30 01:10:02.304, 0 MiB, 0 %
2026/08/30 01:10:04.305, 0 MiB, 0 %
2026/08/30 01:10:06.305, 0 MiB, 0 %
2026/08/30 01:10:08.305, 0 MiB, 0 %
2026/08/30 01:10:10.306, 0 MiB, 0 %
2026/08/30 01:10:12.306, 0 MiB, 0 %
2026/08/30 01:10:14.306, 0 MiB, 0 %
2026/08/30 01:10:16.307, 0 MiB, 0 %
2026/08/30 01:10:18.307, 0 MiB, 0 %
2026/08/30 01:10:20.307, 0 MiB, 0 %
2026/08/30 01:10:22.307, 0 MiB, 0 %
2026/08/30 01:10:24.308, 0 MiB, 0 %
2026/08/30 01:10:26.308, 0 MiB, 0 %
2026/08/30 01:10:28.308, 0 MiB, 0 %
2026/08/30 01:10:30.309, 0 MiB, 0 %
2026/08/30 01:10:32.309, 0 MiB, 0 %
2026/08/30 01:10:34.309, 0 MiB, 0 %
2026/08/30 01:10:36.310, 0 MiB, 0 %
2026/08/30 01:10:38.310, 0 MiB, 0 %
2026/08/30 01:10:40.310, 0 MiB, 0 %
2026/08/30 01:10:42.311, 0 MiB, 0 %
2026/08/30 01:10:44.311, 0 MiB, 0 %
2026/08/30 01:10:46.311, 0 MiB, 0 %
2026/08/30 01:10:48.312, 0 MiB, 0 %
2026/08/30 01:10:50.312, 0 MiB, 0 %
2026/08/30 01:10:52.312, 0 MiB, 0 %
2026/08/30 01:10:54.313, 0 MiB, 0 %
2026/08/30 01:10:56.313, 0 MiB, 0 %
2026/08/30 01:10:58.313, 0 MiB, 0 %
2026/08/30 01:11:00.314, 0 MiB, 0 %
2026/08/30 01:11:02.314, 0 MiB, 0 %
2026/08/30 01:11:04.314, 0 MiB, 0 %
2026/08/30 01:11:06.314, 0 MiB, 0 %
2026/08/30 01:11:08.315, 0 MiB, 0 %
2026/08/30 01:11:10.315, 0 MiB, 0 %
2026/08/30 01:11:12.315, 0 MiB, 0 %
2026/08/30 01:11:14.316, 0 MiB, 0 %
2026/08/30 01:11:16.316, 0 MiB, 0 %
2026/08/30 01:11:18.316, 0 MiB, 0 %
2026/08/30 01:11:20.317, 0 MiB, 0 %
2026/08/30 01:11:22.317, 0 MiB, 0 %
2026/08/30 01:11:24.317, 0 MiB, 0 %
2026/08/30 01:11:26.317, 0 MiB, 0 %
2026/08/30 01:11:28.318, 0 MiB, 0 %
2026/08/30 01:11:30.318, 0 MiB, 0 %
2026/08/30 01:11:32.318, 0 MiB, 0 %
2026/08/30 01:11:34.319, 0 MiB, 0 %
2026/08/30 01:11:36.319, 0 MiB, 0 %
2026/08/30 01:11:38.319, 0 MiB, 0 %
2026/08/30 01:11:40.320, 0 MiB, 0 %
2026/08/30 01:11:42.320, 0 MiB, 0 %
2026/08/30 01:11:44.320, 0 MiB, 0 %
2026/08/30 01:11:46.320, 0 MiB, 0 %
2026/08/30 01:11:48.321, 0 MiB, 0 %
2026/08/30 01:11:50.321, 0 MiB, 0 %
2026/08/30 01:11:52.321, 0 MiB, 0 %
2026/08/30 01:11:54.322, 0 MiB, 0 %
2026/08/30 01:11:56.322, 0 MiB, 0 %
2026/08/30 01:11:58.322, 0 MiB, 0 %
2026/08/30 01:12:00.323, 0 MiB, 0 %
2026/08/30 01:12:02.323, 0 MiB, 0 %
2026/08/30 01:12:04.323, 0 MiB, 0 %
2026/08/30 01:12:06.323, 0 MiB, 0 %
2026/08/30 01:12:08.324, 0 MiB, 0 %
2026/08/30 01:12:10.324, 0 MiB, 0 %
2026/08/30 01:12:12.324, 0 MiB, 0 %
2026/08/30 01:12:14.324, 0 MiB, 0 %
2026/08/30 01:12:16.325, 0 MiB, 0 %
2026/08/30 01:12:18.325, 0 MiB, 0 %
2026/08/30 01:12:20.326, 0 MiB, 0 %
2026/08/30 01:12:22.326, 0 MiB, 0 %
2026/08/30 01:12:24.326, 0 MiB, 0 %
2026/08/30 01:12:26.326, 0 MiB, 0 %
2026/08/30 01:12:28.327, 0 MiB, 0 %
2026/08/30 01:12:30.327, 0 MiB, 0 %
2026/08/30 01:12:32.327, 0 MiB, 0 %
2026/08/30 01:12:34.328, 0 MiB, 0 %
2026/08/30 01:12:36.328, 0 MiB, 0 %
2026/08/30 01:12:38.328, 0 MiB, 0 %
2026/08/30 01:12:40.328, 0 MiB, 0 %
2026/08/30 01:12:42.329, 0 MiB, 0 %
2026/08/30 01:12:44.329, 0 MiB, 0 %
2026/08/30 01:12:46.329, 0 MiB, 0 %
2026/08/30 01:12:48.329, 0 MiB, 0 %
2026/08/30 01:12:50.330, 0 MiB, 0 %
2026/08/30 01:12:52.330, 0 MiB, 0 %
2026/08/30 01:12:54.330, 0 MiB, 0 %
2026/08/30 01:12:56.330, 0 MiB, 0 %
2026/08/30 01:12:58.331, 0 MiB, 0 %
2026/08/30 01:13:00.331, 0 MiB, 0 %
2026/08/30 01:13:02.331, 0 MiB, 0 %
2026/08/30 01:13:04.331, 0 MiB, 0 %
2026/08/30 01:13:06.332, 0 MiB, 0 %
2026/08/30 01:13:08.332, 0 MiB, 0 %
2026/08/30 01:13:10.332, 0 MiB, 0 %
2026/08/30 01:13:12.333, 0 MiB, 0 %
2026/08/30 01:13:14.333, 0 MiB, 0 %
2026/08/30 01:13:16.333, 0 MiB, 0 %
2026/08/30 01:13:18.333, 0 MiB, 0 %
2026/08/30 01:13:20.334, 0 MiB, 0 %
2026/08/30 01:13:22.334, 0 MiB, 0 %
2026/08/30 01:13:24.334, 0 MiB, 0 %
2026/08/30 01:13:26.334, 0 MiB, 0 %
2026/08/30 01:13:28.335, 0 MiB, 0 %
2026/08/30 01:13:30.335, 0 MiB, 0 %
2026/08/30 01:13:32.335, 0 MiB, 0 %
2026/08/30 01:13:34.335, 0 MiB, 0 %
2026/08/30 01:13:36.335, 0 MiB, 0 %
2026/08/30 01:13:38.336, 0 MiB, 0 %
2026/08/30 01:13:40.336, 0 MiB, 0 %
2026/08/30 01:13:42.336, 0 MiB, 0 %
2026/08/30 01:13:44.336, 0 MiB, 0 %
2026/08/30 01:13:46.337, 0 MiB, 0 %
2026/08/30 01:13:48.337, 0 MiB, 0 %
2026/08/30 01:13:50.337, 0 MiB, 0 %
2026/08/30 01:13:52.337, 0 MiB, 0 %
2026/08/30 01:13:54.337, 0 MiB, 0 %
2026/08/30 01:13:56.338, 0 MiB, 0 %
2026/08/30 01:13:58.338, 0 MiB, 0 %
2026/08/30 01:14:00.338, 0 MiB, 0 %
2026/08/30 01:14:02.338, 0 MiB, 0 %
2026/08/30 01:14:04.339, 0 MiB, 0 %
2026/08/30 01:14:06.339, 0 MiB, 0 %
2026/08/30 01:14:08.339, 0 MiB, 0 %
2026/08/30 01:14:10.339, 0 MiB, 0 %
2026/08/30 01:14:12.340, 0 MiB, 0 %
2026/08/30 01:14:14.340, 0 MiB, 0 %
2026/08/30 01:14:16.340, 0 MiB, 0 %
2026/08/30 01:14:18.341, 0 MiB, 0 %
2026/08/30 01:14:20.341, 0 MiB, 0 %
2026/08/30 01:14:22.341, 0 MiB, 0 %
2026/08/30 01:14:24.342, 0 MiB, 0 %
2026/08/30 01:14:26.342, 0 MiB, 0 %
2026/08/30 01:14:28.342, 0 MiB, 0 %
2026/08/30 01:14:30.343, 0 MiB, 0 %
2026/08/30 01:14:32.343, 0 MiB, 0 %
2026/08/30 01:14:34.343, 0 MiB, 0 %
2026/08/30 01:14:36.343, 0 MiB, 0 %
2026/08/30 01:14:38.344, 0 MiB, 0 %
2026/08/30 01:14:40.344, 0 MiB, 0 %
2026/08/30 01:14:42.344, 0 MiB, 0 %
2026/08/30 01:14:44.345, 0 MiB, 0 %
2026/08/30 01:14:46.345, 0 MiB, 0 %
2026/08/30 01:14:48.345, 0 MiB, 0 %
2026/08/30 01:14:50.346, 0 MiB, 0 %
2026/08/30 01:14:52.346, 0 MiB, 0 %
2026/08/30 01:14:54.346, 0 MiB, 0 %
2026/08/30 01:14:56.347, 0 MiB, 0 %
2026/08/30 01:14:58.347, 0 MiB, 0 %
2026/08/30 01:15:00.347, 0 MiB, 0 %
2026/08/30 01:15:02.348, 0 MiB, 0 %
2026/08/30 01:15:04.348, 0 MiB, 0 %
2026/08/30 01:15:06.348, 0 MiB, 0 %
2026/08/30 01:15:08.349, 0 MiB, 0 %
2026/08/30 01:15:10.349, 0 MiB, 0 %
2026/08/30 01:15:12.349, 0 MiB, 0 %
2026/08/30 01:15:14.350, 0 MiB, 0 %
2026/08/30 01:15:16.350, 0 MiB, 0 %
2026/08/30 01:15:18.350, 0 MiB, 0 %
2026/08/30 01:15:20.350, 0 MiB, 0 %
2026/08/30 01:15:22.351, 0 MiB, 0 %
2026/08/30 01:15:24.351, 0 MiB, 0 %
2026/08/30 01:15:26.351, 0 MiB, 0 %
2026/08/30 01:15:28.352, 0 MiB, 0 %
2026/08/30 01:15:30.352, 0 MiB, 0 %
2026/08/30 01:15:32.352, 0 MiB, 0 %
2026/08/30 01:15:34.353, 0 MiB, 0 %
2026/08/30 01:15:36.353, 0 MiB, 0 %
2026/08/30 01:15:38.353, 0 MiB, 0 %
2026/08/30 01:15:40.353, 0 MiB, 0 %
2026/08/30 01:15:42.354, 0 MiB, 0 %
2026/08/30 01:15:44.354, 0 MiB, 0 %
2026/08/30 01:15:46.354, 0 MiB, 0 %
2026/08/30 01:15:48.355, 0 MiB, 0 %
2026/08/30 01:15:50.355, 0 MiB, 0 %
2026/08/30 01:15:52.355, 0 MiB, 0 %
2026/08/30 01:15:54.356, 0 MiB, 0 %
2026/08/30 01:15:56.356, 0 MiB, 0 %
2026/08/30 01:15:58.356, 0 MiB, 0 %
2026/08/30 01:16:00.356, 0 MiB, 0 %
2026/08/30 01:16:02.357, 0 MiB, 0 %
2026/08/30 01:16:04.357, 0 MiB, 0 %
2026/08/30 01:16:06.357, 0 MiB, 0 %
2026/08/30 01:16:08.358, 0 MiB, 0 %
2026/08/30 01:16:10.358, 0 MiB, 0 %
2026/08/30 01:16:12.358, 0 MiB, 0 %
2026/08/30 01:16:14.358, 0 MiB, 0 %
2026/08/30 01:16:16.359, 0 MiB, 0 %
2026/08/30 01:16:18.359, 0 MiB, 0 %
2026/08/30 01:16:20.359, 0 MiB, 0 %
2026/08/30 01:16:22.360, 0 MiB, 0 %
2026/08/30 01:16:24.360, 0 MiB, 0 %
2026/08/30 01:16:26.360, 0 MiB, 0 %
2026/08/30 01:16:28.360, 0 MiB, 0 %
2026/08/30 01:16:30.361, 0 MiB, 0 %
2026/08/30 01:16:32.361, 0 MiB, 0 %
2026/08/30 01:16:34.361, 0 MiB, 0 %
2026/08/30 01:16:36.362, 0 MiB, 0 %
2026/08/30 01:16:38.362, 0 MiB, 0 %
2026/08/30 01:16:40.362, 0 MiB, 0 %
2026/08/30 01:16:42.362, 0 MiB, 0 %
2026/08/30 01:16:44.363, 0 MiB, 0 %
2026/08/30 01:16:46.363, 0 MiB, 0 %
2026/08/30 01:16:48.363, 0 MiB, 0 %
2026/08/30 01:16:50.363, 0 MiB, 0 %
2026/08/30 01:16:52.364, 0 MiB, 0 %
2026/08/30 01:16:54.364, 0 MiB, 0 %
2026/08/30 01:16:56.364, 0 MiB, 0 %
2026/08/30 01:16:58.364, 0 MiB, 0 %
2026/08/30 01:17:00.365, 0 MiB, 0 %
2026/08/30 01:17:02.365, 0 MiB, 0 %
2026/08/30 01:17:04.365, 0 MiB, 0 %
2026/08/30 01:17:06.366, 0 MiB, 0 %
2026/08/30 01:17:08.366, 0 MiB, 0 %
2026/08/30 01:17:10.366, 0 MiB, 0 %
2026/08/30 01:17:12.366, 0 MiB, 0 %
2026/08/30 01:17:14.367, 0 MiB, 0 %
2026/08/30 01:17:16.367, 0 MiB, 0 %
2026/08/30 01:17:18.367, 0 MiB, 0 %
2026/08/30 01:17:20.368, 0 MiB, 0 %
2026/08/30 01:17:22.368, 0 MiB, 0 %
2026/08/30 01:17:24.368, 0 MiB, 0 %
2026/08/30 01:17:26.368, 0 MiB, 0 %
2026/08/30 01:17:28.369, 0 MiB, 0 %
2026/08/30 01:17:30.369, 0 MiB, 0 %
2026/08/30 01:17:32.369, 0 MiB, 0 %
2026/08/30 01:17:34.370, 0 MiB, 0 %
2026/08/30 01:17:36.370, 0 MiB, 0 %
2026/08/30 01:17:38.370, 0 MiB, 0 %
2026/08/30 01:17:40.371, 0 MiB, 0 %
2026/08/30 01:17:42.371, 0 MiB, 0 %
2026/08/30 01:17:44.371, 0 MiB, 0 %
2026/08/30 01:17:46.371, 0 MiB, 0 %
2026/08/30 01:17:48.372, 0 MiB, 0 %
2026/08/30 01:17:50.372, 0 MiB, 0 %
2026/08/30 01:17:52.372, 0 MiB, 0 %
2026/08/30 01:17:54.372, 0 MiB, 0 %
2026/08/30 01:17:56.373, 0 MiB, 0 %
2026/08/30 01:17:58.373, 0 MiB, 0 %
2026/08/30 01:18:00.373, 0 MiB, 0 %
2026/08/30 01:18:02.374, 0 MiB, 0 %
2026/08/30 01:18:04.374, 0 MiB, 0 %
2026/08/30 01:18:06.374, 0 MiB, 0 %
2026/08/30 01:18:08.375, 0 MiB, 0 %
2026/08/30 01:18:10.375, 0 MiB, 0 %
2026/08/30 01:18:12.375, 0 MiB, 0 %
2026/08/30 01:18:14.375, 0 MiB, 0 %
2026/08/30 01:18:16.376, 0 MiB, 0 %
2026/08/30 01:18:18.376, 0 MiB, 0 %
2026/08/30 01:18:20.376, 0 MiB, 0 %
2026/08/30 01:18:22.377, 0 MiB, 0 %
2026/08/30 01:18:24.377, 0 MiB, 0 %
2026/08/30 01:18:26.377, 0 MiB, 0 %
2026/08/30 01:18:28.377, 0 MiB, 0 %
2026/08/30 01:18:30.378, 0 MiB, 0 %
2026/08/30 01:18:32.378, 0 MiB, 0 %
2026/08/30 01:18:34.378, 0 MiB, 0 %
2026/08/30 01:18:36.379, 0 MiB, 0 %
2026/08/30 01:18:38.379, 0 MiB, 0 %
2026/08/30 01:18:40.379, 0 MiB, 0 %
2026/08/30 01:18:42.380, 0 MiB, 0 %
2026/08/30 01:18:44.380, 0 MiB, 0 %
2026/08/30 01:18:46.380, 0 MiB, 0 %
2026/08/30 01:18:48.381, 0 MiB, 0 %
2026/08/30 01:18:50.381, 0 MiB, 0 %
2026/08/30 01:18:52.381, 0 MiB, 0 %
2026/08/30 01:18:54.381, 0 MiB, 0 %
2026/08/30 01:18:56.382, 0 MiB, 0 %
2026/08/30 01:18:58.382, 0 MiB, 0 %
2026/08/30 01:19:00.382, 0 MiB, 0 %
2026/08/30 01:19:02.383, 0 MiB, 0 %
2026/08/30 01:19:04.383, 0 MiB, 0 %
2026/08/30 01:19:06.383, 0 MiB, 0 %
2026/08/30 01:19:08.383, 0 MiB, 0 %
2026/08/30 01:19:10.384, 0 MiB, 0 %
2026/08/30 01:19:12.384, 0 MiB, 0 %
2026/08/30 01:19:14.384, 0 MiB, 0 %
2026/08/30 01:19:16.385, 0 MiB, 0 %
2026/08/30 01:19:18.385, 0 MiB, 0 %
2026/08/30 01:19:20.385, 0 MiB, 0 %
2026/08/30 01:19:22.385, 0 MiB, 0 %
2026/08/30 01:19:24.386, 0 MiB, 0 %
2026/08/30 01:19:26.386, 0 MiB, 0 %
2026/08/30 01:19:28.387, 0 MiB, 0 %
2026/08/30 01:19:30.387, 0 MiB, 0 %
2026/08/30 01:19:32.387, 0 MiB, 0 %
2026/08/30 01:19:34.388, 0 MiB, 0 %
2026/08/30 01:19:36.388, 0 MiB, 0 %
2026/08/30 01:19:38.388, 0 MiB, 0 %
2026/08/30 01:19:40.389, 0 MiB, 0 %
2026/08/30 01:19:42.389, 0 MiB, 0 %
2026/08/30 01:19:44.389, 0 MiB, 0 %
2026/08/30 01:19:46.389, 0 MiB, 0 %
2026/08/30 01:19:48.390, 0 MiB, 0 %
2026/08/30 01:19:50.390, 0 MiB, 0 %
2026/08/30 01:19:52.390, 0 MiB, 0 %
2026/08/30 01:19:54.391, 0 MiB, 0 %
2026/08/30 01:19:56.391, 0 MiB, 0 %
2026/08/30 01:19:58.391, 0 MiB, 0 %
2026/08/30 01:20:00.391, 0 MiB, 0 %
2026/08/30 01:20:02.392, 0 MiB, 0 %
2026/08/30 01:20:04.392, 0 MiB, 0 %
2026/08/30 01:20:06.392, 0 MiB, 0 %
2026/08/30 01:20:08.393, 0 MiB, 0 %
2026/08/30 01:20:10.393, 0 MiB, 0 %
2026/08/30 01:20:12.393, 0 MiB, 0 %
2026/08/30 01:20:14.393, 0 MiB, 0 %
2026/08/30 01:20:16.394, 0 MiB, 0 %
2026/08/30 01:20:18.394, 0 MiB, 0 %
2026/08/30 01:20:20.394, 0 MiB, 0 %
2026/08/30 01:20:22.395, 0 MiB, 0 %
2026/08/30 01:20:24.395, 0 MiB, 0 %
2026/08/30 01:20:26.395, 0 MiB, 0 %
2026/08/30 01:20:28.396, 0 MiB, 0 %
2026/08/30 01:20:30.396, 0 MiB, 0 %
2026/08/30 01:20:32.396, 0 MiB, 0 %
2026/08/30 01:20:34.396, 0 MiB, 0 %
2026/08/30 01:20:36.397, 0 MiB, 0 %
2026/08/30 01:20:38.397, 0 MiB, 0 %
2026/08/30 01:20:40.397, 0 MiB, 0 %
2026/08/30 01:20:42.397, 0 MiB, 0 %
2026/08/30 01:20:44.398, 0 MiB, 0 %
2026/08/30 01:20:46.398, 0 MiB, 0 %
2026/08/30 01:20:48.398, 0 MiB, 0 %
2026/08/30 01:20:50.399, 0 MiB, 0 %
2026/08/30 01:20:52.399, 0 MiB, 0 %
2026/08/30 01:20:54.399, 0 MiB, 0 %
2026/08/30 01:20:56.400, 0 MiB, 0 %
2026/08/30 01:20:58.400, 0 MiB, 0 %
2026/08/30 01:21:00.400, 0 MiB, 0 %
2026/08/30 01:21:02.401, 0 MiB, 0 %
2026/08/30 01:21:04.401, 0 MiB, 0 %
2026/08/30 01:21:06.401, 0 MiB, 0 %
2026/08/30 01:21:08.401, 0 MiB, 0 %
2026/08/30 01:21:10.402, 0 MiB, 0 %
2026/08/30 01:21:12.402, 0 MiB, 0 %
2026/08/30 01:21:14.402, 0 MiB, 0 %
2026/08/30 01:21:16.403, 0 MiB, 0 %
2026/08/30 01:21:18.403, 0 MiB, 0 %
2026/08/30 01:21:20.403, 0 MiB, 0 %
2026/08/30 01:21:22.403, 0 MiB, 0 %
2026/08/30 01:21:24.404, 0 MiB, 0 %
2026/08/30 01:21:26.404, 0 MiB, 0 %
2026/08/30 01:21:28.404, 0 MiB, 0 %
2026/08/30 01:21:30.404, 0 MiB, 0 %
2026/08/30 01:21:32.405, 0 MiB, 0 %
2026/08/30 01:21:34.405, 0 MiB, 0 %
2026/08/30 01:21:36.405, 0 MiB, 0 %
2026/08/30 01:21:38.405, 0 MiB, 0 %
2026/08/30 01:21:40.406, 0 MiB, 0 %
2026/08/30 01:21:42.406, 0 MiB, 0 %
2026/08/30 01:21:44.406, 0 MiB, 0 %
2026/08/30 01:21:46.406, 0 MiB, 0 %
2026/08/30 01:21:48.407, 0 MiB, 0 %
2026/08/30 01:21:50.407, 0 MiB, 0 %
2026/08/30 01:21:52.407, 0 MiB, 0 %
2026/08/30 01:21:54.408, 0 MiB, 0 %
2026/08/30 01:21:56.408, 0 MiB, 0 %
2026/08/30 01:21:58.408, 0 MiB, 0 %
2026/08/30 01:22:00.408, 0 MiB, 0 %
2026/08/30 01:22:02.408, 0 MiB, 0 %
2026/08/30 01:22:04.409, 0 MiB, 0 %
2026/08/30 01:22:06.409, 0 MiB, 0 %
2026/08/30 01:22:08.409, 0 MiB, 0 %
2026/08/30 01:22:10.410, 0 MiB, 0 %
2026/08/30 01:22:12.410, 0 MiB, 0 %
2026/08/30 01:22:14.410, 0 MiB, 0 %
2026/08/30 01:22:16.411, 0 MiB, 0 %
2026/08/30 01:22:18.411, 0 MiB, 0 %
2026/08/30 01:22:20.411, 0 MiB, 0 %
2026/08/30 01:22:22.411, 0 MiB, 0 %
2026/08/30 01:22:24.411, 0 MiB, 0 %
2026/08/30 01:22:26.412, 0 MiB, 0 %
2026/08/30 01:22:28.412, 0 MiB, 0 %
2026/08/30 01:22:30.412, 0 MiB, 0 %
2026/08/30 01:22:32.413, 0 MiB, 0 %
2026/08/30 01:22:34.413, 0 MiB, 0 %
2026/08/30 01:22:36.413, 0 MiB, 0 %
2026/08/30 01:22:38.414, 0 MiB, 0 %
2026/08/30 01:22:40.414, 0 MiB, 0 %
2026/08/30 01:22:42.414, 0 MiB, 0 %
2026/08/30 01:22:44.415, 0 MiB, 0 %
2026/08/30 01:22:46.415, 0 MiB, 0 %
2026/08/30 01:22:48.415, 0 MiB, 0 %
2026/08/30 01:22:50.415, 0 MiB, 0 %
2026/08/30 01:22:52.416, 0 MiB, 0 %
2026/08/30 01:22:54.416, 0 MiB, 0 %
2026/08/30 01:22:56.416, 0 MiB, 0 %
2026/08/30 01:22:58.417, 0 MiB, 0 %
2026/08/30 01:23:00.417, 0 MiB, 0 %
2026/08/30 01:23:02.417, 0 MiB, 0 %
2026/08/30 01:23:04.417, 0 MiB, 0 %
2026/08/30 01:23:06.418, 0 MiB, 0 %
2026/08/30 01:23:08.418, 0 MiB, 0 %
2026/08/30 01:23:10.418, 0 MiB, 0 %
2026/08/30 01:23:12.419, 0 MiB, 0 %
2026/08/30 01:23:14.419, 0 MiB, 0 %
2026/08/30 01:23:16.419, 0 MiB, 0 %
2026/08/30 01:23:18.419, 0 MiB, 0 %
2026/08/30 01:23:20.420, 0 MiB, 0 %
2026/08/30 01:23:22.420, 0 MiB, 0 %
2026/08/30 01:23:24.420, 0 MiB, 0 %
2026/08/30 01:23:26.421, 0 MiB, 0 %
2026/08/30 01:23:28.421, 0 MiB, 0 %
2026/08/30 01:23:30.421, 0 MiB, 0 %
2026/08/30 01:23:32.422, 0 MiB, 0 %
2026/08/30 01:23:34.422, 0 MiB, 0 %
2026/08/30 01:23:36.422, 0 MiB, 0 %
2026/08/30 01:23:38.423, 0 MiB, 0 %
2026/08/30 01:23:40.423, 0 MiB, 0 %
2026/08/30 01:23:42.423, 0 MiB, 0 %
2026/08/30 01:23:44.424, 0 MiB, 0 %
2026/08/30 01:23:46.424, 0 MiB, 0 %
2026/08/30 01:23:48.424, 0 MiB, 0 %
2026/08/30 01:23:50.424, 0 MiB, 0 %
2026/08/30 01:23:52.425, 0 MiB, 0 %
2026/08/30 01:23:54.425, 0 MiB, 0 %
2026/08/30 01:23:56.425, 0 MiB, 0 %
2026/08/30 01:23:58.426, 0 MiB, 0 %
2026/08/30 01:24:00.426, 0 MiB, 0 %
2026/08/30 01:24:02.426, 0 MiB, 0 %
2026/08/30 01:24:04.427, 0 MiB, 0 %
2026/08/30 01:24:06.427, 0 MiB, 0 %
2026/08/30 01:24:08.427, 0 MiB, 0 %
2026/08/30 01:24:10.427, 0 MiB, 0 %
2026/08/30 01:24:12.428, 0 MiB, 0 %
2026/08/30 01:24:14.428, 0 MiB, 0 %
2026/08/30 01:24:16.428, 0 MiB, 0 %
2026/08/30 01:24:18.429, 0 MiB, 0 %
2026/08/30 01:24:20.429, 0 MiB, 0 %
2026/08/30 01:24:22.429, 0 MiB, 0 %
2026/08/30 01:24:24.430, 0 MiB, 0 %
2026/08/30 01:24:26.430, 0 MiB, 0 %
2026/08/30 01:24:28.430, 0 MiB, 0 %
2026/08/30 01:24:30.430, 0 MiB, 0 %
2026/08/30 01:24:32.431, 0 MiB, 0 %
2026/08/30 01:24:34.431, 0 MiB, 0 %
2026/08/30 01:24:36.431, 0 MiB, 0 %
2026/08/30 01:24:38.432, 0 MiB, 0 %
2026/08/30 01:24:40.432, 0 MiB, 0 %
2026/08/30 01:24:42.432, 0 MiB, 0 %
2026/08/30 01:24:44.433, 0 MiB, 0 %
2026/08/30 01:24:46.433, 0 MiB, 0 %
2026/08/30 01:24:48.433, 0 MiB, 0 %
2026/08/30 01:24:50.433, 0 MiB, 0 %
2026/08/30 01:24:52.434, 0 MiB, 0 %
2026/08/30 01:24:54.434, 0 MiB, 0 %
2026/08/30 01:24:56.434, 0 MiB, 0 %
2026/08/30 01:24:58.435, 0 MiB, 0 %
2026/08/30 01:25:00.435, 0 MiB, 0 %
2026/08/30 01:25:02.435, 0 MiB, 0 %
2026/08/30 01:25:04.435, 0 MiB, 0 %
2026/08/30 01:25:06.436, 0 MiB, 0 %
2026/08/30 01:25:08.436, 0 MiB, 0 %
2026/08/30 01:25:10.436, 0 MiB, 0 %
2026/08/30 01:25:12.437, 0 MiB, 0 %
2026/08/30 01:25:14.437, 0 MiB, 0 %
2026/08/30 01:25:16.437, 0 MiB, 0 %
2026/08/30 01:25:18.438, 0 MiB, 0 %
2026/08/30 01:25:20.438, 0 MiB, 0 %
2026/08/30 01:25:22.438, 0 MiB, 0 %
2026/08/30 01:25:24.438, 0 MiB, 0 %
2026/08/30 01:25:26.438, 0 MiB, 0 %
2026/08/30 01:25:28.439, 0 MiB, 0 %
2026/08/30 01:25:30.439, 0 MiB, 0 %
2026/08/30 01:25:32.439, 0 MiB, 0 %
2026/08/30 01:25:34.440, 0 MiB, 0 %
2026/08/30 01:25:36.440, 0 MiB, 0 %
2026/08/30 01:25:38.440, 0 MiB, 0 %
2026/08/30 01:25:40.440, 0 MiB, 0 %
2026/08/30 01:25:42.441, 0 MiB, 0 %
2026/08/30 01:25:44.441, 0 MiB, 0 %
2026/08/30 01:25:46.441, 0 MiB, 0 %
2026/08/30 01:25:48.442, 0 MiB, 0 %
2026/08/30 01:25:50.442, 0 MiB, 0 %
2026/08/30 01:25:52.442, 0 MiB, 0 %
2026/08/30 01:25:54.442, 0 MiB, 0 %
2026/08/30 01:25:56.443, 0 MiB, 0 %
2026/08/30 01:25:58.443, 0 MiB, 0 %
2026/08/30 01:26:00.443, 0 MiB, 0 %
2026/08/30 01:26:02.443, 0 MiB, 0 %
2026/08/30 01:26:04.444, 0 MiB, 0 %
2026/08/30 01:26:06.444, 0 MiB, 0 %
2026/08/30 01:26:08.444, 0 MiB, 0 %
2026/08/30 01:26:10.444, 0 MiB, 0 %
2026/08/30 01:26:12.445, 0 MiB, 0 %
2026/08/30 01:26:14.445, 0 MiB, 0 %
2026/08/30 01:26:16.445, 0 MiB, 0 %
2026/08/30 01:26:18.446, 0 MiB, 0 %
2026/08/30 01:26:20.446, 0 MiB, 0 %
2026/08/30 01:26:22.446, 0 MiB, 0 %
2026/08/30 01:26:24.447, 0 MiB, 0 %
2026/08/30 01:26:26.447, 0 MiB, 0 %
2026/08/30 01:26:28.447, 0 MiB, 0 %
2026/08/30 01:26:30.448, 0 MiB, 0 %
2026/08/30 01:26:32.448, 0 MiB, 0 %
2026/08/30 01:26:34.448, 0 MiB, 0 %
2026/08/30 01:26:36.449, 0 MiB, 0 %
2026/08/30 01:26:38.449, 0 MiB, 0 %
2026/08/30 01:26:40.449, 0 MiB, 0 %
2026/08/30 01:26:42.450, 0 MiB, 0 %
2026/08/30 01:26:44.450, 0 MiB, 0 %
2026/08/30 01:26:46.450, 0 MiB, 0 %
2026/08/30 01:26:48.451, 0 MiB, 0 %
2026/08/30 01:26:50.451, 0 MiB, 0 %
2026/08/30 01:26:52.451, 0 MiB, 0 %
2026/08/30 01:26:54.451, 0 MiB, 0 %
2026/08/30 01:26:56.452, 0 MiB, 0 %
2026/08/30 01:26:58.452, 0 MiB, 0 %
2026/08/30 01:27:00.452, 0 MiB, 0 %
2026/08/30 01:27:02.453, 0 MiB, 0 %
2026/08/30 01:27:04.453, 0 MiB, 0 %
2026/08/30 01:27:06.453, 0 MiB, 0 %
2026/08/30 01:27:08.453, 0 MiB, 0 %
2026/08/30 01:27:10.454, 0 MiB, 0 %
2026/08/30 01:27:12.454, 0 MiB, 0 %
2026/08/30 01:27:14.454, 0 MiB, 0 %
2026/08/30 01:27:16.455, 0 MiB, 0 %
2026/08/30 01:27:18.455, 0 MiB, 0 %
2026/08/30 01:27:20.455, 0 MiB, 0 %
2026/08/30 01:27:22.456, 0 MiB, 0 %
2026/08/30 01:27:24.456, 0 MiB, 0 %
2026/08/30 01:27:26.456, 0 MiB, 0 %
2026/08/30 01:27:28.456, 0 MiB, 0 %
2026/08/30 01:27:30.456, 0 MiB, 0 %
2026/08/30 01:27:32.457, 0 MiB, 0 %
2026/08/30 01:27:34.457, 0 MiB, 0 %
2026/08/30 01:27:36.457, 0 MiB, 0 %
2026/08/30 01:27:38.458, 0 MiB, 0 %
2026/08/30 01:27:40.458, 0 MiB, 0 %
2026/08/30 01:27:42.458, 0 MiB, 0 %
2026/08/30 01:27:44.459, 0 MiB, 0 %
2026/08/30 01:27:46.459, 0 MiB, 0 %
2026/08/30 01:27:48.459, 0 MiB, 0 %
2026/08/30 01:27:50.459, 0 MiB, 0 %
2026/08/30 01:27:52.460, 0 MiB, 0 %
2026/08/30 01:27:54.460, 0 MiB, 0 %
2026/08/30 01:27:56.460, 0 MiB, 0 %
2026/08/30 01:27:58.460, 0 MiB, 0 %
2026/08/30 01:28:00.461, 0 MiB, 0 %
2026/08/30 01:28:02.461, 0 MiB, 0 %
2026/08/30 01:28:04.461, 0 MiB, 0 %
2026/08/30 01:28:06.461, 0 MiB, 0 %
2026/08/30 01:28:08.462, 0 MiB, 0 %
2026/08/30 01:28:10.462, 0 MiB, 0 %
2026/08/30 01:28:12.462, 0 MiB, 0 %
2026/08/30 01:28:14.462, 0 MiB, 0 %
2026/08/30 01:28:16.463, 0 MiB, 0 %
2026/08/30 01:28:18.463, 0 MiB, 0 %
2026/08/30 01:28:20.463, 0 MiB, 0 %
2026/08/30 01:28:22.464, 0 MiB, 0 %
2026/08/30 01:28:24.464, 0 MiB, 0 %
2026/08/30 01:28:26.464, 0 MiB, 0 %
2026/08/30 01:28:28.464, 0 MiB, 0 %
2026/08/30 01:28:30.465, 0 MiB, 0 %
2026/08/30 01:28:32.465, 0 MiB, 0 %
2026/08/30 01:28:34.465, 0 MiB, 0 %
2026/08/30 01:28:36.465, 0 MiB, 0 %
2026/08/30 01:28:38.466, 0 MiB, 0 %
2026/08/30 01:28:40.466, 0 MiB, 0 %
2026/08/30 01:28:42.466, 0 MiB, 0 %
2026/08/30 01:28:44.466, 0 MiB, 0 %
2026/08/30 01:28:46.467, 0 MiB, 0 %
2026/08/30 01:28:48.467, 0 MiB, 0 %
2026/08/30 01:28:50.467, 0 MiB, 0 %
2026/08/30 01:28:52.467, 0 MiB, 0 %
2026/08/30 01:28:54.468, 0 MiB, 0 %
2026/08/30 01:28:56.468, 0 MiB, 0 %
2026/08/30 01:28:58.468, 0 MiB, 0 %
2026/08/30 01:29:00.468, 0 MiB, 0 %
2026/08/30 01:29:02.468, 0 MiB, 0 %
2026/08/30 01:29:04.469, 0 MiB, 0 %
2026/08/30 01:29:06.469, 0 MiB, 0 %
2026/08/30 01:29:08.469, 0 MiB, 0 %
2026/08/30 01:29:10.469, 0 MiB, 0 %
2026/08/30 01:29:12.470, 0 MiB, 0 %
2026/08/30 01:29:14.470, 0 MiB, 0 %
2026/08/30 01:29:16.470, 0 MiB, 0 %
2026/08/30 01:29:18.470, 0 MiB, 0 %
2026/08/30 01:29:20.471, 0 MiB, 0 %
2026/08/30 01:29:22.471, 0 MiB, 0 %
2026/08/30 01:29:24.471, 0 MiB, 0 %
2026/08/30 01:29:26.471, 0 MiB, 0 %
2026/08/30 01:29:28.472, 0 MiB, 0 %
2026/08/30 01:29:30.472, 0 MiB, 0 %
2026/08/30 01:29:32.472, 0 MiB, 0 %
2026/08/30 01:29:34.472, 0 MiB, 0 %
2026/08/30 01:29:36.473, 0 MiB, 0 %
2026/08/30 01:29:38.473, 0 MiB, 0 %
2026/08/30 01:29:40.473, 0 MiB, 0 %
2026/08/30 01:29:42.474, 0 MiB, 0 %
2026/08/30 01:29:44.474, 0 MiB, 0 %
2026/08/30 01:29:46.474, 0 MiB, 0 %
2026/08/30 01:29:48.474, 0 MiB, 0 %
2026/08/30 01:29:50.475, 0 MiB, 0 %
2026/08/30 01:29:52.475, 0 MiB, 0 %
2026/08/30 01:29:54.475, 0 MiB, 0 %
2026/08/30 01:29:56.476, 0 MiB, 0 %
2026/08/30 01:29:58.476, 0 MiB, 0 %
2026/08/30 01:30:00.476, 0 MiB, 0 %
2026/08/30 01:30:02.476, 0 MiB, 0 %
2026/08/30 01:30:04.477, 0 MiB, 0 %
2026/08/30 01:30:06.477, 0 MiB, 0 %
2026/08/30 01:30:08.477, 0 MiB, 0 %
2026/08/30 01:30:10.477, 0 MiB, 0 %
2026/08/30 01:30:12.478, 0 MiB, 0 %
2026/08/30 01:30:14.478, 0 MiB, 0 %
2026/08/30 01:30:16.478, 0 MiB, 0 %
2026/08/30 01:30:18.479, 0 MiB, 0 %
2026/08/30 01:30:20.479, 0 MiB, 0 %
2026/08/30 01:30:22.479, 0 MiB, 0 %
2026/08/30 01:30:24.479, 0 MiB, 0 %
2026/08/30 01:30:26.480, 0 MiB, 0 %
2026/08/30 01:30:28.480, 0 MiB, 0 %
2026/08/30 01:30:30.480, 0 MiB, 0 %
2026/08/30 01:30:32.481, 0 MiB, 0 %
2026/08/30 01:30:34.481, 0 MiB, 0 %
2026/08/30 01:30:36.481, 0 MiB, 0 %
2026/08/30 01:30:38.481, 0 MiB, 0 %
2026/08/30 01:30:40.482, 0 MiB, 0 %
2026/08/30 01:30:42.482, 0 MiB, 0 %
2026/08/30 01:30:44.482, 0 MiB, 0 %
2026/08/30 01:30:46.483, 0 MiB, 0 %
2026/08/30 01:30:48.483, 0 MiB, 0 %
2026/08/30 01:30:50.483, 0 MiB, 0 %
2026/08/30 01:30:52.484, 0 MiB, 0 %
2026/08/30 01:30:54.484, 0 MiB, 0 %
2026/08/30 01:30:56.484, 0 MiB, 0 %
2026/08/30 01:30:58.484, 0 MiB, 0 %
2026/08/30 01:31:00.485, 0 MiB, 0 %
2026/08/30 01:31:02.485, 0 MiB, 0 %
2026/08/30 01:31:04.485, 0 MiB, 0 %
2026/08/30 01:31:06.486, 0 MiB, 0 %
2026/08/30 01:31:08.486, 0 MiB, 0 %
2026/08/30 01:31:10.486, 0 MiB, 0 %
2026/08/30 01:31:12.486, 0 MiB, 0 %
2026/08/30 01:31:14.487, 0 MiB, 0 %
2026/08/30 01:31:16.487, 0 MiB, 0 %
2026/08/30 01:31:18.487, 0 MiB, 0 %
2026/08/30 01:31:20.489, 0 MiB, 0 %
2026/08/30 01:31:22.489, 0 MiB, 0 %
2026/08/30 01:31:24.490, 0 MiB, 0 %
2026/08/30 01:31:26.490, 0 MiB, 0 %
2026/08/30 01:31:28.490, 0 MiB, 0 %
2026/08/30 01:31:30.491, 0 MiB, 0 %
2026/08/30 01:31:32.491, 0 MiB, 0 %
2026/08/30 01:31:34.491, 0 MiB, 0 %
2026/08/30 01:31:36.492, 0 MiB, 0 %
2026/08/30 01:31:38.492, 0 MiB, 0 %
2026/08/30 01:31:40.492, 0 MiB, 0 %
2026/08/30 01:31:42.492, 0 MiB, 0 %
2026/08/30 01:31:44.493, 0 MiB, 0 %
2026/08/30 01:31:46.493, 0 MiB, 0 %
2026/08/30 01:31:48.493, 0 MiB, 0 %
2026/08/30 01:31:50.494, 0 MiB, 0 %
2026/08/30 01:31:52.494, 0 MiB, 0 %
2026/08/30 01:31:54.494, 0 MiB, 0 %
2026/08/30 01:31:56.495, 0 MiB, 0 %
2026/08/30 01:31:58.495, 0 MiB, 0 %
2026/08/30 01:32:00.495, 0 MiB, 0 %
2026/08/30 01:32:02.496, 0 MiB, 0 %
2026/08/30 01:32:04.496, 0 MiB, 0 %
2026/08/30 01:32:06.496, 0 MiB, 0 %
2026/08/30 01:32:08.497, 0 MiB, 0 %
2026/08/30 01:32:10.497, 0 MiB, 0 %
2026/08/30 01:32:12.497, 0 MiB, 0 %
2026/08/30 01:32:14.497, 0 MiB, 0 %
2026/08/30 01:32:16.498, 0 MiB, 0 %
2026/08/30 01:32:18.498, 0 MiB, 0 %
2026/08/30 01:32:20.498, 0 MiB, 0 %
2026/08/30 01:32:22.499, 0 MiB, 0 %
2026/08/30 01:32:24.499, 0 MiB, 0 %
2026/08/30 01:32:26.499, 0 MiB, 0 %
2026/08/30 01:32:28.500, 0 MiB, 0 %
2026/08/30 01:32:30.500, 0 MiB, 0 %
2026/08/30 01:32:32.500, 0 MiB, 0 %
2026/08/30 01:32:34.500, 0 MiB, 0 %
2026/08/30 01:32:36.501, 0 MiB, 0 %
2026/08/30 01:32:38.501, 0 MiB, 0 %
2026/08/30 01:32:40.501, 0 MiB, 0 %
2026/08/30 01:32:42.502, 0 MiB, 0 %
2026/08/30 01:32:44.502, 0 MiB, 0 %
2026/08/30 01:32:46.502, 0 MiB, 0 %
2026/08/30 01:32:48.503, 0 MiB, 0 %
2026/08/30 01:32:50.503, 0 MiB, 0 %
2026/08/30 01:32:52.503, 0 MiB, 0 %
2026/08/30 01:32:54.504, 0 MiB, 0 %
2026/08/30 01:32:56.504, 0 MiB, 0 %
2026/08/30 01:32:58.504, 0 MiB, 0 %
2026/08/30 01:33:00.504, 0 MiB, 0 %
2026/08/30 01:33:02.505, 0 MiB, 0 %
2026/08/30 01:33:04.505, 0 MiB, 0 %
2026/08/30 01:33:06.505, 0 MiB, 0 %
2026/08/30 01:33:08.506, 0 MiB, 0 %
2026/08/30 01:33:10.506, 0 MiB, 0 %
2026/08/30 01:33:12.506, 0 MiB, 0 %
2026/08/30 01:33:14.507, 0 MiB, 0 %
2026/08/30 01:33:16.507, 0 MiB, 0 %
2026/08/30 01:33:18.507, 0 MiB, 0 %
2026/08/30 01:33:20.508, 0 MiB, 0 %
2026/08/30 01:33:22.508, 0 MiB, 0 %
2026/08/30 01:33:24.508, 0 MiB, 0 %
2026/08/30 01:33:26.508, 0 MiB, 0 %
2026/08/30 01:33:28.509, 0 MiB, 0 %
2026/08/30 01:33:30.509, 0 MiB, 0 %
2026/08/30 01:33:32.509, 0 MiB, 0 %
2026/08/30 01:33:34.509, 0 MiB, 0 %
2026/08/30 01:33:36.510, 0 MiB, 0 %
2026/08/30 01:33:38.510, 0 MiB, 0 %
2026/08/30 01:33:40.510, 0 MiB, 0 %
2026/08/30 01:33:42.511, 0 MiB, 0 %
2026/08/30 01:33:44.511, 0 MiB, 0 %
2026/08/30 01:33:46.511, 0 MiB, 0 %
2026/08/30 01:33:48.511, 0 MiB, 0 %
2026/08/30 01:33:50.512, 0 MiB, 0 %
2026/08/30 01:33:52.512, 0 MiB, 0 %
2026/08/30 01:33:54.512, 0 MiB, 0 %
2026/08/30 01:33:56.513, 0 MiB, 0 %
2026/08/30 01:33:58.513, 0 MiB, 0 %
2026/08/30 01:34:00.513, 0 MiB, 0 %
2026/08/30 01:34:02.513, 0 MiB, 0 %
2026/08/30 01:34:04.514, 0 MiB, 0 %
2026/08/30 01:34:06.514, 0 MiB, 0 %
2026/08/30 01:34:08.514, 0 MiB, 0 %
2026/08/30 01:34:10.515, 0 MiB, 0 %
2026/08/30 01:34:12.515, 0 MiB, 0 %
2026/08/30 01:34:14.515, 0 MiB, 0 %
2026/08/30 01:34:16.515, 0 MiB, 0 %
2026/08/30 01:34:18.516, 0 MiB, 0 %
2026/08/30 01:34:20.516, 0 MiB, 0 %
2026/08/30 01:34:22.516, 0 MiB, 0 %
2026/08/30 01:34:24.516, 0 MiB, 0 %
2026/08/30 01:34:26.517, 0 MiB, 0 %
2026/08/30 01:34:28.517, 0 MiB, 0 %
2026/08/30 01:34:30.517, 0 MiB, 0 %
2026/08/30 01:34:32.518, 0 MiB, 0 %
2026/08/30 01:34:34.518, 0 MiB, 0 %
2026/08/30 01:34:36.518, 0 MiB, 0 %
2026/08/30 01:34:38.518, 0 MiB, 0 %
2026/08/30 01:34:40.519, 0 MiB, 0 %
2026/08/30 01:34:42.519, 0 MiB, 0 %
2026/08/30 01:34:44.519, 0 MiB, 0 %
2026/08/30 01:34:46.520, 0 MiB, 0 %
2026/08/30 01:34:48.520, 0 MiB, 0 %
2026/08/30 01:34:50.520, 0 MiB, 0 %
2026/08/30 01:34:52.520, 0 MiB, 0 %
2026/08/30 01:34:54.521, 0 MiB, 0 %
2026/08/30 01:34:56.521, 0 MiB, 0 %
2026/08/30 01:34:58.521, 0 MiB, 0 %
2026/08/30 01:35:00.521, 0 MiB, 0 %
2026/08/30 01:35:02.522, 0 MiB, 0 %
2026/08/30 01:35:04.522, 0 MiB, 0 %
2026/08/30 01:35:06.522, 0 MiB, 0 %
2026/08/30 01:35:08.523, 0 MiB, 0 %
2026/08/30 01:35:10.523, 0 MiB, 0 %
2026/08/30 01:35:12.523, 0 MiB, 0 %
2026/08/30 01:35:14.524, 0 MiB, 0 %
2026/08/30 01:35:16.524, 0 MiB, 0 %
2026/08/30 01:35:18.524, 0 MiB, 0 %
2026/08/30 01:35:20.524, 0 MiB, 0 %
2026/08/30 01:35:22.525, 0 MiB, 0 %
2026/08/30 01:35:24.525, 0 MiB, 0 %
2026/08/30 01:35:26.525, 0 MiB, 0 %
2026/08/30 01:35:28.525, 0 MiB, 0 %
2026/08/30 01:35:30.526, 0 MiB, 0 %
2026/08/30 01:35:32.526, 0 MiB, 0 %
2026/08/30 01:35:34.526, 0 MiB, 0 %
2026/08/30 01:35:36.526, 0 MiB, 0 %
2026/08/30 01:35:38.527, 0 MiB, 0 %
2026/08/30 01:35:40.527, 0 MiB, 0 %
2026/08/30 01:35:42.527, 0 MiB, 0 %
2026/08/30 01:35:44.527, 0 MiB, 0 %
2026/08/30 01:35:46.528, 0 MiB, 0 %
2026/08/30 01:35:48.528, 0 MiB, 0 %
2026/08/30 01:35:50.528, 0 MiB, 0 %
2026/08/30 01:35:52.529, 0 MiB, 0 %
2026/08/30 01:35:54.529, 0 MiB, 0 %
2026/08/30 01:35:56.529, 0 MiB, 0 %
2026/08/30 01:35:58.529, 0 MiB, 0 %
2026/08/30 01:36:00.530, 0 MiB, 0 %
2026/08/30 01:36:02.530, 0 MiB, 0 %
2026/08/30 01:36:04.530, 0 MiB, 0 %
2026/08/30 01:36:06.530, 0 MiB, 0 %
2026/08/30 01:36:08.531, 0 MiB, 0 %
2026/08/30 01:36:10.531, 0 MiB, 0 %
2026/08/30 01:36:12.531, 0 MiB, 0 %
2026/08/30 01:36:14.532, 0 MiB, 0 %
2026/08/30 01:36:16.532, 0 MiB, 0 %
2026/08/30 01:36:18.532, 0 MiB, 0 %
2026/08/30 01:36:20.532, 0 MiB, 0 %
2026/08/30 01:36:22.533, 0 MiB, 0 %
2026/08/30 01:36:24.533, 0 MiB, 0 %
2026/08/30 01:36:26.533, 0 MiB, 0 %
2026/08/30 01:36:28.533, 0 MiB, 0 %
2026/08/30 01:36:30.534, 0 MiB, 0 %
2026/08/30 01:36:32.534, 0 MiB, 0 %
2026/08/30 01:36:34.534, 0 MiB, 0 %
2026/08/30 01:36:36.534, 0 MiB, 0 %
2026/08/30 01:36:38.535, 0 MiB, 0 %
2026/08/30 01:36:40.535, 0 MiB, 0 %
2026/08/30 01:36:42.535, 0 MiB, 0 %
2026/08/30 01:36:44.536, 0 MiB, 0 %
2026/08/30 01:36:46.536, 0 MiB, 0 %
2026/08/30 01:36:48.536, 0 MiB, 0 %
2026/08/30 01:36:50.536, 0 MiB, 0 %
2026/08/30 01:36:52.537, 0 MiB, 0 %
2026/08/30 01:36:54.537, 0 MiB, 0 %
2026/08/30 01:36:56.537, 0 MiB, 0 %
2026/08/30 01:36:58.537, 0 MiB, 0 %
2026/08/30 01:37:00.538, 0 MiB, 0 %
2026/08/30 01:37:02.538, 0 MiB, 0 %
2026/08/30 01:37:04.538, 0 MiB, 0 %
2026/08/30 01:37:06.539, 0 MiB, 0 %
2026/08/30 01:37:08.539, 0 MiB, 0 %
2026/08/30 01:37:10.539, 0 MiB, 0 %
2026/08/30 01:37:12.539, 0 MiB, 0 %
2026/08/30 01:37:14.540, 0 MiB, 0 %
2026/08/30 01:37:16.540, 0 MiB, 0 %
2026/08/30 01:37:18.540, 0 MiB, 0 %
2026/08/30 01:37:20.541, 0 MiB, 0 %
2026/08/30 01:37:22.541, 0 MiB, 0 %
2026/08/30 01:37:24.541, 0 MiB, 0 %
2026/08/30 01:37:26.541, 0 MiB, 0 %
2026/08/30 01:37:28.542, 0 MiB, 0 %
2026/08/30 01:37:30.542, 0 MiB, 0 %
2026/08/30 01:37:32.542, 0 MiB, 0 %
2026/08/30 01:37:34.543, 0 MiB, 0 %
2026/08/30 01:37:36.543, 0 MiB, 0 %
2026/08/30 01:37:38.543, 0 MiB, 0 %
2026/08/30 01:37:40.544, 0 MiB, 0 %
2026/08/30 01:37:42.544, 0 MiB, 0 %
2026/08/30 01:37:44.544, 0 MiB, 0 %
2026/08/30 01:37:46.545, 0 MiB, 0 %
2026/08/30 01:37:48.545, 0 MiB, 0 %
2026/08/30 01:37:50.545, 0 MiB, 0 %
2026/08/30 01:37:52.545, 0 MiB, 0 %
2026/08/30 01:37:54.546, 0 MiB, 0 %
2026/08/30 01:37:56.546, 0 MiB, 0 %
2026/08/30 01:37:58.546, 0 MiB, 0 %
2026/08/30 01:38:00.547, 0 MiB, 0 %
2026/08/30 01:38:02.547, 0 MiB, 0 %
2026/08/30 01:38:04.547, 0 MiB, 0 %
2026/08/30 01:38:06.547, 0 MiB, 0 %
2026/08/30 01:38:08.548, 0 MiB, 0 %
2026/08/30 01:38:10.548, 0 MiB, 0 %
2026/08/30 01:38:12.548, 0 MiB, 0 %
2026/08/30 01:38:14.549, 0 MiB, 0 %
2026/08/30 01:38:16.549, 0 MiB, 0 %
2026/08/30 01:38:18.549, 0 MiB, 0 %
2026/08/30 01:38:20.549, 0 MiB, 0 %
2026/08/30 01:38:22.550, 0 MiB, 0 %
2026/08/30 01:38:24.550, 0 MiB, 0 %
2026/08/30 01:38:26.550, 0 MiB, 0 %
2026/08/30 01:38:28.551, 0 MiB, 0 %
2026/08/30 01:38:30.551, 0 MiB, 0 %
2026/08/30 01:38:32.551, 0 MiB, 0 %
2026/08/30 01:38:34.552, 0 MiB, 0 %
2026/08/30 01:38:36.552, 0 MiB, 0 %
2026/08/30 01:38:38.552, 0 MiB, 0 %
2026/08/30 01:38:40.552, 0 MiB, 0 %
2026/08/30 01:38:42.553, 0 MiB, 0 %
2026/08/30 01:38:44.553, 0 MiB, 0 %
2026/08/30 01:38:46.553, 0 MiB, 0 %
2026/08/30 01:38:48.554, 0 MiB, 0 %
2026/08/30 01:38:50.554, 0 MiB, 0 %
2026/08/30 01:38:52.554, 0 MiB, 0 %
2026/08/30 01:38:54.555, 0 MiB, 0 %
2026/08/30 01:38:56.555, 0 MiB, 0 %
2026/08/30 01:38:58.555, 0 MiB, 0 %
2026/08/30 01:39:00.555, 0 MiB, 0 %
2026/08/30 01:39:02.556, 0 MiB, 0 %
2026/08/30 01:39:04.556, 0 MiB, 0 %
2026/08/30 01:39:06.556, 0 MiB, 0 %
2026/08/30 01:39:08.557, 0 MiB, 0 %
2026/08/30 01:39:10.557, 0 MiB, 0 %
2026/08/30 01:39:12.557, 0 MiB, 0 %
2026/08/30 01:39:14.558, 0 MiB, 0 %
2026/08/30 01:39:16.558, 0 MiB, 0 %
2026/08/30 01:39:18.558, 0 MiB, 0 %
2026/08/30 01:39:20.559, 0 MiB, 0 %
2026/08/30 01:39:22.559, 0 MiB, 0 %
2026/08/30 01:39:24.559, 0 MiB, 0 %
2026/08/30 01:39:26.560, 0 MiB, 0 %
2026/08/30 01:39:28.560, 0 MiB, 0 %
2026/08/30 01:39:30.560, 0 MiB, 0 %
2026/08/30 01:39:32.561, 0 MiB, 0 %
2026/08/30 01:39:34.561, 0 MiB, 0 %
2026/08/30 01:39:36.561, 0 MiB, 0 %
2026/08/30 01:39:38.561, 0 MiB, 0 %
2026/08/30 01:39:40.562, 0 MiB, 0 %
2026/08/30 01:39:42.562, 0 MiB, 0 %
2026/08/30 01:39:44.562, 0 MiB, 0 %
2026/08/30 01:39:46.563, 0 MiB, 0 %
2026/08/30 01:39:48.563, 0 MiB, 0 %
2026/08/30 01:39:50.563, 0 MiB, 0 %
2026/08/30 01:39:52.564, 0 MiB, 0 %
2026/08/30 01:39:54.564, 0 MiB, 0 %
2026/08/30 01:39:56.564, 0 MiB, 0 %
2026/08/30 01:39:58.564, 0 MiB, 0 %
2026/08/30 01:40:00.565, 0 MiB, 0 %
2026/08/30 01:40:02.565, 0 MiB, 0 %
2026/08/30 01:40:04.565, 0 MiB, 0 %
2026/08/30 01:40:06.566, 0 MiB, 0 %
2026/08/30 01:40:08.566, 0 MiB, 0 %
2026/08/30 01:40:10.566, 0 MiB, 0 %
2026/08/30 01:40:12.567, 0 MiB, 0 %
2026/08/30 01:40:14.567, 0 MiB, 0 %
2026/08/30 01:40:16.567, 0 MiB, 0 %
2026/08/30 01:40:18.568, 0 MiB, 0 %
2026/08/30 01:40:20.568, 0 MiB, 0 %
2026/08/30 01:40:22.569, 0 MiB, 0 %
2026/08/30 01:40:24.569, 0 MiB, 0 %
2026/08/30 01:40:26.569, 0 MiB, 0 %
2026/08/30 01:40:28.570, 0 MiB, 0 %
2026/08/30 01:40:30.570, 0 MiB, 0 %
2026/08/30 01:40:32.570, 0 MiB, 0 %
2026/08/30 01:40:34.571, 0 MiB, 0 %
2026/08/30 01:40:36.571, 0 MiB, 0 %
2026/08/30 01:40:38.571, 0 MiB, 0 %
2026/08/30 01:40:40.571, 0 MiB, 0 %
2026/08/30 01:40:42.572, 0 MiB, 0 %
2026/08/30 01:40:44.572, 0 MiB, 0 %
2026/08/30 01:40:46.572, 0 MiB, 0 %
2026/08/30 01:40:48.573, 0 MiB, 0 %
2026/08/30 01:40:50.573, 0 MiB, 0 %
2026/08/30 01:40:52.573, 0 MiB, 0 %
2026/08/30 01:40:54.573, 0 MiB, 0 %
2026/08/30 01:40:56.574, 0 MiB, 0 %
2026/08/30 01:40:58.574, 0 MiB, 0 %
2026/08/30 01:41:00.574, 0 MiB, 0 %
2026/08/30 01:41:02.575, 0 MiB, 0 %
2026/08/30 01:41:04.575, 0 MiB, 0 %
2026/08/30 01:41:06.575, 0 MiB, 0 %
2026/08/30 01:41:08.575, 0 MiB, 0 %
2026/08/30 01:41:10.576, 0 MiB, 0 %
2026/08/30 01:41:12.576, 0 MiB, 0 %
2026/08/30 01:41:14.576, 0 MiB, 0 %
2026/08/30 01:41:16.577, 0 MiB, 0 %
2026/08/30 01:41:18.577, 0 MiB, 0 %
2026/08/30 01:41:20.577, 0 MiB, 0 %
2026/08/30 01:41:22.577, 0 MiB, 0 %
2026/08/30 01:41:24.578, 0 MiB, 0 %
2026/08/30 01:41:26.578, 0 MiB, 0 %
2026/08/30 01:41:28.578, 0 MiB, 0 %
2026/08/30 01:41:30.579, 0 MiB, 0 %
2026/08/30 01:41:32.579, 0 MiB, 0 %
2026/08/30 01:41:34.579, 0 MiB, 0 %
2026/08/30 01:41:36.580, 0 MiB, 0 %
2026/08/30 01:41:38.580, 0 MiB, 0 %
2026/08/30 01:41:40.580, 0 MiB, 0 %
2026/08/30 01:41:42.580, 0 MiB, 0 %
2026/08/30 01:41:44.581, 0 MiB, 0 %
2026/08/30 01:41:46.581, 0 MiB, 0 %
2026/08/30 01:41:48.581, 0 MiB, 0 %
2026/08/30 01:41:50.582, 0 MiB, 0 %
2026/08/30 01:41:52.582, 0 MiB, 0 %
2026/08/30 01:41:54.582, 0 MiB, 0 %
2026/08/30 01:41:56.583, 0 MiB, 0 %
2026/08/30 01:41:58.583, 0 MiB, 0 %
2026/08/30 01:42:00.583, 0 MiB, 0 %
2026/08/30 01:42:02.583, 0 MiB, 0 %
2026/08/30 01:42:04.584, 0 MiB, 0 %
2026/08/30 01:42:06.584, 0 MiB, 0 %
2026/08/30 01:42:08.584, 0 MiB, 0 %
2026/08/30 01:42:10.585, 0 MiB, 0 %
2026/08/30 01:42:12.585, 0 MiB, 0 %
2026/08/30 01:42:14.585, 0 MiB, 0 %
2026/08/30 01:42:16.586, 0 MiB, 0 %
2026/08/30 01:42:18.586, 0 MiB, 0 %
2026/08/30 01:42:20.586, 0 MiB, 0 %
2026/08/30 01:42:22.587, 0 MiB, 0 %
2026/08/30 01:42:24.587, 0 MiB, 0 %
2026/08/30 01:42:26.587, 0 MiB, 0 %
2026/08/30 01:42:28.588, 0 MiB, 0 %
2026/08/30 01:42:30.588, 0 MiB, 0 %
2026/08/30 01:42:32.588, 0 MiB, 0 %
2026/08/30 01:42:34.589, 0 MiB, 0 %
2026/08/30 01:42:36.589, 0 MiB, 0 %
2026/08/30 01:42:38.589, 0 MiB, 0 %
2026/08/30 01:42:40.589, 0 MiB, 0 %
2026/08/30 01:42:42.590, 0 MiB, 0 %
2026/08/30 01:42:44.590, 0 MiB, 0 %
2026/08/30 01:42:46.590, 0 MiB, 0 %
2026/08/30 01:42:48.591, 0 MiB, 0 %
2026/08/30 01:42:50.591, 0 MiB, 0 %
2026/08/30 01:42:52.591, 0 MiB, 0 %
2026/08/30 01:42:54.591, 0 MiB, 0 %
2026/08/30 01:42:56.592, 0 MiB, 0 %
2026/08/30 01:42:58.592, 0 MiB, 0 %
2026/08/30 01:43:00.592, 0 MiB, 0 %
2026/08/30 01:43:02.593, 0 MiB, 0 %
2026/08/30 01:43:04.593, 0 MiB, 0 %
2026/08/30 01:43:06.593, 0 MiB, 0 %
2026/08/30 01:43:08.594, 0 MiB, 0 %
2026/08/30 01:43:10.594, 0 MiB, 0 %
2026/08/30 01:43:12.594, 0 MiB, 0 %
2026/08/30 01:43:14.594, 0 MiB, 0 %
2026/08/30 01:43:16.595, 0 MiB, 0 %
2026/08/30 01:43:18.595, 0 MiB, 0 %
2026/08/30 01:43:20.596, 0 MiB, 0 %
2026/08/30 01:43:22.596, 0 MiB, 0 %
2026/08/30 01:43:24.596, 0 MiB, 0 %
2026/08/30 01:43:26.597, 0 MiB, 0 %
2026/08/30 01:43:28.597, 0 MiB, 0 %
2026/08/30 01:43:30.597, 0 MiB, 0 %
2026/08/30 01:43:32.598, 0 MiB, 0 %
2026/08/30 01:43:34.598, 0 MiB, 0 %
2026/08/30 01:43:36.598, 0 MiB, 0 %
2026/08/30 01:43:38.599, 0 MiB, 0 %
2026/08/30 01:43:40.599, 0 MiB, 0 %
2026/08/30 01:43:42.599, 0 MiB, 0 %
2026/08/30 01:43:44.600, 0 MiB, 0 %
2026/08/30 01:43:46.600, 0 MiB, 0 %
2026/08/30 01:43:48.600, 0 MiB, 0 %
2026/08/30 01:43:50.600, 0 MiB, 0 %
2026/08/30 01:43:52.601, 0 MiB, 0 %
2026/08/30 01:43:54.601, 0 MiB, 0 %
2026/08/30 01:43:56.601, 0 MiB, 0 %
2026/08/30 01:43:58.602, 0 MiB, 0 %
2026/08/30 01:44:00.602, 0 MiB, 0 %
2026/08/30 01:44:02.602, 0 MiB, 0 %
2026/08/30 01:44:04.602, 0 MiB, 0 %
2026/08/30 01:44:06.603, 0 MiB, 0 %
2026/08/30 01:44:08.603, 0 MiB, 0 %
2026/08/30 01:44:10.603, 0 MiB, 0 %
2026/08/30 01:44:12.604, 0 MiB, 0 %
2026/08/30 01:44:14.604, 0 MiB, 0 %
2026/08/30 01:44:16.604, 0 MiB, 0 %
2026/08/30 01:44:18.604, 0 MiB, 0 %
2026/08/30 01:44:20.605, 0 MiB, 0 %
2026/08/30 01:44:22.605, 0 MiB, 0 %
2026/08/30 01:44:24.605, 0 MiB, 0 %
2026/08/30 01:44:26.606, 0 MiB, 0 %
2026/08/30 01:44:28.606, 0 MiB, 0 %
2026/08/30 01:44:30.606, 0 MiB, 0 %
2026/08/30 01:44:32.606, 0 MiB, 0 %
2026/08/30 01:44:34.607, 0 MiB, 0 %
2026/08/30 01:44:36.607, 0 MiB, 0 %
2026/08/30 01:44:38.607, 0 MiB, 0 %
2026/08/30 01:44:40.608, 0 MiB, 0 %
2026/08/30 01:44:42.608, 0 MiB, 0 %
2026/08/30 01:44:44.608, 0 MiB, 0 %
2026/08/30 01:44:46.608, 0 MiB, 0 %
2026/08/30 01:44:48.609, 0 MiB, 0 %
2026/08/30 01:44:50.609, 0 MiB, 0 %
2026/08/30 01:44:52.609, 0 MiB, 0 %
2026/08/30 01:44:54.610, 0 MiB, 0 %
2026/08/30 01:44:56.610, 0 MiB, 0 %
2026/08/30 01:44:58.610, 0 MiB, 0 %
2026/08/30 01:45:00.610, 0 MiB, 0 %
2026/08/30 01:45:02.611, 0 MiB, 0 %
2026/08/30 01:45:04.611, 0 MiB, 0 %
2026/08/30 01:45:06.611, 0 MiB, 0 %
2026/08/30 01:45:08.612, 0 MiB, 0 %
2026/08/30 01:45:10.612, 0 MiB, 0 %
2026/08/30 01:45:12.612, 0 MiB, 0 %
2026/08/30 01:45:14.612, 0 MiB, 0 %
2026/08/30 01:45:16.613, 0 MiB, 0 %
2026/08/30 01:45:18.613, 0 MiB, 0 %
2026/08/30 01:45:20.613, 0 MiB, 0 %
2026/08/30 01:45:22.614, 0 MiB, 0 %
2026/08/30 01:45:24.614, 0 MiB, 0 %
2026/08/30 01:45:26.614, 0 MiB, 0 %
2026/08/30 01:45:28.615, 0 MiB, 0 %
2026/08/30 01:45:30.615, 0 MiB, 0 %
2026/08/30 01:45:32.616, 0 MiB, 0 %
2026/08/30 01:45:34.616, 0 MiB, 0 %
2026/08/30 01:45:36.616, 0 MiB, 0 %
2026/08/30 01:45:38.616, 0 MiB, 0 %
2026/08/30 01:45:40.617, 0 MiB, 0 %
2026/08/30 01:45:42.617, 0 MiB, 0 %
2026/08/30 01:45:44.617, 0 MiB, 0 %
2026/08/30 01:45:46.618, 0 MiB, 0 %
2026/08/30 01:45:48.618, 0 MiB, 0 %
2026/08/30 01:45:50.618, 0 MiB, 0 %
2026/08/30 01:45:52.619, 0 MiB, 0 %
2026/08/30 01:45:54.619, 0 MiB, 0 %
2026/08/30 01:45:56.619, 0 MiB, 0 %
2026/08/30 01:45:58.619, 0 MiB, 0 %
2026/08/30 01:46:00.620, 0 MiB, 0 %
2026/08/30 01:46:02.620, 0 MiB, 0 %
2026/08/30 01:46:04.620, 0 MiB, 0 %
2026/08/30 01:46:06.621, 0 MiB, 0 %
2026/08/30 01:46:08.621, 0 MiB, 0 %
2026/08/30 01:46:10.621, 0 MiB, 0 %
2026/08/30 01:46:12.622, 0 MiB, 0 %
2026/08/30 01:46:14.622, 0 MiB, 0 %
2026/08/30 01:46:16.622, 0 MiB, 0 %
2026/08/30 01:46:18.622, 0 MiB, 0 %
2026/08/30 01:46:20.623, 0 MiB, 0 %
2026/08/30 01:46:22.623, 0 MiB, 0 %
2026/08/30 01:46:24.623, 0 MiB, 0 %
2026/08/30 01:46:26.624, 0 MiB, 0 %
2026/08/30 01:46:28.624, 0 MiB, 0 %
2026/08/30 01:46:30.624, 0 MiB, 0 %
2026/08/30 01:46:32.624, 0 MiB, 0 %
2026/08/30 01:46:34.625, 0 MiB, 0 %
2026/08/30 01:46:36.625, 0 MiB, 0 %
2026/08/30 01:46:38.625, 0 MiB, 0 %
2026/08/30 01:46:40.626, 0 MiB, 0 %
2026/08/30 01:46:42.626, 0 MiB, 0 %
2026/08/30 01:46:44.626, 0 MiB, 0 %
2026/08/30 01:46:46.627, 0 MiB, 0 %
2026/08/30 01:46:48.627, 0 MiB, 0 %
2026/08/30 01:46:50.627, 0 MiB, 0 %
2026/08/30 01:46:52.627, 0 MiB, 0 %
2026/08/30 01:46:54.628, 0 MiB, 0 %
2026/08/30 01:46:56.628, 0 MiB, 0 %
2026/08/30 01:46:58.628, 0 MiB, 0 %
2026/08/30 01:47:00.628, 0 MiB, 0 %
2026/08/30 01:47:02.629, 0 MiB, 0 %
2026/08/30 01:47:04.629, 0 MiB, 0 %
2026/08/30 01:47:06.629, 0 MiB, 0 %
2026/08/30 01:47:08.630, 0 MiB, 0 %
2026/08/30 01:47:10.630, 0 MiB, 0 %
2026/08/30 01:47:12.630, 0 MiB, 0 %
2026/08/30 01:47:14.630, 0 MiB, 0 %
2026/08/30 01:47:16.631, 0 MiB, 0 %
2026/08/30 01:47:18.631, 0 MiB, 0 %
2026/08/30 01:47:20.631, 0 MiB, 0 %
2026/08/30 01:47:22.631, 0 MiB, 0 %
2026/08/30 01:47:24.632, 0 MiB, 0 %
2026/08/30 01:47:26.632, 0 MiB, 0 %
2026/08/30 01:47:28.632, 0 MiB, 0 %
2026/08/30 01:47:30.633, 0 MiB, 0 %
2026/08/30 01:47:32.633, 0 MiB, 0 %
2026/08/30 01:47:34.633, 0 MiB, 0 %
2026/08/30 01:47:36.633, 0 MiB, 0 %
2026/08/30 01:47:38.634, 0 MiB, 0 %
2026/08/30 01:47:40.634, 0 MiB, 0 %
2026/08/30 01:47:42.634, 0 MiB, 0 %
2026/08/30 01:47:44.635, 0 MiB, 0 %
2026/08/30 01:47:46.635, 0 MiB, 0 %
2026/08/30 01:47:48.635, 0 MiB, 0 %
2026/08/30 01:47:50.635, 0 MiB, 0 %
2026/08/30 01:47:52.636, 0 MiB, 0 %
2026/08/30 01:47:54.636, 0 MiB, 0 %
2026/08/30 01:47:56.636, 0 MiB, 0 %
2026/08/30 01:47:58.637, 0 MiB, 0 %
2026/08/30 01:48:00.637, 0 MiB, 0 %
2026/08/30 01:48:02.637, 0 MiB, 0 %
2026/08/30 01:48:04.637, 0 MiB, 0 %
2026/08/30 01:48:06.638, 0 MiB, 0 %
2026/08/30 01:48:08.638, 0 MiB, 0 %
2026/08/30 01:48:10.638, 0 MiB, 0 %
2026/08/30 01:48:12.638, 0 MiB, 0 %
2026/08/30 01:48:14.639, 0 MiB, 0 %
2026/08/30 01:48:16.639, 0 MiB, 0 %
2026/08/30 01:48:18.639, 0 MiB, 0 %
2026/08/30 01:48:20.640, 0 MiB, 0 %
2026/08/30 01:48:22.640, 0 MiB, 0 %
2026/08/30 01:48:24.640, 0 MiB, 0 %
2026/08/30 01:48:26.640, 0 MiB, 0 %
2026/08/30 01:48:28.641, 0 MiB, 0 %
2026/08/30 01:48:30.641, 0 MiB, 0 %
2026/08/30 01:48:32.641, 0 MiB, 0 %
2026/08/30 01:48:34.642, 0 MiB, 0 %
2026/08/30 01:48:36.642, 0 MiB, 0 %
2026/08/30 01:48:38.642, 0 MiB, 0 %
2026/08/30 01:48:40.642, 0 MiB, 0 %
2026/08/30 01:48:42.643, 0 MiB, 0 %
2026/08/30 01:48:44.643, 0 MiB, 0 %
2026/08/30 01:48:46.643, 0 MiB, 0 %
2026/08/30 01:48:48.643, 0 MiB, 0 %
2026/08/30 01:48:50.644, 0 MiB, 0 %
2026/08/30 01:48:52.644, 0 MiB, 0 %
2026/08/30 01:48:54.644, 0 MiB, 0 %
2026/08/30 01:48:56.645, 0 MiB, 0 %
2026/08/30 01:48:58.645, 0 MiB, 0 %
2026/08/30 01:49:00.645, 0 MiB, 0 %
2026/08/30 01:49:02.645, 0 MiB, 0 %
2026/08/30 01:49:04.646, 0 MiB, 0 %
2026/08/30 01:49:06.646, 0 MiB, 0 %
2026/08/30 01:49:08.646, 0 MiB, 0 %
2026/08/30 01:49:10.647, 0 MiB, 0 %
2026/08/30 01:49:12.647, 0 MiB, 0 %
2026/08/30 01:49:14.647, 0 MiB, 0 %
2026/08/30 01:49:16.647, 0 MiB, 0 %
2026/08/30 01:49:18.648, 0 MiB, 0 %
2026/08/30 01:49:20.648, 0 MiB, 0 %
2026/08/30 01:49:22.648, 0 MiB, 0 %
2026/08/30 01:49:24.649, 0 MiB, 0 %
2026/08/30 01:49:26.649, 0 MiB, 0 %
2026/08/30 01:49:28.649, 0 MiB, 0 %
2026/08/30 01:49:30.649, 0 MiB, 0 %
2026/08/30 01:49:32.650, 0 MiB, 0 %
2026/08/30 01:49:34.650, 0 MiB, 0 %
2026/08/30 01:49:36.650, 0 MiB, 0 %
2026/08/30 01:49:38.650, 0 MiB, 0 %
2026/08/30 01:49:40.651, 0 MiB, 0 %
2026/08/30 01:49:42.651, 0 MiB, 0 %
2026/08/30 01:49:44.651, 0 MiB, 0 %
2026/08/30 01:49:46.652, 0 MiB, 0 %
2026/08/30 01:49:48.652, 0 MiB, 0 %
2026/08/30 01:49:50.652, 0 MiB, 0 %
2026/08/30 01:49:52.652, 0 MiB, 0 %
2026/08/30 01:49:54.653, 0 MiB, 0 %
2026/08/30 01:49:56.653, 0 MiB, 0 %
2026/08/30 01:49:58.653, 0 MiB, 0 %
2026/08/30 01:50:00.653, 0 MiB, 0 %
2026/08/30 01:50:02.654, 0 MiB, 0 %
2026/08/30 01:50:04.654, 0 MiB, 0 %
2026/08/30 01:50:06.654, 0 MiB, 0 %
2026/08/30 01:50:08.655, 0 MiB, 0 %
2026/08/30 01:50:10.655, 0 MiB, 0 %
2026/08/30 01:50:12.655, 0 MiB, 0 %
2026/08/30 01:50:14.655, 0 MiB, 0 %
2026/08/30 01:50:16.656, 0 MiB, 0 %
2026/08/30 01:50:18.656, 0 MiB, 0 %
2026/08/30 01:50:20.656, 0 MiB, 0 %
2026/08/30 01:50:22.657, 0 MiB, 0 %
2026/08/30 01:50:24.657, 0 MiB, 0 %
2026/08/30 01:50:26.657, 0 MiB, 0 %
2026/08/30 01:50:28.657, 0 MiB, 0 %
2026/08/30 01:50:30.658, 0 MiB, 0 %
2026/08/30 01:50:32.658, 0 MiB, 0 %
2026/08/30 01:50:34.658, 0 MiB, 0 %
2026/08/30 01:50:36.659, 0 MiB, 0 %
2026/08/30 01:50:38.659, 0 MiB, 0 %
2026/08/30 01:50:40.659, 0 MiB, 0 %
2026/08/30 01:50:42.659, 0 MiB, 0 %
2026/08/30 01:50:44.660, 0 MiB, 0 %
2026/08/30 01:50:46.660, 0 MiB, 0 %
2026/08/30 01:50:48.660, 0 MiB, 0 %
2026/08/30 01:50:50.661, 0 MiB, 0 %
2026/08/30 01:50:52.661, 0 MiB, 0 %
2026/08/30 01:50:54.661, 0 MiB, 0 %
2026/08/30 01:50:56.662, 0 MiB, 0 %
2026/08/30 01:50:58.662, 0 MiB, 0 %
2026/08/30 01:51:00.662, 0 MiB, 0 %
2026/08/30 01:51:02.662, 0 MiB, 0 %
2026/08/30 01:51:04.663, 0 MiB, 0 %
2026/08/30 01:51:06.663, 0 MiB, 0 %
2026/08/30 01:51:08.663, 0 MiB, 0 %
2026/08/30 01:51:10.663, 0 MiB, 0 %
2026/08/30 01:51:12.664, 0 MiB, 0 %
2026/08/30 01:51:14.664, 0 MiB, 0 %
2026/08/30 01:51:16.664, 0 MiB, 0 %
2026/08/30 01:51:18.665, 0 MiB, 0 %
2026/08/30 01:51:20.665, 0 MiB, 0 %
2026/08/30 01:51:22.665, 0 MiB, 0 %
2026/08/30 01:51:24.665, 0 MiB, 0 %
2026/08/30 01:51:26.666, 0 MiB, 0 %
2026/08/30 01:51:28.666, 0 MiB, 0 %
2026/08/30 01:51:30.666, 0 MiB, 0 %
2026/08/30 01:51:32.667, 0 MiB, 0 %
2026/08/30 01:51:34.667, 0 MiB, 0 %
2026/08/30 01:51:36.667, 0 MiB, 0 %
2026/08/30 01:51:38.667, 0 MiB, 0 %
2026/08/30 01:51:40.668, 0 MiB, 0 %
2026/08/30 01:51:42.668, 0 MiB, 0 %
2026/08/30 01:51:44.668, 0 MiB, 0 %
2026/08/30 01:51:46.668, 0 MiB, 0 %
2026/08/30 01:51:48.669, 0 MiB, 0 %
2026/08/30 01:51:50.669, 0 MiB, 0 %
2026/08/30 01:51:52.669, 0 MiB, 0 %
2026/08/30 01:51:54.670, 0 MiB, 0 %
2026/08/30 01:51:56.670, 0 MiB, 0 %
2026/08/30 01:51:58.670, 0 MiB, 0 %
2026/08/30 01:52:00.670, 0 MiB, 0 %
2026/08/30 01:52:02.671, 0 MiB, 0 %
2026/08/30 01:52:04.671, 0 MiB, 0 %
2026/08/30 01:52:06.671, 0 MiB, 0 %
2026/08/30 01:52:08.672, 0 MiB, 0 %
2026/08/30 01:52:10.672, 0 MiB, 0 %
2026/08/30 01:52:12.672, 0 MiB, 0 %
2026/08/30 01:52:14.672, 0 MiB, 0 %
2026/08/30 01:52:16.672, 0 MiB, 0 %
2026/08/30 01:52:18.673, 0 MiB, 0 %
2026/08/30 01:52:20.673, 0 MiB, 0 %
2026/08/30 01:52:22.673, 0 MiB, 0 %
2026/08/30 01:52:24.674, 0 MiB, 0 %
2026/08/30 01:52:26.674, 0 MiB, 0 %
2026/08/30 01:52:28.674, 0 MiB, 0 %
2026/08/30 01:52:30.675, 0 MiB, 0 %
2026/08/30 01:52:32.675, 0 MiB, 0 %
2026/08/30 01:52:34.675, 0 MiB, 0 %
2026/08/30 01:52:36.675, 0 MiB, 0 %
2026/08/30 01:52:38.676, 0 MiB, 0 %
2026/08/30 01:52:40.676, 0 MiB, 0 %
2026/08/30 01:52:42.676, 0 MiB, 0 %
2026/08/30 01:52:44.676, 0 MiB, 0 %
2026/08/30 01:52:46.677, 0 MiB, 0 %
2026/08/30 01:52:48.677, 0 MiB, 0 %
2026/08/30 01:52:50.677, 0 MiB, 0 %
2026/08/30 01:52:52.678, 0 MiB, 0 %
2026/08/30 01:52:54.678, 0 MiB, 0 %
2026/08/30 01:52:56.678, 0 MiB, 0 %
2026/08/30 01:52:58.679, 0 MiB, 0 %
2026/08/30 01:53:00.679, 0 MiB, 0 %
2026/08/30 01:53:02.679, 0 MiB, 0 %
2026/08/30 01:53:04.679, 0 MiB, 0 %
2026/08/30 01:53:06.680, 0 MiB, 0 %
2026/08/30 01:53:08.680, 0 MiB, 0 %
2026/08/30 01:53:10.680, 0 MiB, 0 %
2026/08/30 01:53:12.680, 0 MiB, 0 %
2026/08/30 01:53:14.681, 0 MiB, 0 %
2026/08/30 01:53:16.681, 0 MiB, 0 %
2026/08/30 01:53:18.681, 0 MiB, 0 %
2026/08/30 01:53:20.682, 0 MiB, 0 %
2026/08/30 01:53:22.682, 0 MiB, 0 %
2026/08/30 01:53:24.683, 0 MiB, 0 %
2026/08/30 01:53:26.683, 0 MiB, 0 %
2026/08/30 01:53:28.684, 0 MiB, 0 %
2026/08/30 01:53:30.684, 0 MiB, 0 %
2026/08/30 01:53:32.684, 0 MiB, 0 %
2026/08/30 01:53:34.685, 0 MiB, 0 %
2026/08/30 01:53:36.685, 0 MiB, 0 %
2026/08/30 01:53:38.685, 0 MiB, 0 %
2026/08/30 01:53:40.685, 0 MiB, 0 %
2026/08/30 01:53:42.686, 0 MiB, 0 %
2026/08/30 01:53:44.686, 0 MiB, 0 %
2026/08/30 01:53:46.686, 0 MiB, 0 %
2026/08/30 01:53:48.687, 0 MiB, 0 %
2026/08/30 01:53:50.687, 0 MiB, 0 %
2026/08/30 01:53:52.687, 0 MiB, 0 %
2026/08/30 01:53:54.688, 0 MiB, 0 %
2026/08/30 01:53:56.688, 0 MiB, 0 %
2026/08/30 01:53:58.688, 0 MiB, 0 %
2026/08/30 01:54:00.688, 0 MiB, 0 %
2026/08/30 01:54:02.689, 0 MiB, 0 %
2026/08/30 01:54:04.689, 0 MiB, 0 %
2026/08/30 01:54:06.689, 0 MiB, 0 %
2026/08/30 01:54:08.690, 0 MiB, 0 %
2026/08/30 01:54:10.690, 0 MiB, 0 %
2026/08/30 01:54:12.690, 0 MiB, 0 %
2026/08/30 01:54:14.690, 0 MiB, 0 %
2026/08/30 01:54:16.691, 0 MiB, 0 %
2026/08/30 01:54:18.691, 0 MiB, 0 %
2026/08/30 01:54:20.691, 0 MiB, 0 %
2026/08/30 01:54:22.692, 0 MiB, 0 %
2026/08/30 01:54:24.692, 0 MiB, 0 %
2026/08/30 01:54:26.692, 0 MiB, 0 %
2026/08/30 01:54:28.692, 0 MiB, 0 %
2026/08/30 01:54:30.693, 0 MiB, 0 %
2026/08/30 01:54:32.693, 0 MiB, 0 %
2026/08/30 01:54:34.693, 0 MiB, 0 %
2026/08/30 01:54:36.694, 0 MiB, 0 %
2026/08/30 01:54:38.694, 0 MiB, 0 %
2026/08/30 01:54:40.694, 0 MiB, 0 %
2026/08/30 01:54:42.694, 0 MiB, 0 %
2026/08/30 01:54:44.695, 0 MiB, 0 %
2026/08/30 01:54:46.695, 0 MiB, 0 %
2026/08/30 01:54:48.695, 0 MiB, 0 %
2026/08/30 01:54:50.695, 0 MiB, 0 %
2026/08/30 01:54:52.696, 0 MiB, 0 %
2026/08/30 01:54:54.696, 0 MiB, 0 %
2026/08/30 01:54:56.696, 0 MiB, 0 %
2026/08/30 01:54:58.697, 0 MiB, 0 %
2026/08/30 01:55:00.697, 0 MiB, 0 %
2026/08/30 01:55:02.697, 0 MiB, 0 %
2026/08/30 01:55:04.698, 0 MiB, 0 %
2026/08/30 01:55:06.698, 0 MiB, 0 %
2026/08/30 01:55:08.698, 0 MiB, 0 %
2026/08/30 01:55:10.698, 0 MiB, 0 %
2026/08/30 01:55:12.699, 0 MiB, 0 %
2026/08/30 01:55:14.699, 0 MiB, 0 %
2026/08/30 01:55:16.699, 0 MiB, 0 %
2026/08/30 01:55:18.699, 0 MiB, 0 %
2026/08/30 01:55:20.700, 0 MiB, 0 %
2026/08/30 01:55:22.700, 0 MiB, 0 %
2026/08/30 01:55:24.700, 0 MiB, 0 %
2026/08/30 01:55:26.700, 0 MiB, 0 %
2026/08/30 01:55:28.701, 0 MiB, 0 %
2026/08/30 01:55:30.701, 0 MiB, 0 %
2026/08/30 01:55:32.701, 0 MiB, 0 %
2026/08/30 01:55:34.702, 0 MiB, 0 %
2026/08/30 01:55:36.702, 0 MiB, 0 %
2026/08/30 01:55:38.702, 0 MiB, 0 %
2026/08/30 01:55:40.702, 0 MiB, 0 %
2026/08/30 01:55:42.703, 0 MiB, 0 %
2026/08/30 01:55:44.703, 0 MiB, 0 %
2026/08/30 01:55:46.703, 0 MiB, 0 %
2026/08/30 01:55:48.704, 0 MiB, 0 %
2026/08/30 01:55:50.704, 0 MiB, 0 %
2026/08/30 01:55:52.704, 0 MiB, 0 %
2026/08/30 01:55:54.704, 0 MiB, 0 %
2026/08/30 01:55:56.705, 0 MiB, 0 %
2026/08/30 01:55:58.705, 0 MiB, 0 %
2026/08/30 01:56:00.705, 0 MiB, 0 %
2026/08/30 01:56:02.705, 0 MiB, 0 %
2026/08/30 01:56:04.706, 0 MiB, 0 %
2026/08/30 01:56:06.706, 0 MiB, 0 %
2026/08/30 01:56:08.706, 0 MiB, 0 %
2026/08/30 01:56:10.707, 0 MiB, 0 %
2026/08/30 01:56:12.707, 0 MiB, 0 %
2026/08/30 01:56:14.707, 0 MiB, 0 %
2026/08/30 01:56:16.707, 0 MiB, 0 %
2026/08/30 01:56:18.708, 0 MiB, 0 %
2026/08/30 01:56:20.708, 0 MiB, 0 %
2026/08/30 01:56:22.708, 0 MiB, 0 %
2026/08/30 01:56:24.708, 0 MiB, 0 %
2026/08/30 01:56:26.709, 0 MiB, 0 %
2026/08/30 01:56:28.709, 0 MiB, 0 %
2026/08/30 01:56:30.709, 0 MiB, 0 %
2026/08/30 01:56:32.710, 0 MiB, 0 %
2026/08/30 01:56:34.710, 0 MiB, 0 %
2026/08/30 01:56:36.710, 0 MiB, 0 %
2026/08/30 01:56:38.711, 0 MiB, 0 %
2026/08/30 01:56:40.711, 0 MiB, 0 %
2026/08/30 01:56:42.711, 0 MiB, 0 %
2026/08/30 01:56:44.711, 0 MiB, 0 %
2026/08/30 01:56:46.712, 0 MiB, 0 %
2026/08/30 01:56:48.712, 0 MiB, 0 %
2026/08/30 01:56:50.712, 0 MiB, 0 %
2026/08/30 01:56:52.713, 0 MiB, 0 %
2026/08/30 01:56:54.713, 0 MiB, 0 %
2026/08/30 01:56:56.713, 0 MiB, 0 %
2026/08/30 01:56:58.713, 0 MiB, 0 %
2026/08/30 01:57:00.714, 0 MiB, 0 %
2026/08/30 01:57:02.714, 0 MiB, 0 %
2026/08/30 01:57:04.714, 0 MiB, 0 %
2026/08/30 01:57:06.715, 0 MiB, 0 %
2026/08/30 01:57:08.715, 0 MiB, 0 %
2026/08/30 01:57:10.715, 0 MiB, 0 %
2026/08/30 01:57:12.715, 0 MiB, 0 %
2026/08/30 01:57:14.716, 0 MiB, 0 %
2026/08/30 01:57:16.716, 0 MiB, 0 %
2026/08/30 01:57:18.716, 0 MiB, 0 %
2026/08/30 01:57:20.716, 0 MiB, 0 %
2026/08/30 01:57:22.717, 0 MiB, 0 %
2026/08/30 01:57:24.717, 0 MiB, 0 %
2026/08/30 01:57:26.717, 0 MiB, 0 %
2026/08/30 01:57:28.718, 0 MiB, 0 %
2026/08/30 01:57:30.718, 0 MiB, 0 %
2026/08/30 01:57:32.718, 0 MiB, 0 %
2026/08/30 01:57:34.719, 0 MiB, 0 %
2026/08/30 01:57:36.719, 0 MiB, 0 %
2026/08/30 01:57:38.719, 0 MiB, 0 %
2026/08/30 01:57:40.719, 0 MiB, 0 %
2026/08/30 01:57:42.720, 0 MiB, 0 %
2026/08/30 01:57:44.720, 0 MiB, 0 %
2026/08/30 01:57:46.720, 0 MiB, 0 %
2026/08/30 01:57:48.721, 0 MiB, 0 %
2026/08/30 01:57:50.721, 0 MiB, 0 %
2026/08/30 01:57:52.721, 0 MiB, 0 %
2026/08/30 01:57:54.722, 0 MiB, 0 %
2026/08/30 01:57:56.722, 0 MiB, 0 %
2026/08/30 01:57:58.722, 0 MiB, 0 %
2026/08/30 01:58:00.723, 0 MiB, 0 %
2026/08/30 01:58:02.723, 0 MiB, 0 %
2026/08/30 01:58:04.723, 0 MiB, 0 %
2026/08/30 01:58:06.724, 0 MiB, 0 %
2026/08/30 01:58:08.724, 0 MiB, 0 %
2026/08/30 01:58:10.724, 0 MiB, 0 %
2026/08/30 01:58:12.725, 0 MiB, 0 %
2026/08/30 01:58:14.725, 0 MiB, 0 %
2026/08/30 01:58:16.725, 0 MiB, 0 %
2026/08/30 01:58:18.726, 0 MiB, 0 %
2026/08/30 01:58:20.726, 0 MiB, 0 %
2026/08/30 01:58:22.726, 0 MiB, 0 %
2026/08/30 01:58:24.726, 0 MiB, 0 %
2026/08/30 01:58:26.727, 0 MiB, 0 %
2026/08/30 01:58:28.727, 0 MiB, 0 %
2026/08/30 01:58:30.727, 0 MiB, 0 %
2026/08/30 01:58:32.728, 0 MiB, 0 %
2026/08/30 01:58:34.728, 0 MiB, 0 %
2026/08/30 01:58:36.728, 0 MiB, 0 %
2026/08/30 01:58:38.729, 0 MiB, 0 %
2026/08/30 01:58:40.729, 0 MiB, 0 %
2026/08/30 01:58:42.729, 0 MiB, 0 %
2026/08/30 01:58:44.730, 0 MiB, 0 %
2026/08/30 01:58:46.730, 0 MiB, 0 %
2026/08/30 01:58:48.730, 0 MiB, 0 %
2026/08/30 01:58:50.730, 0 MiB, 0 %
2026/08/30 01:58:52.730, 0 MiB, 0 %
2026/08/30 01:58:54.731, 0 MiB, 0 %
2026/08/30 01:58:56.731, 0 MiB, 0 %
2026/08/30 01:58:58.731, 0 MiB, 0 %
2026/08/30 01:59:00.732, 0 MiB, 0 %
2026/08/30 01:59:02.732, 0 MiB, 0 %
2026/08/30 01:59:04.732, 0 MiB, 0 %
2026/08/30 01:59:06.732, 0 MiB, 0 %
2026/08/30 01:59:08.733, 0 MiB, 0 %
2026/08/30 01:59:10.733, 0 MiB, 0 %
2026/08/30 01:59:12.733, 0 MiB, 0 %
2026/08/30 01:59:14.733, 0 MiB, 0 %
2026/08/30 01:59:16.734, 0 MiB, 0 %
2026/08/30 01:59:18.734, 0 MiB, 0 %
2026/08/30 01:59:20.734, 0 MiB, 0 %
2026/08/30 01:59:22.734, 0 MiB, 0 %
2026/08/30 01:59:24.735, 0 MiB, 0 %
2026/08/30 01:59:26.735, 0 MiB, 0 %
2026/08/30 01:59:28.735, 0 MiB, 0 %
2026/08/30 01:59:30.735, 0 MiB, 0 %
2026/08/30 01:59:32.736, 0 MiB, 0 %
2026/08/30 01:59:34.736, 0 MiB, 0 %
2026/08/30 01:59:36.736, 0 MiB, 0 %
2026/08/30 01:59:38.737, 0 MiB, 0 %
2026/08/30 01:59:40.737, 0 MiB, 0 %
2026/08/30 01:59:42.737, 0 MiB, 0 %
2026/08/30 01:59:44.737, 0 MiB, 0 %
2026/08/30 01:59:46.738, 0 MiB, 0 %
2026/08/30 01:59:48.738, 0 MiB, 0 %
2026/08/30 01:59:50.738, 0 MiB, 0 %
2026/08/30 01:59:52.739, 0 MiB, 0 %
2026/08/30 01:59:54.739, 0 MiB, 0 %
2026/08/30 01:59:56.739, 0 MiB, 0 %
2026/08/30 01:59:58.739, 0 MiB, 0 %
2026/08/30 02:00:00.740, 0 MiB, 0 %
2026/08/30 02:00:02.740, 0 MiB, 0 %
2026/08/30 02:00:04.740, 0 MiB, 0 %
2026/08/30 02:00:06.741, 0 MiB, 0 %
2026/08/30 02:00:08.741, 0 MiB, 0 %
2026/08/30 02:00:10.741, 0 MiB, 0 %
2026/08/30 02:00:12.741, 0 MiB, 0 %
2026/08/30 02:00:14.742, 0 MiB, 0 %
2026/08/30 02:00:16.742, 0 MiB, 0 %
2026/08/30 02:00:18.742, 0 MiB, 0 %
2026/08/30 02:00:20.743, 0 MiB, 0 %
2026/08/30 02:00:22.743, 0 MiB, 0 %
2026/08/30 02:00:24.743, 0 MiB, 0 %
2026/08/30 02:00:26.743, 0 MiB, 0 %
2026/08/30 02:00:28.744, 0 MiB, 0 %
2026/08/30 02:00:30.744, 0 MiB, 0 %
2026/08/30 02:00:32.744, 0 MiB, 0 %
2026/08/30 02:00:34.745, 0 MiB, 0 %
2026/08/30 02:00:36.745, 0 MiB, 0 %
2026/08/30 02:00:38.745, 0 MiB, 0 %
2026/08/30 02:00:40.746, 0 MiB, 0 %
2026/08/30 02:00:42.746, 0 MiB, 0 %
2026/08/30 02:00:44.746, 0 MiB, 0 %
2026/08/30 02:00:46.746, 0 MiB, 0 %
2026/08/30 02:00:48.747, 0 MiB, 0 %
2026/08/30 02:00:50.747, 0 MiB, 0 %
2026/08/30 02:00:52.747, 0 MiB, 0 %
2026/08/30 02:00:54.747, 0 MiB, 0 %
2026/08/30 02:00:56.748, 0 MiB, 0 %
2026/08/30 02:00:58.748, 0 MiB, 0 %
2026/08/30 02:01:00.748, 0 MiB, 0 %
2026/08/30 02:01:02.749, 0 MiB, 0 %
2026/08/30 02:01:04.749, 0 MiB, 0 %
2026/08/30 02:01:06.749, 0 MiB, 0 %
2026/08/30 02:01:08.750, 0 MiB, 0 %
2026/08/30 02:01:10.750, 0 MiB, 0 %
2026/08/30 02:01:12.750, 0 MiB, 0 %
2026/08/30 02:01:14.751, 0 MiB, 0 %
2026/08/30 02:01:16.751, 0 MiB, 0 %
2026/08/30 02:01:18.751, 0 MiB, 0 %
2026/08/30 02:01:20.751, 0 MiB, 0 %
2026/08/30 02:01:22.752, 0 MiB, 0 %
2026/08/30 02:01:24.752, 0 MiB, 0 %
2026/08/30 02:01:26.752, 0 MiB, 0 %
2026/08/30 02:01:28.753, 0 MiB, 0 %
2026/08/30 02:01:30.753, 0 MiB, 0 %
2026/08/30 02:01:32.753, 0 MiB, 0 %
2026/08/30 02:01:34.753, 0 MiB, 0 %
2026/08/30 02:01:36.754, 0 MiB, 0 %
2026/08/30 02:01:38.754, 0 MiB, 0 %
2026/08/30 02:01:40.754, 0 MiB, 0 %
2026/08/30 02:01:42.755, 0 MiB, 0 %
2026/08/30 02:01:44.755, 0 MiB, 0 %
2026/08/30 02:01:46.755, 0 MiB, 0 %
2026/08/30 02:01:48.756, 0 MiB, 0 %
2026/08/30 02:01:50.756, 0 MiB, 0 %
2026/08/30 02:01:52.756, 0 MiB, 0 %
2026/08/30 02:01:54.756, 0 MiB, 0 %
2026/08/30 02:01:56.757, 0 MiB, 0 %
2026/08/30 02:01:58.757, 0 MiB, 0 %
2026/08/30 02:02:00.757, 0 MiB, 0 %
2026/08/30 02:02:02.758, 0 MiB, 0 %
2026/08/30 02:02:04.758, 0 MiB, 0 %
2026/08/30 02:02:06.758, 0 MiB, 0 %
2026/08/30 02:02:08.758, 0 MiB, 0 %
2026/08/30 02:02:10.759, 0 MiB, 0 %
2026/08/30 02:02:12.759, 0 MiB, 0 %
2026/08/30 02:02:14.759, 0 MiB, 0 %
2026/08/30 02:02:16.760, 0 MiB, 0 %
2026/08/30 02:02:18.760, 0 MiB, 0 %
2026/08/30 02:02:20.760, 0 MiB, 0 %
2026/08/30 02:02:22.760, 0 MiB, 0 %
2026/08/30 02:02:24.761, 0 MiB, 0 %
2026/08/30 02:02:26.761, 0 MiB, 0 %
2026/08/30 02:02:28.761, 0 MiB, 0 %
2026/08/30 02:02:30.762, 0 MiB, 0 %
2026/08/30 02:02:32.762, 0 MiB, 0 %
2026/08/30 02:02:34.762, 0 MiB, 0 %
2026/08/30 02:02:36.763, 0 MiB, 0 %
2026/08/30 02:02:38.763, 0 MiB, 0 %
2026/08/30 02:02:40.763, 0 MiB, 0 %
2026/08/30 02:02:42.764, 0 MiB, 0 %
2026/08/30 02:02:44.764, 0 MiB, 0 %
2026/08/30 02:02:46.764, 0 MiB, 0 %
2026/08/30 02:02:48.764, 0 MiB, 0 %
2026/08/30 02:02:50.765, 0 MiB, 0 %
2026/08/30 02:02:52.765, 0 MiB, 0 %
2026/08/30 02:02:54.765, 0 MiB, 0 %
2026/08/30 02:02:56.766, 0 MiB, 0 %
2026/08/30 02:02:58.766, 0 MiB, 0 %
2026/08/30 02:03:00.766, 0 MiB, 0 %
2026/08/30 02:03:02.767, 0 MiB, 0 %
2026/08/30 02:03:04.767, 0 MiB, 0 %
2026/08/30 02:03:06.767, 0 MiB, 0 %
2026/08/30 02:03:08.768, 0 MiB, 0 %
2026/08/30 02:03:10.768, 0 MiB, 0 %
2026/08/30 02:03:12.768, 0 MiB, 0 %
2026/08/30 02:03:14.769, 0 MiB, 0 %
2026/08/30 02:03:16.769, 0 MiB, 0 %
2026/08/30 02:03:18.769, 0 MiB, 0 %
2026/08/30 02:03:20.769, 0 MiB, 0 %
2026/08/30 02:03:22.770, 0 MiB, 0 %
2026/08/30 02:03:24.770, 0 MiB, 0 %
2026/08/30 02:03:26.770, 0 MiB, 0 %
2026/08/30 02:03:28.771, 0 MiB, 0 %
2026/08/30 02:03:30.771, 0 MiB, 0 %
2026/08/30 02:03:32.771, 0 MiB, 0 %
2026/08/30 02:03:34.771, 0 MiB, 0 %
2026/08/30 02:03:36.772, 0 MiB, 0 %
2026/08/30 02:03:38.772, 0 MiB, 0 %
2026/08/30 02:03:40.772, 0 MiB, 0 %
2026/08/30 02:03:42.773, 0 MiB, 0 %
2026/08/30 02:03:44.773, 0 MiB, 0 %
2026/08/30 02:03:46.773, 0 MiB, 0 %
2026/08/30 02:03:48.774, 0 MiB, 0 %
2026/08/30 02:03:50.774, 0 MiB, 0 %
2026/08/30 02:03:52.774, 0 MiB, 0 %
2026/08/30 02:03:54.774, 0 MiB, 0 %
2026/08/30 02:03:56.775, 0 MiB, 0 %
2026/08/30 02:03:58.775, 0 MiB, 0 %
2026/08/30 02:04:00.775, 0 MiB, 0 %
2026/08/30 02:04:02.776, 0 MiB, 0 %
2026/08/30 02:04:04.776, 0 MiB, 0 %
2026/08/30 02:04:06.776, 0 MiB, 0 %
2026/08/30 02:04:08.777, 0 MiB, 0 %
2026/08/30 02:04:10.777, 0 MiB, 0 %
2026/08/30 02:04:12.777, 0 MiB, 0 %
2026/08/30 02:04:14.777, 0 MiB, 0 %
2026/08/30 02:04:16.778, 0 MiB, 0 %
2026/08/30 02:04:18.778, 0 MiB, 0 %
2026/08/30 02:04:20.778, 0 MiB, 0 %
2026/08/30 02:04:22.778, 0 MiB, 0 %
2026/08/30 02:04:24.779, 0 MiB, 0 %
2026/08/30 02:04:26.779, 0 MiB, 0 %
2026/08/30 02:04:28.779, 0 MiB, 0 %
2026/08/30 02:04:30.779, 0 MiB, 0 %
2026/08/30 02:04:32.780, 0 MiB, 0 %
2026/08/30 02:04:34.780, 0 MiB, 0 %
2026/08/30 02:04:36.780, 0 MiB, 0 %
2026/08/30 02:04:38.781, 0 MiB, 0 %
2026/08/30 02:04:40.781, 0 MiB, 0 %
2026/08/30 02:04:42.781, 0 MiB, 0 %
2026/08/30 02:04:44.781, 0 MiB, 0 %
2026/08/30 02:04:46.782, 0 MiB, 0 %
2026/08/30 02:04:48.782, 0 MiB, 0 %
2026/08/30 02:04:50.782, 0 MiB, 0 %
2026/08/30 02:04:52.783, 0 MiB, 0 %
2026/08/30 02:04:54.783, 0 MiB, 0 %
2026/08/30 02:04:56.783, 0 MiB, 0 %
2026/08/30 02:04:58.783, 0 MiB, 0 %
2026/08/30 02:05:00.783, 0 MiB, 0 %
2026/08/30 02:05:02.784, 0 MiB, 0 %
2026/08/30 02:05:04.784, 0 MiB, 0 %
2026/08/30 02:05:06.784, 0 MiB, 0 %
2026/08/30 02:05:08.785, 0 MiB, 0 %
2026/08/30 02:05:10.785, 0 MiB, 0 %
2026/08/30 02:05:12.785, 0 MiB, 0 %
2026/08/30 02:05:14.785, 0 MiB, 0 %
2026/08/30 02:05:16.786, 0 MiB, 0 %
2026/08/30 02:05:18.786, 0 MiB, 0 %
2026/08/30 02:05:20.786, 0 MiB, 0 %
2026/08/30 02:05:22.787, 0 MiB, 0 %
2026/08/30 02:05:24.787, 0 MiB, 0 %
2026/08/30 02:05:26.787, 0 MiB, 0 %
2026/08/30 02:05:28.787, 0 MiB, 0 %
2026/08/30 02:05:30.788, 0 MiB, 0 %
2026/08/30 02:05:32.788, 0 MiB, 0 %
2026/08/30 02:05:34.788, 0 MiB, 0 %
2026/08/30 02:05:36.789, 0 MiB, 0 %
2026/08/30 02:05:38.789, 0 MiB, 0 %
2026/08/30 02:05:40.789, 0 MiB, 0 %
2026/08/30 02:05:42.789, 0 MiB, 0 %
2026/08/30 02:05:44.790, 0 MiB, 0 %
2026/08/30 02:05:46.790, 0 MiB, 0 %
2026/08/30 02:05:48.790, 0 MiB, 0 %
2026/08/30 02:05:50.791, 0 MiB, 0 %
2026/08/30 02:05:52.791, 0 MiB, 0 %
2026/08/30 02:05:54.791, 0 MiB, 0 %
2026/08/30 02:05:56.791, 0 MiB, 0 %
2026/08/30 02:05:58.792, 0 MiB, 0 %
2026/08/30 02:06:00.792, 0 MiB, 0 %
2026/08/30 02:06:02.792, 0 MiB, 0 %
2026/08/30 02:06:04.792, 0 MiB, 0 %
2026/08/30 02:06:06.793, 0 MiB, 0 %
2026/08/30 02:06:08.793, 0 MiB, 0 %
2026/08/30 02:06:10.793, 0 MiB, 0 %
2026/08/30 02:06:12.794, 0 MiB, 0 %
2026/08/30 02:06:14.794, 0 MiB, 0 %
2026/08/30 02:06:16.794, 0 MiB, 0 %
2026/08/30 02:06:18.795, 0 MiB, 0 %
2026/08/30 02:06:20.795, 0 MiB, 0 %
2026/08/30 02:06:22.795, 0 MiB, 0 %
2026/08/30 02:06:24.795, 0 MiB, 0 %
2026/08/30 02:06:26.796, 0 MiB, 0 %
2026/08/30 02:06:28.796, 0 MiB, 0 %
2026/08/30 02:06:30.796, 0 MiB, 0 %
2026/08/30 02:06:32.797, 0 MiB, 0 %
2026/08/30 02:06:34.797, 0 MiB, 0 %
2026/08/30 02:06:36.797, 0 MiB, 0 %
2026/08/30 02:06:38.798, 0 MiB, 0 %
2026/08/30 02:06:40.798, 0 MiB, 0 %
2026/08/30 02:06:42.798, 0 MiB, 0 %
2026/08/30 02:06:44.798, 0 MiB, 0 %
2026/08/30 02:06:46.799, 0 MiB, 0 %
2026/08/30 02:06:48.799, 0 MiB, 0 %
2026/08/30 02:06:50.799, 0 MiB, 0 %
2026/08/30 02:06:52.799, 0 MiB, 0 %
2026/08/30 02:06:54.800, 0 MiB, 0 %
2026/08/30 02:06:56.800, 0 MiB, 0 %
2026/08/30 02:06:58.800, 0 MiB, 0 %
2026/08/30 02:07:00.801, 0 MiB, 0 %
2026/08/30 02:07:02.801, 0 MiB, 0 %
2026/08/30 02:07:04.801, 0 MiB, 0 %
2026/08/30 02:07:06.801, 0 MiB, 0 %
2026/08/30 02:07:08.802, 0 MiB, 0 %
2026/08/30 02:07:10.802, 0 MiB, 0 %
2026/08/30 02:07:12.802, 0 MiB, 0 %
2026/08/30 02:07:14.803, 0 MiB, 0 %
2026/08/30 02:07:16.803, 0 MiB, 0 %
2026/08/30 02:07:18.803, 0 MiB, 0 %
2026/08/30 02:07:20.804, 0 MiB, 0 %
2026/08/30 02:07:22.804, 0 MiB, 0 %
2026/08/30 02:07:24.804, 0 MiB, 0 %
2026/08/30 02:07:26.805, 0 MiB, 0 %
2026/08/30 02:07:28.805, 0 MiB, 0 %
2026/08/30 02:07:30.805, 0 MiB, 0 %
2026/08/30 02:07:32.806, 0 MiB, 0 %
2026/08/30 02:07:34.806, 0 MiB, 0 %
2026/08/30 02:07:36.806, 0 MiB, 0 %
2026/08/30 02:07:38.807, 0 MiB, 0 %
2026/08/30 02:07:40.807, 0 MiB, 0 %
2026/08/30 02:07:42.807, 0 MiB, 0 %
2026/08/30 02:07:44.807, 0 MiB, 0 %
2026/08/30 02:07:46.808, 0 MiB, 0 %
2026/08/30 02:07:48.808, 0 MiB, 0 %
2026/08/30 02:07:50.808, 0 MiB, 0 %
2026/08/30 02:07:52.808, 0 MiB, 0 %
2026/08/30 02:07:54.809, 0 MiB, 0 %
2026/08/30 02:07:56.809, 0 MiB, 0 %
2026/08/30 02:07:58.809, 0 MiB, 0 %
2026/08/30 02:08:00.810, 0 MiB, 0 %
2026/08/30 02:08:02.810, 0 MiB, 0 %
2026/08/30 02:08:04.810, 0 MiB, 0 %
2026/08/30 02:08:06.811, 0 MiB, 0 %
2026/08/30 02:08:08.811, 0 MiB, 0 %
2026/08/30 02:08:10.811, 0 MiB, 0 %
2026/08/30 02:08:12.811, 0 MiB, 0 %
2026/08/30 02:08:14.812, 0 MiB, 0 %
2026/08/30 02:08:16.812, 0 MiB, 0 %
2026/08/30 02:08:18.812, 0 MiB, 0 %
2026/08/30 02:08:20.813, 0 MiB, 0 %
2026/08/30 02:08:22.813, 0 MiB, 0 %
2026/08/30 02:08:24.813, 0 MiB, 0 %
2026/08/30 02:08:26.813, 0 MiB, 0 %
2026/08/30 02:08:28.814, 0 MiB, 0 %
2026/08/30 02:08:30.814, 0 MiB, 0 %
2026/08/30 02:08:32.814, 0 MiB, 0 %
2026/08/30 02:08:34.815, 0 MiB, 0 %
2026/08/30 02:08:36.815, 0 MiB, 0 %
2026/08/30 02:08:38.815, 0 MiB, 0 %
2026/08/30 02:08:40.815, 0 MiB, 0 %
2026/08/30 02:08:42.816, 0 MiB, 0 %
2026/08/30 02:08:44.816, 0 MiB, 0 %
2026/08/30 02:08:46.816, 0 MiB, 0 %
2026/08/30 02:08:48.817, 0 MiB, 0 %
2026/08/30 02:08:50.817, 0 MiB, 0 %
2026/08/30 02:08:52.817, 0 MiB, 0 %
2026/08/30 02:08:54.817, 0 MiB, 0 %
2026/08/30 02:08:56.818, 0 MiB, 0 %
2026/08/30 02:08:58.818, 0 MiB, 0 %
2026/08/30 02:09:00.818, 0 MiB, 0 %
2026/08/30 02:09:02.819, 0 MiB, 0 %
2026/08/30 02:09:04.819, 0 MiB, 0 %
2026/08/30 02:09:06.819, 0 MiB, 0 %
2026/08/30 02:09:08.819, 0 MiB, 0 %
2026/08/30 02:09:10.820, 0 MiB, 0 %
2026/08/30 02:09:12.820, 0 MiB, 0 %
2026/08/30 02:09:14.820, 0 MiB, 0 %
2026/08/30 02:09:16.821, 0 MiB, 0 %
2026/08/30 02:09:18.821, 0 MiB, 0 %
2026/08/30 02:09:20.821, 0 MiB, 0 %
2026/08/30 02:09:22.822, 0 MiB, 0 %
2026/08/30 02:09:24.822, 0 MiB, 0 %
2026/08/30 02:09:26.822, 0 MiB, 0 %
2026/08/30 02:09:28.823, 0 MiB, 0 %
2026/08/30 02:09:30.823, 0 MiB, 0 %
2026/08/30 02:09:32.823, 0 MiB, 0 %
2026/08/30 02:09:34.823, 0 MiB, 0 %
2026/08/30 02:09:36.824, 0 MiB, 0 %
2026/08/30 02:09:38.824, 0 MiB, 0 %
2026/08/30 02:09:40.824, 0 MiB, 0 %
2026/08/30 02:09:42.825, 0 MiB, 0 %
2026/08/30 02:09:44.825, 0 MiB, 0 %
2026/08/30 02:09:46.825, 0 MiB, 0 %
2026/08/30 02:09:48.826, 0 MiB, 0 %
2026/08/30 02:09:50.826, 0 MiB, 0 %
2026/08/30 02:09:52.826, 0 MiB, 0 %
2026/08/30 02:09:54.826, 0 MiB, 0 %
2026/08/30 02:09:56.827, 0 MiB, 0 %
2026/08/30 02:09:58.827, 0 MiB, 0 %
2026/08/30 02:10:00.827, 0 MiB, 0 %
2026/08/30 02:10:02.828, 0 MiB, 0 %
2026/08/30 02:10:04.828, 0 MiB, 0 %
2026/08/30 02:10:06.828, 0 MiB, 0 %
2026/08/30 02:10:08.829, 0 MiB, 0 %
2026/08/30 02:10:10.829, 0 MiB, 0 %
2026/08/30 02:10:12.829, 0 MiB, 0 %
2026/08/30 02:10:14.830, 0 MiB, 0 %
2026/08/30 02:10:16.830, 0 MiB, 0 %
2026/08/30 02:10:18.830, 0 MiB, 0 %
2026/08/30 02:10:20.831, 0 MiB, 0 %
2026/08/30 02:10:22.831, 0 MiB, 0 %
2026/08/30 02:10:24.831, 0 MiB, 0 %
2026/08/30 02:10:26.831, 0 MiB, 0 %
2026/08/30 02:10:28.832, 0 MiB, 0 %
2026/08/30 02:10:30.832, 0 MiB, 0 %
2026/08/30 02:10:32.832, 0 MiB, 0 %
2026/08/30 02:10:34.833, 0 MiB, 0 %
2026/08/30 02:10:36.833, 0 MiB, 0 %
2026/08/30 02:10:38.833, 0 MiB, 0 %
2026/08/30 02:10:40.833, 0 MiB, 0 %
2026/08/30 02:10:42.834, 0 MiB, 0 %
2026/08/30 02:10:44.834, 0 MiB, 0 %
2026/08/30 02:10:46.834, 0 MiB, 0 %
2026/08/30 02:10:48.835, 0 MiB, 0 %
2026/08/30 02:10:50.835, 0 MiB, 0 %
2026/08/30 02:10:52.835, 0 MiB, 0 %
2026/08/30 02:10:54.835, 0 MiB, 0 %
2026/08/30 02:10:56.836, 0 MiB, 0 %
2026/08/30 02:10:58.836, 0 MiB, 0 %
2026/08/30 02:11:00.836, 0 MiB, 0 %
2026/08/30 02:11:02.837, 0 MiB, 0 %
2026/08/30 02:11:04.837, 0 MiB, 0 %
2026/08/30 02:11:06.837, 0 MiB, 0 %
2026/08/30 02:11:08.837, 0 MiB, 0 %
2026/08/30 02:11:10.838, 0 MiB, 0 %
2026/08/30 02:11:12.838, 0 MiB, 0 %
2026/08/30 02:11:14.838, 0 MiB, 0 %
2026/08/30 02:11:16.839, 0 MiB, 0 %
2026/08/30 02:11:18.839, 0 MiB, 0 %
2026/08/30 02:11:20.839, 0 MiB, 0 %
2026/08/30 02:11:22.839, 0 MiB, 0 %
2026/08/30 02:11:24.840, 0 MiB, 0 %
2026/08/30 02:11:26.840, 0 MiB, 0 %
2026/08/30 02:11:28.840, 0 MiB, 0 %
2026/08/30 02:11:30.841, 0 MiB, 0 %
2026/08/30 02:11:32.841, 0 MiB, 0 %
2026/08/30 02:11:34.841, 0 MiB, 0 %
2026/08/30 02:11:36.841, 0 MiB, 0 %
2026/08/30 02:11:38.842, 0 MiB, 0 %
2026/08/30 02:11:40.842, 0 MiB, 0 %
2026/08/30 02:11:42.842, 0 MiB, 0 %
2026/08/30 02:11:44.843, 0 MiB, 0 %
2026/08/30 02:11:46.843, 0 MiB, 0 %
2026/08/30 02:11:48.843, 0 MiB, 0 %
2026/08/30 02:11:50.843, 0 MiB, 0 %
2026/08/30 02:11:52.844, 0 MiB, 0 %
2026/08/30 02:11:54.844, 0 MiB, 0 %
2026/08/30 02:11:56.844, 0 MiB, 0 %
2026/08/30 02:11:58.844, 0 MiB, 0 %
2026/08/30 02:12:00.845, 0 MiB, 0 %
2026/08/30 02:12:02.845, 0 MiB, 0 %
2026/08/30 02:12:04.845, 0 MiB, 0 %
2026/08/30 02:12:06.845, 0 MiB, 0 %
2026/08/30 02:12:08.846, 0 MiB, 0 %
2026/08/30 02:12:10.846, 0 MiB, 0 %
2026/08/30 02:12:12.846, 0 MiB, 0 %
2026/08/30 02:12:14.847, 0 MiB, 0 %
2026/08/30 02:12:16.847, 0 MiB, 0 %
2026/08/30 02:12:18.847, 0 MiB, 0 %
2026/08/30 02:12:20.847, 0 MiB, 0 %
2026/08/30 02:12:22.848, 0 MiB, 0 %
2026/08/30 02:12:24.848, 0 MiB, 0 %
2026/08/30 02:12:26.848, 0 MiB, 0 %
2026/08/30 02:12:28.849, 0 MiB, 0 %
2026/08/30 02:12:30.849, 0 MiB, 0 %
2026/08/30 02:12:32.849, 0 MiB, 0 %
2026/08/30 02:12:34.849, 0 MiB, 0 %
2026/08/30 02:12:36.850, 0 MiB, 0 %
2026/08/30 02:12:38.850, 0 MiB, 0 %
2026/08/30 02:12:40.850, 0 MiB, 0 %
2026/08/30 02:12:42.851, 0 MiB, 0 %
2026/08/30 02:12:44.851, 0 MiB, 0 %
2026/08/30 02:12:46.851, 0 MiB, 0 %
2026/08/30 02:12:48.851, 0 MiB, 0 %
2026/08/30 02:12:50.852, 0 MiB, 0 %
2026/08/30 02:12:52.852, 0 MiB, 0 %
2026/08/30 02:12:54.852, 0 MiB, 0 %
2026/08/30 02:12:56.853, 0 MiB, 0 %
2026/08/30 02:12:58.853, 0 MiB, 0 %
2026/08/30 02:13:00.853, 0 MiB, 0 %
2026/08/30 02:13:02.853, 0 MiB, 0 %
2026/08/30 02:13:04.854, 0 MiB, 0 %
2026/08/30 02:13:06.854, 0 MiB, 0 %
2026/08/30 02:13:08.854, 0 MiB, 0 %
2026/08/30 02:13:10.854, 0 MiB, 0 %
2026/08/30 02:13:12.855, 0 MiB, 0 %
2026/08/30 02:13:14.855, 0 MiB, 0 %
2026/08/30 02:13:16.855, 0 MiB, 0 %
2026/08/30 02:13:18.856, 0 MiB, 0 %
2026/08/30 02:13:20.856, 0 MiB, 0 %
2026/08/30 02:13:22.856, 0 MiB, 0 %
2026/08/30 02:13:24.856, 0 MiB, 0 %
2026/08/30 02:13:26.857, 0 MiB, 0 %
2026/08/30 02:13:28.857, 0 MiB, 0 %
2026/08/30 02:13:30.857, 0 MiB, 0 %
2026/08/30 02:13:32.858, 0 MiB, 0 %
2026/08/30 02:13:34.858, 0 MiB, 0 %
2026/08/30 02:13:36.858, 0 MiB, 0 %
2026/08/30 02:13:38.858, 0 MiB, 0 %
2026/08/30 02:13:40.859, 0 MiB, 0 %
2026/08/30 02:13:42.859, 0 MiB, 0 %
2026/08/30 02:13:44.859, 0 MiB, 0 %
2026/08/30 02:13:46.859, 0 MiB, 0 %
2026/08/30 02:13:48.860, 0 MiB, 0 %
2026/08/30 02:13:50.860, 0 MiB, 0 %
2026/08/30 02:13:52.860, 0 MiB, 0 %
2026/08/30 02:13:54.861, 0 MiB, 0 %
2026/08/30 02:13:56.861, 0 MiB, 0 %
2026/08/30 02:13:58.861, 0 MiB, 0 %
2026/08/30 02:14:00.861, 0 MiB, 0 %
2026/08/30 02:14:02.862, 0 MiB, 0 %
2026/08/30 02:14:04.862, 0 MiB, 0 %
2026/08/30 02:14:06.862, 0 MiB, 0 %
2026/08/30 02:14:08.863, 0 MiB, 0 %
2026/08/30 02:14:10.863, 0 MiB, 0 %
2026/08/30 02:14:12.863, 0 MiB, 0 %
2026/08/30 02:14:14.863, 0 MiB, 0 %
2026/08/30 02:14:16.864, 0 MiB, 0 %
2026/08/30 02:14:18.864, 0 MiB, 0 %
2026/08/30 02:14:20.864, 0 MiB, 0 %
2026/08/30 02:14:22.865, 0 MiB, 0 %
2026/08/30 02:14:24.865, 0 MiB, 0 %
2026/08/30 02:14:26.865, 0 MiB, 0 %
2026/08/30 02:14:28.865, 0 MiB, 0 %
2026/08/30 02:14:30.866, 0 MiB, 0 %
2026/08/30 02:14:32.866, 0 MiB, 0 %
2026/08/30 02:14:34.866, 0 MiB, 0 %
2026/08/30 02:14:36.867, 0 MiB, 0 %
2026/08/30 02:14:38.867, 0 MiB, 0 %
2026/08/30 02:14:40.867, 0 MiB, 0 %
2026/08/30 02:14:42.867, 0 MiB, 0 %
2026/08/30 02:14:44.868, 0 MiB, 0 %
2026/08/30 02:14:46.868, 0 MiB, 0 %
2026/08/30 02:14:48.868, 0 MiB, 0 %
2026/08/30 02:14:50.868, 0 MiB, 0 %
2026/08/30 02:14:52.869, 0 MiB, 0 %
2026/08/30 02:14:54.869, 0 MiB, 0 %
2026/08/30 02:14:56.869, 0 MiB, 0 %
2026/08/30 02:14:58.870, 0 MiB, 0 %
2026/08/30 02:15:00.870, 0 MiB, 0 %
2026/08/30 02:15:02.870, 0 MiB, 0 %
2026/08/30 02:15:04.870, 0 MiB, 0 %
2026/08/30 02:15:06.871, 0 MiB, 0 %
2026/08/30 02:15:08.871, 0 MiB, 0 %
2026/08/30 02:15:10.871, 0 MiB, 0 %
2026/08/30 02:15:12.872, 0 MiB, 0 %
2026/08/30 02:15:14.872, 0 MiB, 0 %
2026/08/30 02:15:16.872, 0 MiB, 0 %
2026/08/30 02:15:18.872, 0 MiB, 0 %
2026/08/30 02:15:20.873, 0 MiB, 0 %
2026/08/30 02:15:22.873, 0 MiB, 0 %
2026/08/30 02:15:24.873, 0 MiB, 0 %
2026/08/30 02:15:26.873, 0 MiB, 0 %
2026/08/30 02:15:28.874, 0 MiB, 0 %
2026/08/30 02:15:30.874, 0 MiB, 0 %
2026/08/30 02:15:32.874, 0 MiB, 0 %
2026/08/30 02:15:34.874, 0 MiB, 0 %
2026/08/30 02:15:36.875, 0 MiB, 0 %
2026/08/30 02:15:38.875, 0 MiB, 0 %
2026/08/30 02:15:40.875, 0 MiB, 0 %
2026/08/30 02:15:42.876, 0 MiB, 0 %
2026/08/30 02:15:44.876, 0 MiB, 0 %
2026/08/30 02:15:46.876, 0 MiB, 0 %
2026/08/30 02:15:48.876, 0 MiB, 0 %
2026/08/30 02:15:50.877, 0 MiB, 0 %
2026/08/30 02:15:52.877, 0 MiB, 0 %
2026/08/30 02:15:54.877, 0 MiB, 0 %
2026/08/30 02:15:56.877, 0 MiB, 0 %
2026/08/30 02:15:58.877, 0 MiB, 0 %
2026/08/30 02:16:00.878, 0 MiB, 0 %
2026/08/30 02:16:02.878, 0 MiB, 0 %
2026/08/30 02:16:04.878, 0 MiB, 0 %
2026/08/30 02:16:06.879, 0 MiB, 0 %
2026/08/30 02:16:08.879, 0 MiB, 0 %
2026/08/30 02:16:10.879, 0 MiB, 0 %
2026/08/30 02:16:12.879, 0 MiB, 0 %
2026/08/30 02:16:14.880, 0 MiB, 0 %
2026/08/30 02:16:16.880, 0 MiB, 0 %
2026/08/30 02:16:18.880, 0 MiB, 0 %
2026/08/30 02:16:20.880, 0 MiB, 0 %
2026/08/30 02:16:22.881, 0 MiB, 0 %
2026/08/30 02:16:24.881, 0 MiB, 0 %
2026/08/30 02:16:26.881, 0 MiB, 0 %
2026/08/30 02:16:28.881, 0 MiB, 0 %
2026/08/30 02:16:30.882, 0 MiB, 0 %
2026/08/30 02:16:32.882, 0 MiB, 0 %
2026/08/30 02:16:34.882, 0 MiB, 0 %
2026/08/30 02:16:36.883, 0 MiB, 0 %
2026/08/30 02:16:38.883, 0 MiB, 0 %
2026/08/30 02:16:40.883, 0 MiB, 0 %
2026/08/30 02:16:42.884, 0 MiB, 0 %
2026/08/30 02:16:44.884, 0 MiB, 0 %
2026/08/30 02:16:46.884, 0 MiB, 0 %
2026/08/30 02:16:48.885, 0 MiB, 0 %
2026/08/30 02:16:50.885, 0 MiB, 0 %
2026/08/30 02:16:52.885, 0 MiB, 0 %
2026/08/30 02:16:54.886, 0 MiB, 0 %
2026/08/30 02:16:56.886, 0 MiB, 0 %
2026/08/30 02:16:58.886, 0 MiB, 0 %
2026/08/30 02:17:00.887, 0 MiB, 0 %
2026/08/30 02:17:02.887, 0 MiB, 0 %
2026/08/30 02:17:04.887, 0 MiB, 0 %
2026/08/30 02:17:06.888, 0 MiB, 0 %
2026/08/30 02:17:08.888, 0 MiB, 0 %
2026/08/30 02:17:10.888, 0 MiB, 0 %
2026/08/30 02:17:12.888, 0 MiB, 0 %
2026/08/30 02:17:14.889, 0 MiB, 0 %
2026/08/30 02:17:16.889, 0 MiB, 0 %
2026/08/30 02:17:18.889, 0 MiB, 0 %
2026/08/30 02:17:20.890, 0 MiB, 0 %
2026/08/30 02:17:22.890, 0 MiB, 0 %
2026/08/30 02:17:24.890, 0 MiB, 0 %
2026/08/30 02:17:26.890, 0 MiB, 0 %
2026/08/30 02:17:28.890, 0 MiB, 0 %
2026/08/30 02:17:30.891, 0 MiB, 0 %
2026/08/30 02:17:32.891, 0 MiB, 0 %
2026/08/30 02:17:34.891, 0 MiB, 0 %
2026/08/30 02:17:36.892, 0 MiB, 0 %
2026/08/30 02:17:38.892, 0 MiB, 0 %
2026/08/30 02:17:40.892, 0 MiB, 0 %
2026/08/30 02:17:42.892, 0 MiB, 0 %
2026/08/30 02:17:44.893, 0 MiB, 0 %
2026/08/30 02:17:46.893, 0 MiB, 0 %
2026/08/30 02:17:48.893, 0 MiB, 0 %
2026/08/30 02:17:50.893, 0 MiB, 0 %
2026/08/30 02:17:52.894, 0 MiB, 0 %
2026/08/30 02:17:54.894, 0 MiB, 0 %
2026/08/30 02:17:56.894, 0 MiB, 0 %
2026/08/30 02:17:58.895, 0 MiB, 0 %
2026/08/30 02:18:00.895, 0 MiB, 0 %
2026/08/30 02:18:02.895, 0 MiB, 0 %
2026/08/30 02:18:04.896, 0 MiB, 0 %
2026/08/30 02:18:06.896, 0 MiB, 0 %
2026/08/30 02:18:08.896, 0 MiB, 0 %
2026/08/30 02:18:10.896, 0 MiB, 0 %
2026/08/30 02:18:12.897, 0 MiB, 0 %
2026/08/30 02:18:14.897, 0 MiB, 0 %
2026/08/30 02:18:16.897, 0 MiB, 0 %
2026/08/30 02:18:18.898, 0 MiB, 0 %
2026/08/30 02:18:20.898, 0 MiB, 0 %
2026/08/30 02:18:22.898, 0 MiB, 0 %
2026/08/30 02:18:24.899, 0 MiB, 0 %
2026/08/30 02:18:26.899, 0 MiB, 0 %
2026/08/30 02:18:28.899, 0 MiB, 0 %
2026/08/30 02:18:30.900, 0 MiB, 0 %
2026/08/30 02:18:32.900, 0 MiB, 0 %
2026/08/30 02:18:34.900, 0 MiB, 0 %
2026/08/30 02:18:36.900, 0 MiB, 0 %
2026/08/30 02:18:38.901, 0 MiB, 0 %
2026/08/30 02:18:40.901, 0 MiB, 0 %
2026/08/30 02:18:42.901, 0 MiB, 0 %
2026/08/30 02:18:44.902, 0 MiB, 0 %
2026/08/30 02:18:46.902, 0 MiB, 0 %
2026/08/30 02:18:48.902, 0 MiB, 0 %
2026/08/30 02:18:50.902, 0 MiB, 0 %
2026/08/30 02:18:52.903, 0 MiB, 0 %
2026/08/30 02:18:54.903, 0 MiB, 0 %
2026/08/30 02:18:56.903, 0 MiB, 0 %
2026/08/30 02:18:58.903, 0 MiB, 0 %
2026/08/30 02:19:00.904, 0 MiB, 0 %
2026/08/30 02:19:02.904, 0 MiB, 0 %
2026/08/30 02:19:04.904, 0 MiB, 0 %
2026/08/30 02:19:06.905, 0 MiB, 0 %
2026/08/30 02:19:08.905, 0 MiB, 0 %
2026/08/30 02:19:10.905, 0 MiB, 0 %
2026/08/30 02:19:12.906, 0 MiB, 0 %
2026/08/30 02:19:14.906, 0 MiB, 0 %
2026/08/30 02:19:16.906, 0 MiB, 0 %
2026/08/30 02:19:18.906, 0 MiB, 0 %
2026/08/30 02:19:20.907, 0 MiB, 0 %
2026/08/30 02:19:22.907, 0 MiB, 0 %
2026/08/30 02:19:24.907, 0 MiB, 0 %
2026/08/30 02:19:26.908, 0 MiB, 0 %
2026/08/30 02:19:28.908, 0 MiB, 0 %
2026/08/30 02:19:30.908, 0 MiB, 0 %
2026/08/30 02:19:32.908, 0 MiB, 0 %
2026/08/30 02:19:34.909, 0 MiB, 0 %
2026/08/30 02:19:36.909, 0 MiB, 0 %
2026/08/30 02:19:38.909, 0 MiB, 0 %
2026/08/30 02:19:40.910, 0 MiB, 0 %
2026/08/30 02:19:42.910, 0 MiB, 0 %
2026/08/30 02:19:44.910, 0 MiB, 0 %
2026/08/30 02:19:46.911, 0 MiB, 0 %
2026/08/30 02:19:48.911, 0 MiB, 0 %
2026/08/30 02:19:50.911, 0 MiB, 0 %
2026/08/30 02:19:52.911, 0 MiB, 0 %
2026/08/30 02:19:54.912, 0 MiB, 0 %
2026/08/30 02:19:56.912, 0 MiB, 0 %
2026/08/30 02:19:58.912, 0 MiB, 0 %
2026/08/30 02:20:00.913, 0 MiB, 0 %
2026/08/30 02:20:02.913, 0 MiB, 0 %
2026/08/30 02:20:04.913, 0 MiB, 0 %
2026/08/30 02:20:06.914, 0 MiB, 0 %
2026/08/30 02:20:08.914, 0 MiB, 0 %
2026/08/30 02:20:10.914, 0 MiB, 0 %
2026/08/30 02:20:12.915, 0 MiB, 0 %
2026/08/30 02:20:14.915, 0 MiB, 0 %
2026/08/30 02:20:16.915, 0 MiB, 0 %
2026/08/30 02:20:18.916, 0 MiB, 0 %
2026/08/30 02:20:20.916, 0 MiB, 0 %
2026/08/30 02:20:22.917, 0 MiB, 0 %
2026/08/30 02:20:24.917, 0 MiB, 0 %
2026/08/30 02:20:26.917, 0 MiB, 0 %
2026/08/30 02:20:28.917, 0 MiB, 0 %
2026/08/30 02:20:30.918, 0 MiB, 0 %
2026/08/30 02:20:32.918, 0 MiB, 0 %
2026/08/30 02:20:34.918, 0 MiB, 0 %
2026/08/30 02:20:36.919, 0 MiB, 0 %
2026/08/30 02:20:38.919, 0 MiB, 0 %
2026/08/30 02:20:40.919, 0 MiB, 0 %
2026/08/30 02:20:42.920, 0 MiB, 0 %
2026/08/30 02:20:44.920, 0 MiB, 0 %
2026/08/30 02:20:46.920, 0 MiB, 0 %
2026/08/30 02:20:48.921, 0 MiB, 0 %
2026/08/30 02:20:50.921, 0 MiB, 0 %
2026/08/30 02:20:52.921, 0 MiB, 0 %
2026/08/30 02:20:54.922, 0 MiB, 0 %
2026/08/30 02:20:56.922, 0 MiB, 0 %
2026/08/30 02:20:58.922, 0 MiB, 0 %
2026/08/30 02:21:00.923, 0 MiB, 0 %
2026/08/30 02:21:02.923, 0 MiB, 0 %
2026/08/30 02:21:04.923, 0 MiB, 0 %
2026/08/30 02:21:06.924, 0 MiB, 0 %
2026/08/30 02:21:08.924, 0 MiB, 0 %
2026/08/30 02:21:10.924, 0 MiB, 0 %
2026/08/30 02:21:12.924, 0 MiB, 0 %
2026/08/30 02:21:14.925, 0 MiB, 0 %
2026/08/30 02:21:16.925, 0 MiB, 0 %
2026/08/30 02:21:18.925, 0 MiB, 0 %
2026/08/30 02:21:20.927, 0 MiB, 0 %
2026/08/30 02:21:22.927, 0 MiB, 0 %
2026/08/30 02:21:24.927, 0 MiB, 0 %
2026/08/30 02:21:26.927, 0 MiB, 0 %
2026/08/30 02:21:28.928, 0 MiB, 0 %
2026/08/30 02:21:30.928, 0 MiB, 0 %
2026/08/30 02:21:32.928, 0 MiB, 0 %
2026/08/30 02:21:34.929, 0 MiB, 0 %
2026/08/30 02:21:36.929, 0 MiB, 0 %
2026/08/30 02:21:38.929, 0 MiB, 0 %
2026/08/30 02:21:40.929, 0 MiB, 0 %
2026/08/30 02:21:42.930, 0 MiB, 0 %
2026/08/30 02:21:44.930, 0 MiB, 0 %
2026/08/30 02:21:46.930, 0 MiB, 0 %
2026/08/30 02:21:48.931, 0 MiB, 0 %
2026/08/30 02:21:50.931, 0 MiB, 0 %
2026/08/30 02:21:52.931, 0 MiB, 0 %
2026/08/30 02:21:54.931, 0 MiB, 0 %
2026/08/30 02:21:56.932, 0 MiB, 0 %
2026/08/30 02:21:58.932, 0 MiB, 0 %
2026/08/30 02:22:00.932, 0 MiB, 0 %
2026/08/30 02:22:02.933, 0 MiB, 0 %
2026/08/30 02:22:04.933, 0 MiB, 0 %
2026/08/30 02:22:06.933, 0 MiB, 0 %
2026/08/30 02:22:08.933, 0 MiB, 0 %
2026/08/30 02:22:10.934, 0 MiB, 0 %
2026/08/30 02:22:12.934, 0 MiB, 0 %
2026/08/30 02:22:14.934, 0 MiB, 0 %
2026/08/30 02:22:16.935, 0 MiB, 0 %
2026/08/30 02:22:18.935, 0 MiB, 0 %
2026/08/30 02:22:20.937, 0 MiB, 0 %
2026/08/30 02:22:22.938, 0 MiB, 0 %
2026/08/30 02:22:24.938, 0 MiB, 0 %
2026/08/30 02:22:26.938, 0 MiB, 0 %
2026/08/30 02:22:28.938, 0 MiB, 0 %
2026/08/30 02:22:30.939, 0 MiB, 0 %
2026/08/30 02:22:32.939, 0 MiB, 0 %
2026/08/30 02:22:34.939, 0 MiB, 0 %
2026/08/30 02:22:36.940, 0 MiB, 0 %
2026/08/30 02:22:38.940, 0 MiB, 0 %
2026/08/30 02:22:40.940, 0 MiB, 0 %
2026/08/30 02:22:42.941, 0 MiB, 0 %
2026/08/30 02:22:44.941, 0 MiB, 0 %
2026/08/30 02:22:46.941, 0 MiB, 0 %
2026/08/30 02:22:48.942, 0 MiB, 0 %
2026/08/30 02:22:50.942, 0 MiB, 0 %
2026/08/30 02:22:52.942, 0 MiB, 0 %
2026/08/30 02:22:54.943, 0 MiB, 0 %
2026/08/30 02:22:56.943, 0 MiB, 0 %
2026/08/30 02:22:58.943, 0 MiB, 0 %
2026/08/30 02:23:00.944, 0 MiB, 0 %
2026/08/30 02:23:02.944, 0 MiB, 0 %
2026/08/30 02:23:04.944, 0 MiB, 0 %
2026/08/30 02:23:06.945, 0 MiB, 0 %
2026/08/30 02:23:08.945, 0 MiB, 0 %
2026/08/30 02:23:10.945, 0 MiB, 0 %
2026/08/30 02:23:12.945, 0 MiB, 0 %
2026/08/30 02:23:14.946, 0 MiB, 0 %
2026/08/30 02:23:16.946, 0 MiB, 0 %
2026/08/30 02:23:18.946, 0 MiB, 0 %
2026/08/30 02:23:20.947, 0 MiB, 0 %
2026/08/30 02:23:22.947, 0 MiB, 0 %
2026/08/30 02:23:24.947, 0 MiB, 0 %
2026/08/30 02:23:26.948, 0 MiB, 0 %
2026/08/30 02:23:28.948, 0 MiB, 0 %
2026/08/30 02:23:30.948, 0 MiB, 0 %
2026/08/30 02:23:32.949, 0 MiB, 0 %
2026/08/30 02:23:34.949, 0 MiB, 0 %
2026/08/30 02:23:36.949, 0 MiB, 0 %
2026/08/30 02:23:38.950, 0 MiB, 0 %
2026/08/30 02:23:40.950, 0 MiB, 0 %
2026/08/30 02:23:42.950, 0 MiB, 0 %
2026/08/30 02:23:44.950, 0 MiB, 0 %
2026/08/30 02:23:46.951, 0 MiB, 0 %
2026/08/30 02:23:48.951, 0 MiB, 0 %
2026/08/30 02:23:50.951, 0 MiB, 0 %
2026/08/30 02:23:52.952, 0 MiB, 0 %
2026/08/30 02:23:54.952, 0 MiB, 0 %
2026/08/30 02:23:56.952, 0 MiB, 0 %
2026/08/30 02:23:58.953, 0 MiB, 0 %
2026/08/30 02:24:00.953, 0 MiB, 0 %
2026/08/30 02:24:02.953, 0 MiB, 0 %
2026/08/30 02:24:04.954, 0 MiB, 0 %
2026/08/30 02:24:06.954, 0 MiB, 0 %
2026/08/30 02:24:08.954, 0 MiB, 0 %
2026/08/30 02:24:10.955, 0 MiB, 0 %
2026/08/30 02:24:12.955, 0 MiB, 0 %
2026/08/30 02:24:14.955, 0 MiB, 0 %
2026/08/30 02:24:16.955, 0 MiB, 0 %
2026/08/30 02:24:18.956, 0 MiB, 0 %
2026/08/30 02:24:20.956, 0 MiB, 0 %
2026/08/30 02:24:22.956, 0 MiB, 0 %
2026/08/30 02:24:24.957, 0 MiB, 0 %
2026/08/30 02:24:26.957, 0 MiB, 0 %
2026/08/30 02:24:28.957, 0 MiB, 0 %
2026/08/30 02:24:30.958, 0 MiB, 0 %
2026/08/30 02:24:32.958, 0 MiB, 0 %
2026/08/30 02:24:34.958, 0 MiB, 0 %
2026/08/30 02:24:36.959, 0 MiB, 0 %
2026/08/30 02:24:38.959, 0 MiB, 0 %
2026/08/30 02:24:40.960, 0 MiB, 0 %
2026/08/30 02:24:42.960, 0 MiB, 0 %
2026/08/30 02:24:44.960, 0 MiB, 0 %
2026/08/30 02:24:46.960, 0 MiB, 0 %
2026/08/30 02:24:48.961, 0 MiB, 0 %
2026/08/30 02:24:50.961, 0 MiB, 0 %
2026/08/30 02:24:52.961, 0 MiB, 0 %
2026/08/30 02:24:54.962, 0 MiB, 0 %
2026/08/30 02:24:56.962, 0 MiB, 0 %
2026/08/30 02:24:58.963, 0 MiB, 0 %
2026/08/30 02:25:00.963, 0 MiB, 0 %
2026/08/30 02:25:02.963, 0 MiB, 0 %
2026/08/30 02:25:04.963, 0 MiB, 0 %
2026/08/30 02:25:06.964, 0 MiB, 0 %
2026/08/30 02:25:08.964, 0 MiB, 0 %
2026/08/30 02:25:10.964, 0 MiB, 0 %
2026/08/30 02:25:12.965, 0 MiB, 0 %
2026/08/30 02:25:14.965, 0 MiB, 0 %
2026/08/30 02:25:16.965, 0 MiB, 0 %
2026/08/30 02:25:18.965, 0 MiB, 0 %
2026/08/30 02:25:20.966, 0 MiB, 0 %
2026/08/30 02:25:22.966, 0 MiB, 0 %
2026/08/30 02:25:24.966, 0 MiB, 0 %
2026/08/30 02:25:26.967, 0 MiB, 0 %
2026/08/30 02:25:28.967, 0 MiB, 0 %
2026/08/30 02:25:30.967, 0 MiB, 0 %
2026/08/30 02:25:32.968, 0 MiB, 0 %
2026/08/30 02:25:34.968, 0 MiB, 0 %
2026/08/30 02:25:36.968, 0 MiB, 0 %
2026/08/30 02:25:38.968, 0 MiB, 0 %
2026/08/30 02:25:40.969, 0 MiB, 0 %
2026/08/30 02:25:42.969, 0 MiB, 0 %
2026/08/30 02:25:44.969, 0 MiB, 0 %
2026/08/30 02:25:46.970, 0 MiB, 0 %
2026/08/30 02:25:48.970, 0 MiB, 0 %
2026/08/30 02:25:50.970, 0 MiB, 0 %
2026/08/30 02:25:52.971, 0 MiB, 0 %
2026/08/30 02:25:54.971, 0 MiB, 0 %
2026/08/30 02:25:56.971, 0 MiB, 0 %
2026/08/30 02:25:58.971, 0 MiB, 0 %
2026/08/30 02:26:00.972, 0 MiB, 0 %
2026/08/30 02:26:02.972, 0 MiB, 0 %
2026/08/30 02:26:04.972, 0 MiB, 0 %
2026/08/30 02:26:06.973, 0 MiB, 0 %
2026/08/30 02:26:08.973, 0 MiB, 0 %
2026/08/30 02:26:10.973, 0 MiB, 0 %
2026/08/30 02:26:12.974, 0 MiB, 0 %
2026/08/30 02:26:14.974, 0 MiB, 0 %
2026/08/30 02:26:16.974, 0 MiB, 0 %
2026/08/30 02:26:18.974, 0 MiB, 0 %
2026/08/30 02:26:20.975, 0 MiB, 0 %
2026/08/30 02:26:22.975, 0 MiB, 0 %
2026/08/30 02:26:24.975, 0 MiB, 0 %
2026/08/30 02:26:26.976, 0 MiB, 0 %
2026/08/30 02:26:28.976, 0 MiB, 0 %
2026/08/30 02:26:30.976, 0 MiB, 0 %
2026/08/30 02:26:32.977, 0 MiB, 0 %
2026/08/30 02:26:34.977, 0 MiB, 0 %
2026/08/30 02:26:36.977, 0 MiB, 0 %
2026/08/30 02:26:38.977, 0 MiB, 0 %
2026/08/30 02:26:40.978, 0 MiB, 0 %
2026/08/30 02:26:42.978, 0 MiB, 0 %
2026/08/30 02:26:44.978, 0 MiB, 0 %
2026/08/30 02:26:46.979, 0 MiB, 0 %
2026/08/30 02:26:48.979, 0 MiB, 0 %
2026/08/30 02:26:50.979, 0 MiB, 0 %
2026/08/30 02:26:52.980, 0 MiB, 0 %
2026/08/30 02:26:54.980, 0 MiB, 0 %
2026/08/30 02:26:56.980, 0 MiB, 0 %
2026/08/30 02:26:58.980, 0 MiB, 0 %
2026/08/30 02:27:00.981, 0 MiB, 0 %
2026/08/30 02:27:02.981, 0 MiB, 0 %
2026/08/30 02:27:04.981, 0 MiB, 0 %
2026/08/30 02:27:06.982, 0 MiB, 0 %
2026/08/30 02:27:08.982, 0 MiB, 0 %
2026/08/30 02:27:10.982, 0 MiB, 0 %
2026/08/30 02:27:12.982, 0 MiB, 0 %
2026/08/30 02:27:14.983, 0 MiB, 0 %
2026/08/30 02:27:16.983, 0 MiB, 0 %
2026/08/30 02:27:18.983, 0 MiB, 0 %
2026/08/30 02:27:20.984, 0 MiB, 0 %
2026/08/30 02:27:22.984, 0 MiB, 0 %
2026/08/30 02:27:24.984, 0 MiB, 0 %
2026/08/30 02:27:26.984, 0 MiB, 0 %
2026/08/30 02:27:28.985, 0 MiB, 0 %
2026/08/30 02:27:30.985, 0 MiB, 0 %
2026/08/30 02:27:32.985, 0 MiB, 0 %
2026/08/30 02:27:34.985, 0 MiB, 0 %
2026/08/30 02:27:36.986, 0 MiB, 0 %
2026/08/30 02:27:38.986, 0 MiB, 0 %
2026/08/30 02:27:40.986, 0 MiB, 0 %
2026/08/30 02:27:42.987, 0 MiB, 0 %
2026/08/30 02:27:44.987, 0 MiB, 0 %
2026/08/30 02:27:46.987, 0 MiB, 0 %
2026/08/30 02:27:48.987, 0 MiB, 0 %
2026/08/30 02:27:50.988, 0 MiB, 0 %
2026/08/30 02:27:52.988, 0 MiB, 0 %
2026/08/30 02:27:54.988, 0 MiB, 0 %
2026/08/30 02:27:56.989, 0 MiB, 0 %
2026/08/30 02:27:58.989, 0 MiB, 0 %
2026/08/30 02:28:00.989, 0 MiB, 0 %
2026/08/30 02:28:02.989, 0 MiB, 0 %
2026/08/30 02:28:04.990, 0 MiB, 0 %
2026/08/30 02:28:06.990, 0 MiB, 0 %
2026/08/30 02:28:08.990, 0 MiB, 0 %
2026/08/30 02:28:10.991, 0 MiB, 0 %
2026/08/30 02:28:12.991, 0 MiB, 0 %
2026/08/30 02:28:14.991, 0 MiB, 0 %
2026/08/30 02:28:16.992, 0 MiB, 0 %
2026/08/30 02:28:18.992, 0 MiB, 0 %
2026/08/30 02:28:20.992, 0 MiB, 0 %
2026/08/30 02:28:22.993, 0 MiB, 0 %
2026/08/30 02:28:24.993, 0 MiB, 0 %
2026/08/30 02:28:26.993, 0 MiB, 0 %
2026/08/30 02:28:28.993, 0 MiB, 0 %
2026/08/30 02:28:30.994, 0 MiB, 0 %
2026/08/30 02:28:32.994, 0 MiB, 0 %
2026/08/30 02:28:34.994, 0 MiB, 0 %
2026/08/30 02:28:36.995, 0 MiB, 0 %
2026/08/30 02:28:38.995, 0 MiB, 0 %
2026/08/30 02:28:40.995, 0 MiB, 0 %
2026/08/30 02:28:42.996, 0 MiB, 0 %
2026/08/30 02:28:44.996, 0 MiB, 0 %
2026/08/30 02:28:46.996, 0 MiB, 0 %
2026/08/30 02:28:48.997, 0 MiB, 0 %
2026/08/30 02:28:50.997, 0 MiB, 0 %
2026/08/30 02:28:52.997, 0 MiB, 0 %
2026/08/30 02:28:54.997, 0 MiB, 0 %
2026/08/30 02:28:56.998, 0 MiB, 0 %
2026/08/30 02:28:58.998, 0 MiB, 0 %
2026/08/30 02:29:00.998, 0 MiB, 0 %
2026/08/30 02:29:02.999, 0 MiB, 0 %
2026/08/30 02:29:04.999, 0 MiB, 0 %
2026/08/30 02:29:06.999, 0 MiB, 0 %
2026/08/30 02:29:08.999, 0 MiB, 0 %
2026/08/30 02:29:11.000, 0 MiB, 0 %
2026/08/30 02:29:13.000, 0 MiB, 0 %
2026/08/30 02:29:15.000, 0 MiB, 0 %
2026/08/30 02:29:17.001, 0 MiB, 0 %
2026/08/30 02:29:19.001, 0 MiB, 0 %
2026/08/30 02:29:21.001, 0 MiB, 0 %
2026/08/30 02:29:23.002, 0 MiB, 0 %
2026/08/30 02:29:25.002, 0 MiB, 0 %
2026/08/30 02:29:27.002, 0 MiB, 0 %
2026/08/30 02:29:29.002, 0 MiB, 0 %
2026/08/30 02:29:31.003, 0 MiB, 0 %
2026/08/30 02:29:33.003, 0 MiB, 0 %
2026/08/30 02:29:35.003, 0 MiB, 0 %
2026/08/30 02:29:37.004, 0 MiB, 0 %
2026/08/30 02:29:39.004, 0 MiB, 0 %
2026/08/30 02:29:41.004, 0 MiB, 0 %
2026/08/30 02:29:43.005, 0 MiB, 0 %
2026/08/30 02:29:45.005, 0 MiB, 0 %
2026/08/30 02:29:47.005, 0 MiB, 0 %
2026/08/30 02:29:49.006, 0 MiB, 0 %
2026/08/30 02:29:51.006, 0 MiB, 0 %
2026/08/30 02:29:53.006, 0 MiB, 0 %
2026/08/30 02:29:55.007, 0 MiB, 0 %
2026/08/30 02:29:57.007, 0 MiB, 0 %
2026/08/30 02:29:59.007, 0 MiB, 0 %
2026/08/30 02:30:01.007, 0 MiB, 0 %
2026/08/30 02:30:03.008, 0 MiB, 0 %
2026/08/30 02:30:05.008, 0 MiB, 0 %
2026/08/30 02:30:07.008, 0 MiB, 0 %
2026/08/30 02:30:09.009, 0 MiB, 0 %
2026/08/30 02:30:11.009, 0 MiB, 0 %
2026/08/30 02:30:13.009, 0 MiB, 0 %
2026/08/30 02:30:15.010, 0 MiB, 0 %
2026/08/30 02:30:17.010, 0 MiB, 0 %
2026/08/30 02:30:19.010, 0 MiB, 0 %
2026/08/30 02:30:21.011, 0 MiB, 0 %
2026/08/30 02:30:23.011, 0 MiB, 0 %
2026/08/30 02:30:25.011, 0 MiB, 0 %
2026/08/30 02:30:27.012, 0 MiB, 0 %
2026/08/30 02:30:29.012, 0 MiB, 0 %
2026/08/30 02:30:31.012, 0 MiB, 0 %
2026/08/30 02:30:33.012, 0 MiB, 0 %
2026/08/30 02:30:35.013, 0 MiB, 0 %
2026/08/30 02:30:37.013, 0 MiB, 0 %
2026/08/30 02:30:39.013, 0 MiB, 0 %
2026/08/30 02:30:41.014, 0 MiB, 0 %
2026/08/30 02:30:43.014, 0 MiB, 0 %
2026/08/30 02:30:45.014, 0 MiB, 0 %
2026/08/30 02:30:47.015, 0 MiB, 0 %
2026/08/30 02:30:49.015, 0 MiB, 0 %
2026/08/30 02:30:51.015, 0 MiB, 0 %
2026/08/30 02:30:53.015, 0 MiB, 0 %
2026/08/30 02:30:55.016, 0 MiB, 0 %
2026/08/30 02:30:57.016, 0 MiB, 0 %
2026/08/30 02:30:59.016, 0 MiB, 0 %
2026/08/30 02:31:01.017, 0 MiB, 0 %
2026/08/30 02:31:03.017, 0 MiB, 0 %
2026/08/30 02:31:05.017, 0 MiB, 0 %
2026/08/30 02:31:07.017, 0 MiB, 0 %
2026/08/30 02:31:09.018, 0 MiB, 0 %
2026/08/30 02:31:11.018, 0 MiB, 0 %
2026/08/30 02:31:13.018, 0 MiB, 0 %
2026/08/30 02:31:15.019, 0 MiB, 0 %
2026/08/30 02:31:17.019, 0 MiB, 0 %
2026/08/30 02:31:19.019, 0 MiB, 0 %
2026/08/30 02:31:21.020, 0 MiB, 0 %
2026/08/30 02:31:23.020, 0 MiB, 0 %
2026/08/30 02:31:25.020, 0 MiB, 0 %
2026/08/30 02:31:27.020, 0 MiB, 0 %
2026/08/30 02:31:29.021, 0 MiB, 0 %
2026/08/30 02:31:31.021, 0 MiB, 0 %
2026/08/30 02:31:33.021, 0 MiB, 0 %
2026/08/30 02:31:35.022, 0 MiB, 0 %
2026/08/30 02:31:37.022, 0 MiB, 0 %
2026/08/30 02:31:39.022, 0 MiB, 0 %
2026/08/30 02:31:41.023, 0 MiB, 0 %
2026/08/30 02:31:43.023, 0 MiB, 0 %
2026/08/30 02:31:45.023, 0 MiB, 0 %
2026/08/30 02:31:47.023, 0 MiB, 0 %
2026/08/30 02:31:49.024, 0 MiB, 0 %
2026/08/30 02:31:51.024, 0 MiB, 0 %
2026/08/30 02:31:53.024, 0 MiB, 0 %
2026/08/30 02:31:55.025, 0 MiB, 0 %
2026/08/30 02:31:57.025, 0 MiB, 0 %
2026/08/30 02:31:59.025, 0 MiB, 0 %
2026/08/30 02:32:01.026, 0 MiB, 0 %
2026/08/30 02:32:03.026, 0 MiB, 0 %
2026/08/30 02:32:05.026, 0 MiB, 0 %
2026/08/30 02:32:07.027, 0 MiB, 0 %
2026/08/30 02:32:09.027, 0 MiB, 0 %
2026/08/30 02:32:11.027, 0 MiB, 0 %
2026/08/30 02:32:13.027, 0 MiB, 0 %
2026/08/30 02:32:15.028, 0 MiB, 0 %
2026/08/30 02:32:17.028, 0 MiB, 0 %
2026/08/30 02:32:19.028, 0 MiB, 0 %
2026/08/30 02:32:21.029, 0 MiB, 0 %
2026/08/30 02:32:23.029, 0 MiB, 0 %
2026/08/30 02:32:25.029, 0 MiB, 0 %
2026/08/30 02:32:27.029, 0 MiB, 0 %
2026/08/30 02:32:29.030, 0 MiB, 0 %
2026/08/30 02:32:31.030, 0 MiB, 0 %
2026/08/30 02:32:33.030, 0 MiB, 0 %
2026/08/30 02:32:35.031, 0 MiB, 0 %
2026/08/30 02:32:37.031, 0 MiB, 0 %
2026/08/30 02:32:39.031, 0 MiB, 0 %
2026/08/30 02:32:41.032, 0 MiB, 0 %
2026/08/30 02:32:43.032, 0 MiB, 0 %
2026/08/30 02:32:45.032, 0 MiB, 0 %
2026/08/30 02:32:47.032, 0 MiB, 0 %
2026/08/30 02:32:49.033, 0 MiB, 0 %
2026/08/30 02:32:51.033, 0 MiB, 0 %
2026/08/30 02:32:53.033, 0 MiB, 0 %
2026/08/30 02:32:55.034, 0 MiB, 0 %
2026/08/30 02:32:57.034, 0 MiB, 0 %
2026/08/30 02:32:59.034, 0 MiB, 0 %
2026/08/30 02:33:01.034, 0 MiB, 0 %
2026/08/30 02:33:03.035, 0 MiB, 0 %
2026/08/30 02:33:05.035, 0 MiB, 0 %
2026/08/30 02:33:07.035, 0 MiB, 0 %
2026/08/30 02:33:09.036, 0 MiB, 0 %
2026/08/30 02:33:11.036, 0 MiB, 0 %
2026/08/30 02:33:13.036, 0 MiB, 0 %
2026/08/30 02:33:15.037, 0 MiB, 0 %
2026/08/30 02:33:17.037, 0 MiB, 0 %
2026/08/30 02:33:19.037, 0 MiB, 0 %
2026/08/30 02:33:21.037, 0 MiB, 0 %
2026/08/30 02:33:23.038, 0 MiB, 0 %
2026/08/30 02:33:25.038, 0 MiB, 0 %
2026/08/30 02:33:27.039, 0 MiB, 0 %
2026/08/30 02:33:29.039, 0 MiB, 0 %
2026/08/30 02:33:31.039, 0 MiB, 0 %
2026/08/30 02:33:33.039, 0 MiB, 0 %
2026/08/30 02:33:35.040, 0 MiB, 0 %
2026/08/30 02:33:37.040, 0 MiB, 0 %
2026/08/30 02:33:39.040, 0 MiB, 0 %
2026/08/30 02:33:41.041, 0 MiB, 0 %
2026/08/30 02:33:43.041, 0 MiB, 0 %
2026/08/30 02:33:45.041, 0 MiB, 0 %
2026/08/30 02:33:47.042, 0 MiB, 0 %
2026/08/30 02:33:49.042, 0 MiB, 0 %
2026/08/30 02:33:51.042, 0 MiB, 0 %
2026/08/30 02:33:53.042, 0 MiB, 0 %
2026/08/30 02:33:55.043, 0 MiB, 0 %
2026/08/30 02:33:57.043, 0 MiB, 0 %
2026/08/30 02:33:59.043, 0 MiB, 0 %
2026/08/30 02:34:01.044, 0 MiB, 0 %
2026/08/30 02:34:03.044, 0 MiB, 0 %
2026/08/30 02:34:05.044, 0 MiB, 0 %
2026/08/30 02:34:07.045, 0 MiB, 0 %
2026/08/30 02:34:09.045, 0 MiB, 0 %
2026/08/30 02:34:11.045, 0 MiB, 0 %
2026/08/30 02:34:13.046, 0 MiB, 0 %
2026/08/30 02:34:15.046, 0 MiB, 0 %
2026/08/30 02:34:17.046, 0 MiB, 0 %
2026/08/30 02:34:19.047, 0 MiB, 0 %
2026/08/30 02:34:21.047, 0 MiB, 0 %
2026/08/30 02:34:23.047, 0 MiB, 0 %
2026/08/30 02:34:25.048, 0 MiB, 0 %
2026/08/30 02:34:27.048, 0 MiB, 0 %
2026/08/30 02:34:29.048, 0 MiB, 0 %
2026/08/30 02:34:31.049, 0 MiB, 0 %
2026/08/30 02:34:33.049, 0 MiB, 0 %
2026/08/30 02:34:35.049, 0 MiB, 0 %
2026/08/30 02:34:37.049, 0 MiB, 0 %
2026/08/30 02:34:39.050, 0 MiB, 0 %
2026/08/30 02:34:41.050, 0 MiB, 0 %
2026/08/30 02:34:43.050, 0 MiB, 0 %
2026/08/30 02:34:45.051, 0 MiB, 0 %
2026/08/30 02:34:47.051, 0 MiB, 0 %
2026/08/30 02:34:49.051, 0 MiB, 0 %
2026/08/30 02:34:51.052, 0 MiB, 0 %
2026/08/30 02:34:53.052, 0 MiB, 0 %
2026/08/30 02:34:55.052, 0 MiB, 0 %
2026/08/30 02:34:57.052, 0 MiB, 0 %
2026/08/30 02:34:59.053, 0 MiB, 0 %
2026/08/30 02:35:01.053, 0 MiB, 0 %
2026/08/30 02:35:03.053, 0 MiB, 0 %
2026/08/30 02:35:05.053, 0 MiB, 0 %
2026/08/30 02:35:07.054, 0 MiB, 0 %
2026/08/30 02:35:09.054, 0 MiB, 0 %
2026/08/30 02:35:11.054, 0 MiB, 0 %
2026/08/30 02:35:13.055, 0 MiB, 0 %
2026/08/30 02:35:15.055, 0 MiB, 0 %
2026/08/30 02:35:17.055, 0 MiB, 0 %
2026/08/30 02:35:19.056, 0 MiB, 0 %
2026/08/30 02:35:21.056, 0 MiB, 0 %
2026/08/30 02:35:23.056, 0 MiB, 0 %
2026/08/30 02:35:25.056, 0 MiB, 0 %
2026/08/30 02:35:27.057, 0 MiB, 0 %
2026/08/30 02:35:29.057, 0 MiB, 0 %
2026/08/30 02:35:31.057, 0 MiB, 0 %
2026/08/30 02:35:33.057, 0 MiB, 0 %
2026/08/30 02:35:35.058, 0 MiB, 0 %
2026/08/30 02:35:37.058, 0 MiB, 0 %
2026/08/30 02:35:39.058, 0 MiB, 0 %
2026/08/30 02:35:41.059, 0 MiB, 0 %
2026/08/30 02:35:43.059, 0 MiB, 0 %
2026/08/30 02:35:45.059, 0 MiB, 0 %
2026/08/30 02:35:47.060, 0 MiB, 0 %
2026/08/30 02:35:49.060, 0 MiB, 0 %
2026/08/30 02:35:51.060, 0 MiB, 0 %
2026/08/30 02:35:53.060, 0 MiB, 0 %
2026/08/30 02:35:55.061, 0 MiB, 0 %
2026/08/30 02:35:57.061, 0 MiB, 0 %
2026/08/30 02:35:59.061, 0 MiB, 0 %
2026/08/30 02:36:01.062, 0 MiB, 0 %
2026/08/30 02:36:03.062, 0 MiB, 0 %
2026/08/30 02:36:05.062, 0 MiB, 0 %
2026/08/30 02:36:07.063, 0 MiB, 0 %
2026/08/30 02:36:09.063, 0 MiB, 0 %
2026/08/30 02:36:11.063, 0 MiB, 0 %
2026/08/30 02:36:13.063, 0 MiB, 0 %
2026/08/30 02:36:15.064, 0 MiB, 0 %
2026/08/30 02:36:17.064, 0 MiB, 0 %
2026/08/30 02:36:19.064, 0 MiB, 0 %
2026/08/30 02:36:21.065, 0 MiB, 0 %
2026/08/30 02:36:23.065, 0 MiB, 0 %
2026/08/30 02:36:25.065, 0 MiB, 0 %
2026/08/30 02:36:27.065, 0 MiB, 0 %
2026/08/30 02:36:29.066, 0 MiB, 0 %
2026/08/30 02:36:31.066, 0 MiB, 0 %
2026/08/30 02:36:33.066, 0 MiB, 0 %
2026/08/30 02:36:35.067, 0 MiB, 0 %
2026/08/30 02:36:37.067, 0 MiB, 0 %
2026/08/30 02:36:39.067, 0 MiB, 0 %
2026/08/30 02:36:41.068, 0 MiB, 0 %
2026/08/30 02:36:43.068, 0 MiB, 0 %
2026/08/30 02:36:45.068, 0 MiB, 0 %
2026/08/30 02:36:47.069, 0 MiB, 0 %
2026/08/30 02:36:49.069, 0 MiB, 0 %
2026/08/30 02:36:51.069, 0 MiB, 0 %
2026/08/30 02:36:53.069, 0 MiB, 0 %
2026/08/30 02:36:55.070, 0 MiB, 0 %
2026/08/30 02:36:57.070, 0 MiB, 0 %
2026/08/30 02:36:59.070, 0 MiB, 0 %
2026/08/30 02:37:01.071, 0 MiB, 0 %
2026/08/30 02:37:03.071, 0 MiB, 0 %
2026/08/30 02:37:05.071, 0 MiB, 0 %
2026/08/30 02:37:07.071, 0 MiB, 0 %
2026/08/30 02:37:09.072, 0 MiB, 0 %
2026/08/30 02:37:11.072, 0 MiB, 0 %
2026/08/30 02:37:13.072, 0 MiB, 0 %
2026/08/30 02:37:15.073, 0 MiB, 0 %
2026/08/30 02:37:17.073, 0 MiB, 0 %
2026/08/30 02:37:19.073, 0 MiB, 0 %
2026/08/30 02:37:21.073, 0 MiB, 0 %
2026/08/30 02:37:23.074, 0 MiB, 0 %
2026/08/30 02:37:25.074, 0 MiB, 0 %
2026/08/30 02:37:27.074, 0 MiB, 0 %
2026/08/30 02:37:29.075, 0 MiB, 0 %
2026/08/30 02:37:31.075, 0 MiB, 0 %
2026/08/30 02:37:33.075, 0 MiB, 0 %
2026/08/30 02:37:35.075, 0 MiB, 0 %
2026/08/30 02:37:37.076, 0 MiB, 0 %
2026/08/30 02:37:39.076, 0 MiB, 0 %
2026/08/30 02:37:41.076, 0 MiB, 0 %
2026/08/30 02:37:43.076, 0 MiB, 0 %
2026/08/30 02:37:45.077, 0 MiB, 0 %
2026/08/30 02:37:47.077, 0 MiB, 0 %
2026/08/30 02:37:49.077, 0 MiB, 0 %
2026/08/30 02:37:51.077, 0 MiB, 0 %
2026/08/30 02:37:53.078, 0 MiB, 0 %
2026/08/30 02:37:55.078, 0 MiB, 0 %
2026/08/30 02:37:57.078, 0 MiB, 0 %
2026/08/30 02:37:59.079, 0 MiB, 0 %
2026/08/30 02:38:01.079, 0 MiB, 0 %
2026/08/30 02:38:03.079, 0 MiB, 0 %
2026/08/30 02:38:05.080, 0 MiB, 0 %
2026/08/30 02:38:07.080, 0 MiB, 0 %
2026/08/30 02:38:09.080, 0 MiB, 0 %
2026/08/30 02:38:11.080, 0 MiB, 0 %
2026/08/30 02:38:13.081, 0 MiB, 0 %
2026/08/30 02:38:15.081, 0 MiB, 0 %
2026/08/30 02:38:17.081, 0 MiB, 0 %
2026/08/30 02:38:19.081, 0 MiB, 0 %
2026/08/30 02:38:21.082, 0 MiB, 0 %
2026/08/30 02:38:23.082, 0 MiB, 0 %
2026/08/30 02:38:25.082, 0 MiB, 0 %
2026/08/30 02:38:27.082, 0 MiB, 0 %
2026/08/30 02:38:29.083, 0 MiB, 0 %
2026/08/30 02:38:31.083, 0 MiB, 0 %
2026/08/30 02:38:33.083, 0 MiB, 0 %
2026/08/30 02:38:35.084, 0 MiB, 0 %
2026/08/30 02:38:37.084, 0 MiB, 0 %
2026/08/30 02:38:39.084, 0 MiB, 0 %
2026/08/30 02:38:41.085, 0 MiB, 0 %
2026/08/30 02:38:43.085, 0 MiB, 0 %
2026/08/30 02:38:45.085, 0 MiB, 0 %
2026/08/30 02:38:47.086, 0 MiB, 0 %
2026/08/30 02:38:49.086, 0 MiB, 0 %
2026/08/30 02:38:51.086, 0 MiB, 0 %
2026/08/30 02:38:53.086, 0 MiB, 0 %
2026/08/30 02:38:55.087, 0 MiB, 0 %
2026/08/30 02:38:57.087, 0 MiB, 0 %
2026/08/30 02:38:59.087, 0 MiB, 0 %
2026/08/30 02:39:01.088, 0 MiB, 0 %
2026/08/30 02:39:03.088, 0 MiB, 0 %
2026/08/30 02:39:05.088, 0 MiB, 0 %
2026/08/30 02:39:07.089, 0 MiB, 0 %
2026/08/30 02:39:09.089, 0 MiB, 0 %
2026/08/30 02:39:11.089, 0 MiB, 0 %
2026/08/30 02:39:13.089, 0 MiB, 0 %
2026/08/30 02:39:15.090, 0 MiB, 0 %
2026/08/30 02:39:17.090, 0 MiB, 0 %
2026/08/30 02:39:19.090, 0 MiB, 0 %
2026/08/30 02:39:21.091, 0 MiB, 0 %
2026/08/30 02:39:23.091, 0 MiB, 0 %
2026/08/30 02:39:25.091, 0 MiB, 0 %
2026/08/30 02:39:27.092, 0 MiB, 0 %
2026/08/30 02:39:29.092, 0 MiB, 0 %
2026/08/30 02:39:31.092, 0 MiB, 0 %
2026/08/30 02:39:33.092, 0 MiB, 0 %
2026/08/30 02:39:35.093, 0 MiB, 0 %
2026/08/30 02:39:37.093, 0 MiB, 0 %
2026/08/30 02:39:39.093, 0 MiB, 0 %
2026/08/30 02:39:41.094, 0 MiB, 0 %
2026/08/30 02:39:43.094, 0 MiB, 0 %
2026/08/30 02:39:45.094, 0 MiB, 0 %
2026/08/30 02:39:47.095, 0 MiB, 0 %
2026/08/30 02:39:49.095, 0 MiB, 0 %
2026/08/30 02:39:51.095, 0 MiB, 0 %
2026/08/30 02:39:53.096, 0 MiB, 0 %
2026/08/30 02:39:55.096, 0 MiB, 0 %
2026/08/30 02:39:57.096, 0 MiB, 0 %
2026/08/30 02:39:59.096, 0 MiB, 0 %
2026/08/30 02:40:01.097, 0 MiB, 0 %
2026/08/30 02:40:03.097, 0 MiB, 0 %
2026/08/30 02:40:05.097, 0 MiB, 0 %
2026/08/30 02:40:07.098, 0 MiB, 0 %
2026/08/30 02:40:09.098, 0 MiB, 0 %
2026/08/30 02:40:11.098, 0 MiB, 0 %
2026/08/30 02:40:13.099, 0 MiB, 0 %
2026/08/30 02:40:15.099, 0 MiB, 0 %
2026/08/30 02:40:17.099, 0 MiB, 0 %
2026/08/30 02:40:19.100, 0 MiB, 0 %
2026/08/30 02:40:21.100, 0 MiB, 0 %
2026/08/30 02:40:23.100, 0 MiB, 0 %
2026/08/30 02:40:25.101, 0 MiB, 0 %
2026/08/30 02:40:27.101, 0 MiB, 0 %
2026/08/30 02:40:29.101, 0 MiB, 0 %
2026/08/30 02:40:31.101, 0 MiB, 0 %
2026/08/30 02:40:33.102, 0 MiB, 0 %
2026/08/30 02:40:35.102, 0 MiB, 0 %
2026/08/30 02:40:37.102, 0 MiB, 0 %
2026/08/30 02:40:39.102, 0 MiB, 0 %
2026/08/30 02:40:41.103, 0 MiB, 0 %
2026/08/30 02:40:43.103, 0 MiB, 0 %
2026/08/30 02:40:45.103, 0 MiB, 0 %
2026/08/30 02:40:47.104, 0 MiB, 0 %
2026/08/30 02:40:49.104, 0 MiB, 0 %
2026/08/30 02:40:51.104, 0 MiB, 0 %
2026/08/30 02:40:53.105, 0 MiB, 0 %
2026/08/30 02:40:55.105, 0 MiB, 0 %
2026/08/30 02:40:57.105, 0 MiB, 0 %
2026/08/30 02:40:59.106, 0 MiB, 0 %
2026/08/30 02:41:01.106, 0 MiB, 0 %
2026/08/30 02:41:03.106, 0 MiB, 0 %
2026/08/30 02:41:05.106, 0 MiB, 0 %
2026/08/30 02:41:07.107, 0 MiB, 0 %
2026/08/30 02:41:09.107, 0 MiB, 0 %
2026/08/30 02:41:11.107, 0 MiB, 0 %
2026/08/30 02:41:13.108, 0 MiB, 0 %
2026/08/30 02:41:15.108, 0 MiB, 0 %
2026/08/30 02:41:17.108, 0 MiB, 0 %
2026/08/30 02:41:19.109, 0 MiB, 0 %
2026/08/30 02:41:21.109, 0 MiB, 0 %
2026/08/30 02:41:23.109, 0 MiB, 0 %
2026/08/30 02:41:25.109, 0 MiB, 0 %
2026/08/30 02:41:27.110, 0 MiB, 0 %
2026/08/30 02:41:29.110, 0 MiB, 0 %
2026/08/30 02:41:31.110, 0 MiB, 0 %
2026/08/30 02:41:33.111, 0 MiB, 0 %
2026/08/30 02:41:35.111, 0 MiB, 0 %
2026/08/30 02:41:37.111, 0 MiB, 0 %
2026/08/30 02:41:39.112, 0 MiB, 0 %
2026/08/30 02:41:41.112, 0 MiB, 0 %
2026/08/30 02:41:43.112, 0 MiB, 0 %
2026/08/30 02:41:45.112, 0 MiB, 0 %
2026/08/30 02:41:47.113, 0 MiB, 0 %
2026/08/30 02:41:49.113, 0 MiB, 0 %
2026/08/30 02:41:51.113, 0 MiB, 0 %
2026/08/30 02:41:53.114, 0 MiB, 0 %
2026/08/30 02:41:55.114, 0 MiB, 0 %
2026/08/30 02:41:57.114, 0 MiB, 0 %
2026/08/30 02:41:59.115, 0 MiB, 0 %
2026/08/30 02:42:01.115, 0 MiB, 0 %
2026/08/30 02:42:03.115, 0 MiB, 0 %
2026/08/30 02:42:05.115, 0 MiB, 0 %
2026/08/30 02:42:07.116, 0 MiB, 0 %
2026/08/30 02:42:09.116, 0 MiB, 0 %
2026/08/30 02:42:11.116, 0 MiB, 0 %
2026/08/30 02:42:13.117, 0 MiB, 0 %
2026/08/30 02:42:15.117, 0 MiB, 0 %
2026/08/30 02:42:17.117, 0 MiB, 0 %
2026/08/30 02:42:19.118, 0 MiB, 0 %
2026/08/30 02:42:21.118, 0 MiB, 0 %
2026/08/30 02:42:23.118, 0 MiB, 0 %
2026/08/30 02:42:25.118, 0 MiB, 0 %
2026/08/30 02:42:27.119, 0 MiB, 0 %
2026/08/30 02:42:29.119, 0 MiB, 0 %
2026/08/30 02:42:31.119, 0 MiB, 0 %
2026/08/30 02:42:33.120, 0 MiB, 0 %
2026/08/30 02:42:35.120, 0 MiB, 0 %
2026/08/30 02:42:37.120, 0 MiB, 0 %
2026/08/30 02:42:39.120, 0 MiB, 0 %
2026/08/30 02:42:41.121, 0 MiB, 0 %
2026/08/30 02:42:43.121, 0 MiB, 0 %
2026/08/30 02:42:45.121, 0 MiB, 0 %
2026/08/30 02:42:47.122, 0 MiB, 0 %
2026/08/30 02:42:49.122, 0 MiB, 0 %
2026/08/30 02:42:51.122, 0 MiB, 0 %
2026/08/30 02:42:53.122, 0 MiB, 0 %
2026/08/30 02:42:55.123, 0 MiB, 0 %
2026/08/30 02:42:57.123, 0 MiB, 0 %
2026/08/30 02:42:59.123, 0 MiB, 0 %
2026/08/30 02:43:01.124, 0 MiB, 0 %
2026/08/30 02:43:03.124, 0 MiB, 0 %
2026/08/30 02:43:05.124, 0 MiB, 0 %
2026/08/30 02:43:07.125, 0 MiB, 0 %
2026/08/30 02:43:09.125, 0 MiB, 0 %
2026/08/30 02:43:11.125, 0 MiB, 0 %
2026/08/30 02:43:13.126, 0 MiB, 0 %
2026/08/30 02:43:15.126, 0 MiB, 0 %
2026/08/30 02:43:17.126, 0 MiB, 0 %
2026/08/30 02:43:19.126, 0 MiB, 0 %
2026/08/30 02:43:21.127, 0 MiB, 0 %
2026/08/30 02:43:23.127, 0 MiB, 0 %
2026/08/30 02:43:25.127, 0 MiB, 0 %
2026/08/30 02:43:27.128, 0 MiB, 0 %
2026/08/30 02:43:29.128, 0 MiB, 0 %
2026/08/30 02:43:31.128, 0 MiB, 0 %
2026/08/30 02:43:33.128, 0 MiB, 0 %
2026/08/30 02:43:35.129, 0 MiB, 0 %
2026/08/30 02:43:37.129, 0 MiB, 0 %
2026/08/30 02:43:39.129, 0 MiB, 0 %
2026/08/30 02:43:41.130, 0 MiB, 0 %
2026/08/30 02:43:43.130, 0 MiB, 0 %
2026/08/30 02:43:45.130, 0 MiB, 0 %
2026/08/30 02:43:47.131, 0 MiB, 0 %
2026/08/30 02:43:49.131, 0 MiB, 0 %
2026/08/30 02:43:51.131, 0 MiB, 0 %
2026/08/30 02:43:53.132, 0 MiB, 0 %
2026/08/30 02:43:55.132, 0 MiB, 0 %
2026/08/30 02:43:57.132, 0 MiB, 0 %
2026/08/30 02:43:59.132, 0 MiB, 0 %
2026/08/30 02:44:01.133, 0 MiB, 0 %
2026/08/30 02:44:03.133, 0 MiB, 0 %
2026/08/30 02:44:05.133, 0 MiB, 0 %
2026/08/30 02:44:07.134, 0 MiB, 0 %
2026/08/30 02:44:09.134, 0 MiB, 0 %
2026/08/30 02:44:11.134, 0 MiB, 0 %
2026/08/30 02:44:13.134, 0 MiB, 0 %
2026/08/30 02:44:15.135, 0 MiB, 0 %
2026/08/30 02:44:17.135, 0 MiB, 0 %
2026/08/30 02:44:19.135, 0 MiB, 0 %
2026/08/30 02:44:21.136, 0 MiB, 0 %
2026/08/30 02:44:23.136, 0 MiB, 0 %
2026/08/30 02:44:25.136, 0 MiB, 0 %
2026/08/30 02:44:27.136, 0 MiB, 0 %
2026/08/30 02:44:29.137, 0 MiB, 0 %
2026/08/30 02:44:31.137, 0 MiB, 0 %
2026/08/30 02:44:33.137, 0 MiB, 0 %
2026/08/30 02:44:35.138, 0 MiB, 0 %
2026/08/30 02:44:37.138, 0 MiB, 0 %
2026/08/30 02:44:39.138, 0 MiB, 0 %
2026/08/30 02:44:41.138, 0 MiB, 0 %
2026/08/30 02:44:43.139, 0 MiB, 0 %
2026/08/30 02:44:45.139, 0 MiB, 0 %
2026/08/30 02:44:47.139, 0 MiB, 0 %
2026/08/30 02:44:49.140, 0 MiB, 0 %
2026/08/30 02:44:51.140, 0 MiB, 0 %
2026/08/30 02:44:53.140, 0 MiB, 0 %
2026/08/30 02:44:55.140, 0 MiB, 0 %
2026/08/30 02:44:57.141, 0 MiB, 0 %
2026/08/30 02:44:59.141, 0 MiB, 0 %
2026/08/30 02:45:01.141, 0 MiB, 0 %
2026/08/30 02:45:03.142, 0 MiB, 0 %
2026/08/30 02:45:05.142, 0 MiB, 0 %
2026/08/30 02:45:07.142, 0 MiB, 0 %
2026/08/30 02:45:09.142, 0 MiB, 0 %
2026/08/30 02:45:11.143, 0 MiB, 0 %
2026/08/30 02:45:13.143, 0 MiB, 0 %
2026/08/30 02:45:15.143, 0 MiB, 0 %
2026/08/30 02:45:17.144, 0 MiB, 0 %
2026/08/30 02:45:19.144, 0 MiB, 0 %
2026/08/30 02:45:21.144, 0 MiB, 0 %
2026/08/30 02:45:23.144, 0 MiB, 0 %
2026/08/30 02:45:25.145, 0 MiB, 0 %
2026/08/30 02:45:27.145, 0 MiB, 0 %
2026/08/30 02:45:29.145, 0 MiB, 0 %
2026/08/30 02:45:31.146, 0 MiB, 0 %
2026/08/30 02:45:33.146, 0 MiB, 0 %
2026/08/30 02:45:35.146, 0 MiB, 0 %
2026/08/30 02:45:37.147, 0 MiB, 0 %
2026/08/30 02:45:39.147, 0 MiB, 0 %
2026/08/30 02:45:41.147, 0 MiB, 0 %
2026/08/30 02:45:43.147, 0 MiB, 0 %
2026/08/30 02:45:45.148, 0 MiB, 0 %
2026/08/30 02:45:47.148, 0 MiB, 0 %
2026/08/30 02:45:49.148, 0 MiB, 0 %
2026/08/30 02:45:51.149, 0 MiB, 0 %
2026/08/30 02:45:53.149, 0 MiB, 0 %
2026/08/30 02:45:55.149, 0 MiB, 0 %
2026/08/30 02:45:57.150, 0 MiB, 0 %
2026/08/30 02:45:59.150, 0 MiB, 0 %
2026/08/30 02:46:01.150, 0 MiB, 0 %
2026/08/30 02:46:03.150, 0 MiB, 0 %
2026/08/30 02:46:05.151, 0 MiB, 0 %
2026/08/30 02:46:07.151, 0 MiB, 0 %
2026/08/30 02:46:09.151, 0 MiB, 0 %
2026/08/30 02:46:11.151, 0 MiB, 0 %
2026/08/30 02:46:13.152, 0 MiB, 0 %
2026/08/30 02:46:15.152, 0 MiB, 0 %
2026/08/30 02:46:17.152, 0 MiB, 0 %
2026/08/30 02:46:19.153, 0 MiB, 0 %
2026/08/30 02:46:21.153, 0 MiB, 0 %
2026/08/30 02:46:23.153, 0 MiB, 0 %
2026/08/30 02:46:25.153, 0 MiB, 0 %
2026/08/30 02:46:27.154, 0 MiB, 0 %
2026/08/30 02:46:29.154, 0 MiB, 0 %
2026/08/30 02:46:31.154, 0 MiB, 0 %
2026/08/30 02:46:33.155, 0 MiB, 0 %
2026/08/30 02:46:35.155, 0 MiB, 0 %
2026/08/30 02:46:37.155, 0 MiB, 0 %
2026/08/30 02:46:39.155, 0 MiB, 0 %
2026/08/30 02:46:41.156, 0 MiB, 0 %
2026/08/30 02:46:43.156, 0 MiB, 0 %
2026/08/30 02:46:45.156, 0 MiB, 0 %
2026/08/30 02:46:47.156, 0 MiB, 0 %
2026/08/30 02:46:49.157, 0 MiB, 0 %
2026/08/30 02:46:51.157, 0 MiB, 0 %
2026/08/30 02:46:53.157, 0 MiB, 0 %
2026/08/30 02:46:55.157, 0 MiB, 0 %
2026/08/30 02:46:57.158, 0 MiB, 0 %
2026/08/30 02:46:59.158, 0 MiB, 0 %
2026/08/30 02:47:01.158, 0 MiB, 0 %
2026/08/30 02:47:03.159, 0 MiB, 0 %
2026/08/30 02:47:05.159, 0 MiB, 0 %
2026/08/30 02:47:07.159, 0 MiB, 0 %
2026/08/30 02:47:09.159, 0 MiB, 0 %
2026/08/30 02:47:11.160, 0 MiB, 0 %
2026/08/30 02:47:13.160, 0 MiB, 0 %
2026/08/30 02:47:15.160, 0 MiB, 0 %
2026/08/30 02:47:17.161, 0 MiB, 0 %
2026/08/30 02:47:19.161, 0 MiB, 0 %
2026/08/30 02:47:21.161, 0 MiB, 0 %
2026/08/30 02:47:23.161, 0 MiB, 0 %
2026/08/30 02:47:25.162, 0 MiB, 0 %
2026/08/30 02:47:27.162, 0 MiB, 0 %
2026/08/30 02:47:29.162, 0 MiB, 0 %
2026/08/30 02:47:31.163, 0 MiB, 0 %
2026/08/30 02:47:33.163, 0 MiB, 0 %
2026/08/30 02:47:35.163, 0 MiB, 0 %
2026/08/30 02:47:37.163, 0 MiB, 0 %
2026/08/30 02:47:39.164, 0 MiB, 0 %
2026/08/30 02:47:41.164, 0 MiB, 0 %
2026/08/30 02:47:43.164, 0 MiB, 0 %
2026/08/30 02:47:45.165, 0 MiB, 0 %
2026/08/30 02:47:47.165, 0 MiB, 0 %
2026/08/30 02:47:49.165, 0 MiB, 0 %
2026/08/30 02:47:51.166, 0 MiB, 0 %
2026/08/30 02:47:53.166, 0 MiB, 0 %
2026/08/30 02:47:55.166, 0 MiB, 0 %
2026/08/30 02:47:57.166, 0 MiB, 0 %
2026/08/30 02:47:59.167, 0 MiB, 0 %
2026/08/30 02:48:01.167, 0 MiB, 0 %
2026/08/30 02:48:03.167, 0 MiB, 0 %
2026/08/30 02:48:05.167, 0 MiB, 0 %
2026/08/30 02:48:07.168, 0 MiB, 0 %
2026/08/30 02:48:09.168, 0 MiB, 0 %
2026/08/30 02:48:11.168, 0 MiB, 0 %
2026/08/30 02:48:13.169, 0 MiB, 0 %
2026/08/30 02:48:15.169, 0 MiB, 0 %
2026/08/30 02:48:17.169, 0 MiB, 0 %
2026/08/30 02:48:19.169, 0 MiB, 0 %
2026/08/30 02:48:21.170, 0 MiB, 0 %
2026/08/30 02:48:23.170, 0 MiB, 0 %
2026/08/30 02:48:25.170, 0 MiB, 0 %
2026/08/30 02:48:27.171, 0 MiB, 0 %
2026/08/30 02:48:29.171, 0 MiB, 0 %
2026/08/30 02:48:31.171, 0 MiB, 0 %
2026/08/30 02:48:33.171, 0 MiB, 0 %
2026/08/30 02:48:35.172, 0 MiB, 0 %
2026/08/30 02:48:37.172, 0 MiB, 0 %
2026/08/30 02:48:39.172, 0 MiB, 0 %
2026/08/30 02:48:41.173, 0 MiB, 0 %
2026/08/30 02:48:43.173, 0 MiB, 0 %
2026/08/30 02:48:45.173, 0 MiB, 0 %
2026/08/30 02:48:47.174, 0 MiB, 0 %
2026/08/30 02:48:49.174, 0 MiB, 0 %
2026/08/30 02:48:51.174, 0 MiB, 0 %
2026/08/30 02:48:53.174, 0 MiB, 0 %
2026/08/30 02:48:55.175, 0 MiB, 0 %
2026/08/30 02:48:57.175, 0 MiB, 0 %
2026/08/30 02:48:59.175, 0 MiB, 0 %
2026/08/30 02:49:01.176, 0 MiB, 0 %
2026/08/30 02:49:03.176, 0 MiB, 0 %
2026/08/30 02:49:05.176, 0 MiB, 0 %
2026/08/30 02:49:07.177, 0 MiB, 0 %
2026/08/30 02:49:09.177, 0 MiB, 0 %
2026/08/30 02:49:11.177, 0 MiB, 0 %
2026/08/30 02:49:13.177, 0 MiB, 0 %
2026/08/30 02:49:15.178, 0 MiB, 0 %
2026/08/30 02:49:17.178, 0 MiB, 0 %
2026/08/30 02:49:19.178, 0 MiB, 0 %
2026/08/30 02:49:21.179, 0 MiB, 0 %
2026/08/30 02:49:23.179, 0 MiB, 0 %
2026/08/30 02:49:25.179, 0 MiB, 0 %
2026/08/30 02:49:27.179, 0 MiB, 0 %
2026/08/30 02:49:29.180, 0 MiB, 0 %
2026/08/30 02:49:31.180, 0 MiB, 0 %
2026/08/30 02:49:33.180, 0 MiB, 0 %
2026/08/30 02:49:35.180, 0 MiB, 0 %
2026/08/30 02:49:37.181, 0 MiB, 0 %
2026/08/30 02:49:39.181, 0 MiB, 0 %
2026/08/30 02:49:41.181, 0 MiB, 0 %
2026/08/30 02:49:43.181, 0 MiB, 0 %
2026/08/30 02:49:45.182, 0 MiB, 0 %
2026/08/30 02:49:47.182, 0 MiB, 0 %
2026/08/30 02:49:49.182, 0 MiB, 0 %
2026/08/30 02:49:51.183, 0 MiB, 0 %
2026/08/30 02:49:53.183, 0 MiB, 0 %
2026/08/30 02:49:55.183, 0 MiB, 0 %
2026/08/30 02:49:57.183, 0 MiB, 0 %
2026/08/30 02:49:59.184, 0 MiB, 0 %
2026/08/30 02:50:01.184, 0 MiB, 0 %
2026/08/30 02:50:03.184, 0 MiB, 0 %
2026/08/30 02:50:05.184, 0 MiB, 0 %
2026/08/30 02:50:07.185, 0 MiB, 0 %
2026/08/30 02:50:09.185, 0 MiB, 0 %
2026/08/30 02:50:11.185, 0 MiB, 0 %
2026/08/30 02:50:13.186, 0 MiB, 0 %
2026/08/30 02:50:15.186, 0 MiB, 0 %
2026/08/30 02:50:17.186, 0 MiB, 0 %
2026/08/30 02:50:19.186, 0 MiB, 0 %
2026/08/30 02:50:21.187, 0 MiB, 0 %
2026/08/30 02:50:23.187, 0 MiB, 0 %
2026/08/30 02:50:25.187, 0 MiB, 0 %
2026/08/30 02:50:27.187, 0 MiB, 0 %
2026/08/30 02:50:29.188, 0 MiB, 0 %
2026/08/30 02:50:31.188, 0 MiB, 0 %
2026/08/30 02:50:33.188, 0 MiB, 0 %
2026/08/30 02:50:35.189, 0 MiB, 0 %
2026/08/30 02:50:37.189, 0 MiB, 0 %
2026/08/30 02:50:39.189, 0 MiB, 0 %
2026/08/30 02:50:41.189, 0 MiB, 0 %
2026/08/30 02:50:43.190, 0 MiB, 0 %
2026/08/30 02:50:45.190, 0 MiB, 0 %
2026/08/30 02:50:47.190, 0 MiB, 0 %
2026/08/30 02:50:49.190, 0 MiB, 0 %
2026/08/30 02:50:51.191, 0 MiB, 0 %
2026/08/30 02:50:53.191, 0 MiB, 0 %
2026/08/30 02:50:55.191, 0 MiB, 0 %
2026/08/30 02:50:57.191, 0 MiB, 0 %
2026/08/30 02:50:59.192, 0 MiB, 0 %
2026/08/30 02:51:01.192, 0 MiB, 0 %
2026/08/30 02:51:03.192, 0 MiB, 0 %
2026/08/30 02:51:05.193, 0 MiB, 0 %
2026/08/30 02:51:07.193, 0 MiB, 0 %
2026/08/30 02:51:09.193, 0 MiB, 0 %
2026/08/30 02:51:11.193, 0 MiB, 0 %
2026/08/30 02:51:13.194, 0 MiB, 0 %
2026/08/30 02:51:15.194, 0 MiB, 0 %
2026/08/30 02:51:17.194, 0 MiB, 0 %
2026/08/30 02:51:19.195, 0 MiB, 0 %
2026/08/30 02:51:21.195, 0 MiB, 0 %
2026/08/30 02:51:23.195, 0 MiB, 0 %
2026/08/30 02:51:25.195, 0 MiB, 0 %
2026/08/30 02:51:27.196, 0 MiB, 0 %
2026/08/30 02:51:29.196, 0 MiB, 0 %
2026/08/30 02:51:31.196, 0 MiB, 0 %
2026/08/30 02:51:33.196, 0 MiB, 0 %
2026/08/30 02:51:35.197, 0 MiB, 0 %
2026/08/30 02:51:37.197, 0 MiB, 0 %
2026/08/30 02:51:39.197, 0 MiB, 0 %
2026/08/30 02:51:41.197, 0 MiB, 0 %
2026/08/30 02:51:43.198, 0 MiB, 0 %
2026/08/30 02:51:45.198, 0 MiB, 0 %
2026/08/30 02:51:47.198, 0 MiB, 0 %
2026/08/30 02:51:49.199, 0 MiB, 0 %
2026/08/30 02:51:51.199, 0 MiB, 0 %
2026/08/30 02:51:53.199, 0 MiB, 0 %
2026/08/30 02:51:55.199, 0 MiB, 0 %
2026/08/30 02:51:57.200, 0 MiB, 0 %
2026/08/30 02:51:59.200, 0 MiB, 0 %
2026/08/30 02:52:01.200, 0 MiB, 0 %
2026/08/30 02:52:03.201, 0 MiB, 0 %
2026/08/30 02:52:05.201, 0 MiB, 0 %
2026/08/30 02:52:07.201, 0 MiB, 0 %
2026/08/30 02:52:09.202, 0 MiB, 0 %
2026/08/30 02:52:11.202, 0 MiB, 0 %
2026/08/30 02:52:13.202, 0 MiB, 0 %
2026/08/30 02:52:15.203, 0 MiB, 0 %
2026/08/30 02:52:17.203, 0 MiB, 0 %
2026/08/30 02:52:19.203, 0 MiB, 0 %
2026/08/30 02:52:21.203, 0 MiB, 0 %
2026/08/30 02:52:23.204, 0 MiB, 0 %
2026/08/30 02:52:25.204, 0 MiB, 0 %
2026/08/30 02:52:27.204, 0 MiB, 0 %
2026/08/30 02:52:29.205, 0 MiB, 0 %
2026/08/30 02:52:31.205, 0 MiB, 0 %
2026/08/30 02:52:33.205, 0 MiB, 0 %
2026/08/30 02:52:35.205, 0 MiB, 0 %
2026/08/30 02:52:37.206, 0 MiB, 0 %
2026/08/30 02:52:39.206, 0 MiB, 0 %
2026/08/30 02:52:41.206, 0 MiB, 0 %
2026/08/30 02:52:43.207, 0 MiB, 0 %
2026/08/30 02:52:45.207, 0 MiB, 0 %
2026/08/30 02:52:47.207, 0 MiB, 0 %
2026/08/30 02:52:49.207, 0 MiB, 0 %
2026/08/30 02:52:51.208, 0 MiB, 0 %
2026/08/30 02:52:53.208, 0 MiB, 0 %
2026/08/30 02:52:55.208, 0 MiB, 0 %
2026/08/30 02:52:57.208, 0 MiB, 0 %
2026/08/30 02:52:59.209, 0 MiB, 0 %
2026/08/30 02:53:01.209, 0 MiB, 0 %
2026/08/30 02:53:03.209, 0 MiB, 0 %
2026/08/30 02:53:05.210, 0 MiB, 0 %
2026/08/30 02:53:07.210, 0 MiB, 0 %
2026/08/30 02:53:09.210, 0 MiB, 0 %
2026/08/30 02:53:11.211, 0 MiB, 0 %
2026/08/30 02:53:13.211, 0 MiB, 0 %
2026/08/30 02:53:15.211, 0 MiB, 0 %
2026/08/30 02:53:17.212, 0 MiB, 0 %
2026/08/30 02:53:19.212, 0 MiB, 0 %
2026/08/30 02:53:21.212, 0 MiB, 0 %
2026/08/30 02:53:23.212, 0 MiB, 0 %
2026/08/30 02:53:25.213, 0 MiB, 0 %
2026/08/30 02:53:27.213, 0 MiB, 0 %
2026/08/30 02:53:29.213, 0 MiB, 0 %
2026/08/30 02:53:31.213, 0 MiB, 0 %
2026/08/30 02:53:33.214, 0 MiB, 0 %
2026/08/30 02:53:35.214, 0 MiB, 0 %
2026/08/30 02:53:37.214, 0 MiB, 0 %
2026/08/30 02:53:39.215, 0 MiB, 0 %
2026/08/30 02:53:41.215, 0 MiB, 0 %
2026/08/30 02:53:43.215, 0 MiB, 0 %
2026/08/30 02:53:45.215, 0 MiB, 0 %
2026/08/30 02:53:47.216, 0 MiB, 0 %
2026/08/30 02:53:49.216, 0 MiB, 0 %
2026/08/30 02:53:51.216, 0 MiB, 0 %
2026/08/30 02:53:53.217, 0 MiB, 0 %
2026/08/30 02:53:55.217, 0 MiB, 0 %
2026/08/30 02:53:57.217, 0 MiB, 0 %
2026/08/30 02:53:59.217, 0 MiB, 0 %
2026/08/30 02:54:01.218, 0 MiB, 0 %
2026/08/30 02:54:03.218, 0 MiB, 0 %
2026/08/30 02:54:05.218, 0 MiB, 0 %
2026/08/30 02:54:07.219, 0 MiB, 0 %
2026/08/30 02:54:09.219, 0 MiB, 0 %
2026/08/30 02:54:11.219, 0 MiB, 0 %
2026/08/30 02:54:13.220, 0 MiB, 0 %
2026/08/30 02:54:15.220, 0 MiB, 0 %
2026/08/30 02:54:17.220, 0 MiB, 0 %
2026/08/30 02:54:19.221, 0 MiB, 0 %
2026/08/30 02:54:21.221, 0 MiB, 0 %
2026/08/30 02:54:23.221, 0 MiB, 0 %
2026/08/30 02:54:25.222, 0 MiB, 0 %
2026/08/30 02:54:27.222, 0 MiB, 0 %
2026/08/30 02:54:29.222, 0 MiB, 0 %
2026/08/30 02:54:31.222, 0 MiB, 0 %
2026/08/30 02:54:33.223, 0 MiB, 0 %
2026/08/30 02:54:35.223, 0 MiB, 0 %
2026/08/30 02:54:37.223, 0 MiB, 0 %
2026/08/30 02:54:39.224, 0 MiB, 0 %
2026/08/30 02:54:41.224, 0 MiB, 0 %
2026/08/30 02:54:43.224, 0 MiB, 0 %
2026/08/30 02:54:45.224, 0 MiB, 0 %
2026/08/30 02:54:47.225, 0 MiB, 0 %
2026/08/30 02:54:49.225, 0 MiB, 0 %
2026/08/30 02:54:51.225, 0 MiB, 0 %
2026/08/30 02:54:53.225, 0 MiB, 0 %
2026/08/30 02:54:55.226, 0 MiB, 0 %
2026/08/30 02:54:57.226, 0 MiB, 0 %
2026/08/30 02:54:59.226, 0 MiB, 0 %
2026/08/30 02:55:01.227, 0 MiB, 0 %
2026/08/30 02:55:03.227, 0 MiB, 0 %
2026/08/30 02:55:05.227, 0 MiB, 0 %
2026/08/30 02:55:07.227, 0 MiB, 0 %
2026/08/30 02:55:09.228, 0 MiB, 0 %
2026/08/30 02:55:11.228, 0 MiB, 0 %
2026/08/30 02:55:13.228, 0 MiB, 0 %
2026/08/30 02:55:15.229, 0 MiB, 0 %
2026/08/30 02:55:17.229, 0 MiB, 0 %
2026/08/30 02:55:19.229, 0 MiB, 0 %
2026/08/30 02:55:21.229, 0 MiB, 0 %
2026/08/30 02:55:23.230, 0 MiB, 0 %
2026/08/30 02:55:25.230, 0 MiB, 0 %
2026/08/30 02:55:27.230, 0 MiB, 0 %
2026/08/30 02:55:29.231, 0 MiB, 0 %
2026/08/30 02:55:31.231, 0 MiB, 0 %
2026/08/30 02:55:33.231, 0 MiB, 0 %
2026/08/30 02:55:35.231, 0 MiB, 0 %
2026/08/30 02:55:37.232, 0 MiB, 0 %
2026/08/30 02:55:39.232, 0 MiB, 0 %
2026/08/30 02:55:41.232, 0 MiB, 0 %
2026/08/30 02:55:43.233, 0 MiB, 0 %
2026/08/30 02:55:45.233, 0 MiB, 0 %
2026/08/30 02:55:47.233, 0 MiB, 0 %
2026/08/30 02:55:49.233, 0 MiB, 0 %
2026/08/30 02:55:51.234, 0 MiB, 0 %
2026/08/30 02:55:53.234, 0 MiB, 0 %
2026/08/30 02:55:55.234, 0 MiB, 0 %
2026/08/30 02:55:57.235, 0 MiB, 0 %
2026/08/30 02:55:59.235, 0 MiB, 0 %
2026/08/30 02:56:01.235, 0 MiB, 0 %
2026/08/30 02:56:03.236, 0 MiB, 0 %
2026/08/30 02:56:05.236, 0 MiB, 0 %
2026/08/30 02:56:07.236, 0 MiB, 0 %
2026/08/30 02:56:09.236, 0 MiB, 0 %
2026/08/30 02:56:11.237, 0 MiB, 0 %
2026/08/30 02:56:13.237, 0 MiB, 0 %
2026/08/30 02:56:15.237, 0 MiB, 0 %
2026/08/30 02:56:17.238, 0 MiB, 0 %
2026/08/30 02:56:19.238, 0 MiB, 0 %
2026/08/30 02:56:21.238, 0 MiB, 0 %
2026/08/30 02:56:23.238, 0 MiB, 0 %
2026/08/30 02:56:25.239, 0 MiB, 0 %
2026/08/30 02:56:27.239, 0 MiB, 0 %
2026/08/30 02:56:29.239, 0 MiB, 0 %
2026/08/30 02:56:31.240, 0 MiB, 0 %
2026/08/30 02:56:33.240, 0 MiB, 0 %
2026/08/30 02:56:35.240, 0 MiB, 0 %
2026/08/30 02:56:37.240, 0 MiB, 0 %
2026/08/30 02:56:39.241, 0 MiB, 0 %
2026/08/30 02:56:41.241, 0 MiB, 0 %
2026/08/30 02:56:43.241, 0 MiB, 0 %
2026/08/30 02:56:45.242, 0 MiB, 0 %
2026/08/30 02:56:47.242, 0 MiB, 0 %
2026/08/30 02:56:49.242, 0 MiB, 0 %
2026/08/30 02:56:51.242, 0 MiB, 0 %
2026/08/30 02:56:53.243, 0 MiB, 0 %
2026/08/30 02:56:55.243, 0 MiB, 0 %
2026/08/30 02:56:57.243, 0 MiB, 0 %
2026/08/30 02:56:59.244, 0 MiB, 0 %
2026/08/30 02:57:01.244, 0 MiB, 0 %
2026/08/30 02:57:03.245, 0 MiB, 0 %
2026/08/30 02:57:05.245, 0 MiB, 0 %
2026/08/30 02:57:07.245, 0 MiB, 0 %
2026/08/30 02:57:09.246, 0 MiB, 0 %
2026/08/30 02:57:11.246, 0 MiB, 0 %
2026/08/30 02:57:13.246, 0 MiB, 0 %
2026/08/30 02:57:15.247, 0 MiB, 0 %
2026/08/30 02:57:17.247, 0 MiB, 0 %
2026/08/30 02:57:19.247, 0 MiB, 0 %
2026/08/30 02:57:21.247, 0 MiB, 0 %
2026/08/30 02:57:23.248, 0 MiB, 0 %
2026/08/30 02:57:25.248, 0 MiB, 0 %
2026/08/30 02:57:27.248, 0 MiB, 0 %
2026/08/30 02:57:29.249, 0 MiB, 0 %
2026/08/30 02:57:31.249, 0 MiB, 0 %
2026/08/30 02:57:33.249, 0 MiB, 0 %
2026/08/30 02:57:35.249, 0 MiB, 0 %
2026/08/30 02:57:37.250, 0 MiB, 0 %
2026/08/30 02:57:39.250, 0 MiB, 0 %
2026/08/30 02:57:41.250, 0 MiB, 0 %
2026/08/30 02:57:43.251, 0 MiB, 0 %
2026/08/30 02:57:45.251, 0 MiB, 0 %
2026/08/30 02:57:47.251, 0 MiB, 0 %
2026/08/30 02:57:49.251, 0 MiB, 0 %
2026/08/30 02:57:51.252, 0 MiB, 0 %
2026/08/30 02:57:53.252, 0 MiB, 0 %
2026/08/30 02:57:55.252, 0 MiB, 0 %
2026/08/30 02:57:57.253, 0 MiB, 0 %
2026/08/30 02:57:59.253, 0 MiB, 0 %
2026/08/30 02:58:01.253, 0 MiB, 0 %
2026/08/30 02:58:03.254, 0 MiB, 0 %
2026/08/30 02:58:05.254, 0 MiB, 0 %
2026/08/30 02:58:07.254, 0 MiB, 0 %
2026/08/30 02:58:09.254, 0 MiB, 0 %
2026/08/30 02:58:11.255, 0 MiB, 0 %
2026/08/30 02:58:13.255, 0 MiB, 0 %
2026/08/30 02:58:15.255, 0 MiB, 0 %
2026/08/30 02:58:17.256, 0 MiB, 0 %
2026/08/30 02:58:19.256, 0 MiB, 0 %
2026/08/30 02:58:21.256, 0 MiB, 0 %
2026/08/30 02:58:23.257, 0 MiB, 0 %
2026/08/30 02:58:25.257, 0 MiB, 0 %
2026/08/30 02:58:27.257, 0 MiB, 0 %
2026/08/30 02:58:29.257, 0 MiB, 0 %
2026/08/30 02:58:31.258, 0 MiB, 0 %
2026/08/30 02:58:33.258, 0 MiB, 0 %
2026/08/30 02:58:35.258, 0 MiB, 0 %
2026/08/30 02:58:37.259, 0 MiB, 0 %
2026/08/30 02:58:39.259, 0 MiB, 0 %
2026/08/30 02:58:41.259, 0 MiB, 0 %
2026/08/30 02:58:43.259, 0 MiB, 0 %
2026/08/30 02:58:45.260, 0 MiB, 0 %
2026/08/30 02:58:47.260, 0 MiB, 0 %
2026/08/30 02:58:49.260, 0 MiB, 0 %
2026/08/30 02:58:51.260, 0 MiB, 0 %
2026/08/30 02:58:53.261, 0 MiB, 0 %
2026/08/30 02:58:55.261, 0 MiB, 0 %
2026/08/30 02:58:57.261, 0 MiB, 0 %
2026/08/30 02:58:59.261, 0 MiB, 0 %
2026/08/30 02:59:01.262, 0 MiB, 0 %
2026/08/30 02:59:03.262, 0 MiB, 0 %
2026/08/30 02:59:05.262, 0 MiB, 0 %
2026/08/30 02:59:07.263, 0 MiB, 0 %
2026/08/30 02:59:09.263, 0 MiB, 0 %
2026/08/30 02:59:11.263, 0 MiB, 0 %
2026/08/30 02:59:13.263, 0 MiB, 0 %
2026/08/30 02:59:15.264, 0 MiB, 0 %
2026/08/30 02:59:17.264, 0 MiB, 0 %
2026/08/30 02:59:19.264, 0 MiB, 0 %
2026/08/30 02:59:21.264, 0 MiB, 0 %
2026/08/30 02:59:23.265, 0 MiB, 0 %
2026/08/30 02:59:25.265, 0 MiB, 0 %
2026/08/30 02:59:27.265, 0 MiB, 0 %
2026/08/30 02:59:29.266, 0 MiB, 0 %
2026/08/30 02:59:31.266, 0 MiB, 0 %
2026/08/30 02:59:33.266, 0 MiB, 0 %
2026/08/30 02:59:35.267, 0 MiB, 0 %
2026/08/30 02:59:37.267, 0 MiB, 0 %
2026/08/30 02:59:39.267, 0 MiB, 0 %
2026/08/30 02:59:41.267, 0 MiB, 0 %
2026/08/30 02:59:43.268, 0 MiB, 0 %
2026/08/30 02:59:45.268, 0 MiB, 0 %
2026/08/30 02:59:47.268, 0 MiB, 0 %
2026/08/30 02:59:49.268, 0 MiB, 0 %
2026/08/30 02:59:51.269, 0 MiB, 0 %
2026/08/30 02:59:53.269, 0 MiB, 0 %
2026/08/30 02:59:55.269, 0 MiB, 0 %
2026/08/30 02:59:57.269, 0 MiB, 0 %
2026/08/30 02:59:59.270, 0 MiB, 0 %
2026/08/30 03:00:01.270, 0 MiB, 0 %
2026/08/30 03:00:03.270, 0 MiB, 0 %
2026/08/30 03:00:05.271, 0 MiB, 0 %
2026/08/30 03:00:07.271, 0 MiB, 0 %
2026/08/30 03:00:09.271, 0 MiB, 0 %
2026/08/30 03:00:11.272, 0 MiB, 0 %
2026/08/30 03:00:13.272, 0 MiB, 0 %
2026/08/30 03:00:15.272, 0 MiB, 0 %
2026/08/30 03:00:17.272, 0 MiB, 0 %
2026/08/30 03:00:19.273, 0 MiB, 0 %
2026/08/30 03:00:21.273, 0 MiB, 0 %
2026/08/30 03:00:23.273, 0 MiB, 0 %
2026/08/30 03:00:25.273, 0 MiB, 0 %
2026/08/30 03:00:27.274, 0 MiB, 0 %
2026/08/30 03:00:29.274, 0 MiB, 0 %
2026/08/30 03:00:31.274, 0 MiB, 0 %
2026/08/30 03:00:33.275, 0 MiB, 0 %
2026/08/30 03:00:35.275, 0 MiB, 0 %
2026/08/30 03:00:37.275, 0 MiB, 0 %
2026/08/30 03:00:39.276, 0 MiB, 0 %
2026/08/30 03:00:41.276, 0 MiB, 0 %
2026/08/30 03:00:43.276, 0 MiB, 0 %
2026/08/30 03:00:45.276, 0 MiB, 0 %
2026/08/30 03:00:47.277, 0 MiB, 0 %
2026/08/30 03:00:49.277, 0 MiB, 0 %
2026/08/30 03:00:51.277, 0 MiB, 0 %
2026/08/30 03:00:53.278, 0 MiB, 0 %
2026/08/30 03:00:55.278, 0 MiB, 0 %
2026/08/30 03:00:57.278, 0 MiB, 0 %
2026/08/30 03:00:59.278, 0 MiB, 0 %
2026/08/30 03:01:01.279, 0 MiB, 0 %
2026/08/30 03:01:03.279, 0 MiB, 0 %
2026/08/30 03:01:05.279, 0 MiB, 0 %
2026/08/30 03:01:07.279, 0 MiB, 0 %
2026/08/30 03:01:09.280, 0 MiB, 0 %
2026/08/30 03:01:11.280, 0 MiB, 0 %
2026/08/30 03:01:13.280, 0 MiB, 0 %
2026/08/30 03:01:15.280, 0 MiB, 0 %
2026/08/30 03:01:17.281, 0 MiB, 0 %
2026/08/30 03:01:19.281, 0 MiB, 0 %
2026/08/30 03:01:21.281, 0 MiB, 0 %
2026/08/30 03:01:23.282, 0 MiB, 0 %
2026/08/30 03:01:25.282, 0 MiB, 0 %
2026/08/30 03:01:27.282, 0 MiB, 0 %
2026/08/30 03:01:29.283, 0 MiB, 0 %
2026/08/30 03:01:31.283, 0 MiB, 0 %
2026/08/30 03:01:33.283, 0 MiB, 0 %
2026/08/30 03:01:35.283, 0 MiB, 0 %
2026/08/30 03:01:37.284, 0 MiB, 0 %
2026/08/30 03:01:39.284, 0 MiB, 0 %
2026/08/30 03:01:41.284, 0 MiB, 0 %
2026/08/30 03:01:43.285, 0 MiB, 0 %
2026/08/30 03:01:45.285, 0 MiB, 0 %
2026/08/30 03:01:47.285, 0 MiB, 0 %
2026/08/30 03:01:49.286, 0 MiB, 0 %
2026/08/30 03:01:51.286, 0 MiB, 0 %
2026/08/30 03:01:53.286, 0 MiB, 0 %
2026/08/30 03:01:55.286, 0 MiB, 0 %
2026/08/30 03:01:57.287, 0 MiB, 0 %
2026/08/30 03:01:59.287, 0 MiB, 0 %
2026/08/30 03:02:01.287, 0 MiB, 0 %
2026/08/30 03:02:03.288, 0 MiB, 0 %
2026/08/30 03:02:05.288, 0 MiB, 0 %
2026/08/30 03:02:07.288, 0 MiB, 0 %
2026/08/30 03:02:09.289, 0 MiB, 0 %
2026/08/30 03:02:11.289, 0 MiB, 0 %
2026/08/30 03:02:13.289, 0 MiB, 0 %
2026/08/30 03:02:15.289, 0 MiB, 0 %
2026/08/30 03:02:17.290, 0 MiB, 0 %
2026/08/30 03:02:19.290, 0 MiB, 0 %
2026/08/30 03:02:21.290, 0 MiB, 0 %
2026/08/30 03:02:23.291, 0 MiB, 0 %
2026/08/30 03:02:25.291, 0 MiB, 0 %
2026/08/30 03:02:27.291, 0 MiB, 0 %
2026/08/30 03:02:29.291, 0 MiB, 0 %
2026/08/30 03:02:31.292, 0 MiB, 0 %
2026/08/30 03:02:33.292, 0 MiB, 0 %
2026/08/30 03:02:35.292, 0 MiB, 0 %
2026/08/30 03:02:37.293, 0 MiB, 0 %
2026/08/30 03:02:39.293, 0 MiB, 0 %
2026/08/30 03:02:41.293, 0 MiB, 0 %
2026/08/30 03:02:43.293, 0 MiB, 0 %
2026/08/30 03:02:45.294, 0 MiB, 0 %
2026/08/30 03:02:47.294, 0 MiB, 0 %
2026/08/30 03:02:49.294, 0 MiB, 0 %
2026/08/30 03:02:51.294, 0 MiB, 0 %
2026/08/30 03:02:53.295, 0 MiB, 0 %
2026/08/30 03:02:55.295, 0 MiB, 0 %
2026/08/30 03:02:57.295, 0 MiB, 0 %
2026/08/30 03:02:59.296, 0 MiB, 0 %
2026/08/30 03:03:01.296, 0 MiB, 0 %
2026/08/30 03:03:03.296, 0 MiB, 0 %
2026/08/30 03:03:05.296, 0 MiB, 0 %
2026/08/30 03:03:07.297, 0 MiB, 0 %
2026/08/30 03:03:09.297, 0 MiB, 0 %
2026/08/30 03:03:11.297, 0 MiB, 0 %
2026/08/30 03:03:13.298, 0 MiB, 0 %
2026/08/30 03:03:15.298, 0 MiB, 0 %
2026/08/30 03:03:17.298, 0 MiB, 0 %
2026/08/30 03:03:19.298, 0 MiB, 0 %
2026/08/30 03:03:21.299, 0 MiB, 0 %
2026/08/30 03:03:23.299, 0 MiB, 0 %
2026/08/30 03:03:25.299, 0 MiB, 0 %
2026/08/30 03:03:27.299, 0 MiB, 0 %
2026/08/30 03:03:29.300, 0 MiB, 0 %
2026/08/30 03:03:31.300, 0 MiB, 0 %
2026/08/30 03:03:33.300, 0 MiB, 0 %
2026/08/30 03:03:35.301, 0 MiB, 0 %
2026/08/30 03:03:37.301, 0 MiB, 0 %
2026/08/30 03:03:39.301, 0 MiB, 0 %
2026/08/30 03:03:41.301, 0 MiB, 0 %
2026/08/30 03:03:43.302, 0 MiB, 0 %
2026/08/30 03:03:45.302, 0 MiB, 0 %
2026/08/30 03:03:47.302, 0 MiB, 0 %
2026/08/30 03:03:49.303, 0 MiB, 0 %
2026/08/30 03:03:51.303, 0 MiB, 0 %
2026/08/30 03:03:53.303, 0 MiB, 0 %
2026/08/30 03:03:55.304, 0 MiB, 0 %
2026/08/30 03:03:57.304, 0 MiB, 0 %
2026/08/30 03:03:59.304, 0 MiB, 0 %
2026/08/30 03:04:01.304, 0 MiB, 0 %
2026/08/30 03:04:03.305, 0 MiB, 0 %
2026/08/30 03:04:05.305, 0 MiB, 0 %
2026/08/30 03:04:07.305, 0 MiB, 0 %
2026/08/30 03:04:09.306, 0 MiB, 0 %
2026/08/30 03:04:11.306, 0 MiB, 0 %
2026/08/30 03:04:13.306, 0 MiB, 0 %
2026/08/30 03:04:15.307, 0 MiB, 0 %
2026/08/30 03:04:17.307, 0 MiB, 0 %
2026/08/30 03:04:19.307, 0 MiB, 0 %
2026/08/30 03:04:21.308, 0 MiB, 0 %
2026/08/30 03:04:23.308, 0 MiB, 0 %
2026/08/30 03:04:25.308, 0 MiB, 0 %
2026/08/30 03:04:27.309, 0 MiB, 0 %
2026/08/30 03:04:29.309, 0 MiB, 0 %
2026/08/30 03:04:31.309, 0 MiB, 0 %
2026/08/30 03:04:33.309, 0 MiB, 0 %
2026/08/30 03:04:35.310, 0 MiB, 0 %
2026/08/30 03:04:37.310, 0 MiB, 0 %
2026/08/30 03:04:39.310, 0 MiB, 0 %
2026/08/30 03:04:41.311, 0 MiB, 0 %
2026/08/30 03:04:43.311, 0 MiB, 0 %
2026/08/30 03:04:45.311, 0 MiB, 0 %
2026/08/30 03:04:47.312, 0 MiB, 0 %
2026/08/30 03:04:49.312, 0 MiB, 0 %
2026/08/30 03:04:51.312, 0 MiB, 0 %
2026/08/30 03:04:53.313, 0 MiB, 0 %
2026/08/30 03:04:55.313, 0 MiB, 0 %
2026/08/30 03:04:57.313, 0 MiB, 0 %
2026/08/30 03:04:59.313, 0 MiB, 0 %
2026/08/30 03:05:01.314, 0 MiB, 0 %
2026/08/30 03:05:03.314, 0 MiB, 0 %
2026/08/30 03:05:05.314, 0 MiB, 0 %
2026/08/30 03:05:07.315, 0 MiB, 0 %
2026/08/30 03:05:09.315, 0 MiB, 0 %
2026/08/30 03:05:11.315, 0 MiB, 0 %
2026/08/30 03:05:13.316, 0 MiB, 0 %
2026/08/30 03:05:15.316, 0 MiB, 0 %
2026/08/30 03:05:17.316, 0 MiB, 0 %
2026/08/30 03:05:19.316, 0 MiB, 0 %
2026/08/30 03:05:21.317, 0 MiB, 0 %
2026/08/30 03:05:23.317, 0 MiB, 0 %
2026/08/30 03:05:25.317, 0 MiB, 0 %
2026/08/30 03:05:27.318, 0 MiB, 0 %
2026/08/30 03:05:29.318, 0 MiB, 0 %
2026/08/30 03:05:31.318, 0 MiB, 0 %
2026/08/30 03:05:33.319, 0 MiB, 0 %
2026/08/30 03:05:35.319, 0 MiB, 0 %
2026/08/30 03:05:37.319, 0 MiB, 0 %
2026/08/30 03:05:39.319, 0 MiB, 0 %
2026/08/30 03:05:41.320, 0 MiB, 0 %
2026/08/30 03:05:43.320, 0 MiB, 0 %
2026/08/30 03:05:45.320, 0 MiB, 0 %
2026/08/30 03:05:47.321, 0 MiB, 0 %
2026/08/30 03:05:49.321, 0 MiB, 0 %
2026/08/30 03:05:51.321, 0 MiB, 0 %
2026/08/30 03:05:53.321, 0 MiB, 0 %
2026/08/30 03:05:55.322, 0 MiB, 0 %
2026/08/30 03:05:57.322, 0 MiB, 0 %
2026/08/30 03:05:59.322, 0 MiB, 0 %
2026/08/30 03:06:01.323, 0 MiB, 0 %
2026/08/30 03:06:03.323, 0 MiB, 0 %
2026/08/30 03:06:05.323, 0 MiB, 0 %
2026/08/30 03:06:07.324, 0 MiB, 0 %
2026/08/30 03:06:09.324, 0 MiB, 0 %
2026/08/30 03:06:11.324, 0 MiB, 0 %
2026/08/30 03:06:13.325, 0 MiB, 0 %
2026/08/30 03:06:15.325, 0 MiB, 0 %
2026/08/30 03:06:17.325, 0 MiB, 0 %
2026/08/30 03:06:19.325, 0 MiB, 0 %
2026/08/30 03:06:21.326, 0 MiB, 0 %
2026/08/30 03:06:23.326, 0 MiB, 0 %
2026/08/30 03:06:25.326, 0 MiB, 0 %
2026/08/30 03:06:27.327, 0 MiB, 0 %
2026/08/30 03:06:29.327, 0 MiB, 0 %
2026/08/30 03:06:31.327, 0 MiB, 0 %
2026/08/30 03:06:33.327, 0 MiB, 0 %
2026/08/30 03:06:35.328, 0 MiB, 0 %
2026/08/30 03:06:37.328, 0 MiB, 0 %
2026/08/30 03:06:39.328, 0 MiB, 0 %
2026/08/30 03:06:41.329, 0 MiB, 0 %
2026/08/30 03:06:43.329, 0 MiB, 0 %
2026/08/30 03:06:45.329, 0 MiB, 0 %
2026/08/30 03:06:47.330, 0 MiB, 0 %
2026/08/30 03:06:49.330, 0 MiB, 0 %
2026/08/30 03:06:51.330, 0 MiB, 0 %
2026/08/30 03:06:53.330, 0 MiB, 0 %
2026/08/30 03:06:55.331, 0 MiB, 0 %
2026/08/30 03:06:57.331, 0 MiB, 0 %
2026/08/30 03:06:59.331, 0 MiB, 0 %
2026/08/30 03:07:01.331, 0 MiB, 0 %
2026/08/30 03:07:03.332, 0 MiB, 0 %
2026/08/30 03:07:05.332, 0 MiB, 0 %
2026/08/30 03:07:07.332, 0 MiB, 0 %
2026/08/30 03:07:09.332, 0 MiB, 0 %
2026/08/30 03:07:11.333, 0 MiB, 0 %
2026/08/30 03:07:13.333, 0 MiB, 0 %
2026/08/30 03:07:15.333, 0 MiB, 0 %
2026/08/30 03:07:17.334, 0 MiB, 0 %
2026/08/30 03:07:19.334, 0 MiB, 0 %
2026/08/30 03:07:21.334, 0 MiB, 0 %
2026/08/30 03:07:23.334, 0 MiB, 0 %
2026/08/30 03:07:25.335, 0 MiB, 0 %
2026/08/30 03:07:27.335, 0 MiB, 0 %
2026/08/30 03:07:29.335, 0 MiB, 0 %
2026/08/30 03:07:31.336, 0 MiB, 0 %
2026/08/30 03:07:33.336, 0 MiB, 0 %
2026/08/30 03:07:35.336, 0 MiB, 0 %
2026/08/30 03:07:37.336, 0 MiB, 0 %
2026/08/30 03:07:39.337, 0 MiB, 0 %
2026/08/30 03:07:41.337, 0 MiB, 0 %
2026/08/30 03:07:43.337, 0 MiB, 0 %
2026/08/30 03:07:45.338, 0 MiB, 0 %
2026/08/30 03:07:47.338, 0 MiB, 0 %
2026/08/30 03:07:49.338, 0 MiB, 0 %
2026/08/30 03:07:51.339, 0 MiB, 0 %
2026/08/30 03:07:53.339, 0 MiB, 0 %
2026/08/30 03:07:55.339, 0 MiB, 0 %
2026/08/30 03:07:57.339, 0 MiB, 0 %
2026/08/30 03:07:59.340, 0 MiB, 0 %
2026/08/30 03:08:01.340, 0 MiB, 0 %
2026/08/30 03:08:03.340, 0 MiB, 0 %
2026/08/30 03:08:05.341, 0 MiB, 0 %
2026/08/30 03:08:07.341, 0 MiB, 0 %
2026/08/30 03:08:09.341, 0 MiB, 0 %
2026/08/30 03:08:11.341, 0 MiB, 0 %
2026/08/30 03:08:13.342, 0 MiB, 0 %
2026/08/30 03:08:15.342, 0 MiB, 0 %
2026/08/30 03:08:17.342, 0 MiB, 0 %
2026/08/30 03:08:19.343, 0 MiB, 0 %
2026/08/30 03:08:21.343, 0 MiB, 0 %
2026/08/30 03:08:23.343, 0 MiB, 0 %
2026/08/30 03:08:25.343, 0 MiB, 0 %
2026/08/30 03:08:27.344, 0 MiB, 0 %
2026/08/30 03:08:29.344, 0 MiB, 0 %
2026/08/30 03:08:31.344, 0 MiB, 0 %
2026/08/30 03:08:33.344, 0 MiB, 0 %
2026/08/30 03:08:35.345, 0 MiB, 0 %
2026/08/30 03:08:37.345, 0 MiB, 0 %
2026/08/30 03:08:39.345, 0 MiB, 0 %
2026/08/30 03:08:41.346, 0 MiB, 0 %
2026/08/30 03:08:43.346, 0 MiB, 0 %
2026/08/30 03:08:45.346, 0 MiB, 0 %
2026/08/30 03:08:47.347, 0 MiB, 0 %
2026/08/30 03:08:49.347, 0 MiB, 0 %
2026/08/30 03:08:51.347, 0 MiB, 0 %
2026/08/30 03:08:53.348, 0 MiB, 0 %
2026/08/30 03:08:55.348, 0 MiB, 0 %
2026/08/30 03:08:57.348, 0 MiB, 0 %
2026/08/30 03:08:59.349, 0 MiB, 0 %
2026/08/30 03:09:01.349, 0 MiB, 0 %
2026/08/30 03:09:03.349, 0 MiB, 0 %
2026/08/30 03:09:05.350, 0 MiB, 0 %
2026/08/30 03:09:07.350, 0 MiB, 0 %
2026/08/30 03:09:09.350, 0 MiB, 0 %
2026/08/30 03:09:11.351, 0 MiB, 0 %
2026/08/30 03:09:13.351, 0 MiB, 0 %
2026/08/30 03:09:15.351, 0 MiB, 0 %
2026/08/30 03:09:17.351, 0 MiB, 0 %
2026/08/30 03:09:19.352, 0 MiB, 0 %
2026/08/30 03:09:21.352, 0 MiB, 0 %
2026/08/30 03:09:23.352, 0 MiB, 0 %
2026/08/30 03:09:25.353, 0 MiB, 0 %
2026/08/30 03:09:27.353, 0 MiB, 0 %
2026/08/30 03:09:29.353, 0 MiB, 0 %
2026/08/30 03:09:31.354, 0 MiB, 0 %
2026/08/30 03:09:33.354, 0 MiB, 0 %
2026/08/30 03:09:35.354, 0 MiB, 0 %
2026/08/30 03:09:37.355, 0 MiB, 0 %
2026/08/30 03:09:39.355, 0 MiB, 0 %
2026/08/30 03:09:41.355, 0 MiB, 0 %
2026/08/30 03:09:43.356, 0 MiB, 0 %
2026/08/30 03:09:45.356, 0 MiB, 0 %
2026/08/30 03:09:47.356, 0 MiB, 0 %
2026/08/30 03:09:49.357, 0 MiB, 0 %
2026/08/30 03:09:51.357, 0 MiB, 0 %
2026/08/30 03:09:53.357, 0 MiB, 0 %
2026/08/30 03:09:55.357, 0 MiB, 0 %
2026/08/30 03:09:57.358, 0 MiB, 0 %
2026/08/30 03:09:59.358, 0 MiB, 0 %
2026/08/30 03:10:01.358, 0 MiB, 0 %
2026/08/30 03:10:03.359, 0 MiB, 0 %
2026/08/30 03:10:05.359, 0 MiB, 0 %
2026/08/30 03:10:07.359, 0 MiB, 0 %
2026/08/30 03:10:09.359, 0 MiB, 0 %
2026/08/30 03:10:11.360, 0 MiB, 0 %
2026/08/30 03:10:13.360, 0 MiB, 0 %
2026/08/30 03:10:15.360, 0 MiB, 0 %
2026/08/30 03:10:17.361, 0 MiB, 0 %
2026/08/30 03:10:19.361, 0 MiB, 0 %
2026/08/30 03:10:21.361, 0 MiB, 0 %
2026/08/30 03:10:23.361, 0 MiB, 0 %
2026/08/30 03:10:25.362, 0 MiB, 0 %
2026/08/30 03:10:27.362, 0 MiB, 0 %
2026/08/30 03:10:29.362, 0 MiB, 0 %
2026/08/30 03:10:31.363, 0 MiB, 0 %
2026/08/30 03:10:33.363, 0 MiB, 0 %
2026/08/30 03:10:35.363, 0 MiB, 0 %
2026/08/30 03:10:37.363, 0 MiB, 0 %
2026/08/30 03:10:39.364, 0 MiB, 0 %
2026/08/30 03:10:41.364, 0 MiB, 0 %
2026/08/30 03:10:43.364, 0 MiB, 0 %
2026/08/30 03:10:45.364, 0 MiB, 0 %
2026/08/30 03:10:47.365, 0 MiB, 0 %
2026/08/30 03:10:49.365, 0 MiB, 0 %
2026/08/30 03:10:51.365, 0 MiB, 0 %
2026/08/30 03:10:53.366, 0 MiB, 0 %
2026/08/30 03:10:55.366, 0 MiB, 0 %
2026/08/30 03:10:57.366, 0 MiB, 0 %
2026/08/30 03:10:59.366, 0 MiB, 0 %
2026/08/30 03:11:01.367, 0 MiB, 0 %
2026/08/30 03:11:03.367, 0 MiB, 0 %
2026/08/30 03:11:05.367, 0 MiB, 0 %
2026/08/30 03:11:07.368, 0 MiB, 0 %
2026/08/30 03:11:09.368, 0 MiB, 0 %
2026/08/30 03:11:11.368, 0 MiB, 0 %
2026/08/30 03:11:13.369, 0 MiB, 0 %
2026/08/30 03:11:15.369, 0 MiB, 0 %
2026/08/30 03:11:17.369, 0 MiB, 0 %
2026/08/30 03:11:19.369, 0 MiB, 0 %
2026/08/30 03:11:21.370, 0 MiB, 0 %
2026/08/30 03:11:23.370, 0 MiB, 0 %
2026/08/30 03:11:25.370, 0 MiB, 0 %
2026/08/30 03:11:27.371, 0 MiB, 0 %
2026/08/30 03:11:29.371, 0 MiB, 0 %
2026/08/30 03:11:31.371, 0 MiB, 0 %
2026/08/30 03:11:33.372, 0 MiB, 0 %
2026/08/30 03:11:35.372, 0 MiB, 0 %
2026/08/30 03:11:37.372, 0 MiB, 0 %
2026/08/30 03:11:39.372, 0 MiB, 0 %
2026/08/30 03:11:41.373, 0 MiB, 0 %
2026/08/30 03:11:43.373, 0 MiB, 0 %
2026/08/30 03:11:45.373, 0 MiB, 0 %
2026/08/30 03:11:47.374, 0 MiB, 0 %
2026/08/30 03:11:49.374, 0 MiB, 0 %
2026/08/30 03:11:51.374, 0 MiB, 0 %
2026/08/30 03:11:53.375, 0 MiB, 0 %
2026/08/30 03:11:55.375, 0 MiB, 0 %
2026/08/30 03:11:57.375, 0 MiB, 0 %
2026/08/30 03:11:59.375, 0 MiB, 0 %
2026/08/30 03:12:01.376, 0 MiB, 0 %
2026/08/30 03:12:03.376, 0 MiB, 0 %
2026/08/30 03:12:05.376, 0 MiB, 0 %
2026/08/30 03:12:07.377, 0 MiB, 0 %
2026/08/30 03:12:09.377, 0 MiB, 0 %
2026/08/30 03:12:11.377, 0 MiB, 0 %
2026/08/30 03:12:13.378, 0 MiB, 0 %
2026/08/30 03:12:15.378, 0 MiB, 0 %
2026/08/30 03:12:17.378, 0 MiB, 0 %
2026/08/30 03:12:19.378, 0 MiB, 0 %
2026/08/30 03:12:21.379, 0 MiB, 0 %
2026/08/30 03:12:23.379, 0 MiB, 0 %
2026/08/30 03:12:25.379, 0 MiB, 0 %
2026/08/30 03:12:27.380, 0 MiB, 0 %
2026/08/30 03:12:29.380, 0 MiB, 0 %
2026/08/30 03:12:31.380, 0 MiB, 0 %
2026/08/30 03:12:33.381, 0 MiB, 0 %
2026/08/30 03:12:35.381, 0 MiB, 0 %
2026/08/30 03:12:37.381, 0 MiB, 0 %
2026/08/30 03:12:39.381, 0 MiB, 0 %
2026/08/30 03:12:41.382, 0 MiB, 0 %
2026/08/30 03:12:43.382, 0 MiB, 0 %
2026/08/30 03:12:45.382, 0 MiB, 0 %
2026/08/30 03:12:47.383, 0 MiB, 0 %
2026/08/30 03:12:49.383, 0 MiB, 0 %
2026/08/30 03:12:51.383, 0 MiB, 0 %
2026/08/30 03:12:53.384, 0 MiB, 0 %
2026/08/30 03:12:55.384, 0 MiB, 0 %
2026/08/30 03:12:57.384, 0 MiB, 0 %
2026/08/30 03:12:59.384, 0 MiB, 0 %
2026/08/30 03:13:01.385, 0 MiB, 0 %
2026/08/30 03:13:03.385, 0 MiB, 0 %
2026/08/30 03:13:05.385, 0 MiB, 0 %
2026/08/30 03:13:07.386, 0 MiB, 0 %
2026/08/30 03:13:09.386, 0 MiB, 0 %
2026/08/30 03:13:11.386, 0 MiB, 0 %
2026/08/30 03:13:13.387, 0 MiB, 0 %
2026/08/30 03:13:15.387, 0 MiB, 0 %
2026/08/30 03:13:17.387, 0 MiB, 0 %
2026/08/30 03:13:19.387, 0 MiB, 0 %
2026/08/30 03:13:21.388, 0 MiB, 0 %
2026/08/30 03:13:23.388, 0 MiB, 0 %
2026/08/30 03:13:25.389, 0 MiB, 0 %
2026/08/30 03:13:27.389, 0 MiB, 0 %
2026/08/30 03:13:29.389, 0 MiB, 0 %
2026/08/30 03:13:31.390, 0 MiB, 0 %
2026/08/30 03:13:33.390, 0 MiB, 0 %
2026/08/30 03:13:35.390, 0 MiB, 0 %
2026/08/30 03:13:37.391, 0 MiB, 0 %
2026/08/30 03:13:39.391, 0 MiB, 0 %
2026/08/30 03:13:41.391, 0 MiB, 0 %
2026/08/30 03:13:43.391, 0 MiB, 0 %
2026/08/30 03:13:45.392, 0 MiB, 0 %
2026/08/30 03:13:47.392, 0 MiB, 0 %
2026/08/30 03:13:49.393, 0 MiB, 0 %
2026/08/30 03:13:51.393, 0 MiB, 0 %
2026/08/30 03:13:53.393, 0 MiB, 0 %
2026/08/30 03:13:55.393, 0 MiB, 0 %
2026/08/30 03:13:57.394, 0 MiB, 0 %
2026/08/30 03:13:59.394, 0 MiB, 0 %
2026/08/30 03:14:01.394, 0 MiB, 0 %
2026/08/30 03:14:03.395, 0 MiB, 0 %
2026/08/30 03:14:05.395, 0 MiB, 0 %
2026/08/30 03:14:07.395, 0 MiB, 0 %
2026/08/30 03:14:09.396, 0 MiB, 0 %
2026/08/30 03:14:11.396, 0 MiB, 0 %
2026/08/30 03:14:13.396, 0 MiB, 0 %
2026/08/30 03:14:15.396, 0 MiB, 0 %
2026/08/30 03:14:17.397, 0 MiB, 0 %
2026/08/30 03:14:19.397, 0 MiB, 0 %
2026/08/30 03:14:21.397, 0 MiB, 0 %
2026/08/30 03:14:23.397, 0 MiB, 0 %
2026/08/30 03:14:25.398, 0 MiB, 0 %
2026/08/30 03:14:27.398, 0 MiB, 0 %
2026/08/30 03:14:29.398, 0 MiB, 0 %
2026/08/30 03:14:31.399, 0 MiB, 0 %
2026/08/30 03:14:33.399, 0 MiB, 0 %
2026/08/30 03:14:35.399, 0 MiB, 0 %
2026/08/30 03:14:37.400, 0 MiB, 0 %
2026/08/30 03:14:39.400, 0 MiB, 0 %
2026/08/30 03:14:41.400, 0 MiB, 0 %
2026/08/30 03:14:43.400, 0 MiB, 0 %
2026/08/30 03:14:45.401, 0 MiB, 0 %
2026/08/30 03:14:47.401, 0 MiB, 0 %
2026/08/30 03:14:49.401, 0 MiB, 0 %
2026/08/30 03:14:51.402, 0 MiB, 0 %
2026/08/30 03:14:53.402, 0 MiB, 0 %
2026/08/30 03:14:55.402, 0 MiB, 0 %
2026/08/30 03:14:57.402, 0 MiB, 0 %
2026/08/30 03:14:59.403, 0 MiB, 0 %
2026/08/30 03:15:01.403, 0 MiB, 0 %
2026/08/30 03:15:03.403, 0 MiB, 0 %
2026/08/30 03:15:05.404, 0 MiB, 0 %
2026/08/30 03:15:07.404, 0 MiB, 0 %
2026/08/30 03:15:09.404, 0 MiB, 0 %
2026/08/30 03:15:11.404, 0 MiB, 0 %
2026/08/30 03:15:13.405, 0 MiB, 0 %
2026/08/30 03:15:15.405, 0 MiB, 0 %
2026/08/30 03:15:17.405, 0 MiB, 0 %
2026/08/30 03:15:19.405, 0 MiB, 0 %
2026/08/30 03:15:21.406, 0 MiB, 0 %
2026/08/30 03:15:23.406, 0 MiB, 0 %
2026/08/30 03:15:25.406, 0 MiB, 0 %
2026/08/30 03:15:27.407, 0 MiB, 0 %
2026/08/30 03:15:29.407, 0 MiB, 0 %
2026/08/30 03:15:31.407, 0 MiB, 0 %
2026/08/30 03:15:33.407, 0 MiB, 0 %
2026/08/30 03:15:35.408, 0 MiB, 0 %
2026/08/30 03:15:37.408, 0 MiB, 0 %
2026/08/30 03:15:39.408, 0 MiB, 0 %
2026/08/30 03:15:41.409, 0 MiB, 0 %
2026/08/30 03:15:43.409, 0 MiB, 0 %
2026/08/30 03:15:45.409, 0 MiB, 0 %
2026/08/30 03:15:47.409, 0 MiB, 0 %
2026/08/30 03:15:49.410, 0 MiB, 0 %
2026/08/30 03:15:51.410, 0 MiB, 0 %
2026/08/30 03:15:53.410, 0 MiB, 0 %
2026/08/30 03:15:55.411, 0 MiB, 0 %
2026/08/30 03:15:57.411, 0 MiB, 0 %
2026/08/30 03:15:59.411, 0 MiB, 0 %
2026/08/30 03:16:01.411, 0 MiB, 0 %
2026/08/30 03:16:03.412, 0 MiB, 0 %
2026/08/30 03:16:05.412, 0 MiB, 0 %
2026/08/30 03:16:07.412, 0 MiB, 0 %
2026/08/30 03:16:09.413, 0 MiB, 0 %
2026/08/30 03:16:11.413, 0 MiB, 0 %
2026/08/30 03:16:13.413, 0 MiB, 0 %
2026/08/30 03:16:15.413, 0 MiB, 0 %
2026/08/30 03:16:17.414, 0 MiB, 0 %
2026/08/30 03:16:19.414, 0 MiB, 0 %
2026/08/30 03:16:21.414, 0 MiB, 0 %
2026/08/30 03:16:23.414, 0 MiB, 0 %
2026/08/30 03:16:25.415, 0 MiB, 0 %
2026/08/30 03:16:27.415, 0 MiB, 0 %
2026/08/30 03:16:29.415, 0 MiB, 0 %
2026/08/30 03:16:31.416, 0 MiB, 0 %
2026/08/30 03:16:33.416, 0 MiB, 0 %
2026/08/30 03:16:35.416, 0 MiB, 0 %
2026/08/30 03:16:37.417, 0 MiB, 0 %
2026/08/30 03:16:39.417, 0 MiB, 0 %
2026/08/30 03:16:41.417, 0 MiB, 0 %
2026/08/30 03:16:43.418, 0 MiB, 0 %
2026/08/30 03:16:45.418, 0 MiB, 0 %
2026/08/30 03:16:47.418, 0 MiB, 0 %
2026/08/30 03:16:49.419, 0 MiB, 0 %
2026/08/30 03:16:51.419, 0 MiB, 0 %
2026/08/30 03:16:53.419, 0 MiB, 0 %
2026/08/30 03:16:55.420, 0 MiB, 0 %
2026/08/30 03:16:57.420, 0 MiB, 0 %
2026/08/30 03:16:59.420, 0 MiB, 0 %
2026/08/30 03:17:01.420, 0 MiB, 0 %
2026/08/30 03:17:03.421, 0 MiB, 0 %
2026/08/30 03:17:05.421, 0 MiB, 0 %
2026/08/30 03:17:07.421, 0 MiB, 0 %
2026/08/30 03:17:09.421, 0 MiB, 0 %
2026/08/30 03:17:11.422, 0 MiB, 0 %
2026/08/30 03:17:13.422, 0 MiB, 0 %
2026/08/30 03:17:15.422, 0 MiB, 0 %
2026/08/30 03:17:17.423, 0 MiB, 0 %
2026/08/30 03:17:19.423, 0 MiB, 0 %
2026/08/30 03:17:21.423, 0 MiB, 0 %
2026/08/30 03:17:23.423, 0 MiB, 0 %
2026/08/30 03:17:25.424, 0 MiB, 0 %
2026/08/30 03:17:27.424, 0 MiB, 0 %
2026/08/30 03:17:29.424, 0 MiB, 0 %
2026/08/30 03:17:31.425, 0 MiB, 0 %
2026/08/30 03:17:33.425, 0 MiB, 0 %
2026/08/30 03:17:35.425, 0 MiB, 0 %
2026/08/30 03:17:37.426, 0 MiB, 0 %
2026/08/30 03:17:39.426, 0 MiB, 0 %
2026/08/30 03:17:41.426, 0 MiB, 0 %
2026/08/30 03:17:43.427, 0 MiB, 0 %
2026/08/30 03:17:45.427, 0 MiB, 0 %
2026/08/30 03:17:47.427, 0 MiB, 0 %
2026/08/30 03:17:49.428, 0 MiB, 0 %
2026/08/30 03:17:51.428, 0 MiB, 0 %
2026/08/30 03:17:53.428, 0 MiB, 0 %
2026/08/30 03:17:55.428, 0 MiB, 0 %
2026/08/30 03:17:57.429, 0 MiB, 0 %
2026/08/30 03:17:59.429, 0 MiB, 0 %
2026/08/30 03:18:01.429, 0 MiB, 0 %
2026/08/30 03:18:03.430, 0 MiB, 0 %
2026/08/30 03:18:05.430, 0 MiB, 0 %
2026/08/30 03:18:07.430, 0 MiB, 0 %
2026/08/30 03:18:09.431, 0 MiB, 0 %
2026/08/30 03:18:11.431, 0 MiB, 0 %
2026/08/30 03:18:13.431, 0 MiB, 0 %
2026/08/30 03:18:15.432, 0 MiB, 0 %
2026/08/30 03:18:17.432, 0 MiB, 0 %
2026/08/30 03:18:19.432, 0 MiB, 0 %
2026/08/30 03:18:21.433, 0 MiB, 0 %
2026/08/30 03:18:23.433, 0 MiB, 0 %
2026/08/30 03:18:25.433, 0 MiB, 0 %
2026/08/30 03:18:27.433, 0 MiB, 0 %
2026/08/30 03:18:29.434, 0 MiB, 0 %
2026/08/30 03:18:31.434, 0 MiB, 0 %
2026/08/30 03:18:33.434, 0 MiB, 0 %
2026/08/30 03:18:35.435, 0 MiB, 0 %
2026/08/30 03:18:37.435, 0 MiB, 0 %
2026/08/30 03:18:39.435, 0 MiB, 0 %
2026/08/30 03:18:41.436, 0 MiB, 0 %
2026/08/30 03:18:43.436, 0 MiB, 0 %
2026/08/30 03:18:45.436, 0 MiB, 0 %
2026/08/30 03:18:47.437, 0 MiB, 0 %
2026/08/30 03:18:49.437, 0 MiB, 0 %
2026/08/30 03:18:51.437, 0 MiB, 0 %
2026/08/30 03:18:53.438, 0 MiB, 0 %
2026/08/30 03:18:55.438, 0 MiB, 0 %
2026/08/30 03:18:57.438, 0 MiB, 0 %
2026/08/30 03:18:59.439, 0 MiB, 0 %
2026/08/30 03:19:01.439, 0 MiB, 0 %
2026/08/30 03:19:03.439, 0 MiB, 0 %
2026/08/30 03:19:05.440, 0 MiB, 0 %
2026/08/30 03:19:07.440, 0 MiB, 0 %
2026/08/30 03:19:09.440, 0 MiB, 0 %
2026/08/30 03:19:11.440, 0 MiB, 0 %
2026/08/30 03:19:13.441, 0 MiB, 0 %
2026/08/30 03:19:15.441, 0 MiB, 0 %
2026/08/30 03:19:17.441, 0 MiB, 0 %
2026/08/30 03:19:19.442, 0 MiB, 0 %
2026/08/30 03:19:21.442, 0 MiB, 0 %
2026/08/30 03:19:23.442, 0 MiB, 0 %
2026/08/30 03:19:25.442, 0 MiB, 0 %
2026/08/30 03:19:27.443, 0 MiB, 0 %
2026/08/30 03:19:29.443, 0 MiB, 0 %
2026/08/30 03:19:31.443, 0 MiB, 0 %
2026/08/30 03:19:33.443, 0 MiB, 0 %
2026/08/30 03:19:35.444, 0 MiB, 0 %
2026/08/30 03:19:37.444, 0 MiB, 0 %
2026/08/30 03:19:39.444, 0 MiB, 0 %
2026/08/30 03:19:41.444, 0 MiB, 0 %
2026/08/30 03:19:43.445, 0 MiB, 0 %
2026/08/30 03:19:45.445, 0 MiB, 0 %
2026/08/30 03:19:47.445, 0 MiB, 0 %
2026/08/30 03:19:49.445, 0 MiB, 0 %
2026/08/30 03:19:51.446, 0 MiB, 0 %
2026/08/30 03:19:53.446, 0 MiB, 0 %
2026/08/30 03:19:55.446, 0 MiB, 0 %
2026/08/30 03:19:57.447, 0 MiB, 0 %
2026/08/30 03:19:59.447, 0 MiB, 0 %
2026/08/30 03:20:01.447, 0 MiB, 0 %
2026/08/30 03:20:03.447, 0 MiB, 0 %
2026/08/30 03:20:05.448, 0 MiB, 0 %
2026/08/30 03:20:07.448, 0 MiB, 0 %
2026/08/30 03:20:09.448, 0 MiB, 0 %
2026/08/30 03:20:11.449, 0 MiB, 0 %
2026/08/30 03:20:13.449, 0 MiB, 0 %
2026/08/30 03:20:15.449, 0 MiB, 0 %
2026/08/30 03:20:17.449, 0 MiB, 0 %
2026/08/30 03:20:19.450, 0 MiB, 0 %
2026/08/30 03:20:21.450, 0 MiB, 0 %
2026/08/30 03:20:23.450, 0 MiB, 0 %
2026/08/30 03:20:25.451, 0 MiB, 0 %
2026/08/30 03:20:27.451, 0 MiB, 0 %
2026/08/30 03:20:29.451, 0 MiB, 0 %
2026/08/30 03:20:31.452, 0 MiB, 0 %
2026/08/30 03:20:33.452, 0 MiB, 0 %
2026/08/30 03:20:35.452, 0 MiB, 0 %
2026/08/30 03:20:37.452, 0 MiB, 0 %
2026/08/30 03:20:39.453, 0 MiB, 0 %
2026/08/30 03:20:41.453, 0 MiB, 0 %
2026/08/30 03:20:43.453, 0 MiB, 0 %
2026/08/30 03:20:45.454, 0 MiB, 0 %
2026/08/30 03:20:47.454, 0 MiB, 0 %
2026/08/30 03:20:49.454, 0 MiB, 0 %
2026/08/30 03:20:51.455, 0 MiB, 0 %
2026/08/30 03:20:53.455, 0 MiB, 0 %
2026/08/30 03:20:55.455, 0 MiB, 0 %
2026/08/30 03:20:57.455, 0 MiB, 0 %
2026/08/30 03:20:59.456, 0 MiB, 0 %
2026/08/30 03:21:01.456, 0 MiB, 0 %
2026/08/30 03:21:03.456, 0 MiB, 0 %
2026/08/30 03:21:05.457, 0 MiB, 0 %
2026/08/30 03:21:07.457, 0 MiB, 0 %
2026/08/30 03:21:09.457, 0 MiB, 0 %
2026/08/30 03:21:11.457, 0 MiB, 0 %
2026/08/30 03:21:13.458, 0 MiB, 0 %
2026/08/30 03:21:15.458, 0 MiB, 0 %
2026/08/30 03:21:17.458, 0 MiB, 0 %
2026/08/30 03:21:19.459, 0 MiB, 0 %
2026/08/30 03:21:21.459, 0 MiB, 0 %
2026/08/30 03:21:23.459, 0 MiB, 0 %
2026/08/30 03:21:25.460, 0 MiB, 0 %
2026/08/30 03:21:27.460, 0 MiB, 0 %
2026/08/30 03:21:29.460, 0 MiB, 0 %
2026/08/30 03:21:31.460, 0 MiB, 0 %
2026/08/30 03:21:33.461, 0 MiB, 0 %
2026/08/30 03:21:35.461, 0 MiB, 0 %
2026/08/30 03:21:37.461, 0 MiB, 0 %
2026/08/30 03:21:39.462, 0 MiB, 0 %
2026/08/30 03:21:41.462, 0 MiB, 0 %
2026/08/30 03:21:43.462, 0 MiB, 0 %
2026/08/30 03:21:45.463, 0 MiB, 0 %
2026/08/30 03:21:47.463, 0 MiB, 0 %
2026/08/30 03:21:49.463, 0 MiB, 0 %
2026/08/30 03:21:51.463, 0 MiB, 0 %
2026/08/30 03:21:53.464, 0 MiB, 0 %
2026/08/30 03:21:55.464, 0 MiB, 0 %
2026/08/30 03:21:57.464, 0 MiB, 0 %
2026/08/30 03:21:59.465, 0 MiB, 0 %
2026/08/30 03:22:01.465, 0 MiB, 0 %
2026/08/30 03:22:03.465, 0 MiB, 0 %
2026/08/30 03:22:05.465, 0 MiB, 0 %
2026/08/30 03:22:07.466, 0 MiB, 0 %
2026/08/30 03:22:09.466, 0 MiB, 0 %
2026/08/30 03:22:11.466, 0 MiB, 0 %
2026/08/30 03:22:13.467, 0 MiB, 0 %
2026/08/30 03:22:15.467, 0 MiB, 0 %
2026/08/30 03:22:17.467, 0 MiB, 0 %
2026/08/30 03:22:19.468, 0 MiB, 0 %
2026/08/30 03:22:21.468, 0 MiB, 0 %
2026/08/30 03:22:23.468, 0 MiB, 0 %
2026/08/30 03:22:25.468, 0 MiB, 0 %
2026/08/30 03:22:27.469, 0 MiB, 0 %
2026/08/30 03:22:29.469, 0 MiB, 0 %
2026/08/30 03:22:31.469, 0 MiB, 0 %
2026/08/30 03:22:33.469, 0 MiB, 0 %
2026/08/30 03:22:35.470, 0 MiB, 0 %
2026/08/30 03:22:37.470, 0 MiB, 0 %
2026/08/30 03:22:39.470, 0 MiB, 0 %
2026/08/30 03:22:41.471, 0 MiB, 0 %
2026/08/30 03:22:43.471, 0 MiB, 0 %
2026/08/30 03:22:45.471, 0 MiB, 0 %
2026/08/30 03:22:47.471, 0 MiB, 0 %
2026/08/30 03:22:49.472, 0 MiB, 0 %
2026/08/30 03:22:51.472, 0 MiB, 0 %
2026/08/30 03:22:53.472, 0 MiB, 0 %
2026/08/30 03:22:55.472, 0 MiB, 0 %
2026/08/30 03:22:57.473, 0 MiB, 0 %
2026/08/30 03:22:59.473, 0 MiB, 0 %
2026/08/30 03:23:01.473, 0 MiB, 0 %
2026/08/30 03:23:03.474, 0 MiB, 0 %
2026/08/30 03:23:05.474, 0 MiB, 0 %
2026/08/30 03:23:07.474, 0 MiB, 0 %
2026/08/30 03:23:09.475, 0 MiB, 0 %
2026/08/30 03:23:11.475, 0 MiB, 0 %
2026/08/30 03:23:13.475, 0 MiB, 0 %
2026/08/30 03:23:15.476, 0 MiB, 0 %
2026/08/30 03:23:17.476, 0 MiB, 0 %
2026/08/30 03:23:19.476, 0 MiB, 0 %
2026/08/30 03:23:21.476, 0 MiB, 0 %
2026/08/30 03:23:23.477, 0 MiB, 0 %
2026/08/30 03:23:25.477, 0 MiB, 0 %
2026/08/30 03:23:27.477, 0 MiB, 0 %
2026/08/30 03:23:29.478, 0 MiB, 0 %
2026/08/30 03:23:31.478, 0 MiB, 0 %
2026/08/30 03:23:33.478, 0 MiB, 0 %
2026/08/30 03:23:35.479, 0 MiB, 0 %
2026/08/30 03:23:37.479, 0 MiB, 0 %
2026/08/30 03:23:39.479, 0 MiB, 0 %
2026/08/30 03:23:41.479, 0 MiB, 0 %
2026/08/30 03:23:43.480, 0 MiB, 0 %
2026/08/30 03:23:45.480, 0 MiB, 0 %
2026/08/30 03:23:47.480, 0 MiB, 0 %
2026/08/30 03:23:49.481, 0 MiB, 0 %
2026/08/30 03:23:51.481, 0 MiB, 0 %
2026/08/30 03:23:53.481, 0 MiB, 0 %
2026/08/30 03:23:55.482, 0 MiB, 0 %
2026/08/30 03:23:57.482, 0 MiB, 0 %
2026/08/30 03:23:59.482, 0 MiB, 0 %
2026/08/30 03:24:01.483, 0 MiB, 0 %
2026/08/30 03:24:03.483, 0 MiB, 0 %
2026/08/30 03:24:05.483, 0 MiB, 0 %
2026/08/30 03:24:07.483, 0 MiB, 0 %
2026/08/30 03:24:09.484, 0 MiB, 0 %
2026/08/30 03:24:11.484, 0 MiB, 0 %
2026/08/30 03:24:13.484, 0 MiB, 0 %
2026/08/30 03:24:15.485, 0 MiB, 0 %
2026/08/30 03:24:17.485, 0 MiB, 0 %
2026/08/30 03:24:19.485, 0 MiB, 0 %
2026/08/30 03:24:21.486, 0 MiB, 0 %
2026/08/30 03:24:23.486, 0 MiB, 0 %
2026/08/30 03:24:25.486, 0 MiB, 0 %
2026/08/30 03:24:27.487, 0 MiB, 0 %
2026/08/30 03:24:29.487, 0 MiB, 0 %
2026/08/30 03:24:31.487, 0 MiB, 0 %
2026/08/30 03:24:33.487, 0 MiB, 0 %
2026/08/30 03:24:35.488, 0 MiB, 0 %
2026/08/30 03:24:37.488, 0 MiB, 0 %
2026/08/30 03:24:39.488, 0 MiB, 0 %
2026/08/30 03:24:41.489, 0 MiB, 0 %
2026/08/30 03:24:43.489, 0 MiB, 0 %
2026/08/30 03:24:45.489, 0 MiB, 0 %
2026/08/30 03:24:47.490, 0 MiB, 0 %
2026/08/30 03:24:49.490, 0 MiB, 0 %
2026/08/30 03:24:51.490, 0 MiB, 0 %
2026/08/30 03:24:53.491, 0 MiB, 0 %
2026/08/30 03:24:55.491, 0 MiB, 0 %
2026/08/30 03:24:57.491, 0 MiB, 0 %
2026/08/30 03:24:59.491, 0 MiB, 0 %
2026/08/30 03:25:01.492, 0 MiB, 0 %
2026/08/30 03:25:03.492, 0 MiB, 0 %
2026/08/30 03:25:05.492, 0 MiB, 0 %
2026/08/30 03:25:07.493, 0 MiB, 0 %
2026/08/30 03:25:09.493, 0 MiB, 0 %
2026/08/30 03:25:11.494, 0 MiB, 0 %
2026/08/30 03:25:13.494, 0 MiB, 0 %
2026/08/30 03:25:15.494, 0 MiB, 0 %
2026/08/30 03:25:17.495, 0 MiB, 0 %
2026/08/30 03:25:19.495, 0 MiB, 0 %
2026/08/30 03:25:21.495, 0 MiB, 0 %
2026/08/30 03:25:23.496, 0 MiB, 0 %
2026/08/30 03:25:25.496, 0 MiB, 0 %
2026/08/30 03:25:27.496, 0 MiB, 0 %
2026/08/30 03:25:29.497, 0 MiB, 0 %
2026/08/30 03:25:31.497, 0 MiB, 0 %
2026/08/30 03:25:33.497, 0 MiB, 0 %
2026/08/30 03:25:35.497, 0 MiB, 0 %
2026/08/30 03:25:37.498, 0 MiB, 0 %
2026/08/30 03:25:39.498, 0 MiB, 0 %
2026/08/30 03:25:41.498, 0 MiB, 0 %
2026/08/30 03:25:43.499, 0 MiB, 0 %
2026/08/30 03:25:45.499, 0 MiB, 0 %
2026/08/30 03:25:47.499, 0 MiB, 0 %
2026/08/30 03:25:49.500, 0 MiB, 0 %
2026/08/30 03:25:51.500, 0 MiB, 0 %
2026/08/30 03:25:53.500, 0 MiB, 0 %
2026/08/30 03:25:55.500, 0 MiB, 0 %
2026/08/30 03:25:57.501, 0 MiB, 0 %
2026/08/30 03:25:59.501, 0 MiB, 0 %
2026/08/30 03:26:01.501, 0 MiB, 0 %
2026/08/30 03:26:03.502, 0 MiB, 0 %
2026/08/30 03:26:05.502, 0 MiB, 0 %
2026/08/30 03:26:07.502, 0 MiB, 0 %
2026/08/30 03:26:09.503, 0 MiB, 0 %
2026/08/30 03:26:11.503, 0 MiB, 0 %
2026/08/30 03:26:13.503, 0 MiB, 0 %
2026/08/30 03:26:15.503, 0 MiB, 0 %
2026/08/30 03:26:17.504, 0 MiB, 0 %
2026/08/30 03:26:19.504, 0 MiB, 0 %
2026/08/30 03:26:21.504, 0 MiB, 0 %
2026/08/30 03:26:23.504, 0 MiB, 0 %
2026/08/30 03:26:25.505, 0 MiB, 0 %
2026/08/30 03:26:27.505, 0 MiB, 0 %
2026/08/30 03:26:29.505, 0 MiB, 0 %
2026/08/30 03:26:31.506, 0 MiB, 0 %
2026/08/30 03:26:33.506, 0 MiB, 0 %
2026/08/30 03:26:35.506, 0 MiB, 0 %
2026/08/30 03:26:37.507, 0 MiB, 0 %
2026/08/30 03:26:39.507, 0 MiB, 0 %
2026/08/30 03:26:41.507, 0 MiB, 0 %
2026/08/30 03:26:43.507, 0 MiB, 0 %
2026/08/30 03:26:45.508, 0 MiB, 0 %
2026/08/30 03:26:47.508, 0 MiB, 0 %
2026/08/30 03:26:49.508, 0 MiB, 0 %
2026/08/30 03:26:51.508, 0 MiB, 0 %
2026/08/30 03:26:53.509, 0 MiB, 0 %
2026/08/30 03:26:55.509, 0 MiB, 0 %
2026/08/30 03:26:57.509, 0 MiB, 0 %
2026/08/30 03:26:59.509, 0 MiB, 0 %
2026/08/30 03:27:01.510, 0 MiB, 0 %
2026/08/30 03:27:03.510, 0 MiB, 0 %
2026/08/30 03:27:05.510, 0 MiB, 0 %
2026/08/30 03:27:07.510, 0 MiB, 0 %
2026/08/30 03:27:09.511, 0 MiB, 0 %
2026/08/30 03:27:11.511, 0 MiB, 0 %
2026/08/30 03:27:13.511, 0 MiB, 0 %
2026/08/30 03:27:15.511, 0 MiB, 0 %
2026/08/30 03:27:17.512, 0 MiB, 0 %
2026/08/30 03:27:19.512, 0 MiB, 0 %
2026/08/30 03:27:21.512, 0 MiB, 0 %
2026/08/30 03:27:23.513, 0 MiB, 0 %
2026/08/30 03:27:25.513, 0 MiB, 0 %
2026/08/30 03:27:27.513, 0 MiB, 0 %
2026/08/30 03:27:29.513, 0 MiB, 0 %
2026/08/30 03:27:31.514, 0 MiB, 0 %
2026/08/30 03:27:33.514, 0 MiB, 0 %
2026/08/30 03:27:35.514, 0 MiB, 0 %
2026/08/30 03:27:37.515, 0 MiB, 0 %
2026/08/30 03:27:39.515, 0 MiB, 0 %
2026/08/30 03:27:41.515, 0 MiB, 0 %
2026/08/30 03:27:43.515, 0 MiB, 0 %
2026/08/30 03:27:45.516, 0 MiB, 0 %
2026/08/30 03:27:47.516, 0 MiB, 0 %
2026/08/30 03:27:49.516, 0 MiB, 0 %
2026/08/30 03:27:51.517, 0 MiB, 0 %
2026/08/30 03:27:53.517, 0 MiB, 0 %
2026/08/30 03:27:55.517, 0 MiB, 0 %
2026/08/30 03:27:57.517, 0 MiB, 0 %
2026/08/30 03:27:59.518, 0 MiB, 0 %
2026/08/30 03:28:01.518, 0 MiB, 0 %
2026/08/30 03:28:03.518, 0 MiB, 0 %
2026/08/30 03:28:05.519, 0 MiB, 0 %
2026/08/30 03:28:07.519, 0 MiB, 0 %
2026/08/30 03:28:09.519, 0 MiB, 0 %
2026/08/30 03:28:11.520, 0 MiB, 0 %
2026/08/30 03:28:13.520, 0 MiB, 0 %
2026/08/30 03:28:15.520, 0 MiB, 0 %
2026/08/30 03:28:17.520, 0 MiB, 0 %
2026/08/30 03:28:19.521, 0 MiB, 0 %
2026/08/30 03:28:21.521, 0 MiB, 0 %
2026/08/30 03:28:23.521, 0 MiB, 0 %
2026/08/30 03:28:25.522, 0 MiB, 0 %
2026/08/30 03:28:27.522, 0 MiB, 0 %
2026/08/30 03:28:29.522, 0 MiB, 0 %
2026/08/30 03:28:31.523, 0 MiB, 0 %
2026/08/30 03:28:33.523, 0 MiB, 0 %
2026/08/30 03:28:35.523, 0 MiB, 0 %
2026/08/30 03:28:37.523, 0 MiB, 0 %
2026/08/30 03:28:39.524, 0 MiB, 0 %
2026/08/30 03:28:41.524, 0 MiB, 0 %
2026/08/30 03:28:43.524, 0 MiB, 0 %
2026/08/30 03:28:45.524, 0 MiB, 0 %
2026/08/30 03:28:47.525, 0 MiB, 0 %
2026/08/30 03:28:49.525, 0 MiB, 0 %
2026/08/30 03:28:51.525, 0 MiB, 0 %
2026/08/30 03:28:53.526, 0 MiB, 0 %
2026/08/30 03:28:55.526, 0 MiB, 0 %
2026/08/30 03:28:57.526, 0 MiB, 0 %
2026/08/30 03:28:59.527, 0 MiB, 0 %
2026/08/30 03:29:01.527, 0 MiB, 0 %
2026/08/30 03:29:03.527, 0 MiB, 0 %
2026/08/30 03:29:05.528, 0 MiB, 0 %
2026/08/30 03:29:07.528, 0 MiB, 0 %
2026/08/30 03:29:09.528, 0 MiB, 0 %
2026/08/30 03:29:11.528, 0 MiB, 0 %
2026/08/30 03:29:13.529, 0 MiB, 0 %
2026/08/30 03:29:15.529, 0 MiB, 0 %
2026/08/30 03:29:17.529, 0 MiB, 0 %
2026/08/30 03:29:19.529, 0 MiB, 0 %
2026/08/30 03:29:21.530, 0 MiB, 0 %
2026/08/30 03:29:23.530, 0 MiB, 0 %
2026/08/30 03:29:25.530, 0 MiB, 0 %
2026/08/30 03:29:27.531, 0 MiB, 0 %
2026/08/30 03:29:29.531, 0 MiB, 0 %
2026/08/30 03:29:31.531, 0 MiB, 0 %
2026/08/30 03:29:33.532, 0 MiB, 0 %
2026/08/30 03:29:35.532, 0 MiB, 0 %
2026/08/30 03:29:37.532, 0 MiB, 0 %
2026/08/30 03:29:39.532, 0 MiB, 0 %
2026/08/30 03:29:41.533, 0 MiB, 0 %
2026/08/30 03:29:43.533, 0 MiB, 0 %
2026/08/30 03:29:45.533, 0 MiB, 0 %
2026/08/30 03:29:47.533, 0 MiB, 0 %
2026/08/30 03:29:49.534, 0 MiB, 0 %
2026/08/30 03:29:51.534, 0 MiB, 0 %
2026/08/30 03:29:53.534, 0 MiB, 0 %
2026/08/30 03:29:55.535, 0 MiB, 0 %
2026/08/30 03:29:57.535, 0 MiB, 0 %
2026/08/30 03:29:59.535, 0 MiB, 0 %
2026/08/30 03:30:01.535, 0 MiB, 0 %
2026/08/30 03:30:03.536, 0 MiB, 0 %
2026/08/30 03:30:05.536, 0 MiB, 0 %
2026/08/30 03:30:07.536, 0 MiB, 0 %
2026/08/30 03:30:09.537, 0 MiB, 0 %
2026/08/30 03:30:11.537, 0 MiB, 0 %
2026/08/30 03:30:13.537, 0 MiB, 0 %
2026/08/30 03:30:15.537, 0 MiB, 0 %
2026/08/30 03:30:17.538, 0 MiB, 0 %
2026/08/30 03:30:19.538, 0 MiB, 0 %
2026/08/30 03:30:21.538, 0 MiB, 0 %
2026/08/30 03:30:23.538, 0 MiB, 0 %
2026/08/30 03:30:25.539, 0 MiB, 0 %
2026/08/30 03:30:27.539, 0 MiB, 0 %
2026/08/30 03:30:29.539, 0 MiB, 0 %
2026/08/30 03:30:31.540, 0 MiB, 0 %
2026/08/30 03:30:33.540, 0 MiB, 0 %
2026/08/30 03:30:35.540, 0 MiB, 0 %
2026/08/30 03:30:37.540, 0 MiB, 0 %
2026/08/30 03:30:39.541, 0 MiB, 0 %
2026/08/30 03:30:41.541, 0 MiB, 0 %
2026/08/30 03:30:43.541, 0 MiB, 0 %
2026/08/30 03:30:45.541, 0 MiB, 0 %
2026/08/30 03:30:47.542, 0 MiB, 0 %
2026/08/30 03:30:49.542, 0 MiB, 0 %
2026/08/30 03:30:51.542, 0 MiB, 0 %
2026/08/30 03:30:53.543, 0 MiB, 0 %
2026/08/30 03:30:55.543, 0 MiB, 0 %
2026/08/30 03:30:57.543, 0 MiB, 0 %
2026/08/30 03:30:59.543, 0 MiB, 0 %
2026/08/30 03:31:01.544, 0 MiB, 0 %
2026/08/30 03:31:03.544, 0 MiB, 0 %
2026/08/30 03:31:05.544, 0 MiB, 0 %
2026/08/30 03:31:07.544, 0 MiB, 0 %
2026/08/30 03:31:09.545, 0 MiB, 0 %
2026/08/30 03:31:11.545, 0 MiB, 0 %
2026/08/30 03:31:13.545, 0 MiB, 0 %
2026/08/30 03:31:15.546, 0 MiB, 0 %
2026/08/30 03:31:17.546, 0 MiB, 0 %
2026/08/30 03:31:19.546, 0 MiB, 0 %
2026/08/30 03:31:21.546, 0 MiB, 0 %
2026/08/30 03:31:23.547, 0 MiB, 0 %
2026/08/30 03:31:25.547, 0 MiB, 0 %
2026/08/30 03:31:27.547, 0 MiB, 0 %
2026/08/30 03:31:29.548, 0 MiB, 0 %
2026/08/30 03:31:31.548, 0 MiB, 0 %
2026/08/30 03:31:33.548, 0 MiB, 0 %
2026/08/30 03:31:35.548, 0 MiB, 0 %
2026/08/30 03:31:37.549, 0 MiB, 0 %
2026/08/30 03:31:39.549, 0 MiB, 0 %
2026/08/30 03:31:41.549, 0 MiB, 0 %
2026/08/30 03:31:43.550, 0 MiB, 0 %
2026/08/30 03:31:45.550, 0 MiB, 0 %
2026/08/30 03:31:47.550, 0 MiB, 0 %
2026/08/30 03:31:49.550, 0 MiB, 0 %
2026/08/30 03:31:51.551, 0 MiB, 0 %
2026/08/30 03:31:53.551, 0 MiB, 0 %
2026/08/30 03:31:55.551, 0 MiB, 0 %
2026/08/30 03:31:57.551, 0 MiB, 0 %
2026/08/30 03:31:59.552, 0 MiB, 0 %
2026/08/30 03:32:01.552, 0 MiB, 0 %
2026/08/30 03:32:03.552, 0 MiB, 0 %
2026/08/30 03:32:05.553, 0 MiB, 0 %
2026/08/30 03:32:07.553, 0 MiB, 0 %
2026/08/30 03:32:09.553, 0 MiB, 0 %
2026/08/30 03:32:11.554, 0 MiB, 0 %
2026/08/30 03:32:13.554, 0 MiB, 0 %
2026/08/30 03:32:15.554, 0 MiB, 0 %
2026/08/30 03:32:17.555, 0 MiB, 0 %
2026/08/30 03:32:19.555, 0 MiB, 0 %
2026/08/30 03:32:21.555, 0 MiB, 0 %
2026/08/30 03:32:23.555, 0 MiB, 0 %
2026/08/30 03:32:25.556, 0 MiB, 0 %
2026/08/30 03:32:27.556, 0 MiB, 0 %
2026/08/30 03:32:29.556, 0 MiB, 0 %
2026/08/30 03:32:31.557, 0 MiB, 0 %
2026/08/30 03:32:33.557, 0 MiB, 0 %
2026/08/30 03:32:35.557, 0 MiB, 0 %
2026/08/30 03:32:37.558, 0 MiB, 0 %
2026/08/30 03:32:39.558, 0 MiB, 0 %
2026/08/30 03:32:41.558, 0 MiB, 0 %
2026/08/30 03:32:43.558, 0 MiB, 0 %
2026/08/30 03:32:45.559, 0 MiB, 0 %
2026/08/30 03:32:47.559, 0 MiB, 0 %
2026/08/30 03:32:49.559, 0 MiB, 0 %
2026/08/30 03:32:51.560, 0 MiB, 0 %
2026/08/30 03:32:53.560, 0 MiB, 0 %
2026/08/30 03:32:55.560, 0 MiB, 0 %
2026/08/30 03:32:57.561, 0 MiB, 0 %
2026/08/30 03:32:59.561, 0 MiB, 0 %
2026/08/30 03:33:01.561, 0 MiB, 0 %
2026/08/30 03:33:03.561, 0 MiB, 0 %
2026/08/30 03:33:05.562, 0 MiB, 0 %
2026/08/30 03:33:07.562, 0 MiB, 0 %
2026/08/30 03:33:09.562, 0 MiB, 0 %
2026/08/30 03:33:11.563, 0 MiB, 0 %
2026/08/30 03:33:13.563, 0 MiB, 0 %
2026/08/30 03:33:15.563, 0 MiB, 0 %
2026/08/30 03:33:17.564, 0 MiB, 0 %
2026/08/30 03:33:19.564, 0 MiB, 0 %
2026/08/30 03:33:21.564, 0 MiB, 0 %
2026/08/30 03:33:23.564, 0 MiB, 0 %
2026/08/30 03:33:25.565, 0 MiB, 0 %
2026/08/30 03:33:27.565, 0 MiB, 0 %
2026/08/30 03:33:29.565, 0 MiB, 0 %
2026/08/30 03:33:31.566, 0 MiB, 0 %
2026/08/30 03:33:33.566, 0 MiB, 0 %
2026/08/30 03:33:35.566, 0 MiB, 0 %
2026/08/30 03:33:37.567, 0 MiB, 0 %
2026/08/30 03:33:39.567, 0 MiB, 0 %
2026/08/30 03:33:41.567, 0 MiB, 0 %
2026/08/30 03:33:43.567, 0 MiB, 0 %
2026/08/30 03:33:45.568, 0 MiB, 0 %
2026/08/30 03:33:47.568, 0 MiB, 0 %
2026/08/30 03:33:49.568, 0 MiB, 0 %
2026/08/30 03:33:51.568, 0 MiB, 0 %
2026/08/30 03:33:53.569, 0 MiB, 0 %
2026/08/30 03:33:55.569, 0 MiB, 0 %
2026/08/30 03:33:57.569, 0 MiB, 0 %
2026/08/30 03:33:59.570, 0 MiB, 0 %
2026/08/30 03:34:01.570, 0 MiB, 0 %
2026/08/30 03:34:03.570, 0 MiB, 0 %
2026/08/30 03:34:05.570, 0 MiB, 0 %
2026/08/30 03:34:07.571, 0 MiB, 0 %
2026/08/30 03:34:09.571, 0 MiB, 0 %
2026/08/30 03:34:11.571, 0 MiB, 0 %
2026/08/30 03:34:13.572, 0 MiB, 0 %
2026/08/30 03:34:15.572, 0 MiB, 0 %
2026/08/30 03:34:17.572, 0 MiB, 0 %
2026/08/30 03:34:19.572, 0 MiB, 0 %
2026/08/30 03:34:21.573, 0 MiB, 0 %
2026/08/30 03:34:23.573, 0 MiB, 0 %
2026/08/30 03:34:25.573, 0 MiB, 0 %
2026/08/30 03:34:27.574, 0 MiB, 0 %
2026/08/30 03:34:29.574, 0 MiB, 0 %
2026/08/30 03:34:31.574, 0 MiB, 0 %
2026/08/30 03:34:33.575, 0 MiB, 0 %
2026/08/30 03:34:35.575, 0 MiB, 0 %
2026/08/30 03:34:37.575, 0 MiB, 0 %
2026/08/30 03:34:39.575, 0 MiB, 0 %
2026/08/30 03:34:41.576, 0 MiB, 0 %
2026/08/30 03:34:43.576, 0 MiB, 0 %
2026/08/30 03:34:45.576, 0 MiB, 0 %
2026/08/30 03:34:47.576, 0 MiB, 0 %
2026/08/30 03:34:49.577, 0 MiB, 0 %
2026/08/30 03:34:51.577, 0 MiB, 0 %
2026/08/30 03:34:53.577, 0 MiB, 0 %
2026/08/30 03:34:55.577, 0 MiB, 0 %
2026/08/30 03:34:57.578, 0 MiB, 0 %
2026/08/30 03:34:59.578, 0 MiB, 0 %
2026/08/30 03:35:01.578, 0 MiB, 0 %
2026/08/30 03:35:03.578, 0 MiB, 0 %
2026/08/30 03:35:05.579, 0 MiB, 0 %
2026/08/30 03:35:07.579, 0 MiB, 0 %
2026/08/30 03:35:09.579, 0 MiB, 0 %
2026/08/30 03:35:11.580, 0 MiB, 0 %
2026/08/30 03:35:13.580, 0 MiB, 0 %
2026/08/30 03:35:15.580, 0 MiB, 0 %
2026/08/30 03:35:17.580, 0 MiB, 0 %
2026/08/30 03:35:19.581, 0 MiB, 0 %
2026/08/30 03:35:21.581, 0 MiB, 0 %
2026/08/30 03:35:23.581, 0 MiB, 0 %
2026/08/30 03:35:25.582, 0 MiB, 0 %
2026/08/30 03:35:27.582, 0 MiB, 0 %
2026/08/30 03:35:29.582, 0 MiB, 0 %
2026/08/30 03:35:31.582, 0 MiB, 0 %
2026/08/30 03:35:33.583, 0 MiB, 0 %
2026/08/30 03:35:35.583, 0 MiB, 0 %
2026/08/30 03:35:37.583, 0 MiB, 0 %
2026/08/30 03:35:39.583, 0 MiB, 0 %
2026/08/30 03:35:41.584, 0 MiB, 0 %
2026/08/30 03:35:43.584, 0 MiB, 0 %
2026/08/30 03:35:45.584, 0 MiB, 0 %
2026/08/30 03:35:47.584, 0 MiB, 0 %
2026/08/30 03:35:49.585, 0 MiB, 0 %
2026/08/30 03:35:51.585, 0 MiB, 0 %
2026/08/30 03:35:53.585, 0 MiB, 0 %
2026/08/30 03:35:55.586, 0 MiB, 0 %
2026/08/30 03:35:57.586, 0 MiB, 0 %
2026/08/30 03:35:59.586, 0 MiB, 0 %
2026/08/30 03:36:01.586, 0 MiB, 0 %
2026/08/30 03:36:03.587, 0 MiB, 0 %
2026/08/30 03:36:05.587, 0 MiB, 0 %
2026/08/30 03:36:07.587, 0 MiB, 0 %
2026/08/30 03:36:09.588, 0 MiB, 0 %
2026/08/30 03:36:11.588, 0 MiB, 0 %
2026/08/30 03:36:13.588, 0 MiB, 0 %
2026/08/30 03:36:15.588, 0 MiB, 0 %
2026/08/30 03:36:17.589, 0 MiB, 0 %
2026/08/30 03:36:19.589, 0 MiB, 0 %
2026/08/30 03:36:21.589, 0 MiB, 0 %
2026/08/30 03:36:23.590, 0 MiB, 0 %
2026/08/30 03:36:25.590, 0 MiB, 0 %
2026/08/30 03:36:27.590, 0 MiB, 0 %
2026/08/30 03:36:29.591, 0 MiB, 0 %
2026/08/30 03:36:31.591, 0 MiB, 0 %
2026/08/30 03:36:33.591, 0 MiB, 0 %
2026/08/30 03:36:35.591, 0 MiB, 0 %
2026/08/30 03:36:37.592, 0 MiB, 0 %
2026/08/30 03:36:39.592, 0 MiB, 0 %
2026/08/30 03:36:41.592, 0 MiB, 0 %
2026/08/30 03:36:43.593, 0 MiB, 0 %
2026/08/30 03:36:45.593, 0 MiB, 0 %
2026/08/30 03:36:47.593, 0 MiB, 0 %
2026/08/30 03:36:49.593, 0 MiB, 0 %
2026/08/30 03:36:51.594, 0 MiB, 0 %
2026/08/30 03:36:53.594, 0 MiB, 0 %
2026/08/30 03:36:55.594, 0 MiB, 0 %
2026/08/30 03:36:57.595, 0 MiB, 0 %
2026/08/30 03:36:59.595, 0 MiB, 0 %
2026/08/30 03:37:01.595, 0 MiB, 0 %
2026/08/30 03:37:03.595, 0 MiB, 0 %
2026/08/30 03:37:05.596, 0 MiB, 0 %
2026/08/30 03:37:07.596, 0 MiB, 0 %
2026/08/30 03:37:09.596, 0 MiB, 0 %
2026/08/30 03:37:11.597, 0 MiB, 0 %
2026/08/30 03:37:13.597, 0 MiB, 0 %
2026/08/30 03:37:15.597, 0 MiB, 0 %
2026/08/30 03:37:17.597, 0 MiB, 0 %
2026/08/30 03:37:19.598, 0 MiB, 0 %
2026/08/30 03:37:21.598, 0 MiB, 0 %
2026/08/30 03:37:23.598, 0 MiB, 0 %
2026/08/30 03:37:25.599, 0 MiB, 0 %
2026/08/30 03:37:27.599, 0 MiB, 0 %
2026/08/30 03:37:29.599, 0 MiB, 0 %
2026/08/30 03:37:31.599, 0 MiB, 0 %
2026/08/30 03:37:33.600, 0 MiB, 0 %
2026/08/30 03:37:35.600, 0 MiB, 0 %
2026/08/30 03:37:37.600, 0 MiB, 0 %
2026/08/30 03:37:39.601, 0 MiB, 0 %
2026/08/30 03:37:41.601, 0 MiB, 0 %
2026/08/30 03:37:43.601, 0 MiB, 0 %
2026/08/30 03:37:45.602, 0 MiB, 0 %
2026/08/30 03:37:47.602, 0 MiB, 0 %
2026/08/30 03:37:49.602, 0 MiB, 0 %
2026/08/30 03:37:51.602, 0 MiB, 0 %
2026/08/30 03:37:53.602, 0 MiB, 0 %
2026/08/30 03:37:55.603, 0 MiB, 0 %
2026/08/30 03:37:57.603, 0 MiB, 0 %
2026/08/30 03:37:59.603, 0 MiB, 0 %
2026/08/30 03:38:01.603, 0 MiB, 0 %
2026/08/30 03:38:03.603, 0 MiB, 0 %
2026/08/30 03:38:05.604, 0 MiB, 0 %
2026/08/30 03:38:07.604, 0 MiB, 0 %
2026/08/30 03:38:09.604, 0 MiB, 0 %
2026/08/30 03:38:11.604, 0 MiB, 0 %
2026/08/30 03:38:13.605, 0 MiB, 0 %
2026/08/30 03:38:15.605, 0 MiB, 0 %
2026/08/30 03:38:17.605, 0 MiB, 0 %
2026/08/30 03:38:19.606, 0 MiB, 0 %
2026/08/30 03:38:21.606, 0 MiB, 0 %
2026/08/30 03:38:23.606, 0 MiB, 0 %
2026/08/30 03:38:25.606, 0 MiB, 0 %
2026/08/30 03:38:27.607, 0 MiB, 0 %
2026/08/30 03:38:29.607, 0 MiB, 0 %
2026/08/30 03:38:31.607, 0 MiB, 0 %
2026/08/30 03:38:33.607, 0 MiB, 0 %
2026/08/30 03:38:35.608, 0 MiB, 0 %
2026/08/30 03:38:37.608, 0 MiB, 0 %
2026/08/30 03:38:39.608, 0 MiB, 0 %
2026/08/30 03:38:41.608, 0 MiB, 0 %
2026/08/30 03:38:43.609, 0 MiB, 0 %
2026/08/30 03:38:45.609, 0 MiB, 0 %
2026/08/30 03:38:47.609, 0 MiB, 0 %
2026/08/30 03:38:49.609, 0 MiB, 0 %
2026/08/30 03:38:51.610, 0 MiB, 0 %
2026/08/30 03:38:53.610, 0 MiB, 0 %
2026/08/30 03:38:55.610, 0 MiB, 0 %
2026/08/30 03:38:57.610, 0 MiB, 0 %
2026/08/30 03:38:59.611, 0 MiB, 0 %
2026/08/30 03:39:01.611, 0 MiB, 0 %
2026/08/30 03:39:03.611, 0 MiB, 0 %
2026/08/30 03:39:05.612, 0 MiB, 0 %
2026/08/30 03:39:07.612, 0 MiB, 0 %
2026/08/30 03:39:09.612, 0 MiB, 0 %
2026/08/30 03:39:11.612, 0 MiB, 0 %
2026/08/30 03:39:13.613, 0 MiB, 0 %
2026/08/30 03:39:15.613, 0 MiB, 0 %
2026/08/30 03:39:17.613, 0 MiB, 0 %
2026/08/30 03:39:19.614, 0 MiB, 0 %
2026/08/30 03:39:21.614, 0 MiB, 0 %
2026/08/30 03:39:23.614, 0 MiB, 0 %
2026/08/30 03:39:25.614, 0 MiB, 0 %
2026/08/30 03:39:27.615, 0 MiB, 0 %
2026/08/30 03:39:29.615, 0 MiB, 0 %
2026/08/30 03:39:31.615, 0 MiB, 0 %
2026/08/30 03:39:33.616, 0 MiB, 0 %
2026/08/30 03:39:35.616, 0 MiB, 0 %
2026/08/30 03:39:37.616, 0 MiB, 0 %
2026/08/30 03:39:39.616, 0 MiB, 0 %
2026/08/30 03:39:41.617, 0 MiB, 0 %
2026/08/30 03:39:43.617, 0 MiB, 0 %
2026/08/30 03:39:45.617, 0 MiB, 0 %
2026/08/30 03:39:47.617, 0 MiB, 0 %
2026/08/30 03:39:49.617, 0 MiB, 0 %
2026/08/30 03:39:51.618, 0 MiB, 0 %
2026/08/30 03:39:53.618, 0 MiB, 0 %
2026/08/30 03:39:55.618, 0 MiB, 0 %
2026/08/30 03:39:57.618, 0 MiB, 0 %
2026/08/30 03:39:59.619, 0 MiB, 0 %
2026/08/30 03:40:01.619, 0 MiB, 0 %
2026/08/30 03:40:03.619, 0 MiB, 0 %
2026/08/30 03:40:05.619, 0 MiB, 0 %
2026/08/30 03:40:07.620, 0 MiB, 0 %
2026/08/30 03:40:09.620, 0 MiB, 0 %
2026/08/30 03:40:11.620, 0 MiB, 0 %
2026/08/30 03:40:13.620, 0 MiB, 0 %
2026/08/30 03:40:15.621, 0 MiB, 0 %
2026/08/30 03:40:17.621, 0 MiB, 0 %
2026/08/30 03:40:19.621, 0 MiB, 0 %
2026/08/30 03:40:21.621, 0 MiB, 0 %
2026/08/30 03:40:23.622, 0 MiB, 0 %
2026/08/30 03:40:25.622, 0 MiB, 0 %
2026/08/30 03:40:27.622, 0 MiB, 0 %
2026/08/30 03:40:29.623, 0 MiB, 0 %
2026/08/30 03:40:31.623, 0 MiB, 0 %
2026/08/30 03:40:33.623, 0 MiB, 0 %
2026/08/30 03:40:35.623, 0 MiB, 0 %
2026/08/30 03:40:37.624, 0 MiB, 0 %
2026/08/30 03:40:39.624, 0 MiB, 0 %
2026/08/30 03:40:41.624, 0 MiB, 0 %
2026/08/30 03:40:43.624, 0 MiB, 0 %
2026/08/30 03:40:45.625, 0 MiB, 0 %
2026/08/30 03:40:47.625, 0 MiB, 0 %
2026/08/30 03:40:49.625, 0 MiB, 0 %
2026/08/30 03:40:51.626, 0 MiB, 0 %
2026/08/30 03:40:53.626, 0 MiB, 0 %
2026/08/30 03:40:55.626, 0 MiB, 0 %
2026/08/30 03:40:57.627, 0 MiB, 0 %
2026/08/30 03:40:59.627, 0 MiB, 0 %
2026/08/30 03:41:01.627, 0 MiB, 0 %
2026/08/30 03:41:03.627, 0 MiB, 0 %
2026/08/30 03:41:05.628, 0 MiB, 0 %
2026/08/30 03:41:07.628, 0 MiB, 0 %
2026/08/30 03:41:09.628, 0 MiB, 0 %
2026/08/30 03:41:11.628, 0 MiB, 0 %
2026/08/30 03:41:13.629, 0 MiB, 0 %
2026/08/30 03:41:15.629, 0 MiB, 0 %
2026/08/30 03:41:17.629, 0 MiB, 0 %
2026/08/30 03:41:19.629, 0 MiB, 0 %
2026/08/30 03:41:21.630, 0 MiB, 0 %
2026/08/30 03:41:23.630, 0 MiB, 0 %
2026/08/30 03:41:25.630, 0 MiB, 0 %
2026/08/30 03:41:27.630, 0 MiB, 0 %
2026/08/30 03:41:29.631, 0 MiB, 0 %
2026/08/30 03:41:31.631, 0 MiB, 0 %
2026/08/30 03:41:33.631, 0 MiB, 0 %
2026/08/30 03:41:35.632, 0 MiB, 0 %
2026/08/30 03:41:37.632, 0 MiB, 0 %
2026/08/30 03:41:39.632, 0 MiB, 0 %
2026/08/30 03:41:41.632, 0 MiB, 0 %
2026/08/30 03:41:43.633, 0 MiB, 0 %
2026/08/30 03:41:45.633, 0 MiB, 0 %
2026/08/30 03:41:47.633, 0 MiB, 0 %
2026/08/30 03:41:49.633, 0 MiB, 0 %
2026/08/30 03:41:51.634, 0 MiB, 0 %
2026/08/30 03:41:53.634, 0 MiB, 0 %
2026/08/30 03:41:55.634, 0 MiB, 0 %
2026/08/30 03:41:57.635, 0 MiB, 0 %
2026/08/30 03:41:59.635, 0 MiB, 0 %
2026/08/30 03:42:01.635, 0 MiB, 0 %
2026/08/30 03:42:03.635, 0 MiB, 0 %
2026/08/30 03:42:05.636, 0 MiB, 0 %
2026/08/30 03:42:07.636, 0 MiB, 0 %
2026/08/30 03:42:09.636, 0 MiB, 0 %
2026/08/30 03:42:11.636, 0 MiB, 0 %
2026/08/30 03:42:13.637, 0 MiB, 0 %
2026/08/30 03:42:15.637, 0 MiB, 0 %
2026/08/30 03:42:17.637, 0 MiB, 0 %
2026/08/30 03:42:19.638, 0 MiB, 0 %
2026/08/30 03:42:21.638, 0 MiB, 0 %
2026/08/30 03:42:23.638, 0 MiB, 0 %
2026/08/30 03:42:25.639, 0 MiB, 0 %
2026/08/30 03:42:27.639, 0 MiB, 0 %
2026/08/30 03:42:29.639, 0 MiB, 0 %
2026/08/30 03:42:31.640, 0 MiB, 0 %
2026/08/30 03:42:33.640, 0 MiB, 0 %
2026/08/30 03:42:35.640, 0 MiB, 0 %
2026/08/30 03:42:37.640, 0 MiB, 0 %
2026/08/30 03:42:39.641, 0 MiB, 0 %
2026/08/30 03:42:41.641, 0 MiB, 0 %
2026/08/30 03:42:43.641, 0 MiB, 0 %
2026/08/30 03:42:45.642, 0 MiB, 0 %
2026/08/30 03:42:47.642, 0 MiB, 0 %
2026/08/30 03:42:49.642, 0 MiB, 0 %
2026/08/30 03:42:51.643, 0 MiB, 0 %
2026/08/30 03:42:53.643, 0 MiB, 0 %
2026/08/30 03:42:55.643, 0 MiB, 0 %
2026/08/30 03:42:57.644, 0 MiB, 0 %
2026/08/30 03:42:59.644, 0 MiB, 0 %
2026/08/30 03:43:01.644, 0 MiB, 0 %
2026/08/30 03:43:03.645, 0 MiB, 0 %
2026/08/30 03:43:05.645, 0 MiB, 0 %
2026/08/30 03:43:07.645, 0 MiB, 0 %
2026/08/30 03:43:09.645, 0 MiB, 0 %
2026/08/30 03:43:11.646, 0 MiB, 0 %
2026/08/30 03:43:13.646, 0 MiB, 0 %
2026/08/30 03:43:15.646, 0 MiB, 0 %
2026/08/30 03:43:17.647, 0 MiB, 0 %
2026/08/30 03:43:19.647, 0 MiB, 0 %
2026/08/30 03:43:21.647, 0 MiB, 0 %
2026/08/30 03:43:23.648, 0 MiB, 0 %
2026/08/30 03:43:25.648, 0 MiB, 0 %
2026/08/30 03:43:27.648, 0 MiB, 0 %
2026/08/30 03:43:29.649, 0 MiB, 0 %
2026/08/30 03:43:31.649, 0 MiB, 0 %
2026/08/30 03:43:33.649, 0 MiB, 0 %
2026/08/30 03:43:35.650, 0 MiB, 0 %
2026/08/30 03:43:37.650, 0 MiB, 0 %
2026/08/30 03:43:39.650, 0 MiB, 0 %
2026/08/30 03:43:41.650, 0 MiB, 0 %
2026/08/30 03:43:43.651, 0 MiB, 0 %
2026/08/30 03:43:45.651, 0 MiB, 0 %
2026/08/30 03:43:47.651, 0 MiB, 0 %
2026/08/30 03:43:49.652, 0 MiB, 0 %
2026/08/30 03:43:51.652, 0 MiB, 0 %
2026/08/30 03:43:53.652, 0 MiB, 0 %
2026/08/30 03:43:55.653, 0 MiB, 0 %
2026/08/30 03:43:57.653, 0 MiB, 0 %
2026/08/30 03:43:59.653, 0 MiB, 0 %
2026/08/30 03:44:01.654, 0 MiB, 0 %
2026/08/30 03:44:03.654, 0 MiB, 0 %
2026/08/30 03:44:05.654, 0 MiB, 0 %
2026/08/30 03:44:07.654, 0 MiB, 0 %
2026/08/30 03:44:09.655, 0 MiB, 0 %
2026/08/30 03:44:11.655, 0 MiB, 0 %
2026/08/30 03:44:13.655, 0 MiB, 0 %
2026/08/30 03:44:15.656, 0 MiB, 0 %
2026/08/30 03:44:17.656, 0 MiB, 0 %
2026/08/30 03:44:19.656, 0 MiB, 0 %
2026/08/30 03:44:21.656, 0 MiB, 0 %
2026/08/30 03:44:23.657, 0 MiB, 0 %
2026/08/30 03:44:25.657, 0 MiB, 0 %
2026/08/30 03:44:27.657, 0 MiB, 0 %
2026/08/30 03:44:29.658, 0 MiB, 0 %
2026/08/30 03:44:31.658, 0 MiB, 0 %
2026/08/30 03:44:33.658, 0 MiB, 0 %
2026/08/30 03:44:35.659, 0 MiB, 0 %
2026/08/30 03:44:37.659, 0 MiB, 0 %
2026/08/30 03:44:39.659, 0 MiB, 0 %
2026/08/30 03:44:41.659, 0 MiB, 0 %
2026/08/30 03:44:43.660, 0 MiB, 0 %
2026/08/30 03:44:45.660, 0 MiB, 0 %
2026/08/30 03:44:47.660, 0 MiB, 0 %
2026/08/30 03:44:49.660, 0 MiB, 0 %
2026/08/30 03:44:51.661, 0 MiB, 0 %
2026/08/30 03:44:53.661, 0 MiB, 0 %
2026/08/30 03:44:55.661, 0 MiB, 0 %
2026/08/30 03:44:57.662, 0 MiB, 0 %
2026/08/30 03:44:59.662, 0 MiB, 0 %
2026/08/30 03:45:01.662, 0 MiB, 0 %
2026/08/30 03:45:03.662, 0 MiB, 0 %
2026/08/30 03:45:05.663, 0 MiB, 0 %
2026/08/30 03:45:07.663, 0 MiB, 0 %
2026/08/30 03:45:09.663, 0 MiB, 0 %
2026/08/30 03:45:11.663, 0 MiB, 0 %
2026/08/30 03:45:13.664, 0 MiB, 0 %
2026/08/30 03:45:15.664, 0 MiB, 0 %
2026/08/30 03:45:17.664, 0 MiB, 0 %
2026/08/30 03:45:19.665, 0 MiB, 0 %
2026/08/30 03:45:21.665, 0 MiB, 0 %
2026/08/30 03:45:23.665, 0 MiB, 0 %
2026/08/30 03:45:25.665, 0 MiB, 0 %
2026/08/30 03:45:27.666, 0 MiB, 0 %
2026/08/30 03:45:29.666, 0 MiB, 0 %
2026/08/30 03:45:31.666, 0 MiB, 0 %
2026/08/30 03:45:33.667, 0 MiB, 0 %
2026/08/30 03:45:35.667, 0 MiB, 0 %
2026/08/30 03:45:37.667, 0 MiB, 0 %
2026/08/30 03:45:39.668, 0 MiB, 0 %
2026/08/30 03:45:41.668, 0 MiB, 0 %
2026/08/30 03:45:43.668, 0 MiB, 0 %
2026/08/30 03:45:45.669, 0 MiB, 0 %
2026/08/30 03:45:47.669, 0 MiB, 0 %
2026/08/30 03:45:49.670, 0 MiB, 0 %
2026/08/30 03:45:51.670, 0 MiB, 0 %
2026/08/30 03:45:53.670, 0 MiB, 0 %
2026/08/30 03:45:55.671, 0 MiB, 0 %
2026/08/30 03:45:57.671, 0 MiB, 0 %
2026/08/30 03:45:59.671, 0 MiB, 0 %
2026/08/30 03:46:01.672, 0 MiB, 0 %
2026/08/30 03:46:03.672, 0 MiB, 0 %
2026/08/30 03:46:05.672, 0 MiB, 0 %
2026/08/30 03:46:07.673, 0 MiB, 0 %
2026/08/30 03:46:09.673, 0 MiB, 0 %
2026/08/30 03:46:11.673, 0 MiB, 0 %
2026/08/30 03:46:13.674, 0 MiB, 0 %
2026/08/30 03:46:15.674, 0 MiB, 0 %
2026/08/30 03:46:17.674, 0 MiB, 0 %
2026/08/30 03:46:19.674, 0 MiB, 0 %
2026/08/30 03:46:21.675, 0 MiB, 0 %
2026/08/30 03:46:23.675, 0 MiB, 0 %
2026/08/30 03:46:25.675, 0 MiB, 0 %
2026/08/30 03:46:27.676, 0 MiB, 0 %
2026/08/30 03:46:29.676, 0 MiB, 0 %
2026/08/30 03:46:31.676, 0 MiB, 0 %
2026/08/30 03:46:33.677, 0 MiB, 0 %
2026/08/30 03:46:35.677, 0 MiB, 0 %
2026/08/30 03:46:37.677, 0 MiB, 0 %
2026/08/30 03:46:39.678, 0 MiB, 0 %
2026/08/30 03:46:41.678, 0 MiB, 0 %
2026/08/30 03:46:43.678, 0 MiB, 0 %
2026/08/30 03:46:45.678, 0 MiB, 0 %
2026/08/30 03:46:47.679, 0 MiB, 0 %
2026/08/30 03:46:49.679, 0 MiB, 0 %
2026/08/30 03:46:51.680, 0 MiB, 0 %
2026/08/30 03:46:53.680, 0 MiB, 0 %
2026/08/30 03:46:55.680, 0 MiB, 0 %
2026/08/30 03:46:57.681, 0 MiB, 0 %
2026/08/30 03:46:59.681, 0 MiB, 0 %
2026/08/30 03:47:01.681, 0 MiB, 0 %
2026/08/30 03:47:03.681, 0 MiB, 0 %
2026/08/30 03:47:05.682, 0 MiB, 0 %
2026/08/30 03:47:07.682, 0 MiB, 0 %
2026/08/30 03:47:09.682, 0 MiB, 0 %
2026/08/30 03:47:11.683, 0 MiB, 0 %
2026/08/30 03:47:13.683, 0 MiB, 0 %
2026/08/30 03:47:15.683, 0 MiB, 0 %
2026/08/30 03:47:17.683, 0 MiB, 0 %
2026/08/30 03:47:19.684, 0 MiB, 0 %
2026/08/30 03:47:21.685, 0 MiB, 0 %
2026/08/30 03:47:23.685, 0 MiB, 0 %
2026/08/30 03:47:25.686, 0 MiB, 0 %
2026/08/30 03:47:27.686, 0 MiB, 0 %
2026/08/30 03:47:29.686, 0 MiB, 0 %
2026/08/30 03:47:31.687, 0 MiB, 0 %
2026/08/30 03:47:33.687, 0 MiB, 0 %
2026/08/30 03:47:35.687, 0 MiB, 0 %
2026/08/30 03:47:37.688, 0 MiB, 0 %
2026/08/30 03:47:39.688, 0 MiB, 0 %
2026/08/30 03:47:41.688, 0 MiB, 0 %
2026/08/30 03:47:43.688, 0 MiB, 0 %
2026/08/30 03:47:45.689, 0 MiB, 0 %
2026/08/30 03:47:47.689, 0 MiB, 0 %
2026/08/30 03:47:49.690, 0 MiB, 0 %
2026/08/30 03:47:51.690, 0 MiB, 0 %
2026/08/30 03:47:53.690, 0 MiB, 0 %
2026/08/30 03:47:55.690, 0 MiB, 0 %
2026/08/30 03:47:57.691, 0 MiB, 0 %
2026/08/30 03:47:59.691, 0 MiB, 0 %
2026/08/30 03:48:01.691, 0 MiB, 0 %
2026/08/30 03:48:03.691, 0 MiB, 0 %
2026/08/30 03:48:05.692, 0 MiB, 0 %
2026/08/30 03:48:07.692, 0 MiB, 0 %
2026/08/30 03:48:09.692, 0 MiB, 0 %
2026/08/30 03:48:11.693, 0 MiB, 0 %
2026/08/30 03:48:13.693, 0 MiB, 0 %
2026/08/30 03:48:15.693, 0 MiB, 0 %
2026/08/30 03:48:17.694, 0 MiB, 0 %
2026/08/30 03:48:19.694, 0 MiB, 0 %
2026/08/30 03:48:21.694, 0 MiB, 0 %
2026/08/30 03:48:23.695, 0 MiB, 0 %
2026/08/30 03:48:25.695, 0 MiB, 0 %
2026/08/30 03:48:27.695, 0 MiB, 0 %
2026/08/30 03:48:29.695, 0 MiB, 0 %
2026/08/30 03:48:31.696, 0 MiB, 0 %
2026/08/30 03:48:33.696, 0 MiB, 0 %
2026/08/30 03:48:35.696, 0 MiB, 0 %
2026/08/30 03:48:37.697, 0 MiB, 0 %
2026/08/30 03:48:39.697, 0 MiB, 0 %
2026/08/30 03:48:41.697, 0 MiB, 0 %
2026/08/30 03:48:43.697, 0 MiB, 0 %
2026/08/30 03:48:45.698, 0 MiB, 0 %
2026/08/30 03:48:47.698, 0 MiB, 0 %
2026/08/30 03:48:49.698, 0 MiB, 0 %
2026/08/30 03:48:51.699, 0 MiB, 0 %
2026/08/30 03:48:53.699, 0 MiB, 0 %
2026/08/30 03:48:55.699, 0 MiB, 0 %
2026/08/30 03:48:57.699, 0 MiB, 0 %
2026/08/30 03:48:59.700, 0 MiB, 0 %
2026/08/30 03:49:01.700, 0 MiB, 0 %
2026/08/30 03:49:03.700, 0 MiB, 0 %
2026/08/30 03:49:05.701, 0 MiB, 0 %
2026/08/30 03:49:07.701, 0 MiB, 0 %
2026/08/30 03:49:09.701, 0 MiB, 0 %
2026/08/30 03:49:11.701, 0 MiB, 0 %
2026/08/30 03:49:13.702, 0 MiB, 0 %
2026/08/30 03:49:15.702, 0 MiB, 0 %
2026/08/30 03:49:17.702, 0 MiB, 0 %
2026/08/30 03:49:19.703, 0 MiB, 0 %
2026/08/30 03:49:21.703, 0 MiB, 0 %
2026/08/30 03:49:23.703, 0 MiB, 0 %
2026/08/30 03:49:25.704, 0 MiB, 0 %
2026/08/30 03:49:27.704, 0 MiB, 0 %
2026/08/30 03:49:29.704, 0 MiB, 0 %
2026/08/30 03:49:31.704, 0 MiB, 0 %
2026/08/30 03:49:33.705, 0 MiB, 0 %
2026/08/30 03:49:35.705, 0 MiB, 0 %
2026/08/30 03:49:37.705, 0 MiB, 0 %
2026/08/30 03:49:39.706, 0 MiB, 0 %
2026/08/30 03:49:41.706, 0 MiB, 0 %
2026/08/30 03:49:43.706, 0 MiB, 0 %
2026/08/30 03:49:45.706, 0 MiB, 0 %
2026/08/30 03:49:47.707, 0 MiB, 0 %
2026/08/30 03:49:49.707, 0 MiB, 0 %
2026/08/30 03:49:51.707, 0 MiB, 0 %
2026/08/30 03:49:53.708, 0 MiB, 0 %
2026/08/30 03:49:55.708, 0 MiB, 0 %
2026/08/30 03:49:57.708, 0 MiB, 0 %
2026/08/30 03:49:59.709, 0 MiB, 0 %
2026/08/30 03:50:01.709, 0 MiB, 0 %
2026/08/30 03:50:03.709, 0 MiB, 0 %
2026/08/30 03:50:05.710, 0 MiB, 0 %
2026/08/30 03:50:07.710, 0 MiB, 0 %
2026/08/30 03:50:09.710, 0 MiB, 0 %
2026/08/30 03:50:11.711, 0 MiB, 0 %
2026/08/30 03:50:13.711, 0 MiB, 0 %
2026/08/30 03:50:15.711, 0 MiB, 0 %
2026/08/30 03:50:17.712, 0 MiB, 0 %
2026/08/30 03:50:19.712, 0 MiB, 0 %
2026/08/30 03:50:21.712, 0 MiB, 0 %
2026/08/30 03:50:23.713, 0 MiB, 0 %
2026/08/30 03:50:25.713, 0 MiB, 0 %
2026/08/30 03:50:27.713, 0 MiB, 0 %
2026/08/30 03:50:29.713, 0 MiB, 0 %
2026/08/30 03:50:31.714, 0 MiB, 0 %
2026/08/30 03:50:33.714, 0 MiB, 0 %
2026/08/30 03:50:35.714, 0 MiB, 0 %
2026/08/30 03:50:37.715, 0 MiB, 0 %
2026/08/30 03:50:39.715, 0 MiB, 0 %
2026/08/30 03:50:41.715, 0 MiB, 0 %
2026/08/30 03:50:43.716, 0 MiB, 0 %
2026/08/30 03:50:45.716, 0 MiB, 0 %
2026/08/30 03:50:47.716, 0 MiB, 0 %
2026/08/30 03:50:49.717, 0 MiB, 0 %
2026/08/30 03:50:51.717, 0 MiB, 0 %
2026/08/30 03:50:53.717, 0 MiB, 0 %
2026/08/30 03:50:55.717, 0 MiB, 0 %
2026/08/30 03:50:57.718, 0 MiB, 0 %
2026/08/30 03:50:59.718, 0 MiB, 0 %
2026/08/30 03:51:01.718, 0 MiB, 0 %
2026/08/30 03:51:03.719, 0 MiB, 0 %
2026/08/30 03:51:05.719, 0 MiB, 0 %
2026/08/30 03:51:07.719, 0 MiB, 0 %
2026/08/30 03:51:09.720, 0 MiB, 0 %
2026/08/30 03:51:11.720, 0 MiB, 0 %
2026/08/30 03:51:13.720, 0 MiB, 0 %
2026/08/30 03:51:15.721, 0 MiB, 0 %
2026/08/30 03:51:17.721, 0 MiB, 0 %
2026/08/30 03:51:19.721, 0 MiB, 0 %
2026/08/30 03:51:21.722, 0 MiB, 0 %
2026/08/30 03:51:23.722, 0 MiB, 0 %
2026/08/30 03:51:25.722, 0 MiB, 0 %
2026/08/30 03:51:27.723, 0 MiB, 0 %
2026/08/30 03:51:29.723, 0 MiB, 0 %
2026/08/30 03:51:31.723, 0 MiB, 0 %
2026/08/30 03:51:33.723, 0 MiB, 0 %
2026/08/30 03:51:35.724, 0 MiB, 0 %
2026/08/30 03:51:37.724, 0 MiB, 0 %
2026/08/30 03:51:39.724, 0 MiB, 0 %
2026/08/30 03:51:41.725, 0 MiB, 0 %
2026/08/30 03:51:43.725, 0 MiB, 0 %
2026/08/30 03:51:45.725, 0 MiB, 0 %
2026/08/30 03:51:47.726, 0 MiB, 0 %
2026/08/30 03:51:49.726, 0 MiB, 0 %
2026/08/30 03:51:51.726, 0 MiB, 0 %
2026/08/30 03:51:53.727, 0 MiB, 0 %
2026/08/30 03:51:55.727, 0 MiB, 0 %
2026/08/30 03:51:57.727, 0 MiB, 0 %
2026/08/30 03:51:59.727, 0 MiB, 0 %
2026/08/30 03:52:01.728, 0 MiB, 0 %
2026/08/30 03:52:03.728, 0 MiB, 0 %
2026/08/30 03:52:05.728, 0 MiB, 0 %
2026/08/30 03:52:07.729, 0 MiB, 0 %
2026/08/30 03:52:09.729, 0 MiB, 0 %
2026/08/30 03:52:11.729, 0 MiB, 0 %
2026/08/30 03:52:13.730, 0 MiB, 0 %
2026/08/30 03:52:15.730, 0 MiB, 0 %
2026/08/30 03:52:17.730, 0 MiB, 0 %
2026/08/30 03:52:19.731, 0 MiB, 0 %
2026/08/30 03:52:21.731, 0 MiB, 0 %
2026/08/30 03:52:23.731, 0 MiB, 0 %
2026/08/30 03:52:25.732, 0 MiB, 0 %
2026/08/30 03:52:27.732, 0 MiB, 0 %
2026/08/30 03:52:29.732, 0 MiB, 0 %
2026/08/30 03:52:31.732, 0 MiB, 0 %
2026/08/30 03:52:33.733, 0 MiB, 0 %
2026/08/30 03:52:35.733, 0 MiB, 0 %
2026/08/30 03:52:37.733, 0 MiB, 0 %
2026/08/30 03:52:39.734, 0 MiB, 0 %
2026/08/30 03:52:41.734, 0 MiB, 0 %
2026/08/30 03:52:43.734, 0 MiB, 0 %
2026/08/30 03:52:45.735, 0 MiB, 0 %
2026/08/30 03:52:47.735, 0 MiB, 0 %
2026/08/30 03:52:49.735, 0 MiB, 0 %
2026/08/30 03:52:51.735, 0 MiB, 0 %
2026/08/30 03:52:53.736, 0 MiB, 0 %
2026/08/30 03:52:55.736, 0 MiB, 0 %
2026/08/30 03:52:57.736, 0 MiB, 0 %
2026/08/30 03:52:59.737, 0 MiB, 0 %
2026/08/30 03:53:01.737, 0 MiB, 0 %
2026/08/30 03:53:03.737, 0 MiB, 0 %
2026/08/30 03:53:05.738, 0 MiB, 0 %
2026/08/30 03:53:07.738, 0 MiB, 0 %
2026/08/30 03:53:09.738, 0 MiB, 0 %
2026/08/30 03:53:11.739, 0 MiB, 0 %
2026/08/30 03:53:13.739, 0 MiB, 0 %
2026/08/30 03:53:15.739, 0 MiB, 0 %
2026/08/30 03:53:17.740, 0 MiB, 0 %
2026/08/30 03:53:19.740, 0 MiB, 0 %
2026/08/30 03:53:21.740, 0 MiB, 0 %
2026/08/30 03:53:23.741, 0 MiB, 0 %
2026/08/30 03:53:25.741, 0 MiB, 0 %
2026/08/30 03:53:27.741, 0 MiB, 0 %
2026/08/30 03:53:29.741, 0 MiB, 0 %
2026/08/30 03:53:31.742, 0 MiB, 0 %
2026/08/30 03:53:33.742, 0 MiB, 0 %
2026/08/30 03:53:35.742, 0 MiB, 0 %
2026/08/30 03:53:37.743, 0 MiB, 0 %
2026/08/30 03:53:39.743, 0 MiB, 0 %
2026/08/30 03:53:41.743, 0 MiB, 0 %
2026/08/30 03:53:43.744, 0 MiB, 0 %
2026/08/30 03:53:45.744, 0 MiB, 0 %
2026/08/30 03:53:47.744, 0 MiB, 0 %
2026/08/30 03:53:49.744, 0 MiB, 0 %
2026/08/30 03:53:51.745, 0 MiB, 0 %
2026/08/30 03:53:53.745, 0 MiB, 0 %
2026/08/30 03:53:55.746, 0 MiB, 0 %
2026/08/30 03:53:57.746, 0 MiB, 0 %
2026/08/30 03:53:59.746, 0 MiB, 0 %
2026/08/30 03:54:01.747, 0 MiB, 0 %
2026/08/30 03:54:03.747, 0 MiB, 0 %
2026/08/30 03:54:05.747, 0 MiB, 0 %
2026/08/30 03:54:07.748, 0 MiB, 0 %
2026/08/30 03:54:09.748, 0 MiB, 0 %
2026/08/30 03:54:11.748, 0 MiB, 0 %
2026/08/30 03:54:13.748, 0 MiB, 0 %
2026/08/30 03:54:15.749, 0 MiB, 0 %
2026/08/30 03:54:17.749, 0 MiB, 0 %
2026/08/30 03:54:19.749, 0 MiB, 0 %
2026/08/30 03:54:21.750, 0 MiB, 0 %
2026/08/30 03:54:23.750, 0 MiB, 0 %
2026/08/30 03:54:25.750, 0 MiB, 0 %
2026/08/30 03:54:27.751, 0 MiB, 0 %
2026/08/30 03:54:29.751, 0 MiB, 0 %
2026/08/30 03:54:31.751, 0 MiB, 0 %
2026/08/30 03:54:33.752, 0 MiB, 0 %
2026/08/30 03:54:35.752, 0 MiB, 0 %
2026/08/30 03:54:37.752, 0 MiB, 0 %
2026/08/30 03:54:39.753, 0 MiB, 0 %
2026/08/30 03:54:41.753, 0 MiB, 0 %
2026/08/30 03:54:43.753, 0 MiB, 0 %
2026/08/30 03:54:45.753, 0 MiB, 0 %
2026/08/30 03:54:47.754, 0 MiB, 0 %
2026/08/30 03:54:49.754, 0 MiB, 0 %
2026/08/30 03:54:51.754, 0 MiB, 0 %
2026/08/30 03:54:53.755, 0 MiB, 0 %
2026/08/30 03:54:55.755, 0 MiB, 0 %
2026/08/30 03:54:57.755, 0 MiB, 0 %
2026/08/30 03:54:59.756, 0 MiB, 0 %
2026/08/30 03:55:01.756, 0 MiB, 0 %
2026/08/30 03:55:03.756, 0 MiB, 0 %
2026/08/30 03:55:05.757, 0 MiB, 0 %
2026/08/30 03:55:07.757, 0 MiB, 0 %
2026/08/30 03:55:09.757, 0 MiB, 0 %
2026/08/30 03:55:11.757, 0 MiB, 0 %
2026/08/30 03:55:13.758, 0 MiB, 0 %
2026/08/30 03:55:15.758, 0 MiB, 0 %
2026/08/30 03:55:17.758, 0 MiB, 0 %
2026/08/30 03:55:19.759, 0 MiB, 0 %
2026/08/30 03:55:21.759, 0 MiB, 0 %
2026/08/30 03:55:23.759, 0 MiB, 0 %
2026/08/30 03:55:25.759, 0 MiB, 0 %
2026/08/30 03:55:27.760, 0 MiB, 0 %
2026/08/30 03:55:29.760, 0 MiB, 0 %
2026/08/30 03:55:31.760, 0 MiB, 0 %
2026/08/30 03:55:33.761, 0 MiB, 0 %
2026/08/30 03:55:35.761, 0 MiB, 0 %
2026/08/30 03:55:37.762, 0 MiB, 0 %
2026/08/30 03:55:39.762, 0 MiB, 0 %
2026/08/30 03:55:41.762, 0 MiB, 0 %
2026/08/30 03:55:43.762, 0 MiB, 0 %
2026/08/30 03:55:45.763, 0 MiB, 0 %
2026/08/30 03:55:47.763, 0 MiB, 0 %
2026/08/30 03:55:49.763, 0 MiB, 0 %
2026/08/30 03:55:51.764, 0 MiB, 0 %
2026/08/30 03:55:53.764, 0 MiB, 0 %
2026/08/30 03:55:55.764, 0 MiB, 0 %
2026/08/30 03:55:57.765, 0 MiB, 0 %
2026/08/30 03:55:59.765, 0 MiB, 0 %
2026/08/30 03:56:01.765, 0 MiB, 0 %
2026/08/30 03:56:03.766, 0 MiB, 0 %
2026/08/30 03:56:05.766, 0 MiB, 0 %
2026/08/30 03:56:07.766, 0 MiB, 0 %
2026/08/30 03:56:09.767, 0 MiB, 0 %
2026/08/30 03:56:11.767, 0 MiB, 0 %
2026/08/30 03:56:13.767, 0 MiB, 0 %
2026/08/30 03:56:15.768, 0 MiB, 0 %
2026/08/30 03:56:17.768, 0 MiB, 0 %
2026/08/30 03:56:19.768, 0 MiB, 0 %
2026/08/30 03:56:21.769, 0 MiB, 0 %
2026/08/30 03:56:23.769, 0 MiB, 0 %
2026/08/30 03:56:25.769, 0 MiB, 0 %
2026/08/30 03:56:27.769, 0 MiB, 0 %
2026/08/30 03:56:29.770, 0 MiB, 0 %
2026/08/30 03:56:31.770, 0 MiB, 0 %
2026/08/30 03:56:33.770, 0 MiB, 0 %
2026/08/30 03:56:35.771, 0 MiB, 0 %
2026/08/30 03:56:37.771, 0 MiB, 0 %
2026/08/30 03:56:39.771, 0 MiB, 0 %
2026/08/30 03:56:41.772, 0 MiB, 0 %
2026/08/30 03:56:43.772, 0 MiB, 0 %
2026/08/30 03:56:45.772, 0 MiB, 0 %
2026/08/30 03:56:47.773, 0 MiB, 0 %
2026/08/30 03:56:49.773, 0 MiB, 0 %
2026/08/30 03:56:51.773, 0 MiB, 0 %
2026/08/30 03:56:53.774, 0 MiB, 0 %
2026/08/30 03:56:55.774, 0 MiB, 0 %
2026/08/30 03:56:57.774, 0 MiB, 0 %
2026/08/30 03:56:59.774, 0 MiB, 0 %
2026/08/30 03:57:01.775, 0 MiB, 0 %
2026/08/30 03:57:03.775, 0 MiB, 0 %
2026/08/30 03:57:05.775, 0 MiB, 0 %
2026/08/30 03:57:07.776, 0 MiB, 0 %
2026/08/30 03:57:09.776, 0 MiB, 0 %
2026/08/30 03:57:11.776, 0 MiB, 0 %
2026/08/30 03:57:13.777, 0 MiB, 0 %
2026/08/30 03:57:15.777, 0 MiB, 0 %
2026/08/30 03:57:17.777, 0 MiB, 0 %
2026/08/30 03:57:19.778, 0 MiB, 0 %
2026/08/30 03:57:21.778, 0 MiB, 0 %
2026/08/30 03:57:23.778, 0 MiB, 0 %
2026/08/30 03:57:25.779, 0 MiB, 0 %
2026/08/30 03:57:27.779, 0 MiB, 0 %
2026/08/30 03:57:29.779, 0 MiB, 0 %
2026/08/30 03:57:31.780, 0 MiB, 0 %
2026/08/30 03:57:33.780, 0 MiB, 0 %
2026/08/30 03:57:35.780, 0 MiB, 0 %
2026/08/30 03:57:37.781, 0 MiB, 0 %
2026/08/30 03:57:39.781, 0 MiB, 0 %
2026/08/30 03:57:41.781, 0 MiB, 0 %
2026/08/30 03:57:43.781, 0 MiB, 0 %
2026/08/30 03:57:45.782, 0 MiB, 0 %
2026/08/30 03:57:47.782, 0 MiB, 0 %
2026/08/30 03:57:49.782, 0 MiB, 0 %
2026/08/30 03:57:51.783, 0 MiB, 0 %
2026/08/30 03:57:53.783, 0 MiB, 0 %
2026/08/30 03:57:55.783, 0 MiB, 0 %
2026/08/30 03:57:57.784, 0 MiB, 0 %
2026/08/30 03:57:59.784, 0 MiB, 0 %
2026/08/30 03:58:01.784, 0 MiB, 0 %
2026/08/30 03:58:03.784, 0 MiB, 0 %
2026/08/30 03:58:05.785, 0 MiB, 0 %
2026/08/30 03:58:07.785, 0 MiB, 0 %
2026/08/30 03:58:09.785, 0 MiB, 0 %
2026/08/30 03:58:11.786, 0 MiB, 0 %
2026/08/30 03:58:13.786, 0 MiB, 0 %
2026/08/30 03:58:15.786, 0 MiB, 0 %
2026/08/30 03:58:17.787, 0 MiB, 0 %
2026/08/30 03:58:19.787, 0 MiB, 0 %
2026/08/30 03:58:21.787, 0 MiB, 0 %
2026/08/30 03:58:23.787, 0 MiB, 0 %
2026/08/30 03:58:25.788, 0 MiB, 0 %
2026/08/30 03:58:27.788, 0 MiB, 0 %
2026/08/30 03:58:29.788, 0 MiB, 0 %
2026/08/30 03:58:31.789, 0 MiB, 0 %
2026/08/30 03:58:33.789, 0 MiB, 0 %
2026/08/30 03:58:35.789, 0 MiB, 0 %
2026/08/30 03:58:37.790, 0 MiB, 0 %
2026/08/30 03:58:39.790, 0 MiB, 0 %
2026/08/30 03:58:41.790, 0 MiB, 0 %
2026/08/30 03:58:43.791, 0 MiB, 0 %
2026/08/30 03:58:45.791, 0 MiB, 0 %
2026/08/30 03:58:47.791, 0 MiB, 0 %
2026/08/30 03:58:49.792, 0 MiB, 0 %
2026/08/30 03:58:51.792, 0 MiB, 0 %
2026/08/30 03:58:53.792, 0 MiB, 0 %
2026/08/30 03:58:55.792, 0 MiB, 0 %
2026/08/30 03:58:57.793, 0 MiB, 0 %
2026/08/30 03:58:59.793, 0 MiB, 0 %
2026/08/30 03:59:01.793, 0 MiB, 0 %
2026/08/30 03:59:03.794, 0 MiB, 0 %
2026/08/30 03:59:05.794, 0 MiB, 0 %
2026/08/30 03:59:07.794, 0 MiB, 0 %
2026/08/30 03:59:09.795, 0 MiB, 0 %
2026/08/30 03:59:11.795, 0 MiB, 0 %
2026/08/30 03:59:13.796, 0 MiB, 0 %
2026/08/30 03:59:15.796, 0 MiB, 0 %
2026/08/30 03:59:17.796, 0 MiB, 0 %
2026/08/30 03:59:19.796, 0 MiB, 0 %
2026/08/30 03:59:21.797, 0 MiB, 0 %
2026/08/30 03:59:23.797, 0 MiB, 0 %
2026/08/30 03:59:25.797, 0 MiB, 0 %
2026/08/30 03:59:27.798, 0 MiB, 0 %
2026/08/30 03:59:29.798, 0 MiB, 0 %
2026/08/30 03:59:31.798, 0 MiB, 0 %
2026/08/30 03:59:33.798, 0 MiB, 0 %
2026/08/30 03:59:35.799, 0 MiB, 0 %
2026/08/30 03:59:37.799, 0 MiB, 0 %
2026/08/30 03:59:39.799, 0 MiB, 0 %
2026/08/30 03:59:41.800, 0 MiB, 0 %
2026/08/30 03:59:43.800, 0 MiB, 0 %
2026/08/30 03:59:45.800, 0 MiB, 0 %
2026/08/30 03:59:47.801, 0 MiB, 0 %
2026/08/30 03:59:49.801, 0 MiB, 0 %
2026/08/30 03:59:51.801, 0 MiB, 0 %
2026/08/30 03:59:53.802, 0 MiB, 0 %
2026/08/30 03:59:55.802, 0 MiB, 0 %
2026/08/30 03:59:57.802, 0 MiB, 0 %
2026/08/30 03:59:59.803, 0 MiB, 0 %
2026/08/30 04:00:01.803, 0 MiB, 0 %
2026/08/30 04:00:03.803, 0 MiB, 0 %
2026/08/30 04:00:05.804, 0 MiB, 0 %
2026/08/30 04:00:07.804, 0 MiB, 0 %
2026/08/30 04:00:09.804, 0 MiB, 0 %
2026/08/30 04:00:11.804, 0 MiB, 0 %
2026/08/30 04:00:13.805, 0 MiB, 0 %
2026/08/30 04:00:15.805, 0 MiB, 0 %
2026/08/30 04:00:17.805, 0 MiB, 0 %
2026/08/30 04:00:19.806, 0 MiB, 0 %
2026/08/30 04:00:21.806, 0 MiB, 0 %
2026/08/30 04:00:23.806, 0 MiB, 0 %
2026/08/30 04:00:25.807, 0 MiB, 0 %
2026/08/30 04:00:27.807, 0 MiB, 0 %
2026/08/30 04:00:29.807, 0 MiB, 0 %
2026/08/30 04:00:31.807, 0 MiB, 0 %
2026/08/30 04:00:33.808, 0 MiB, 0 %
2026/08/30 04:00:35.808, 0 MiB, 0 %
2026/08/30 04:00:37.808, 0 MiB, 0 %
2026/08/30 04:00:39.809, 0 MiB, 0 %
2026/08/30 04:00:41.809, 0 MiB, 0 %
2026/08/30 04:00:43.809, 0 MiB, 0 %
2026/08/30 04:00:45.810, 0 MiB, 0 %
2026/08/30 04:00:47.810, 0 MiB, 0 %
2026/08/30 04:00:49.810, 0 MiB, 0 %
2026/08/30 04:00:51.811, 0 MiB, 0 %
2026/08/30 04:00:53.811, 0 MiB, 0 %
2026/08/30 04:00:55.811, 0 MiB, 0 %
2026/08/30 04:00:57.811, 0 MiB, 0 %
2026/08/30 04:00:59.812, 0 MiB, 0 %
2026/08/30 04:01:01.812, 0 MiB, 0 %
2026/08/30 04:01:03.812, 0 MiB, 0 %
2026/08/30 04:01:05.813, 0 MiB, 0 %
2026/08/30 04:01:07.813, 0 MiB, 0 %
2026/08/30 04:01:09.813, 0 MiB, 0 %
2026/08/30 04:01:11.814, 0 MiB, 0 %
2026/08/30 04:01:13.814, 0 MiB, 0 %
2026/08/30 04:01:15.814, 0 MiB, 0 %
2026/08/30 04:01:17.814, 0 MiB, 0 %
2026/08/30 04:01:19.815, 0 MiB, 0 %
2026/08/30 04:01:21.815, 0 MiB, 0 %
2026/08/30 04:01:23.815, 0 MiB, 0 %
2026/08/30 04:01:25.816, 0 MiB, 0 %
2026/08/30 04:01:27.816, 0 MiB, 0 %
2026/08/30 04:01:29.816, 0 MiB, 0 %
2026/08/30 04:01:31.816, 0 MiB, 0 %
2026/08/30 04:01:33.817, 0 MiB, 0 %
2026/08/30 04:01:35.817, 0 MiB, 0 %
2026/08/30 04:01:37.817, 0 MiB, 0 %
2026/08/30 04:01:39.818, 0 MiB, 0 %
2026/08/30 04:01:41.818, 0 MiB, 0 %
2026/08/30 04:01:43.818, 0 MiB, 0 %
2026/08/30 04:01:45.819, 0 MiB, 0 %
2026/08/30 04:01:47.819, 0 MiB, 0 %
2026/08/30 04:01:49.819, 0 MiB, 0 %
2026/08/30 04:01:51.820, 0 MiB, 0 %
2026/08/30 04:01:53.820, 0 MiB, 0 %
2026/08/30 04:01:55.820, 0 MiB, 0 %
2026/08/30 04:01:57.821, 0 MiB, 0 %
2026/08/30 04:01:59.821, 0 MiB, 0 %
2026/08/30 04:02:01.821, 0 MiB, 0 %
2026/08/30 04:02:03.822, 0 MiB, 0 %
2026/08/30 04:02:05.822, 0 MiB, 0 %
2026/08/30 04:02:07.822, 0 MiB, 0 %
2026/08/30 04:02:09.822, 0 MiB, 0 %
2026/08/30 04:02:11.823, 0 MiB, 0 %
2026/08/30 04:02:13.823, 0 MiB, 0 %
2026/08/30 04:02:15.823, 0 MiB, 0 %
2026/08/30 04:02:17.824, 0 MiB, 0 %
2026/08/30 04:02:19.824, 0 MiB, 0 %
2026/08/30 04:02:21.824, 0 MiB, 0 %
2026/08/30 04:02:23.825, 0 MiB, 0 %
2026/08/30 04:02:25.825, 0 MiB, 0 %
2026/08/30 04:02:27.825, 0 MiB, 0 %
2026/08/30 04:02:29.826, 0 MiB, 0 %
2026/08/30 04:02:31.826, 0 MiB, 0 %
2026/08/30 04:02:33.826, 0 MiB, 0 %
2026/08/30 04:02:35.827, 0 MiB, 0 %
2026/08/30 04:02:37.827, 0 MiB, 0 %
2026/08/30 04:02:39.827, 0 MiB, 0 %
2026/08/30 04:02:41.828, 0 MiB, 0 %
2026/08/30 04:02:43.828, 0 MiB, 0 %
2026/08/30 04:02:45.828, 0 MiB, 0 %
2026/08/30 04:02:47.828, 0 MiB, 0 %
2026/08/30 04:02:49.829, 0 MiB, 0 %
2026/08/30 04:02:51.829, 0 MiB, 0 %
2026/08/30 04:02:53.829, 0 MiB, 0 %
2026/08/30 04:02:55.830, 0 MiB, 0 %
2026/08/30 04:02:57.830, 0 MiB, 0 %
2026/08/30 04:02:59.830, 0 MiB, 0 %
2026/08/30 04:03:01.831, 0 MiB, 0 %
2026/08/30 04:03:03.831, 0 MiB, 0 %
2026/08/30 04:03:05.831, 0 MiB, 0 %
2026/08/30 04:03:07.832, 0 MiB, 0 %
2026/08/30 04:03:09.832, 0 MiB, 0 %
2026/08/30 04:03:11.832, 0 MiB, 0 %
2026/08/30 04:03:13.833, 0 MiB, 0 %
2026/08/30 04:03:15.833, 0 MiB, 0 %
2026/08/30 04:03:17.833, 0 MiB, 0 %
2026/08/30 04:03:19.833, 0 MiB, 0 %
2026/08/30 04:03:21.834, 0 MiB, 0 %
2026/08/30 04:03:23.834, 0 MiB, 0 %
2026/08/30 04:03:25.834, 0 MiB, 0 %
2026/08/30 04:03:27.835, 0 MiB, 0 %
2026/08/30 04:03:29.835, 0 MiB, 0 %
2026/08/30 04:03:31.835, 0 MiB, 0 %
2026/08/30 04:03:33.836, 0 MiB, 0 %
2026/08/30 04:03:35.836, 0 MiB, 0 %
2026/08/30 04:03:37.836, 0 MiB, 0 %
2026/08/30 04:03:39.837, 0 MiB, 0 %
2026/08/30 04:03:41.837, 0 MiB, 0 %
2026/08/30 04:03:43.837, 0 MiB, 0 %
2026/08/30 04:03:45.838, 0 MiB, 0 %
2026/08/30 04:03:47.838, 0 MiB, 0 %
2026/08/30 04:03:49.838, 0 MiB, 0 %
2026/08/30 04:03:51.838, 0 MiB, 0 %
2026/08/30 04:03:53.839, 0 MiB, 0 %
2026/08/30 04:03:55.839, 0 MiB, 0 %
2026/08/30 04:03:57.839, 0 MiB, 0 %
2026/08/30 04:03:59.840, 0 MiB, 0 %
2026/08/30 04:04:01.840, 0 MiB, 0 %
2026/08/30 04:04:03.840, 0 MiB, 0 %
2026/08/30 04:04:05.841, 0 MiB, 0 %
2026/08/30 04:04:07.841, 0 MiB, 0 %
2026/08/30 04:04:09.841, 0 MiB, 0 %
2026/08/30 04:04:11.842, 0 MiB, 0 %
2026/08/30 04:04:13.842, 0 MiB, 0 %
2026/08/30 04:04:15.842, 0 MiB, 0 %
2026/08/30 04:04:17.843, 0 MiB, 0 %
2026/08/30 04:04:19.843, 0 MiB, 0 %
2026/08/30 04:04:21.844, 0 MiB, 0 %
2026/08/30 04:04:23.844, 0 MiB, 0 %
2026/08/30 04:04:25.844, 0 MiB, 0 %
2026/08/30 04:04:27.845, 0 MiB, 0 %
2026/08/30 04:04:29.845, 0 MiB, 0 %
2026/08/30 04:04:31.845, 0 MiB, 0 %
2026/08/30 04:04:33.846, 0 MiB, 0 %
2026/08/30 04:04:35.846, 0 MiB, 0 %
2026/08/30 04:04:37.846, 0 MiB, 0 %
2026/08/30 04:04:39.847, 0 MiB, 0 %
2026/08/30 04:04:41.847, 0 MiB, 0 %
2026/08/30 04:04:43.847, 0 MiB, 0 %
2026/08/30 04:04:45.848, 0 MiB, 0 %
2026/08/30 04:04:47.848, 0 MiB, 0 %
2026/08/30 04:04:49.848, 0 MiB, 0 %
2026/08/30 04:04:51.849, 0 MiB, 0 %
2026/08/30 04:04:53.849, 0 MiB, 0 %
2026/08/30 04:04:55.849, 0 MiB, 0 %
2026/08/30 04:04:57.850, 0 MiB, 0 %
2026/08/30 04:04:59.850, 0 MiB, 0 %
2026/08/30 04:05:01.850, 0 MiB, 0 %
2026/08/30 04:05:03.851, 0 MiB, 0 %
2026/08/30 04:05:05.851, 0 MiB, 0 %
2026/08/30 04:05:07.851, 0 MiB, 0 %
2026/08/30 04:05:09.851, 0 MiB, 0 %
2026/08/30 04:05:11.852, 0 MiB, 0 %
2026/08/30 04:05:13.852, 0 MiB, 0 %
2026/08/30 04:05:15.852, 0 MiB, 0 %
2026/08/30 04:05:17.853, 0 MiB, 0 %
2026/08/30 04:05:19.853, 0 MiB, 0 %
2026/08/30 04:05:21.853, 0 MiB, 0 %
2026/08/30 04:05:23.854, 0 MiB, 0 %
2026/08/30 04:05:25.854, 0 MiB, 0 %
2026/08/30 04:05:27.854, 0 MiB, 0 %
2026/08/30 04:05:29.854, 0 MiB, 0 %
2026/08/30 04:05:31.855, 0 MiB, 0 %
2026/08/30 04:05:33.855, 0 MiB, 0 %
2026/08/30 04:05:35.855, 0 MiB, 0 %
2026/08/30 04:05:37.856, 0 MiB, 0 %
2026/08/30 04:05:39.856, 0 MiB, 0 %
2026/08/30 04:05:41.856, 0 MiB, 0 %
2026/08/30 04:05:43.857, 0 MiB, 0 %
2026/08/30 04:05:45.857, 0 MiB, 0 %
2026/08/30 04:05:47.857, 0 MiB, 0 %
2026/08/30 04:05:49.858, 0 MiB, 0 %
2026/08/30 04:05:51.858, 0 MiB, 0 %
2026/08/30 04:05:53.858, 0 MiB, 0 %
2026/08/30 04:05:55.858, 0 MiB, 0 %
2026/08/30 04:05:57.859, 0 MiB, 0 %
2026/08/30 04:05:59.859, 0 MiB, 0 %
2026/08/30 04:06:01.859, 0 MiB, 0 %
2026/08/30 04:06:03.860, 0 MiB, 0 %
2026/08/30 04:06:05.860, 0 MiB, 0 %
2026/08/30 04:06:07.860, 0 MiB, 0 %
2026/08/30 04:06:09.861, 0 MiB, 0 %
2026/08/30 04:06:11.861, 0 MiB, 0 %
2026/08/30 04:06:13.862, 0 MiB, 0 %
2026/08/30 04:06:15.862, 0 MiB, 0 %
2026/08/30 04:06:17.862, 0 MiB, 0 %
2026/08/30 04:06:19.862, 0 MiB, 0 %
2026/08/30 04:06:21.863, 0 MiB, 0 %
2026/08/30 04:06:23.863, 0 MiB, 0 %
2026/08/30 04:06:25.863, 0 MiB, 0 %
2026/08/30 04:06:27.864, 0 MiB, 0 %
2026/08/30 04:06:29.864, 0 MiB, 0 %
2026/08/30 04:06:31.864, 0 MiB, 0 %
2026/08/30 04:06:33.865, 0 MiB, 0 %
2026/08/30 04:06:35.865, 0 MiB, 0 %
2026/08/30 04:06:37.865, 0 MiB, 0 %
2026/08/30 04:06:39.865, 0 MiB, 0 %
2026/08/30 04:06:41.867, 0 MiB, 0 %
2026/08/30 04:06:43.867, 0 MiB, 0 %
2026/08/30 04:06:45.867, 0 MiB, 0 %
2026/08/30 04:06:47.868, 0 MiB, 0 %
2026/08/30 04:06:49.868, 0 MiB, 0 %
2026/08/30 04:06:51.868, 0 MiB, 0 %
2026/08/30 04:06:53.869, 0 MiB, 0 %
2026/08/30 04:06:55.869, 0 MiB, 0 %
2026/08/30 04:06:57.869, 0 MiB, 0 %
2026/08/30 04:06:59.869, 0 MiB, 0 %
2026/08/30 04:07:01.870, 0 MiB, 0 %
2026/08/30 04:07:03.870, 0 MiB, 0 %
2026/08/30 04:07:05.870, 0 MiB, 0 %
2026/08/30 04:07:07.871, 0 MiB, 0 %
2026/08/30 04:07:09.871, 0 MiB, 0 %
2026/08/30 04:07:11.871, 0 MiB, 0 %
2026/08/30 04:07:13.872, 0 MiB, 0 %
2026/08/30 04:07:15.872, 0 MiB, 0 %
2026/08/30 04:07:17.872, 0 MiB, 0 %
2026/08/30 04:07:19.872, 0 MiB, 0 %
2026/08/30 04:07:21.873, 0 MiB, 0 %
2026/08/30 04:07:23.873, 0 MiB, 0 %
2026/08/30 04:07:25.873, 0 MiB, 0 %
2026/08/30 04:07:27.874, 0 MiB, 0 %
2026/08/30 04:07:29.874, 0 MiB, 0 %
2026/08/30 04:07:31.874, 0 MiB, 0 %
2026/08/30 04:07:33.875, 0 MiB, 0 %
2026/08/30 04:07:35.875, 0 MiB, 0 %
2026/08/30 04:07:37.875, 0 MiB, 0 %
2026/08/30 04:07:39.875, 0 MiB, 0 %
2026/08/30 04:07:41.876, 0 MiB, 0 %
2026/08/30 04:07:43.876, 0 MiB, 0 %
2026/08/30 04:07:45.876, 0 MiB, 0 %
2026/08/30 04:07:47.877, 0 MiB, 0 %
2026/08/30 04:07:49.877, 0 MiB, 0 %
2026/08/30 04:07:51.877, 0 MiB, 0 %
2026/08/30 04:07:53.877, 0 MiB, 0 %
2026/08/30 04:07:55.878, 0 MiB, 0 %
2026/08/30 04:07:57.878, 0 MiB, 0 %
2026/08/30 04:07:59.878, 0 MiB, 0 %
2026/08/30 04:08:01.879, 0 MiB, 0 %
2026/08/30 04:08:03.879, 0 MiB, 0 %
2026/08/30 04:08:05.879, 0 MiB, 0 %
2026/08/30 04:08:07.880, 0 MiB, 0 %
2026/08/30 04:08:09.880, 0 MiB, 0 %
2026/08/30 04:08:11.880, 0 MiB, 0 %
2026/08/30 04:08:13.881, 0 MiB, 0 %
2026/08/30 04:08:15.881, 0 MiB, 0 %
2026/08/30 04:08:17.881, 0 MiB, 0 %
2026/08/30 04:08:19.882, 0 MiB, 0 %
2026/08/30 04:08:21.882, 0 MiB, 0 %
2026/08/30 04:08:23.882, 0 MiB, 0 %
2026/08/30 04:08:25.882, 0 MiB, 0 %
2026/08/30 04:08:27.883, 0 MiB, 0 %
2026/08/30 04:08:29.883, 0 MiB, 0 %
2026/08/30 04:08:31.883, 0 MiB, 0 %
2026/08/30 04:08:33.884, 0 MiB, 0 %
2026/08/30 04:08:35.884, 0 MiB, 0 %
2026/08/30 04:08:37.884, 0 MiB, 0 %
2026/08/30 04:08:39.884, 0 MiB, 0 %
2026/08/30 04:08:41.885, 0 MiB, 0 %
2026/08/30 04:08:43.885, 0 MiB, 0 %
2026/08/30 04:08:45.885, 0 MiB, 0 %
2026/08/30 04:08:47.886, 0 MiB, 0 %
2026/08/30 04:08:49.886, 0 MiB, 0 %
2026/08/30 04:08:51.886, 0 MiB, 0 %
2026/08/30 04:08:53.886, 0 MiB, 0 %
2026/08/30 04:08:55.887, 0 MiB, 0 %
2026/08/30 04:08:57.887, 0 MiB, 0 %
2026/08/30 04:08:59.887, 0 MiB, 0 %
2026/08/30 04:09:01.888, 0 MiB, 0 %
2026/08/30 04:09:03.888, 0 MiB, 0 %
2026/08/30 04:09:05.888, 0 MiB, 0 %
2026/08/30 04:09:07.889, 0 MiB, 0 %
2026/08/30 04:09:09.889, 0 MiB, 0 %
2026/08/30 04:09:11.889, 0 MiB, 0 %
2026/08/30 04:09:13.889, 0 MiB, 0 %
2026/08/30 04:09:15.890, 0 MiB, 0 %
2026/08/30 04:09:17.890, 0 MiB, 0 %
2026/08/30 04:09:19.890, 0 MiB, 0 %
2026/08/30 04:09:21.891, 0 MiB, 0 %
2026/08/30 04:09:23.891, 0 MiB, 0 %
2026/08/30 04:09:25.891, 0 MiB, 0 %
2026/08/30 04:09:27.891, 0 MiB, 0 %
2026/08/30 04:09:29.892, 0 MiB, 0 %
2026/08/30 04:09:31.892, 0 MiB, 0 %
2026/08/30 04:09:33.892, 0 MiB, 0 %
2026/08/30 04:09:35.893, 0 MiB, 0 %
2026/08/30 04:09:37.893, 0 MiB, 0 %
2026/08/30 04:09:39.893, 0 MiB, 0 %
2026/08/30 04:09:41.894, 0 MiB, 0 %
2026/08/30 04:09:43.894, 0 MiB, 0 %
2026/08/30 04:09:45.894, 0 MiB, 0 %
2026/08/30 04:09:47.895, 0 MiB, 0 %
2026/08/30 04:09:49.895, 0 MiB, 0 %
2026/08/30 04:09:51.895, 0 MiB, 0 %
2026/08/30 04:09:53.896, 0 MiB, 0 %
2026/08/30 04:09:55.896, 0 MiB, 0 %
2026/08/30 04:09:57.896, 0 MiB, 0 %
2026/08/30 04:09:59.896, 0 MiB, 0 %
2026/08/30 04:10:01.897, 0 MiB, 0 %
2026/08/30 04:10:03.897, 0 MiB, 0 %
2026/08/30 04:10:05.897, 0 MiB, 0 %
2026/08/30 04:10:07.898, 0 MiB, 0 %
2026/08/30 04:10:09.898, 0 MiB, 0 %
2026/08/30 04:10:11.898, 0 MiB, 0 %
2026/08/30 04:10:13.898, 0 MiB, 0 %
2026/08/30 04:10:15.899, 0 MiB, 0 %
2026/08/30 04:10:17.899, 0 MiB, 0 %
2026/08/30 04:10:19.899, 0 MiB, 0 %
2026/08/30 04:10:21.899, 0 MiB, 0 %
2026/08/30 04:10:23.900, 0 MiB, 0 %
2026/08/30 04:10:25.900, 0 MiB, 0 %
2026/08/30 04:10:27.900, 0 MiB, 0 %
2026/08/30 04:10:29.901, 0 MiB, 0 %
2026/08/30 04:10:31.901, 0 MiB, 0 %
2026/08/30 04:10:33.901, 0 MiB, 0 %
2026/08/30 04:10:35.901, 0 MiB, 0 %
2026/08/30 04:10:37.902, 0 MiB, 0 %
2026/08/30 04:10:39.902, 0 MiB, 0 %
2026/08/30 04:10:41.902, 0 MiB, 0 %
2026/08/30 04:10:43.903, 0 MiB, 0 %
2026/08/30 04:10:45.903, 0 MiB, 0 %
2026/08/30 04:10:47.903, 0 MiB, 0 %
2026/08/30 04:10:49.903, 0 MiB, 0 %
2026/08/30 04:10:51.904, 0 MiB, 0 %
2026/08/30 04:10:53.904, 0 MiB, 0 %
2026/08/30 04:10:55.904, 0 MiB, 0 %
2026/08/30 04:10:57.905, 0 MiB, 0 %
2026/08/30 04:10:59.905, 0 MiB, 0 %
2026/08/30 04:11:01.905, 0 MiB, 0 %
2026/08/30 04:11:03.906, 0 MiB, 0 %
2026/08/30 04:11:05.906, 0 MiB, 0 %
2026/08/30 04:11:07.906, 0 MiB, 0 %
2026/08/30 04:11:09.907, 0 MiB, 0 %
2026/08/30 04:11:11.907, 0 MiB, 0 %
2026/08/30 04:11:13.907, 0 MiB, 0 %
2026/08/30 04:11:15.907, 0 MiB, 0 %
2026/08/30 04:11:17.908, 0 MiB, 0 %
2026/08/30 04:11:19.908, 0 MiB, 0 %
2026/08/30 04:11:21.908, 0 MiB, 0 %
2026/08/30 04:11:23.909, 0 MiB, 0 %
2026/08/30 04:11:25.909, 0 MiB, 0 %
2026/08/30 04:11:27.909, 0 MiB, 0 %
2026/08/30 04:11:29.910, 0 MiB, 0 %
2026/08/30 04:11:31.910, 0 MiB, 0 %
2026/08/30 04:11:33.910, 0 MiB, 0 %
2026/08/30 04:11:35.911, 0 MiB, 0 %
2026/08/30 04:11:37.911, 0 MiB, 0 %
2026/08/30 04:11:39.911, 0 MiB, 0 %
2026/08/30 04:11:41.911, 0 MiB, 0 %
2026/08/30 04:11:43.912, 0 MiB, 0 %
2026/08/30 04:11:45.912, 0 MiB, 0 %
2026/08/30 04:11:47.913, 0 MiB, 0 %
2026/08/30 04:11:49.913, 0 MiB, 0 %
2026/08/30 04:11:51.913, 0 MiB, 0 %
2026/08/30 04:11:53.913, 0 MiB, 0 %
2026/08/30 04:11:55.914, 0 MiB, 0 %
2026/08/30 04:11:57.914, 0 MiB, 0 %
2026/08/30 04:11:59.915, 0 MiB, 0 %
2026/08/30 04:12:01.915, 0 MiB, 0 %
2026/08/30 04:12:03.915, 0 MiB, 0 %
2026/08/30 04:12:05.915, 0 MiB, 0 %
2026/08/30 04:12:07.916, 0 MiB, 0 %
2026/08/30 04:12:09.916, 0 MiB, 0 %
2026/08/30 04:12:11.916, 0 MiB, 0 %
2026/08/30 04:12:13.917, 0 MiB, 0 %
2026/08/30 04:12:15.917, 0 MiB, 0 %
2026/08/30 04:12:17.917, 0 MiB, 0 %
2026/08/30 04:12:19.918, 0 MiB, 0 %
2026/08/30 04:12:21.918, 0 MiB, 0 %
2026/08/30 04:12:23.918, 0 MiB, 0 %
2026/08/30 04:12:25.918, 0 MiB, 0 %
2026/08/30 04:12:27.919, 0 MiB, 0 %
2026/08/30 04:12:29.919, 0 MiB, 0 %
2026/08/30 04:12:31.919, 0 MiB, 0 %
2026/08/30 04:12:33.920, 0 MiB, 0 %
2026/08/30 04:12:35.920, 0 MiB, 0 %
2026/08/30 04:12:37.920, 0 MiB, 0 %
2026/08/30 04:12:39.921, 0 MiB, 0 %
2026/08/30 04:12:41.921, 0 MiB, 0 %
2026/08/30 04:12:43.921, 0 MiB, 0 %
2026/08/30 04:12:45.922, 0 MiB, 0 %
2026/08/30 04:12:47.922, 0 MiB, 0 %
2026/08/30 04:12:49.922, 0 MiB, 0 %
2026/08/30 04:12:51.923, 0 MiB, 0 %
2026/08/30 04:12:53.923, 0 MiB, 0 %
2026/08/30 04:12:55.923, 0 MiB, 0 %
2026/08/30 04:12:57.923, 0 MiB, 0 %
2026/08/30 04:12:59.924, 0 MiB, 0 %
2026/08/30 04:13:01.924, 0 MiB, 0 %
2026/08/30 04:13:03.924, 0 MiB, 0 %
2026/08/30 04:13:05.925, 0 MiB, 0 %
2026/08/30 04:13:07.925, 0 MiB, 0 %
2026/08/30 04:13:09.925, 0 MiB, 0 %
2026/08/30 04:13:11.926, 0 MiB, 0 %
2026/08/30 04:13:13.926, 0 MiB, 0 %
2026/08/30 04:13:15.926, 0 MiB, 0 %
2026/08/30 04:13:17.927, 0 MiB, 0 %
2026/08/30 04:13:19.927, 0 MiB, 0 %
2026/08/30 04:13:21.927, 0 MiB, 0 %
2026/08/30 04:13:23.928, 0 MiB, 0 %
2026/08/30 04:13:25.928, 0 MiB, 0 %
2026/08/30 04:13:27.928, 0 MiB, 0 %
2026/08/30 04:13:29.929, 0 MiB, 0 %
2026/08/30 04:13:31.929, 0 MiB, 0 %
2026/08/30 04:13:33.929, 0 MiB, 0 %
2026/08/30 04:13:35.929, 0 MiB, 0 %
2026/08/30 04:13:37.930, 0 MiB, 0 %
2026/08/30 04:13:39.930, 0 MiB, 0 %
2026/08/30 04:13:41.930, 0 MiB, 0 %
2026/08/30 04:13:43.931, 0 MiB, 0 %
2026/08/30 04:13:45.931, 0 MiB, 0 %
2026/08/30 04:13:47.931, 0 MiB, 0 %
2026/08/30 04:13:49.932, 0 MiB, 0 %
2026/08/30 04:13:51.932, 0 MiB, 0 %
2026/08/30 04:13:53.932, 0 MiB, 0 %
2026/08/30 04:13:55.933, 0 MiB, 0 %
2026/08/30 04:13:57.933, 0 MiB, 0 %
2026/08/30 04:13:59.933, 0 MiB, 0 %
2026/08/30 04:14:01.934, 0 MiB, 0 %
2026/08/30 04:14:03.934, 0 MiB, 0 %
2026/08/30 04:14:05.934, 0 MiB, 0 %
2026/08/30 04:14:07.934, 0 MiB, 0 %
2026/08/30 04:14:09.935, 0 MiB, 0 %
2026/08/30 04:14:11.935, 0 MiB, 0 %
2026/08/30 04:14:13.935, 0 MiB, 0 %
2026/08/30 04:14:15.936, 0 MiB, 0 %
2026/08/30 04:14:17.936, 0 MiB, 0 %
2026/08/30 04:14:19.936, 0 MiB, 0 %
2026/08/30 04:14:21.937, 0 MiB, 0 %
2026/08/30 04:14:23.937, 0 MiB, 0 %
2026/08/30 04:14:25.937, 0 MiB, 0 %
2026/08/30 04:14:27.937, 0 MiB, 0 %
2026/08/30 04:14:29.938, 0 MiB, 0 %
2026/08/30 04:14:31.938, 0 MiB, 0 %
2026/08/30 04:14:33.938, 0 MiB, 0 %
2026/08/30 04:14:35.939, 0 MiB, 0 %
2026/08/30 04:14:37.939, 0 MiB, 0 %
2026/08/30 04:14:39.939, 0 MiB, 0 %
2026/08/30 04:14:41.940, 0 MiB, 0 %
2026/08/30 04:14:43.940, 0 MiB, 0 %
2026/08/30 04:14:45.940, 0 MiB, 0 %
2026/08/30 04:14:47.940, 0 MiB, 0 %
2026/08/30 04:14:49.941, 0 MiB, 0 %
2026/08/30 04:14:51.941, 0 MiB, 0 %
2026/08/30 04:14:53.941, 0 MiB, 0 %
2026/08/30 04:14:55.942, 0 MiB, 0 %
2026/08/30 04:14:57.942, 0 MiB, 0 %
2026/08/30 04:14:59.943, 0 MiB, 0 %
2026/08/30 04:15:01.943, 0 MiB, 0 %
2026/08/30 04:15:03.943, 0 MiB, 0 %
2026/08/30 04:15:05.944, 0 MiB, 0 %
2026/08/30 04:15:07.944, 0 MiB, 0 %
2026/08/30 04:15:09.944, 0 MiB, 0 %
2026/08/30 04:15:11.945, 0 MiB, 0 %
2026/08/30 04:15:13.945, 0 MiB, 0 %
2026/08/30 04:15:15.945, 0 MiB, 0 %
2026/08/30 04:15:17.946, 0 MiB, 0 %
2026/08/30 04:15:19.946, 0 MiB, 0 %
2026/08/30 04:15:21.946, 0 MiB, 0 %
2026/08/30 04:15:23.947, 0 MiB, 0 %
2026/08/30 04:15:25.947, 0 MiB, 0 %
2026/08/30 04:15:27.947, 0 MiB, 0 %
2026/08/30 04:15:29.947, 0 MiB, 0 %
2026/08/30 04:15:31.948, 0 MiB, 0 %
2026/08/30 04:15:33.948, 0 MiB, 0 %
2026/08/30 04:15:35.948, 0 MiB, 0 %
2026/08/30 04:15:37.949, 0 MiB, 0 %
2026/08/30 04:15:39.949, 0 MiB, 0 %
2026/08/30 04:15:41.949, 0 MiB, 0 %
2026/08/30 04:15:43.949, 0 MiB, 0 %
2026/08/30 04:15:45.950, 0 MiB, 0 %
2026/08/30 04:15:47.950, 0 MiB, 0 %
2026/08/30 04:15:49.950, 0 MiB, 0 %
2026/08/30 04:15:51.951, 0 MiB, 0 %
2026/08/30 04:15:53.951, 0 MiB, 0 %
2026/08/30 04:15:55.951, 0 MiB, 0 %
2026/08/30 04:15:57.951, 0 MiB, 0 %
2026/08/30 04:15:59.952, 0 MiB, 0 %
2026/08/30 04:16:01.952, 0 MiB, 0 %
2026/08/30 04:16:03.952, 0 MiB, 0 %
2026/08/30 04:16:05.953, 0 MiB, 0 %
2026/08/30 04:16:07.953, 0 MiB, 0 %
2026/08/30 04:16:09.953, 0 MiB, 0 %
2026/08/30 04:16:11.953, 0 MiB, 0 %
2026/08/30 04:16:13.954, 0 MiB, 0 %
2026/08/30 04:16:15.954, 0 MiB, 0 %
2026/08/30 04:16:17.954, 0 MiB, 0 %
2026/08/30 04:16:19.955, 0 MiB, 0 %
2026/08/30 04:16:21.955, 0 MiB, 0 %
2026/08/30 04:16:23.955, 0 MiB, 0 %
2026/08/30 04:16:25.956, 0 MiB, 0 %
2026/08/30 04:16:27.956, 0 MiB, 0 %
2026/08/30 04:16:29.956, 0 MiB, 0 %
2026/08/30 04:16:31.956, 0 MiB, 0 %
2026/08/30 04:16:33.957, 0 MiB, 0 %
2026/08/30 04:16:35.957, 0 MiB, 0 %
2026/08/30 04:16:37.957, 0 MiB, 0 %
2026/08/30 04:16:39.958, 0 MiB, 0 %
2026/08/30 04:16:41.958, 0 MiB, 0 %
2026/08/30 04:16:43.958, 0 MiB, 0 %
2026/08/30 04:16:45.958, 0 MiB, 0 %
2026/08/30 04:16:47.959, 0 MiB, 0 %
2026/08/30 04:16:49.959, 0 MiB, 0 %
2026/08/30 04:16:51.959, 0 MiB, 0 %
2026/08/30 04:16:53.960, 0 MiB, 0 %
2026/08/30 04:16:55.961, 0 MiB, 0 %
2026/08/30 04:16:57.961, 0 MiB, 0 %
2026/08/30 04:16:59.961, 0 MiB, 0 %
2026/08/30 04:17:01.962, 0 MiB, 0 %
2026/08/30 04:17:03.962, 0 MiB, 0 %
2026/08/30 04:17:05.962, 0 MiB, 0 %
2026/08/30 04:17:07.963, 0 MiB, 0 %
2026/08/30 04:17:09.963, 0 MiB, 0 %
2026/08/30 04:17:11.963, 0 MiB, 0 %
2026/08/30 04:17:13.964, 0 MiB, 0 %
2026/08/30 04:17:15.964, 0 MiB, 0 %
2026/08/30 04:17:17.964, 0 MiB, 0 %
2026/08/30 04:17:19.964, 0 MiB, 0 %
2026/08/30 04:17:21.965, 0 MiB, 0 %
2026/08/30 04:17:23.965, 0 MiB, 0 %
2026/08/30 04:17:25.965, 0 MiB, 0 %
2026/08/30 04:17:27.966, 0 MiB, 0 %
2026/08/30 04:17:29.966, 0 MiB, 0 %
2026/08/30 04:17:31.966, 0 MiB, 0 %
2026/08/30 04:17:33.967, 0 MiB, 0 %
2026/08/30 04:17:35.967, 0 MiB, 0 %
2026/08/30 04:17:37.967, 0 MiB, 0 %
2026/08/30 04:17:39.968, 0 MiB, 0 %
2026/08/30 04:17:41.968, 0 MiB, 0 %
2026/08/30 04:17:43.968, 0 MiB, 0 %
2026/08/30 04:17:45.968, 0 MiB, 0 %
2026/08/30 04:17:47.969, 0 MiB, 0 %
2026/08/30 04:17:49.969, 0 MiB, 0 %
2026/08/30 04:17:51.969, 0 MiB, 0 %
2026/08/30 04:17:53.970, 0 MiB, 0 %
2026/08/30 04:17:55.970, 0 MiB, 0 %
2026/08/30 04:17:57.970, 0 MiB, 0 %
2026/08/30 04:17:59.971, 0 MiB, 0 %
2026/08/30 04:18:01.971, 0 MiB, 0 %
2026/08/30 04:18:03.971, 0 MiB, 0 %
2026/08/30 04:18:05.972, 0 MiB, 0 %
2026/08/30 04:18:07.972, 0 MiB, 0 %
2026/08/30 04:18:09.972, 0 MiB, 0 %
2026/08/30 04:18:11.973, 0 MiB, 0 %
2026/08/30 04:18:13.973, 0 MiB, 0 %
2026/08/30 04:18:15.973, 0 MiB, 0 %
2026/08/30 04:18:17.974, 0 MiB, 0 %
2026/08/30 04:18:19.974, 0 MiB, 0 %
2026/08/30 04:18:21.974, 0 MiB, 0 %
2026/08/30 04:18:23.975, 0 MiB, 0 %
2026/08/30 04:18:25.975, 0 MiB, 0 %
2026/08/30 04:18:27.975, 0 MiB, 0 %
2026/08/30 04:18:29.976, 0 MiB, 0 %
2026/08/30 04:18:31.976, 0 MiB, 0 %
2026/08/30 04:18:33.976, 0 MiB, 0 %
2026/08/30 04:18:35.976, 0 MiB, 0 %
2026/08/30 04:18:37.977, 0 MiB, 0 %
2026/08/30 04:18:39.977, 0 MiB, 0 %
2026/08/30 04:18:41.977, 0 MiB, 0 %
2026/08/30 04:18:43.978, 0 MiB, 0 %
2026/08/30 04:18:45.978, 0 MiB, 0 %
2026/08/30 04:18:47.978, 0 MiB, 0 %
2026/08/30 04:18:49.979, 0 MiB, 0 %
2026/08/30 04:18:51.979, 0 MiB, 0 %
2026/08/30 04:18:53.979, 0 MiB, 0 %
2026/08/30 04:18:55.980, 0 MiB, 0 %
2026/08/30 04:18:57.980, 0 MiB, 0 %
2026/08/30 04:18:59.980, 0 MiB, 0 %
2026/08/30 04:19:01.981, 0 MiB, 0 %
2026/08/30 04:19:03.981, 0 MiB, 0 %
2026/08/30 04:19:05.981, 0 MiB, 0 %
2026/08/30 04:19:07.982, 0 MiB, 0 %
2026/08/30 04:19:09.982, 0 MiB, 0 %
2026/08/30 04:19:11.982, 0 MiB, 0 %
2026/08/30 04:19:13.983, 0 MiB, 0 %
2026/08/30 04:19:15.983, 0 MiB, 0 %
2026/08/30 04:19:17.983, 0 MiB, 0 %
2026/08/30 04:19:19.984, 0 MiB, 0 %
2026/08/30 04:19:21.984, 0 MiB, 0 %
2026/08/30 04:19:23.984, 0 MiB, 0 %
2026/08/30 04:19:25.984, 0 MiB, 0 %
2026/08/30 04:19:27.985, 0 MiB, 0 %
2026/08/30 04:19:29.985, 0 MiB, 0 %
2026/08/30 04:19:31.985, 0 MiB, 0 %
2026/08/30 04:19:33.986, 0 MiB, 0 %
2026/08/30 04:19:35.986, 0 MiB, 0 %
2026/08/30 04:19:37.986, 0 MiB, 0 %
2026/08/30 04:19:39.987, 0 MiB, 0 %
2026/08/30 04:19:41.987, 0 MiB, 0 %
2026/08/30 04:19:43.987, 0 MiB, 0 %
2026/08/30 04:19:45.988, 0 MiB, 0 %
2026/08/30 04:19:47.988, 0 MiB, 0 %
2026/08/30 04:19:49.988, 0 MiB, 0 %
2026/08/30 04:19:51.988, 0 MiB, 0 %
2026/08/30 04:19:53.989, 0 MiB, 0 %
2026/08/30 04:19:55.989, 0 MiB, 0 %
2026/08/30 04:19:57.989, 0 MiB, 0 %
2026/08/30 04:19:59.990, 0 MiB, 0 %
2026/08/30 04:20:01.990, 0 MiB, 0 %
2026/08/30 04:20:03.990, 0 MiB, 0 %
2026/08/30 04:20:05.990, 0 MiB, 0 %
2026/08/30 04:20:07.991, 0 MiB, 0 %
2026/08/30 04:20:09.991, 0 MiB, 0 %
2026/08/30 04:20:11.991, 0 MiB, 0 %
2026/08/30 04:20:13.992, 0 MiB, 0 %
2026/08/30 04:20:15.992, 0 MiB, 0 %
2026/08/30 04:20:17.992, 0 MiB, 0 %
2026/08/30 04:20:19.993, 0 MiB, 0 %
2026/08/30 04:20:21.993, 0 MiB, 0 %
2026/08/30 04:20:23.993, 0 MiB, 0 %
2026/08/30 04:20:25.994, 0 MiB, 0 %
2026/08/30 04:20:27.994, 0 MiB, 0 %
2026/08/30 04:20:29.994, 0 MiB, 0 %
2026/08/30 04:20:31.995, 0 MiB, 0 %
2026/08/30 04:20:33.995, 0 MiB, 0 %
2026/08/30 04:20:35.995, 0 MiB, 0 %
2026/08/30 04:20:37.996, 0 MiB, 0 %
2026/08/30 04:20:39.996, 0 MiB, 0 %
2026/08/30 04:20:41.996, 0 MiB, 0 %
2026/08/30 04:20:43.997, 0 MiB, 0 %
2026/08/30 04:20:45.997, 0 MiB, 0 %
2026/08/30 04:20:47.997, 0 MiB, 0 %
2026/08/30 04:20:49.997, 0 MiB, 0 %
2026/08/30 04:20:51.998, 0 MiB, 0 %
2026/08/30 04:20:53.998, 0 MiB, 0 %
2026/08/30 04:20:55.998, 0 MiB, 0 %
2026/08/30 04:20:57.999, 0 MiB, 0 %
2026/08/30 04:20:59.999, 0 MiB, 0 %
2026/08/30 04:21:01.999, 0 MiB, 0 %
2026/08/30 04:21:04.000, 0 MiB, 0 %
2026/08/30 04:21:06.000, 0 MiB, 0 %
2026/08/30 04:21:08.000, 0 MiB, 0 %
2026/08/30 04:21:10.001, 0 MiB, 0 %
2026/08/30 04:21:12.001, 0 MiB, 0 %
2026/08/30 04:21:14.001, 0 MiB, 0 %
2026/08/30 04:21:16.002, 0 MiB, 0 %
2026/08/30 04:21:18.002, 0 MiB, 0 %
2026/08/30 04:21:20.002, 0 MiB, 0 %
2026/08/30 04:21:22.002, 0 MiB, 0 %
2026/08/30 04:21:24.003, 0 MiB, 0 %
2026/08/30 04:21:26.003, 0 MiB, 0 %
2026/08/30 04:21:28.003, 0 MiB, 0 %
2026/08/30 04:21:30.004, 0 MiB, 0 %
2026/08/30 04:21:32.004, 0 MiB, 0 %
2026/08/30 04:21:34.004, 0 MiB, 0 %
2026/08/30 04:21:36.005, 0 MiB, 0 %
2026/08/30 04:21:38.005, 0 MiB, 0 %
2026/08/30 04:21:40.005, 0 MiB, 0 %
2026/08/30 04:21:42.007, 0 MiB, 0 %
2026/08/30 04:21:44.007, 0 MiB, 0 %
2026/08/30 04:21:46.007, 0 MiB, 0 %
2026/08/30 04:21:48.008, 0 MiB, 0 %
2026/08/30 04:21:50.008, 0 MiB, 0 %
2026/08/30 04:21:52.008, 0 MiB, 0 %
2026/08/30 04:21:54.008, 0 MiB, 0 %
2026/08/30 04:21:56.009, 0 MiB, 0 %
2026/08/30 04:21:58.009, 0 MiB, 0 %
2026/08/30 04:22:00.009, 0 MiB, 0 %
2026/08/30 04:22:02.010, 0 MiB, 0 %
2026/08/30 04:22:04.010, 0 MiB, 0 %
2026/08/30 04:22:06.010, 0 MiB, 0 %
2026/08/30 04:22:08.011, 0 MiB, 0 %
2026/08/30 04:22:10.011, 0 MiB, 0 %
2026/08/30 04:22:12.011, 0 MiB, 0 %
2026/08/30 04:22:14.012, 0 MiB, 0 %
2026/08/30 04:22:16.012, 0 MiB, 0 %
2026/08/30 04:22:18.012, 0 MiB, 0 %
2026/08/30 04:22:20.013, 0 MiB, 0 %
2026/08/30 04:22:22.013, 0 MiB, 0 %
2026/08/30 04:22:24.013, 0 MiB, 0 %
2026/08/30 04:22:26.014, 0 MiB, 0 %
2026/08/30 04:22:28.014, 0 MiB, 0 %
2026/08/30 04:22:30.014, 0 MiB, 0 %
2026/08/30 04:22:32.014, 0 MiB, 0 %
2026/08/30 04:22:34.015, 0 MiB, 0 %
2026/08/30 04:22:36.015, 0 MiB, 0 %
2026/08/30 04:22:38.015, 0 MiB, 0 %
2026/08/30 04:22:40.016, 0 MiB, 0 %
2026/08/30 04:22:42.016, 0 MiB, 0 %
2026/08/30 04:22:44.035, 0 MiB, 0 %
2026/08/30 04:22:46.035, 0 MiB, 0 %
2026/08/30 04:22:48.035, 0 MiB, 0 %
2026/08/30 04:22:50.035, 0 MiB, 0 %
2026/08/30 04:22:52.036, 0 MiB, 0 %
2026/08/30 04:22:54.036, 0 MiB, 0 %
2026/08/30 04:22:56.036, 0 MiB, 0 %
2026/08/30 04:22:58.037, 0 MiB, 0 %
2026/08/30 04:23:00.037, 0 MiB, 0 %
2026/08/30 04:23:02.037, 0 MiB, 0 %
2026/08/30 04:23:04.037, 0 MiB, 0 %
2026/08/30 04:23:06.038, 0 MiB, 0 %
2026/08/30 04:23:08.038, 0 MiB, 0 %
2026/08/30 04:23:10.038, 0 MiB, 0 %
2026/08/30 04:23:12.039, 0 MiB, 0 %
2026/08/30 04:23:14.039, 0 MiB, 0 %
2026/08/30 04:23:16.039, 0 MiB, 0 %
2026/08/30 04:23:18.040, 0 MiB, 0 %
2026/08/30 04:23:20.041, 0 MiB, 0 %
2026/08/30 04:23:22.041, 0 MiB, 0 %
2026/08/30 04:23:24.041, 0 MiB, 0 %
2026/08/30 04:23:26.042, 0 MiB, 0 %
2026/08/30 04:23:28.042, 0 MiB, 0 %
2026/08/30 04:23:30.042, 0 MiB, 0 %
2026/08/30 04:23:32.043, 0 MiB, 0 %
2026/08/30 04:23:34.043, 0 MiB, 0 %
2026/08/30 04:23:36.043, 0 MiB, 0 %
2026/08/30 04:23:38.044, 0 MiB, 0 %
2026/08/30 04:23:40.044, 0 MiB, 0 %
2026/08/30 04:23:42.044, 0 MiB, 0 %
2026/08/30 04:23:44.044, 0 MiB, 0 %
2026/08/30 04:23:46.045, 0 MiB, 0 %
2026/08/30 04:23:48.045, 0 MiB, 0 %
2026/08/30 04:23:50.045, 0 MiB, 0 %
2026/08/30 04:23:52.046, 0 MiB, 0 %
2026/08/30 04:23:54.046, 0 MiB, 0 %
2026/08/30 04:23:56.046, 0 MiB, 0 %
2026/08/30 04:23:58.047, 0 MiB, 0 %
2026/08/30 04:24:00.047, 0 MiB, 0 %
2026/08/30 04:24:02.047, 0 MiB, 0 %
2026/08/30 04:24:04.048, 0 MiB, 0 %
2026/08/30 04:24:06.048, 0 MiB, 0 %
2026/08/30 04:24:08.048, 0 MiB, 0 %
2026/08/30 04:24:10.049, 0 MiB, 0 %
2026/08/30 04:24:12.049, 0 MiB, 0 %
2026/08/30 04:24:14.049, 0 MiB, 0 %
2026/08/30 04:24:16.049, 0 MiB, 0 %
2026/08/30 04:24:18.050, 0 MiB, 0 %
2026/08/30 04:24:20.050, 0 MiB, 0 %
2026/08/30 04:24:22.050, 0 MiB, 0 %
2026/08/30 04:24:24.051, 0 MiB, 0 %
2026/08/30 04:24:26.051, 0 MiB, 0 %
2026/08/30 04:24:28.051, 0 MiB, 0 %
2026/08/30 04:24:30.052, 0 MiB, 0 %
2026/08/30 04:24:32.052, 0 MiB, 0 %
2026/08/30 04:24:34.052, 0 MiB, 0 %
2026/08/30 04:24:36.053, 0 MiB, 0 %
2026/08/30 04:24:38.053, 0 MiB, 0 %
2026/08/30 04:24:40.053, 0 MiB, 0 %
2026/08/30 04:24:42.054, 0 MiB, 0 %
2026/08/30 04:24:44.054, 0 MiB, 0 %
2026/08/30 04:24:46.054, 0 MiB, 0 %
2026/08/30 04:24:48.055, 0 MiB, 0 %
2026/08/30 04:24:50.055, 0 MiB, 0 %
2026/08/30 04:24:52.055, 0 MiB, 0 %
2026/08/30 04:24:54.055, 0 MiB, 0 %
2026/08/30 04:24:56.056, 0 MiB, 0 %
2026/08/30 04:24:58.056, 0 MiB, 0 %
2026/08/30 04:25:00.056, 0 MiB, 0 %
2026/08/30 04:25:02.057, 0 MiB, 0 %
2026/08/30 04:25:04.057, 0 MiB, 0 %
2026/08/30 04:25:06.057, 0 MiB, 0 %
2026/08/30 04:25:08.058, 0 MiB, 0 %
2026/08/30 04:25:10.058, 0 MiB, 0 %
2026/08/30 04:25:12.058, 0 MiB, 0 %
2026/08/30 04:25:14.059, 0 MiB, 0 %
2026/08/30 04:25:16.059, 0 MiB, 0 %
2026/08/30 04:25:18.059, 0 MiB, 0 %
2026/08/30 04:25:20.059, 0 MiB, 0 %
2026/08/30 04:25:22.060, 0 MiB, 0 %
2026/08/30 04:25:24.060, 0 MiB, 0 %
2026/08/30 04:25:26.060, 0 MiB, 0 %
2026/08/30 04:25:28.061, 0 MiB, 0 %
2026/08/30 04:25:30.061, 0 MiB, 0 %
2026/08/30 04:25:32.061, 0 MiB, 0 %
2026/08/30 04:25:34.062, 0 MiB, 0 %
2026/08/30 04:25:36.062, 0 MiB, 0 %
2026/08/30 04:25:38.062, 0 MiB, 0 %
2026/08/30 04:25:40.063, 0 MiB, 0 %
2026/08/30 04:25:42.063, 0 MiB, 0 %
2026/08/30 04:25:44.063, 0 MiB, 0 %
2026/08/30 04:25:46.064, 0 MiB, 0 %
2026/08/30 04:25:48.064, 0 MiB, 0 %
2026/08/30 04:25:50.064, 0 MiB, 0 %
2026/08/30 04:25:52.064, 0 MiB, 0 %
2026/08/30 04:25:54.065, 0 MiB, 0 %
2026/08/30 04:25:56.065, 0 MiB, 0 %
2026/08/30 04:25:58.065, 0 MiB, 0 %
2026/08/30 04:26:00.066, 0 MiB, 0 %
2026/08/30 04:26:02.066, 0 MiB, 0 %
2026/08/30 04:26:04.066, 0 MiB, 0 %
2026/08/30 04:26:06.067, 0 MiB, 0 %
2026/08/30 04:26:08.067, 0 MiB, 0 %
2026/08/30 04:26:10.068, 0 MiB, 0 %
2026/08/30 04:26:12.068, 0 MiB, 0 %
2026/08/30 04:26:14.068, 0 MiB, 0 %
2026/08/30 04:26:16.068, 0 MiB, 0 %
2026/08/30 04:26:18.069, 0 MiB, 0 %
2026/08/30 04:26:20.069, 0 MiB, 0 %
2026/08/30 04:26:22.069, 0 MiB, 0 %
2026/08/30 04:26:24.070, 0 MiB, 0 %
2026/08/30 04:26:26.070, 0 MiB, 0 %
2026/08/30 04:26:28.070, 0 MiB, 0 %
2026/08/30 04:26:30.071, 0 MiB, 0 %
2026/08/30 04:26:32.071, 0 MiB, 0 %
2026/08/30 04:26:34.071, 0 MiB, 0 %
2026/08/30 04:26:36.072, 0 MiB, 0 %
2026/08/30 04:26:38.072, 0 MiB, 0 %
2026/08/30 04:26:40.072, 0 MiB, 0 %
2026/08/30 04:26:42.073, 0 MiB, 0 %
2026/08/30 04:26:44.073, 0 MiB, 0 %
2026/08/30 04:26:46.073, 0 MiB, 0 %
2026/08/30 04:26:48.074, 0 MiB, 0 %
2026/08/30 04:26:50.074, 0 MiB, 0 %
2026/08/30 04:26:52.074, 0 MiB, 0 %
2026/08/30 04:26:54.075, 0 MiB, 0 %
2026/08/30 04:26:56.075, 0 MiB, 0 %
2026/08/30 04:26:58.075, 0 MiB, 0 %
2026/08/30 04:27:00.076, 0 MiB, 0 %
2026/08/30 04:27:02.076, 0 MiB, 0 %
2026/08/30 04:27:04.076, 0 MiB, 0 %
2026/08/30 04:27:06.077, 0 MiB, 0 %
2026/08/30 04:27:08.077, 0 MiB, 0 %
2026/08/30 04:27:10.077, 0 MiB, 0 %
2026/08/30 04:27:12.078, 0 MiB, 0 %
2026/08/30 04:27:14.078, 0 MiB, 0 %
2026/08/30 04:27:16.078, 0 MiB, 0 %
2026/08/30 04:27:18.079, 0 MiB, 0 %
2026/08/30 04:27:20.079, 0 MiB, 0 %
2026/08/30 04:27:22.079, 0 MiB, 0 %
2026/08/30 04:27:24.080, 0 MiB, 0 %
2026/08/30 04:27:26.080, 0 MiB, 0 %
2026/08/30 04:27:28.080, 0 MiB, 0 %
2026/08/30 04:27:30.081, 0 MiB, 0 %
2026/08/30 04:27:32.081, 0 MiB, 0 %
2026/08/30 04:27:34.081, 0 MiB, 0 %
2026/08/30 04:27:36.081, 0 MiB, 0 %
2026/08/30 04:27:38.082, 0 MiB, 0 %
2026/08/30 04:27:40.082, 0 MiB, 0 %
2026/08/30 04:27:42.082, 0 MiB, 0 %
2026/08/30 04:27:44.083, 0 MiB, 0 %
2026/08/30 04:27:46.083, 0 MiB, 0 %
2026/08/30 04:27:48.083, 0 MiB, 0 %
2026/08/30 04:27:50.084, 0 MiB, 0 %
2026/08/30 04:27:52.084, 0 MiB, 0 %
2026/08/30 04:27:54.084, 0 MiB, 0 %
2026/08/30 04:27:56.085, 0 MiB, 0 %
2026/08/30 04:27:58.085, 0 MiB, 0 %
2026/08/30 04:28:00.085, 0 MiB, 0 %
2026/08/30 04:28:02.085, 0 MiB, 0 %
2026/08/30 04:28:04.086, 0 MiB, 0 %
2026/08/30 04:28:06.086, 0 MiB, 0 %
2026/08/30 04:28:08.087, 0 MiB, 0 %
2026/08/30 04:28:10.087, 0 MiB, 0 %
2026/08/30 04:28:12.087, 0 MiB, 0 %
2026/08/30 04:28:14.088, 0 MiB, 0 %
2026/08/30 04:28:16.088, 0 MiB, 0 %
2026/08/30 04:28:18.088, 0 MiB, 0 %
2026/08/30 04:28:20.088, 0 MiB, 0 %
2026/08/30 04:28:22.089, 0 MiB, 0 %
2026/08/30 04:28:24.089, 0 MiB, 0 %
2026/08/30 04:28:26.089, 0 MiB, 0 %
2026/08/30 04:28:28.090, 0 MiB, 0 %
2026/08/30 04:28:30.090, 0 MiB, 0 %
2026/08/30 04:28:32.090, 0 MiB, 0 %
2026/08/30 04:28:34.091, 0 MiB, 0 %
2026/08/30 04:28:36.091, 0 MiB, 0 %
2026/08/30 04:28:38.091, 0 MiB, 0 %
2026/08/30 04:28:40.092, 0 MiB, 0 %
2026/08/30 04:28:42.092, 0 MiB, 0 %
2026/08/30 04:28:44.092, 0 MiB, 0 %
2026/08/30 04:28:46.093, 0 MiB, 0 %
2026/08/30 04:28:48.093, 0 MiB, 0 %
2026/08/30 04:28:50.093, 0 MiB, 0 %
2026/08/30 04:28:52.094, 0 MiB, 0 %
2026/08/30 04:28:54.094, 0 MiB, 0 %
2026/08/30 04:28:56.094, 0 MiB, 0 %
2026/08/30 04:28:58.094, 0 MiB, 0 %
2026/08/30 04:29:00.095, 0 MiB, 0 %
2026/08/30 04:29:02.095, 0 MiB, 0 %
2026/08/30 04:29:04.095, 0 MiB, 0 %
2026/08/30 04:29:06.096, 0 MiB, 0 %
2026/08/30 04:29:08.096, 0 MiB, 0 %
2026/08/30 04:29:10.096, 0 MiB, 0 %
2026/08/30 04:29:12.097, 0 MiB, 0 %
2026/08/30 04:29:14.097, 0 MiB, 0 %
2026/08/30 04:29:16.097, 0 MiB, 0 %
2026/08/30 04:29:18.098, 0 MiB, 0 %
2026/08/30 04:29:20.098, 0 MiB, 0 %
2026/08/30 04:29:22.098, 0 MiB, 0 %
2026/08/30 04:29:24.099, 0 MiB, 0 %
2026/08/30 04:29:26.099, 0 MiB, 0 %
2026/08/30 04:29:28.099, 0 MiB, 0 %
2026/08/30 04:29:30.100, 0 MiB, 0 %
2026/08/30 04:29:32.100, 0 MiB, 0 %
2026/08/30 04:29:34.100, 0 MiB, 0 %
2026/08/30 04:29:36.101, 0 MiB, 0 %
2026/08/30 04:29:38.101, 0 MiB, 0 %
2026/08/30 04:29:40.101, 0 MiB, 0 %
2026/08/30 04:29:42.101, 0 MiB, 0 %
2026/08/30 04:29:44.102, 0 MiB, 0 %
2026/08/30 04:29:46.102, 0 MiB, 0 %
2026/08/30 04:29:48.102, 0 MiB, 0 %
2026/08/30 04:29:50.103, 0 MiB, 0 %
2026/08/30 04:29:52.103, 0 MiB, 0 %
2026/08/30 04:29:54.103, 0 MiB, 0 %
2026/08/30 04:29:56.104, 0 MiB, 0 %
2026/08/30 04:29:58.104, 0 MiB, 0 %
2026/08/30 04:30:00.104, 0 MiB, 0 %
2026/08/30 04:30:02.105, 0 MiB, 0 %
2026/08/30 04:30:04.105, 0 MiB, 0 %
2026/08/30 04:30:06.105, 0 MiB, 0 %
2026/08/30 04:30:08.106, 0 MiB, 0 %
2026/08/30 04:30:10.106, 0 MiB, 0 %
2026/08/30 04:30:12.106, 0 MiB, 0 %
2026/08/30 04:30:14.107, 0 MiB, 0 %
2026/08/30 04:30:16.107, 0 MiB, 0 %
2026/08/30 04:30:18.107, 0 MiB, 0 %
2026/08/30 04:30:20.108, 0 MiB, 0 %
2026/08/30 04:30:22.108, 0 MiB, 0 %
2026/08/30 04:30:24.108, 0 MiB, 0 %
2026/08/30 04:30:26.108, 0 MiB, 0 %
2026/08/30 04:30:28.109, 0 MiB, 0 %
2026/08/30 04:30:30.109, 0 MiB, 0 %
2026/08/30 04:30:32.109, 0 MiB, 0 %
2026/08/30 04:30:34.110, 0 MiB, 0 %
2026/08/30 04:30:36.110, 0 MiB, 0 %
2026/08/30 04:30:38.111, 0 MiB, 0 %
2026/08/30 04:30:40.111, 0 MiB, 0 %
2026/08/30 04:30:42.111, 0 MiB, 0 %
2026/08/30 04:30:44.112, 0 MiB, 0 %
2026/08/30 04:30:46.112, 0 MiB, 0 %
2026/08/30 04:30:48.112, 0 MiB, 0 %
2026/08/30 04:30:50.112, 0 MiB, 0 %
2026/08/30 04:30:52.113, 0 MiB, 0 %
2026/08/30 04:30:54.113, 0 MiB, 0 %
2026/08/30 04:30:56.113, 0 MiB, 0 %
2026/08/30 04:30:58.114, 0 MiB, 0 %
2026/08/30 04:31:00.114, 0 MiB, 0 %
2026/08/30 04:31:02.114, 0 MiB, 0 %
2026/08/30 04:31:04.115, 0 MiB, 0 %
2026/08/30 04:31:06.115, 0 MiB, 0 %
2026/08/30 04:31:08.115, 0 MiB, 0 %
2026/08/30 04:31:10.116, 0 MiB, 0 %
2026/08/30 04:31:12.116, 0 MiB, 0 %
2026/08/30 04:31:14.117, 0 MiB, 0 %
2026/08/30 04:31:16.117, 0 MiB, 0 %
2026/08/30 04:31:18.117, 0 MiB, 0 %
2026/08/30 04:31:20.118, 0 MiB, 0 %
2026/08/30 04:31:22.118, 0 MiB, 0 %
2026/08/30 04:31:24.119, 0 MiB, 0 %
2026/08/30 04:31:26.119, 0 MiB, 0 %
2026/08/30 04:31:28.119, 0 MiB, 0 %
2026/08/30 04:31:30.120, 0 MiB, 0 %
2026/08/30 04:31:32.120, 0 MiB, 0 %
2026/08/30 04:31:34.120, 0 MiB, 0 %
2026/08/30 04:31:36.121, 0 MiB, 0 %
2026/08/30 04:31:38.121, 0 MiB, 0 %
2026/08/30 04:31:40.121, 0 MiB, 0 %
2026/08/30 04:31:42.121, 0 MiB, 0 %
2026/08/30 04:31:44.122, 0 MiB, 0 %
2026/08/30 04:31:46.122, 0 MiB, 0 %
2026/08/30 04:31:48.122, 0 MiB, 0 %
2026/08/30 04:31:50.123, 0 MiB, 0 %
2026/08/30 04:31:52.123, 0 MiB, 0 %
2026/08/30 04:31:54.123, 0 MiB, 0 %
2026/08/30 04:31:56.124, 0 MiB, 0 %
2026/08/30 04:31:58.124, 0 MiB, 0 %
2026/08/30 04:32:00.124, 0 MiB, 0 %
2026/08/30 04:32:02.124, 0 MiB, 0 %
2026/08/30 04:32:04.125, 0 MiB, 0 %
2026/08/30 04:32:06.125, 0 MiB, 0 %
2026/08/30 04:32:08.125, 0 MiB, 0 %
2026/08/30 04:32:10.126, 0 MiB, 0 %
2026/08/30 04:32:12.126, 0 MiB, 0 %
2026/08/30 04:32:14.126, 0 MiB, 0 %
2026/08/30 04:32:16.127, 0 MiB, 0 %
2026/08/30 04:32:18.127, 0 MiB, 0 %
2026/08/30 04:32:20.127, 0 MiB, 0 %
2026/08/30 04:32:22.128, 0 MiB, 0 %
2026/08/30 04:32:24.128, 0 MiB, 0 %
2026/08/30 04:32:26.128, 0 MiB, 0 %
2026/08/30 04:32:28.129, 0 MiB, 0 %
2026/08/30 04:32:30.129, 0 MiB, 0 %
2026/08/30 04:32:32.129, 0 MiB, 0 %
2026/08/30 04:32:34.129, 0 MiB, 0 %
2026/08/30 04:32:36.130, 0 MiB, 0 %
2026/08/30 04:32:38.130, 0 MiB, 0 %
2026/08/30 04:32:40.130, 0 MiB, 0 %
2026/08/30 04:32:42.131, 0 MiB, 0 %
2026/08/30 04:32:44.131, 0 MiB, 0 %
2026/08/30 04:32:46.131, 0 MiB, 0 %
2026/08/30 04:32:48.132, 0 MiB, 0 %
2026/08/30 04:32:50.132, 0 MiB, 0 %
2026/08/30 04:32:52.132, 0 MiB, 0 %
2026/08/30 04:32:54.132, 0 MiB, 0 %
2026/08/30 04:32:56.133, 0 MiB, 0 %
2026/08/30 04:32:58.133, 0 MiB, 0 %
2026/08/30 04:33:00.133, 0 MiB, 0 %
2026/08/30 04:33:02.134, 0 MiB, 0 %
2026/08/30 04:33:04.134, 0 MiB, 0 %
2026/08/30 04:33:06.134, 0 MiB, 0 %
2026/08/30 04:33:08.135, 0 MiB, 0 %
2026/08/30 04:33:10.135, 0 MiB, 0 %
2026/08/30 04:33:12.135, 0 MiB, 0 %
2026/08/30 04:33:14.136, 0 MiB, 0 %
2026/08/30 04:33:16.136, 0 MiB, 0 %
2026/08/30 04:33:18.136, 0 MiB, 0 %
2026/08/30 04:33:20.136, 0 MiB, 0 %
2026/08/30 04:33:22.137, 0 MiB, 0 %
2026/08/30 04:33:24.137, 0 MiB, 0 %
2026/08/30 04:33:26.137, 0 MiB, 0 %
2026/08/30 04:33:28.138, 0 MiB, 0 %
2026/08/30 04:33:30.138, 0 MiB, 0 %
2026/08/30 04:33:32.138, 0 MiB, 0 %
2026/08/30 04:33:34.139, 0 MiB, 0 %
2026/08/30 04:33:36.139, 0 MiB, 0 %
2026/08/30 04:33:38.139, 0 MiB, 0 %
2026/08/30 04:33:40.140, 0 MiB, 0 %
2026/08/30 04:33:42.140, 0 MiB, 0 %
2026/08/30 04:33:44.140, 0 MiB, 0 %
2026/08/30 04:33:46.141, 0 MiB, 0 %
2026/08/30 04:33:48.141, 0 MiB, 0 %
2026/08/30 04:33:50.141, 0 MiB, 0 %
2026/08/30 04:33:52.142, 0 MiB, 0 %
2026/08/30 04:33:54.142, 0 MiB, 0 %
2026/08/30 04:33:56.142, 0 MiB, 0 %
2026/08/30 04:33:58.143, 0 MiB, 0 %
2026/08/30 04:34:00.143, 0 MiB, 0 %
2026/08/30 04:34:02.143, 0 MiB, 0 %
2026/08/30 04:34:04.144, 0 MiB, 0 %
2026/08/30 04:34:06.144, 0 MiB, 0 %
2026/08/30 04:34:08.144, 0 MiB, 0 %
2026/08/30 04:34:10.144, 0 MiB, 0 %
2026/08/30 04:34:12.145, 0 MiB, 0 %
2026/08/30 04:34:14.145, 0 MiB, 0 %
2026/08/30 04:34:16.145, 0 MiB, 0 %
2026/08/30 04:34:18.146, 0 MiB, 0 %
2026/08/30 04:34:20.146, 0 MiB, 0 %
2026/08/30 04:34:22.147, 0 MiB, 0 %
2026/08/30 04:34:24.147, 0 MiB, 0 %
2026/08/30 04:34:26.147, 0 MiB, 0 %
2026/08/30 04:34:28.147, 0 MiB, 0 %
2026/08/30 04:34:30.148, 0 MiB, 0 %
2026/08/30 04:34:32.148, 0 MiB, 0 %
2026/08/30 04:34:34.148, 0 MiB, 0 %
2026/08/30 04:34:36.149, 0 MiB, 0 %
2026/08/30 04:34:38.149, 0 MiB, 0 %
2026/08/30 04:34:40.149, 0 MiB, 0 %
2026/08/30 04:34:42.150, 0 MiB, 0 %
2026/08/30 04:34:44.150, 0 MiB, 0 %
2026/08/30 04:34:46.150, 0 MiB, 0 %
2026/08/30 04:34:48.151, 0 MiB, 0 %
2026/08/30 04:34:50.151, 0 MiB, 0 %
2026/08/30 04:34:52.151, 0 MiB, 0 %
2026/08/30 04:34:54.152, 0 MiB, 0 %
2026/08/30 04:34:56.152, 0 MiB, 0 %
2026/08/30 04:34:58.152, 0 MiB, 0 %
2026/08/30 04:35:00.153, 0 MiB, 0 %
2026/08/30 04:35:02.153, 0 MiB, 0 %
2026/08/30 04:35:04.153, 0 MiB, 0 %
2026/08/30 04:35:06.154, 0 MiB, 0 %
2026/08/30 04:35:08.154, 0 MiB, 0 %
2026/08/30 04:35:10.154, 0 MiB, 0 %
2026/08/30 04:35:12.155, 0 MiB, 0 %
2026/08/30 04:35:14.155, 0 MiB, 0 %
2026/08/30 04:35:16.155, 0 MiB, 0 %
2026/08/30 04:35:18.156, 0 MiB, 0 %
2026/08/30 04:35:20.156, 0 MiB, 0 %
2026/08/30 04:35:22.156, 0 MiB, 0 %
2026/08/30 04:35:24.157, 0 MiB, 0 %
2026/08/30 04:35:26.157, 0 MiB, 0 %
2026/08/30 04:35:28.157, 0 MiB, 0 %
2026/08/30 04:35:30.157, 0 MiB, 0 %
2026/08/30 04:35:32.158, 0 MiB, 0 %
2026/08/30 04:35:34.158, 0 MiB, 0 %
2026/08/30 04:35:36.158, 0 MiB, 0 %
2026/08/30 04:35:38.159, 0 MiB, 0 %
2026/08/30 04:35:40.159, 0 MiB, 0 %
2026/08/30 04:35:42.160, 0 MiB, 0 %
2026/08/30 04:35:44.160, 0 MiB, 0 %
2026/08/30 04:35:46.160, 0 MiB, 0 %
2026/08/30 04:35:48.161, 0 MiB, 0 %
2026/08/30 04:35:50.161, 0 MiB, 0 %
2026/08/30 04:35:52.161, 0 MiB, 0 %
2026/08/30 04:35:54.161, 0 MiB, 0 %
2026/08/30 04:35:56.162, 0 MiB, 0 %
2026/08/30 04:35:58.162, 0 MiB, 0 %
2026/08/30 04:36:00.162, 0 MiB, 0 %
2026/08/30 04:36:02.163, 0 MiB, 0 %
2026/08/30 04:36:04.163, 0 MiB, 0 %
2026/08/30 04:36:06.163, 0 MiB, 0 %
2026/08/30 04:36:08.164, 0 MiB, 0 %
2026/08/30 04:36:10.164, 0 MiB, 0 %
2026/08/30 04:36:12.164, 0 MiB, 0 %
2026/08/30 04:36:14.165, 0 MiB, 0 %
2026/08/30 04:36:16.165, 0 MiB, 0 %
2026/08/30 04:36:18.165, 0 MiB, 0 %
2026/08/30 04:36:20.165, 0 MiB, 0 %
2026/08/30 04:36:22.166, 0 MiB, 0 %
2026/08/30 04:36:24.166, 0 MiB, 0 %
2026/08/30 04:36:26.166, 0 MiB, 0 %
2026/08/30 04:36:28.167, 0 MiB, 0 %
2026/08/30 04:36:30.167, 0 MiB, 0 %
2026/08/30 04:36:32.167, 0 MiB, 0 %
2026/08/30 04:36:34.168, 0 MiB, 0 %
2026/08/30 04:36:36.168, 0 MiB, 0 %
2026/08/30 04:36:38.168, 0 MiB, 0 %
2026/08/30 04:36:40.168, 0 MiB, 0 %
2026/08/30 04:36:42.169, 0 MiB, 0 %
2026/08/30 04:36:44.169, 0 MiB, 0 %
2026/08/30 04:36:46.169, 0 MiB, 0 %
2026/08/30 04:36:48.170, 0 MiB, 0 %
2026/08/30 04:36:50.170, 0 MiB, 0 %
2026/08/30 04:36:52.170, 0 MiB, 0 %
2026/08/30 04:36:54.171, 0 MiB, 0 %
2026/08/30 04:36:56.171, 0 MiB, 0 %
2026/08/30 04:36:58.171, 0 MiB, 0 %
2026/08/30 04:37:00.172, 0 MiB, 0 %
2026/08/30 04:37:02.172, 0 MiB, 0 %
2026/08/30 04:37:04.172, 0 MiB, 0 %
2026/08/30 04:37:06.173, 0 MiB, 0 %
2026/08/30 04:37:08.173, 0 MiB, 0 %
2026/08/30 04:37:10.173, 0 MiB, 0 %
2026/08/30 04:37:12.174, 0 MiB, 0 %
2026/08/30 04:37:14.175, 0 MiB, 0 %
2026/08/30 04:37:16.175, 0 MiB, 0 %
2026/08/30 04:37:18.175, 0 MiB, 0 %
2026/08/30 04:37:20.176, 0 MiB, 0 %
2026/08/30 04:37:22.176, 0 MiB, 0 %
2026/08/30 04:37:24.176, 0 MiB, 0 %
2026/08/30 04:37:26.177, 0 MiB, 0 %
2026/08/30 04:37:28.177, 0 MiB, 0 %
2026/08/30 04:37:30.177, 0 MiB, 0 %
2026/08/30 04:37:32.178, 0 MiB, 0 %
2026/08/30 04:37:34.178, 0 MiB, 0 %
2026/08/30 04:37:36.178, 0 MiB, 0 %
2026/08/30 04:37:38.179, 0 MiB, 0 %
2026/08/30 04:37:40.179, 0 MiB, 0 %
2026/08/30 04:37:42.179, 0 MiB, 0 %
2026/08/30 04:37:44.179, 0 MiB, 0 %
2026/08/30 04:37:46.180, 0 MiB, 0 %
2026/08/30 04:37:48.180, 0 MiB, 0 %
2026/08/30 04:37:50.180, 0 MiB, 0 %
2026/08/30 04:37:52.181, 0 MiB, 0 %
2026/08/30 04:37:54.181, 0 MiB, 0 %
2026/08/30 04:37:56.181, 0 MiB, 0 %
2026/08/30 04:37:58.182, 0 MiB, 0 %
2026/08/30 04:38:00.182, 0 MiB, 0 %
2026/08/30 04:38:02.182, 0 MiB, 0 %
2026/08/30 04:38:04.183, 0 MiB, 0 %
2026/08/30 04:38:06.183, 0 MiB, 0 %
2026/08/30 04:38:08.183, 0 MiB, 0 %
2026/08/30 04:38:10.184, 0 MiB, 0 %
2026/08/30 04:38:12.184, 0 MiB, 0 %
2026/08/30 04:38:14.184, 0 MiB, 0 %
2026/08/30 04:38:16.185, 0 MiB, 0 %
2026/08/30 04:38:18.185, 0 MiB, 0 %
2026/08/30 04:38:20.185, 0 MiB, 0 %
2026/08/30 04:38:22.186, 0 MiB, 0 %
2026/08/30 04:38:24.186, 0 MiB, 0 %
2026/08/30 04:38:26.186, 0 MiB, 0 %
2026/08/30 04:38:28.187, 0 MiB, 0 %
2026/08/30 04:38:30.187, 0 MiB, 0 %
2026/08/30 04:38:32.187, 0 MiB, 0 %
2026/08/30 04:38:34.187, 0 MiB, 0 %
2026/08/30 04:38:36.188, 0 MiB, 0 %
2026/08/30 04:38:38.188, 0 MiB, 0 %
2026/08/30 04:38:40.188, 0 MiB, 0 %
2026/08/30 04:38:42.189, 0 MiB, 0 %
2026/08/30 04:38:44.189, 0 MiB, 0 %
2026/08/30 04:38:46.189, 0 MiB, 0 %
2026/08/30 04:38:48.190, 0 MiB, 0 %
2026/08/30 04:38:50.190, 0 MiB, 0 %
2026/08/30 04:38:52.190, 0 MiB, 0 %
2026/08/30 04:38:54.191, 0 MiB, 0 %
2026/08/30 04:38:56.191, 0 MiB, 0 %
2026/08/30 04:38:58.191, 0 MiB, 0 %
2026/08/30 04:39:00.191, 0 MiB, 0 %
2026/08/30 04:39:02.192, 0 MiB, 0 %
2026/08/30 04:39:04.192, 0 MiB, 0 %
2026/08/30 04:39:06.192, 0 MiB, 0 %
2026/08/30 04:39:08.193, 0 MiB, 0 %
2026/08/30 04:39:10.193, 0 MiB, 0 %
2026/08/30 04:39:12.193, 0 MiB, 0 %
2026/08/30 04:39:14.194, 0 MiB, 0 %
2026/08/30 04:39:16.194, 0 MiB, 0 %
2026/08/30 04:39:18.194, 0 MiB, 0 %
2026/08/30 04:39:20.194, 0 MiB, 0 %
2026/08/30 04:39:22.195, 0 MiB, 0 %
2026/08/30 04:39:24.195, 0 MiB, 0 %
2026/08/30 04:39:26.195, 0 MiB, 0 %
2026/08/30 04:39:28.196, 0 MiB, 0 %
2026/08/30 04:39:30.196, 0 MiB, 0 %
2026/08/30 04:39:32.196, 0 MiB, 0 %
2026/08/30 04:39:34.197, 0 MiB, 0 %
2026/08/30 04:39:36.197, 0 MiB, 0 %
2026/08/30 04:39:38.197, 0 MiB, 0 %
2026/08/30 04:39:40.197, 0 MiB, 0 %
2026/08/30 04:39:42.198, 0 MiB, 0 %
2026/08/30 04:39:44.198, 0 MiB, 0 %
2026/08/30 04:39:46.198, 0 MiB, 0 %
2026/08/30 04:39:48.199, 0 MiB, 0 %
2026/08/30 04:39:50.199, 0 MiB, 0 %
2026/08/30 04:39:52.199, 0 MiB, 0 %
2026/08/30 04:39:54.200, 0 MiB, 0 %
2026/08/30 04:39:56.200, 0 MiB, 0 %
