timestamp, memory.used [MiB], utilization.gpu [%]
2026/08/30 06:27:21.321, 0 MiB, 0 %
2026/08/30 06:27:23.326, 0 MiB, 0 %
2026/08/30 06:27:25.345, 267 MiB, 0 %
2026/08/30 06:27:27.345, 267 MiB, 0 %
2026/08/30 06:27:29.346, 835 MiB, 0 %
2026/08/30 06:27:31.346, 14659 MiB, 5 %
2026/08/30 06:27:33.346, 14661 MiB, 100 %
2026/08/30 06:27:35.347, 14661 MiB, 63 %
2026/08/30 06:27:37.347, 14661 MiB, 99 %
2026/08/30 06:27:39.347, 14661 MiB, 100 %
2026/08/30 06:27:41.348, 14661 MiB, 100 %
2026/08/30 06:27:43.348, 14661 MiB, 98 %
2026/08/30 06:27:45.349, 14661 MiB, 100 %
2026/08/30 06:27:47.349, 14661 MiB, 100 %
2026/08/30 06:27:49.349, 14661 MiB, 100 %
2026/08/30 06:27:51.350, 14661 MiB, 52 %
2026/08/30 06:27:53.350, 14661 MiB, 100 %
2026/08/30 06:27:55.350, 14661 MiB, 100 %
2026/08/30 06:27:57.351, 14661 MiB, 100 %
2026/08/30 06:27:59.352, 14661 MiB, 98 %
2026/08/30 06:28:01.352, 14661 MiB, 94 %
2026/08/30 06:28:03.353, 14661 MiB, 100 %
2026/08/30 06:28:05.353, 14661 MiB, 100 %
2026/08/30 06:28:07.353, 14661 MiB, 73 %
2026/08/30 06:28:09.354, 14661 MiB, 98 %
2026/08/30 06:28:11.354, 14661 MiB, 100 %
2026/08/30 06:28:13.354, 14661 MiB, 100 %
2026/08/30 06:28:15.355, 14661 MiB, 100 %
2026/08/30 06:28:17.355, 14661 MiB, 53 %
2026/08/30 06:28:19.356, 14661 MiB, 100 %
2026/08/30 06:28:21.356, 14661 MiB, 100 %
2026/08/30 06:28:23.356, 14661 MiB, 100 %
2026/08/30 06:28:25.357, 14661 MiB, 100 %
2026/08/30 06:28:27.357, 14661 MiB, 64 %
2026/08/30 06:28:29.357, 14661 MiB, 100 %
2026/08/30 06:28:31.358, 14661 MiB, 100 %
2026/08/30 06:28:33.358, 14661 MiB, 100 %
2026/08/30 06:28:35.359, 14661 MiB, 100 %
2026/08/30 06:28:37.359, 14661 MiB, 77 %
2026/08/30 06:28:39.359, 14661 MiB, 100 %
2026/08/30 06:28:41.360, 14661 MiB, 100 %
2026/08/30 06:28:43.360, 14661 MiB, 100 %
2026/08/30 06:28:45.360, 14661 MiB, 98 %
2026/08/30 06:28:47.361, 14661 MiB, 87 %
2026/08/30 06:28:49.361, 14661 MiB, 100 %
2026/08/30 06:28:51.361, 14661 MiB, 100 %
2026/08/30 06:28:53.362, 14661 MiB, 100 %
2026/08/30 06:28:55.362, 14661 MiB, 98 %
2026/08/30 06:28:57.363, 14661 MiB, 84 %
2026/08/30 06:28:59.363, 14661 MiB, 100 %
2026/08/30 06:29:01.363, 14661 MiB, 100 %
2026/08/30 06:29:03.364, 14661 MiB, 100 %
2026/08/30 06:29:05.364, 14661 MiB, 100 %
2026/08/30 06:29:07.364, 14661 MiB, 80 %
2026/08/30 06:29:09.365, 14661 MiB, 100 %
2026/08/30 06:29:11.365, 14661 MiB, 100 %
2026/08/30 06:29:13.365, 14661 MiB, 100 %
2026/08/30 06:29:15.366, 14661 MiB, 100 %
2026/08/30 06:29:17.366, 14661 MiB, 76 %
2026/08/30 06:29:19.366, 14661 MiB, 100 %
2026/08/30 06:29:21.367, 14661 MiB, 100 %
2026/08/30 06:29:23.367, 14661 MiB, 100 %
2026/08/30 06:29:25.367, 14661 MiB, 100 %
2026/08/30 06:29:27.368, 14661 MiB, 67 %
2026/08/30 06:29:29.368, 14661 MiB, 100 %
2026/08/30 06:29:31.369, 14661 MiB, 100 %
2026/08/30 06:29:33.369, 14661 MiB, 100 %
2026/08/30 06:29:35.369, 14661 MiB, 100 %
2026/08/30 06:29:37.370, 14661 MiB, 56 %
2026/08/30 06:29:39.370, 14661 MiB, 100 %
2026/08/30 06:29:41.370, 14661 MiB, 100 %
2026/08/30 06:29:43.371, 14661 MiB, 100 %
2026/08/30 06:29:45.371, 14661 MiB, 100 %
2026/08/30 06:29:47.371, 14661 MiB, 55 %
2026/08/30 06:29:49.372, 14661 MiB, 98 %
2026/08/30 06:29:51.372, 14661 MiB, 100 %
2026/08/30 06:29:53.373, 14661 MiB, 99 %
2026/08/30 06:29:55.373, 14661 MiB, 98 %
2026/08/30 06:29:57.373, 14661 MiB, 86 %
2026/08/30 06:29:59.374, 14661 MiB, 100 %
2026/08/30 06:30:01.374, 14661 MiB, 100 %
2026/08/30 06:30:03.374, 14661 MiB, 100 %
2026/08/30 06:30:05.375, 14661 MiB, 100 %
2026/08/30 06:30:07.375, 14661 MiB, 53 %
2026/08/30 06:30:09.375, 14661 MiB, 100 %
2026/08/30 06:30:11.376, 14661 MiB, 100 %
2026/08/30 06:30:13.376, 14661 MiB, 100 %
2026/08/30 06:30:15.377, 14661 MiB, 100 %
2026/08/30 06:30:17.377, 14661 MiB, 65 %
2026/08/30 06:30:19.377, 14661 MiB, 98 %
2026/08/30 06:30:21.378, 14661 MiB, 100 %
2026/08/30 06:30:23.378, 14661 MiB, 100 %
2026/08/30 06:30:25.378, 14661 MiB, 100 %
2026/08/30 06:30:27.379, 14661 MiB, 100 %
2026/08/30 06:30:29.379, 14661 MiB, 100 %
2026/08/30 06:30:31.380, 14661 MiB, 53 %
2026/08/30 06:30:33.380, 14661 MiB, 98 %
2026/08/30 06:30:35.380, 14661 MiB, 100 %
2026/08/30 06:30:37.381, 14661 MiB, 100 %
2026/08/30 06:30:39.381, 14661 MiB, 100 %
2026/08/30 06:30:41.382, 14661 MiB, 86 %
2026/08/30 06:30:43.382, 14661 MiB, 98 %
2026/08/30 06:30:45.382, 14661 MiB, 84 %
2026/08/30 06:30:47.383, 14661 MiB, 100 %
2026/08/30 06:30:49.383, 14661 MiB, 100 %
2026/08/30 06:30:51.383, 14661 MiB, 100 %
2026/08/30 06:30:53.384, 14661 MiB, 100 %
2026/08/30 06:30:55.384, 14661 MiB, 53 %
2026/08/30 06:30:57.385, 14661 MiB, 98 %
2026/08/30 06:30:59.385, 14661 MiB, 100 %
2026/08/30 06:31:01.385, 14661 MiB, 100 %
2026/08/30 06:31:03.386, 14661 MiB, 100 %
2026/08/30 06:31:05.386, 14661 MiB, 100 %
2026/08/30 06:31:07.387, 14661 MiB, 100 %
2026/08/30 06:31:09.387, 14661 MiB, 64 %
2026/08/30 06:31:11.388, 14661 MiB, 100 %
2026/08/30 06:31:13.388, 14661 MiB, 100 %
2026/08/30 06:31:15.388, 14661 MiB, 100 %
2026/08/30 06:31:17.389, 14661 MiB, 100 %
2026/08/30 06:31:19.389, 14661 MiB, 54 %
2026/08/30 06:31:21.390, 14661 MiB, 98 %
2026/08/30 06:31:23.390, 14661 MiB, 100 %
2026/08/30 06:31:25.390, 14661 MiB, 100 %
2026/08/30 06:31:27.391, 14661 MiB, 100 %
2026/08/30 06:31:29.391, 14661 MiB, 90 %
2026/08/30 06:31:31.391, 14661 MiB, 98 %
2026/08/30 06:31:33.392, 14661 MiB, 90 %
2026/08/30 06:31:35.392, 14661 MiB, 100 %
2026/08/30 06:31:37.393, 14661 MiB, 100 %
2026/08/30 06:31:39.393, 14661 MiB, 100 %
2026/08/30 06:31:41.393, 14661 MiB, 100 %
2026/08/30 06:31:43.394, 14661 MiB, 53 %
2026/08/30 06:31:45.394, 14661 MiB, 98 %
2026/08/30 06:31:47.394, 14661 MiB, 100 %
2026/08/30 06:31:49.395, 14661 MiB, 100 %
2026/08/30 06:31:51.395, 14661 MiB, 100 %
2026/08/30 06:31:53.396, 14661 MiB, 75 %
2026/08/30 06:31:55.396, 14661 MiB, 99 %
2026/08/30 06:31:57.396, 14661 MiB, 100 %
2026/08/30 06:31:59.397, 14661 MiB, 100 %
2026/08/30 06:32:01.397, 14661 MiB, 100 %
2026/08/30 06:32:03.398, 14661 MiB, 100 %
2026/08/30 06:32:05.398, 14661 MiB, 100 %
2026/08/30 06:32:07.398, 14661 MiB, 66 %
2026/08/30 06:32:09.399, 14661 MiB, 100 %
2026/08/30 06:32:11.399, 14661 MiB, 100 %
2026/08/30 06:32:13.399, 14661 MiB, 100 %
2026/08/30 06:32:15.400, 14661 MiB, 100 %
2026/08/30 06:32:17.400, 14661 MiB, 54 %
2026/08/30 06:32:19.401, 14661 MiB, 98 %
2026/08/30 06:32:21.401, 14661 MiB, 18 %
2026/08/30 06:32:23.402, 14661 MiB, 98 %
2026/08/30 06:32:25.402, 14661 MiB, 100 %
2026/08/30 06:32:27.402, 14661 MiB, 100 %
2026/08/30 06:32:29.403, 14661 MiB, 100 %
2026/08/30 06:32:31.403, 14661 MiB, 83 %
2026/08/30 06:32:33.403, 14661 MiB, 99 %
2026/08/30 06:32:35.404, 14661 MiB, 97 %
2026/08/30 06:32:37.404, 14661 MiB, 100 %
2026/08/30 06:32:39.405, 14661 MiB, 100 %
2026/08/30 06:32:41.444, 14661 MiB, 100 %
2026/08/30 06:32:43.445, 14661 MiB, 100 %
2026/08/30 06:32:45.445, 14661 MiB, 62 %
2026/08/30 06:32:47.445, 14661 MiB, 100 %
2026/08/30 06:32:49.446, 14661 MiB, 100 %
2026/08/30 06:32:51.446, 14661 MiB, 100 %
2026/08/30 06:32:53.447, 14661 MiB, 100 %
2026/08/30 06:32:55.447, 14661 MiB, 54 %
2026/08/30 06:32:57.448, 14661 MiB, 98 %
2026/08/30 06:32:59.448, 14661 MiB, 100 %
2026/08/30 06:33:01.449, 14661 MiB, 100 %
2026/08/30 06:33:03.449, 14661 MiB, 100 %
2026/08/30 06:33:05.449, 14661 MiB, 90 %
2026/08/30 06:33:07.450, 14661 MiB, 98 %
2026/08/30 06:33:09.450, 14661 MiB, 92 %
2026/08/30 06:33:11.451, 14661 MiB, 100 %
2026/08/30 06:33:13.451, 14661 MiB, 100 %
2026/08/30 06:33:15.451, 14661 MiB, 100 %
2026/08/30 06:33:17.452, 14661 MiB, 100 %
2026/08/30 06:33:19.452, 14661 MiB, 67 %
2026/08/30 06:33:21.452, 14661 MiB, 100 %
2026/08/30 06:33:23.453, 14661 MiB, 100 %
2026/08/30 06:33:25.453, 14661 MiB, 100 %
2026/08/30 06:33:27.454, 14661 MiB, 100 %
2026/08/30 06:33:29.454, 14661 MiB, 54 %
2026/08/30 06:33:31.454, 14661 MiB, 98 %
2026/08/30 06:33:33.455, 14661 MiB, 100 %
2026/08/30 06:33:35.455, 14661 MiB, 100 %
2026/08/30 06:33:37.455, 14661 MiB, 100 %
2026/08/30 06:33:39.456, 14661 MiB, 82 %
2026/08/30 06:33:41.456, 14661 MiB, 98 %
2026/08/30 06:33:43.457, 14661 MiB, 100 %
2026/08/30 06:33:45.457, 14661 MiB, 100 %
2026/08/30 06:33:47.457, 14661 MiB, 100 %
2026/08/30 06:33:49.458, 14661 MiB, 100 %
2026/08/30 06:33:51.458, 14661 MiB, 100 %
2026/08/30 06:33:53.458, 14661 MiB, 63 %
2026/08/30 06:33:55.459, 14661 MiB, 100 %
2026/08/30 06:33:57.459, 14661 MiB, 100 %
2026/08/30 06:33:59.459, 14661 MiB, 100 %
2026/08/30 06:34:01.460, 14661 MiB, 100 %
2026/08/30 06:34:03.460, 14661 MiB, 59 %
2026/08/30 06:34:05.461, 14661 MiB, 98 %
2026/08/30 06:34:07.461, 14661 MiB, 100 %
2026/08/30 06:34:09.461, 14661 MiB, 100 %
2026/08/30 06:34:11.462, 14661 MiB, 100 %
2026/08/30 06:34:13.462, 14661 MiB, 100 %
2026/08/30 06:34:15.463, 14661 MiB, 98 %
2026/08/30 06:34:17.463, 14661 MiB, 71 %
2026/08/30 06:34:19.463, 14661 MiB, 100 %
2026/08/30 06:34:21.464, 14661 MiB, 100 %
2026/08/30 06:34:23.464, 14661 MiB, 100 %
2026/08/30 06:34:25.465, 14661 MiB, 98 %
2026/08/30 06:34:27.465, 14661 MiB, 100 %
2026/08/30 06:34:29.465, 14661 MiB, 100 %
2026/08/30 06:34:31.466, 14661 MiB, 100 %
2026/08/30 06:34:33.466, 14661 MiB, 100 %
2026/08/30 06:34:35.466, 14661 MiB, 100 %
2026/08/30 06:34:37.467, 14661 MiB, 62 %
2026/08/30 06:34:39.467, 14661 MiB, 100 %
2026/08/30 06:34:41.468, 14661 MiB, 100 %
2026/08/30 06:34:43.468, 14661 MiB, 100 %
2026/08/30 06:34:45.468, 14661 MiB, 100 %
2026/08/30 06:34:47.469, 14661 MiB, 53 %
2026/08/30 06:34:49.469, 14661 MiB, 98 %
2026/08/30 06:34:51.470, 14661 MiB, 100 %
2026/08/30 06:34:53.470, 14661 MiB, 100 %
2026/08/30 06:34:55.470, 14661 MiB, 100 %
2026/08/30 06:34:57.471, 14661 MiB, 91 %
2026/08/30 06:34:59.471, 14661 MiB, 99 %
2026/08/30 06:35:01.472, 14661 MiB, 96 %
2026/08/30 06:35:03.472, 14661 MiB, 100 %
2026/08/30 06:35:05.472, 14661 MiB, 100 %
2026/08/30 06:35:07.472, 14661 MiB, 100 %
2026/08/30 06:35:09.473, 14661 MiB, 97 %
2026/08/30 06:35:11.473, 14661 MiB, 76 %
2026/08/30 06:35:13.473, 14661 MiB, 100 %
2026/08/30 06:35:15.474, 14661 MiB, 100 %
2026/08/30 06:35:17.474, 14661 MiB, 100 %
2026/08/30 06:35:19.475, 14661 MiB, 100 %
2026/08/30 06:35:21.475, 14661 MiB, 54 %
2026/08/30 06:35:23.475, 14661 MiB, 100 %
2026/08/30 06:35:25.476, 14661 MiB, 100 %
2026/08/30 06:35:27.476, 14661 MiB, 100 %
2026/08/30 06:35:29.476, 14661 MiB, 100 %
2026/08/30 06:35:31.477, 14661 MiB, 62 %
2026/08/30 06:35:33.477, 14661 MiB, 99 %
2026/08/30 06:35:35.477, 14661 MiB, 100 %
2026/08/30 06:35:37.478, 14661 MiB, 100 %
2026/08/30 06:35:39.478, 14661 MiB, 100 %
2026/08/30 06:35:41.479, 14661 MiB, 92 %
2026/08/30 06:35:43.479, 14661 MiB, 99 %
2026/08/30 06:35:45.479, 14661 MiB, 93 %
2026/08/30 06:35:47.480, 14661 MiB, 100 %
2026/08/30 06:35:49.480, 14661 MiB, 100 %
2026/08/30 06:35:51.481, 14661 MiB, 100 %
2026/08/30 06:35:53.481, 14661 MiB, 100 %
2026/08/30 06:35:55.481, 14661 MiB, 63 %
2026/08/30 06:35:57.482, 14661 MiB, 100 %
2026/08/30 06:35:59.482, 14661 MiB, 100 %
2026/08/30 06:36:01.483, 14661 MiB, 100 %
2026/08/30 06:36:03.483, 14661 MiB, 100 %
2026/08/30 06:36:05.483, 14661 MiB, 51 %
2026/08/30 06:36:07.484, 14661 MiB, 98 %
2026/08/30 06:36:09.484, 14661 MiB, 100 %
2026/08/30 06:36:11.484, 14661 MiB, 100 %
2026/08/30 06:36:13.485, 14661 MiB, 100 %
2026/08/30 06:36:15.485, 14661 MiB, 99 %
2026/08/30 06:36:17.486, 14661 MiB, 98 %
2026/08/30 06:36:19.486, 14661 MiB, 70 %
2026/08/30 06:36:21.487, 14661 MiB, 100 %
2026/08/30 06:36:23.487, 14661 MiB, 100 %
2026/08/30 06:36:25.487, 14661 MiB, 100 %
2026/08/30 06:36:27.488, 14661 MiB, 100 %
2026/08/30 06:36:29.488, 14661 MiB, 56 %
2026/08/30 06:36:31.489, 14661 MiB, 98 %
2026/08/30 06:36:33.489, 14661 MiB, 100 %
2026/08/30 06:36:35.489, 14661 MiB, 100 %
2026/08/30 06:36:37.490, 14661 MiB, 100 %
2026/08/30 06:36:39.490, 14661 MiB, 82 %
2026/08/30 06:36:41.491, 14661 MiB, 98 %
2026/08/30 06:36:43.491, 14661 MiB, 93 %
2026/08/30 06:36:45.491, 14661 MiB, 100 %
2026/08/30 06:36:47.492, 14661 MiB, 100 %
2026/08/30 06:36:49.492, 14661 MiB, 100 %
2026/08/30 06:36:51.493, 14661 MiB, 100 %
2026/08/30 06:36:53.493, 14661 MiB, 60 %
2026/08/30 06:36:55.493, 14661 MiB, 100 %
2026/08/30 06:36:57.494, 14661 MiB, 100 %
2026/08/30 06:36:59.494, 14661 MiB, 100 %
2026/08/30 06:37:01.494, 14661 MiB, 100 %
2026/08/30 06:37:03.495, 14661 MiB, 50 %
2026/08/30 06:37:05.495, 14661 MiB, 98 %
2026/08/30 06:37:07.496, 14661 MiB, 100 %
2026/08/30 06:37:09.496, 14661 MiB, 100 %
2026/08/30 06:37:11.496, 14661 MiB, 100 %
2026/08/30 06:37:13.497, 14661 MiB, 96 %
2026/08/30 06:37:15.497, 14661 MiB, 98 %
2026/08/30 06:37:17.497, 14661 MiB, 82 %
2026/08/30 06:37:19.498, 14661 MiB, 100 %
2026/08/30 06:37:21.498, 14661 MiB, 100 %
2026/08/30 06:37:23.498, 14661 MiB, 100 %
2026/08/30 06:37:25.499, 14661 MiB, 100 %
2026/08/30 06:37:27.499, 14661 MiB, 51 %
2026/08/30 06:37:29.500, 14661 MiB, 99 %
2026/08/30 06:37:31.500, 14661 MiB, 100 %
2026/08/30 06:37:33.500, 14661 MiB, 100 %
2026/08/30 06:37:35.500, 14661 MiB, 100 %
2026/08/30 06:37:37.501, 14661 MiB, 74 %
2026/08/30 06:37:39.501, 14661 MiB, 99 %
2026/08/30 06:37:41.502, 14661 MiB, 100 %
2026/08/30 06:37:43.502, 14661 MiB, 100 %
2026/08/30 06:37:45.502, 14661 MiB, 100 %
2026/08/30 06:37:47.503, 14661 MiB, 100 %
2026/08/30 06:37:49.503, 14661 MiB, 100 %
2026/08/30 06:37:51.504, 14661 MiB, 61 %
2026/08/30 06:37:53.504, 14661 MiB, 100 %
2026/08/30 06:37:55.504, 14661 MiB, 100 %
2026/08/30 06:37:57.505, 14661 MiB, 100 %
2026/08/30 06:37:59.505, 14661 MiB, 100 %
2026/08/30 06:38:01.505, 14661 MiB, 57 %
2026/08/30 06:38:03.506, 14661 MiB, 98 %
2026/08/30 06:38:05.506, 14661 MiB, 100 %
2026/08/30 06:38:07.507, 14661 MiB, 100 %
2026/08/30 06:38:09.507, 14661 MiB, 100 %
2026/08/30 06:38:11.508, 14661 MiB, 100 %
2026/08/30 06:38:13.508, 14661 MiB, 100 %
2026/08/30 06:38:15.508, 14661 MiB, 66 %
2026/08/30 06:38:17.509, 14661 MiB, 100 %
2026/08/30 06:38:19.509, 14661 MiB, 100 %
2026/08/30 06:38:21.510, 14661 MiB, 100 %
2026/08/30 06:38:23.510, 14661 MiB, 100 %
2026/08/30 06:38:25.510, 14661 MiB, 51 %
2026/08/30 06:38:27.511, 14661 MiB, 99 %
2026/08/30 06:38:29.511, 14661 MiB, 100 %
2026/08/30 06:38:31.511, 14661 MiB, 100 %
2026/08/30 06:38:33.512, 14661 MiB, 100 %
2026/08/30 06:38:35.512, 14661 MiB, 80 %
2026/08/30 06:38:37.513, 14661 MiB, 99 %
2026/08/30 06:38:39.513, 14661 MiB, 100 %
2026/08/30 06:38:41.513, 14661 MiB, 100 %
2026/08/30 06:38:43.514, 14661 MiB, 100 %
2026/08/30 06:38:45.514, 14661 MiB, 100 %
2026/08/30 06:38:47.515, 14661 MiB, 100 %
2026/08/30 06:38:49.515, 14661 MiB, 70 %
2026/08/30 06:38:51.515, 14661 MiB, 100 %
2026/08/30 06:38:53.516, 14661 MiB, 100 %
2026/08/30 06:38:55.516, 14661 MiB, 100 %
2026/08/30 06:38:57.517, 14661 MiB, 100 %
2026/08/30 06:38:59.517, 14661 MiB, 100 %
2026/08/30 06:39:01.517, 14661 MiB, 100 %
2026/08/30 06:39:03.518, 14661 MiB, 100 %
2026/08/30 06:39:05.518, 14661 MiB, 91 %
2026/08/30 06:39:07.519, 14661 MiB, 99 %
2026/08/30 06:39:09.519, 14661 MiB, 89 %
2026/08/30 06:39:11.519, 14661 MiB, 100 %
2026/08/30 06:39:13.520, 14661 MiB, 100 %
2026/08/30 06:39:15.520, 14661 MiB, 100 %
2026/08/30 06:39:17.521, 14661 MiB, 100 %
2026/08/30 06:39:19.521, 14661 MiB, 63 %
2026/08/30 06:39:21.522, 14661 MiB, 100 %
2026/08/30 06:39:23.522, 14661 MiB, 100 %
2026/08/30 06:39:25.523, 14661 MiB, 100 %
2026/08/30 06:39:27.523, 14661 MiB, 100 %
2026/08/30 06:39:29.523, 14661 MiB, 48 %
2026/08/30 06:39:31.524, 14661 MiB, 98 %
2026/08/30 06:39:33.524, 14661 MiB, 100 %
2026/08/30 06:39:35.525, 14661 MiB, 100 %
2026/08/30 06:39:37.525, 14661 MiB, 100 %
2026/08/30 06:39:39.525, 14661 MiB, 83 %
2026/08/30 06:39:41.526, 14661 MiB, 98 %
2026/08/30 06:39:43.526, 14661 MiB, 100 %
2026/08/30 06:39:45.526, 14661 MiB, 100 %
2026/08/30 06:39:47.527, 14661 MiB, 100 %
2026/08/30 06:39:49.527, 14661 MiB, 100 %
2026/08/30 06:39:51.527, 14661 MiB, 100 %
2026/08/30 06:39:53.528, 14661 MiB, 64 %
2026/08/30 06:39:55.528, 14661 MiB, 100 %
2026/08/30 06:39:57.529, 14661 MiB, 100 %
2026/08/30 06:39:59.529, 14661 MiB, 100 %
2026/08/30 06:40:01.529, 14661 MiB, 100 %
2026/08/30 06:40:03.530, 14661 MiB, 52 %
2026/08/30 06:40:05.530, 14661 MiB, 98 %
2026/08/30 06:40:07.530, 14661 MiB, 100 %
2026/08/30 06:40:09.531, 14661 MiB, 100 %
2026/08/30 06:40:11.531, 14661 MiB, 100 %
2026/08/30 06:40:13.532, 14661 MiB, 90 %
2026/08/30 06:40:15.532, 14661 MiB, 98 %
2026/08/30 06:40:17.532, 14661 MiB, 90 %
2026/08/30 06:40:19.533, 14661 MiB, 100 %
2026/08/30 06:40:21.533, 14661 MiB, 100 %
2026/08/30 06:40:23.534, 14661 MiB, 0 %
2026/08/30 06:40:25.535, 14661 MiB, 100 %
2026/08/30 06:40:27.535, 14661 MiB, 100 %
2026/08/30 06:40:29.535, 14661 MiB, 100 %
2026/08/30 06:40:31.536, 14661 MiB, 51 %
2026/08/30 06:40:33.536, 14661 MiB, 100 %
2026/08/30 06:40:35.537, 14661 MiB, 100 %
2026/08/30 06:40:37.537, 14661 MiB, 100 %
2026/08/30 06:40:39.537, 14661 MiB, 100 %
2026/08/30 06:40:41.538, 14661 MiB, 52 %
2026/08/30 06:40:43.538, 14661 MiB, 98 %
2026/08/30 06:40:45.539, 14661 MiB, 100 %
2026/08/30 06:40:47.539, 14661 MiB, 100 %
2026/08/30 06:40:49.539, 14661 MiB, 100 %
2026/08/30 06:40:51.540, 14661 MiB, 64 %
2026/08/30 06:40:53.540, 14661 MiB, 98 %
2026/08/30 06:40:55.541, 14661 MiB, 100 %
2026/08/30 06:40:57.541, 14661 MiB, 100 %
2026/08/30 06:40:59.541, 14661 MiB, 100 %
2026/08/30 06:41:01.542, 14661 MiB, 78 %
2026/08/30 06:41:03.542, 14661 MiB, 99 %
2026/08/30 06:41:05.543, 14661 MiB, 100 %
2026/08/30 06:41:07.543, 14661 MiB, 100 %
2026/08/30 06:41:09.543, 14661 MiB, 100 %
2026/08/30 06:41:11.544, 14661 MiB, 92 %
2026/08/30 06:41:13.544, 14661 MiB, 99 %
2026/08/30 06:41:15.545, 14661 MiB, 98 %
2026/08/30 06:41:17.545, 14661 MiB, 100 %
2026/08/30 06:41:19.545, 14661 MiB, 100 %
2026/08/30 06:41:21.546, 14661 MiB, 99 %
2026/08/30 06:41:23.546, 14661 MiB, 99 %
2026/08/30 06:41:25.547, 14661 MiB, 86 %
2026/08/30 06:41:27.547, 14661 MiB, 100 %
2026/08/30 06:41:29.547, 14661 MiB, 100 %
2026/08/30 06:41:31.548, 14661 MiB, 100 %
2026/08/30 06:41:33.548, 14661 MiB, 100 %
2026/08/30 06:41:35.549, 14661 MiB, 76 %
2026/08/30 06:41:37.549, 14661 MiB, 100 %
2026/08/30 06:41:39.549, 14661 MiB, 100 %
2026/08/30 06:41:41.550, 14661 MiB, 100 %
2026/08/30 06:41:43.550, 14661 MiB, 100 %
2026/08/30 06:41:45.550, 14661 MiB, 71 %
2026/08/30 06:41:47.551, 14661 MiB, 100 %
2026/08/30 06:41:49.551, 14661 MiB, 100 %
2026/08/30 06:41:51.552, 14661 MiB, 100 %
2026/08/30 06:41:53.552, 14661 MiB, 100 %
2026/08/30 06:41:55.552, 14661 MiB, 58 %
2026/08/30 06:41:57.553, 14661 MiB, 100 %
2026/08/30 06:41:59.553, 14661 MiB, 100 %
2026/08/30 06:42:01.554, 14661 MiB, 100 %
2026/08/30 06:42:03.554, 14661 MiB, 100 %
2026/08/30 06:42:05.555, 14661 MiB, 51 %
2026/08/30 06:42:07.555, 14661 MiB, 100 %
2026/08/30 06:42:09.555, 14661 MiB, 100 %
2026/08/30 06:42:11.556, 14661 MiB, 100 %
2026/08/30 06:42:13.556, 14661 MiB, 100 %
2026/08/30 06:42:15.557, 14661 MiB, 53 %
2026/08/30 06:42:17.557, 14661 MiB, 98 %
2026/08/30 06:42:19.557, 14661 MiB, 100 %
2026/08/30 06:42:21.558, 14661 MiB, 100 %
2026/08/30 06:42:23.558, 14661 MiB, 100 %
2026/08/30 06:42:25.559, 14661 MiB, 52 %
2026/08/30 06:42:27.559, 14661 MiB, 98 %
2026/08/30 06:42:29.560, 14661 MiB, 100 %
2026/08/30 06:42:31.560, 14661 MiB, 100 %
2026/08/30 06:42:33.560, 14661 MiB, 100 %
2026/08/30 06:42:35.561, 14661 MiB, 64 %
2026/08/30 06:42:37.561, 14661 MiB, 98 %
2026/08/30 06:42:39.561, 14661 MiB, 100 %
2026/08/30 06:42:41.562, 14661 MiB, 100 %
2026/08/30 06:42:43.562, 14661 MiB, 100 %
2026/08/30 06:42:45.562, 14661 MiB, 66 %
2026/08/30 06:42:47.563, 14661 MiB, 98 %
2026/08/30 06:42:49.563, 14661 MiB, 100 %
2026/08/30 06:42:51.564, 14661 MiB, 100 %
2026/08/30 06:42:53.564, 14661 MiB, 100 %
2026/08/30 06:42:55.564, 14661 MiB, 59 %
2026/08/30 06:42:57.565, 14661 MiB, 98 %
2026/08/30 06:42:59.565, 14661 MiB, 100 %
2026/08/30 06:43:01.565, 14661 MiB, 100 %
2026/08/30 06:43:03.566, 14661 MiB, 100 %
2026/08/30 06:43:05.566, 14661 MiB, 57 %
2026/08/30 06:43:07.567, 14661 MiB, 98 %
2026/08/30 06:43:09.567, 14661 MiB, 100 %
2026/08/30 06:43:11.567, 14661 MiB, 100 %
2026/08/30 06:43:13.568, 14661 MiB, 100 %
2026/08/30 06:43:15.568, 14661 MiB, 67 %
2026/08/30 06:43:17.568, 14661 MiB, 98 %
2026/08/30 06:43:19.569, 14661 MiB, 100 %
2026/08/30 06:43:21.569, 14661 MiB, 100 %
2026/08/30 06:43:23.570, 14661 MiB, 100 %
2026/08/30 06:43:25.570, 14661 MiB, 74 %
2026/08/30 06:43:27.570, 14661 MiB, 98 %
2026/08/30 06:43:29.571, 14661 MiB, 100 %
2026/08/30 06:43:31.571, 14661 MiB, 100 %
2026/08/30 06:43:33.571, 14661 MiB, 100 %
2026/08/30 06:43:35.572, 14661 MiB, 65 %
2026/08/30 06:43:37.572, 14661 MiB, 100 %
2026/08/30 06:43:39.573, 14661 MiB, 100 %
2026/08/30 06:43:41.573, 14661 MiB, 100 %
2026/08/30 06:43:43.573, 14661 MiB, 100 %
2026/08/30 06:43:45.574, 14661 MiB, 59 %
2026/08/30 06:43:47.574, 14661 MiB, 100 %
2026/08/30 06:43:49.574, 14661 MiB, 100 %
2026/08/30 06:43:51.575, 14661 MiB, 100 %
2026/08/30 06:43:53.575, 14661 MiB, 100 %
2026/08/30 06:43:55.575, 14661 MiB, 53 %
2026/08/30 06:43:57.576, 14661 MiB, 100 %
2026/08/30 06:43:59.576, 14661 MiB, 100 %
2026/08/30 06:44:01.576, 14661 MiB, 100 %
2026/08/30 06:44:03.577, 14661 MiB, 100 %
2026/08/30 06:44:05.577, 14661 MiB, 53 %
2026/08/30 06:44:07.577, 14661 MiB, 98 %
2026/08/30 06:44:09.578, 14661 MiB, 100 %
2026/08/30 06:44:11.578, 14661 MiB, 100 %
2026/08/30 06:44:13.578, 14661 MiB, 100 %
2026/08/30 06:44:15.579, 14661 MiB, 55 %
2026/08/30 06:44:17.579, 14661 MiB, 99 %
2026/08/30 06:44:19.580, 14661 MiB, 100 %
2026/08/30 06:44:21.580, 14661 MiB, 100 %
2026/08/30 06:44:23.580, 14661 MiB, 100 %
2026/08/30 06:44:25.581, 14661 MiB, 64 %
2026/08/30 06:44:27.581, 14661 MiB, 98 %
2026/08/30 06:44:29.581, 14661 MiB, 100 %
2026/08/30 06:44:31.616, 14661 MiB, 100 %
2026/08/30 06:44:33.617, 14661 MiB, 100 %
2026/08/30 06:44:35.617, 14661 MiB, 75 %
2026/08/30 06:44:37.617, 14661 MiB, 98 %
2026/08/30 06:44:39.618, 14661 MiB, 100 %
2026/08/30 06:44:41.618, 14661 MiB, 100 %
2026/08/30 06:44:43.619, 14661 MiB, 100 %
2026/08/30 06:44:45.619, 14661 MiB, 79 %
2026/08/30 06:44:47.619, 14661 MiB, 98 %
2026/08/30 06:44:49.620, 14661 MiB, 100 %
2026/08/30 06:44:51.620, 14661 MiB, 100 %
2026/08/30 06:44:53.621, 14661 MiB, 100 %
2026/08/30 06:44:55.621, 14661 MiB, 81 %
2026/08/30 06:44:57.621, 14661 MiB, 98 %
2026/08/30 06:44:59.622, 14661 MiB, 100 %
2026/08/30 06:45:01.622, 14661 MiB, 100 %
2026/08/30 06:45:03.622, 14661 MiB, 100 %
2026/08/30 06:45:05.623, 14661 MiB, 82 %
2026/08/30 06:45:07.623, 14661 MiB, 99 %
2026/08/30 06:45:09.623, 14661 MiB, 100 %
2026/08/30 06:45:11.624, 14661 MiB, 100 %
2026/08/30 06:45:13.624, 14661 MiB, 100 %
2026/08/30 06:45:15.625, 14661 MiB, 82 %
2026/08/30 06:45:17.625, 14661 MiB, 98 %
2026/08/30 06:45:19.625, 14661 MiB, 100 %
2026/08/30 06:45:21.626, 14661 MiB, 100 %
2026/08/30 06:45:23.626, 14661 MiB, 100 %
2026/08/30 06:45:25.626, 14661 MiB, 86 %
2026/08/30 06:45:27.627, 14661 MiB, 98 %
2026/08/30 06:45:29.627, 14661 MiB, 100 %
2026/08/30 06:45:31.628, 14661 MiB, 100 %
2026/08/30 06:45:33.628, 14661 MiB, 100 %
2026/08/30 06:45:35.628, 14661 MiB, 99 %
2026/08/30 06:45:37.629, 14661 MiB, 99 %
2026/08/30 06:45:39.629, 14661 MiB, 85 %
2026/08/30 06:45:41.630, 14661 MiB, 100 %
2026/08/30 06:45:43.630, 14661 MiB, 100 %
2026/08/30 06:45:45.631, 14661 MiB, 100 %
2026/08/30 06:45:47.631, 14661 MiB, 100 %
2026/08/30 06:45:49.631, 14661 MiB, 74 %
2026/08/30 06:45:51.632, 14661 MiB, 100 %
2026/08/30 06:45:53.632, 14661 MiB, 100 %
2026/08/30 06:45:55.633, 14661 MiB, 100 %
2026/08/30 06:45:57.633, 14661 MiB, 100 %
2026/08/30 06:45:59.633, 14661 MiB, 57 %
2026/08/30 06:46:01.634, 14661 MiB, 100 %
2026/08/30 06:46:03.634, 14661 MiB, 100 %
2026/08/30 06:46:05.635, 14661 MiB, 100 %
2026/08/30 06:46:07.635, 14661 MiB, 100 %
2026/08/30 06:46:09.635, 14661 MiB, 52 %
2026/08/30 06:46:11.636, 14661 MiB, 100 %
2026/08/30 06:46:13.636, 14661 MiB, 100 %
2026/08/30 06:46:15.637, 14661 MiB, 100 %
2026/08/30 06:46:17.637, 14661 MiB, 100 %
2026/08/30 06:46:19.638, 14661 MiB, 53 %
2026/08/30 06:46:21.638, 14661 MiB, 98 %
2026/08/30 06:46:23.638, 14661 MiB, 100 %
2026/08/30 06:46:25.639, 14661 MiB, 100 %
2026/08/30 06:46:27.639, 14661 MiB, 100 %
2026/08/30 06:46:29.640, 14661 MiB, 63 %
2026/08/30 06:46:31.640, 14661 MiB, 98 %
2026/08/30 06:46:33.640, 14661 MiB, 100 %
2026/08/30 06:46:35.641, 14661 MiB, 100 %
2026/08/30 06:46:37.641, 14661 MiB, 100 %
2026/08/30 06:46:39.641, 14661 MiB, 82 %
2026/08/30 06:46:41.642, 14661 MiB, 98 %
2026/08/30 06:46:43.642, 14661 MiB, 100 %
2026/08/30 06:46:45.643, 14661 MiB, 100 %
2026/08/30 06:46:47.643, 14661 MiB, 100 %
2026/08/30 06:46:49.643, 14661 MiB, 95 %
2026/08/30 06:46:51.644, 14661 MiB, 98 %
2026/08/30 06:46:53.644, 14661 MiB, 90 %
2026/08/30 06:46:55.644, 14661 MiB, 100 %
2026/08/30 06:46:57.645, 14661 MiB, 100 %
2026/08/30 06:46:59.645, 14661 MiB, 100 %
2026/08/30 06:47:01.646, 14661 MiB, 100 %
2026/08/30 06:47:03.646, 14661 MiB, 74 %
2026/08/30 06:47:05.646, 14661 MiB, 100 %
2026/08/30 06:47:07.647, 14661 MiB, 100 %
2026/08/30 06:47:09.647, 14661 MiB, 100 %
2026/08/30 06:47:11.647, 14661 MiB, 100 %
2026/08/30 06:47:13.648, 14661 MiB, 59 %
2026/08/30 06:47:15.653, 14661 MiB, 100 %
2026/08/30 06:47:17.653, 14661 MiB, 100 %
2026/08/30 06:47:19.654, 14661 MiB, 100 %
2026/08/30 06:47:21.654, 14661 MiB, 100 %
2026/08/30 06:47:23.654, 14661 MiB, 52 %
2026/08/30 06:47:25.655, 14661 MiB, 100 %
2026/08/30 06:47:27.655, 14661 MiB, 100 %
2026/08/30 06:47:29.655, 14661 MiB, 100 %
2026/08/30 06:47:31.656, 14661 MiB, 100 %
2026/08/30 06:47:33.656, 14661 MiB, 53 %
2026/08/30 06:47:35.657, 14661 MiB, 99 %
2026/08/30 06:47:37.657, 14661 MiB, 100 %
2026/08/30 06:47:39.658, 14661 MiB, 100 %
2026/08/30 06:47:41.658, 14661 MiB, 100 %
2026/08/30 06:47:43.658, 14661 MiB, 53 %
2026/08/30 06:47:45.659, 14661 MiB, 98 %
2026/08/30 06:47:47.659, 14661 MiB, 100 %
2026/08/30 06:47:49.659, 14661 MiB, 100 %
2026/08/30 06:47:51.660, 14661 MiB, 100 %
2026/08/30 06:47:53.660, 14661 MiB, 53 %
2026/08/30 06:47:55.661, 14661 MiB, 99 %
2026/08/30 06:47:57.661, 14661 MiB, 100 %
2026/08/30 06:47:59.661, 14661 MiB, 100 %
2026/08/30 06:48:01.662, 14661 MiB, 100 %
2026/08/30 06:48:03.662, 14661 MiB, 54 %
2026/08/30 06:48:05.662, 14661 MiB, 98 %
2026/08/30 06:48:07.663, 14661 MiB, 100 %
2026/08/30 06:48:09.663, 14661 MiB, 100 %
2026/08/30 06:48:11.663, 14661 MiB, 99 %
2026/08/30 06:48:13.664, 14661 MiB, 92 %
2026/08/30 06:48:15.664, 14661 MiB, 100 %
2026/08/30 06:48:17.665, 14661 MiB, 100 %
2026/08/30 06:48:19.665, 14661 MiB, 100 %
2026/08/30 06:48:21.665, 14661 MiB, 100 %
2026/08/30 06:48:23.666, 14661 MiB, 77 %
2026/08/30 06:48:25.666, 14661 MiB, 100 %
2026/08/30 06:48:27.666, 14661 MiB, 100 %
2026/08/30 06:48:29.667, 14661 MiB, 100 %
2026/08/30 06:48:31.667, 14661 MiB, 100 %
2026/08/30 06:48:33.667, 14661 MiB, 59 %
2026/08/30 06:48:35.668, 14661 MiB, 100 %
2026/08/30 06:48:37.668, 14661 MiB, 100 %
2026/08/30 06:48:39.668, 14661 MiB, 100 %
2026/08/30 06:48:41.669, 14661 MiB, 100 %
2026/08/30 06:48:43.669, 14661 MiB, 51 %
2026/08/30 06:48:45.670, 14661 MiB, 100 %
2026/08/30 06:48:47.670, 14661 MiB, 100 %
2026/08/30 06:48:49.670, 14661 MiB, 100 %
2026/08/30 06:48:51.671, 14661 MiB, 100 %
2026/08/30 06:48:53.671, 14661 MiB, 51 %
2026/08/30 06:48:55.671, 14661 MiB, 98 %
2026/08/30 06:48:57.672, 14661 MiB, 100 %
2026/08/30 06:48:59.672, 14661 MiB, 100 %
2026/08/30 06:49:01.673, 14661 MiB, 100 %
2026/08/30 06:49:03.673, 14661 MiB, 53 %
2026/08/30 06:49:05.673, 14661 MiB, 98 %
2026/08/30 06:49:07.674, 14661 MiB, 100 %
2026/08/30 06:49:09.674, 14661 MiB, 100 %
2026/08/30 06:49:11.675, 14661 MiB, 100 %
2026/08/30 06:49:13.675, 14661 MiB, 48 %
2026/08/30 06:49:15.675, 14661 MiB, 98 %
2026/08/30 06:49:17.676, 14661 MiB, 100 %
2026/08/30 06:49:19.676, 14661 MiB, 100 %
2026/08/30 06:49:21.677, 14661 MiB, 100 %
2026/08/30 06:49:23.677, 14661 MiB, 59 %
2026/08/30 06:49:25.677, 14661 MiB, 98 %
2026/08/30 06:49:27.678, 14661 MiB, 100 %
2026/08/30 06:49:29.678, 14661 MiB, 100 %
2026/08/30 06:49:31.679, 14661 MiB, 100 %
2026/08/30 06:49:33.679, 14661 MiB, 73 %
2026/08/30 06:49:35.679, 14661 MiB, 99 %
2026/08/30 06:49:37.680, 14661 MiB, 100 %
2026/08/30 06:49:39.680, 14661 MiB, 100 %
2026/08/30 06:49:41.681, 14661 MiB, 100 %
2026/08/30 06:49:43.682, 14661 MiB, 81 %
2026/08/30 06:49:45.682, 14661 MiB, 98 %
2026/08/30 06:49:47.682, 14661 MiB, 100 %
2026/08/30 06:49:49.683, 14661 MiB, 100 %
2026/08/30 06:49:51.683, 14661 MiB, 100 %
2026/08/30 06:49:53.684, 14661 MiB, 90 %
2026/08/30 06:49:55.684, 14661 MiB, 98 %
2026/08/30 06:49:57.684, 14661 MiB, 99 %
2026/08/30 06:49:59.685, 14661 MiB, 100 %
2026/08/30 06:50:01.685, 14661 MiB, 100 %
2026/08/30 06:50:03.686, 14661 MiB, 100 %
2026/08/30 06:50:05.686, 14661 MiB, 98 %
2026/08/30 06:50:07.686, 14661 MiB, 84 %
2026/08/30 06:50:09.687, 14661 MiB, 100 %
2026/08/30 06:50:11.687, 14661 MiB, 100 %
2026/08/30 06:50:13.688, 14661 MiB, 100 %
2026/08/30 06:50:15.688, 14661 MiB, 100 %
2026/08/30 06:50:17.688, 14661 MiB, 69 %
2026/08/30 06:50:19.689, 14661 MiB, 100 %
2026/08/30 06:50:21.689, 14661 MiB, 100 %
2026/08/30 06:50:23.689, 14661 MiB, 100 %
2026/08/30 06:50:25.704, 14661 MiB, 100 %
2026/08/30 06:50:27.705, 14661 MiB, 56 %
2026/08/30 06:50:29.705, 14661 MiB, 100 %
2026/08/30 06:50:31.705, 14661 MiB, 100 %
2026/08/30 06:50:33.706, 14661 MiB, 100 %
2026/08/30 06:50:35.706, 14661 MiB, 100 %
2026/08/30 06:50:37.707, 14661 MiB, 53 %
2026/08/30 06:50:39.707, 14661 MiB, 100 %
2026/08/30 06:50:41.707, 14661 MiB, 100 %
2026/08/30 06:50:43.708, 14661 MiB, 100 %
2026/08/30 06:50:45.708, 14661 MiB, 100 %
2026/08/30 06:50:47.709, 14661 MiB, 52 %
2026/08/30 06:50:49.709, 14661 MiB, 98 %
2026/08/30 06:50:51.709, 14661 MiB, 100 %
2026/08/30 06:50:53.710, 14661 MiB, 100 %
2026/08/30 06:50:55.710, 14661 MiB, 100 %
2026/08/30 06:50:57.711, 14661 MiB, 52 %
2026/08/30 06:50:59.711, 14661 MiB, 98 %
2026/08/30 06:51:01.711, 14661 MiB, 100 %
2026/08/30 06:51:03.712, 14661 MiB, 100 %
2026/08/30 06:51:05.712, 14661 MiB, 100 %
2026/08/30 06:51:07.713, 14661 MiB, 56 %
2026/08/30 06:51:09.713, 14661 MiB, 98 %
2026/08/30 06:51:11.713, 14661 MiB, 100 %
2026/08/30 06:51:13.714, 14661 MiB, 100 %
2026/08/30 06:51:15.714, 14661 MiB, 100 %
2026/08/30 06:51:17.715, 14661 MiB, 57 %
2026/08/30 06:51:19.715, 14661 MiB, 98 %
2026/08/30 06:51:21.716, 14661 MiB, 100 %
2026/08/30 06:51:23.716, 14661 MiB, 100 %
2026/08/30 06:51:25.716, 14661 MiB, 100 %
2026/08/30 06:51:27.717, 14661 MiB, 63 %
2026/08/30 06:51:29.717, 14661 MiB, 98 %
2026/08/30 06:51:31.717, 14661 MiB, 100 %
2026/08/30 06:51:33.718, 14661 MiB, 100 %
2026/08/30 06:51:35.718, 14661 MiB, 100 %
2026/08/30 06:51:37.719, 14661 MiB, 77 %
2026/08/30 06:51:39.719, 14661 MiB, 98 %
2026/08/30 06:51:41.719, 14661 MiB, 100 %
2026/08/30 06:51:43.720, 14661 MiB, 100 %
2026/08/30 06:51:45.720, 14661 MiB, 100 %
2026/08/30 06:51:47.720, 14661 MiB, 83 %
2026/08/30 06:51:49.721, 14661 MiB, 98 %
2026/08/30 06:51:51.721, 14661 MiB, 100 %
2026/08/30 06:51:53.722, 14661 MiB, 100 %
2026/08/30 06:51:55.722, 14661 MiB, 100 %
2026/08/30 06:51:57.722, 14661 MiB, 92 %
2026/08/30 06:51:59.723, 14661 MiB, 99 %
2026/08/30 06:52:01.723, 14661 MiB, 95 %
2026/08/30 06:52:03.724, 14661 MiB, 100 %
2026/08/30 06:52:05.724, 14661 MiB, 100 %
2026/08/30 06:52:07.724, 14661 MiB, 100 %
2026/08/30 06:52:09.725, 14661 MiB, 98 %
2026/08/30 06:52:11.725, 14661 MiB, 88 %
2026/08/30 06:52:13.726, 14661 MiB, 100 %
2026/08/30 06:52:15.726, 14661 MiB, 100 %
2026/08/30 06:52:17.726, 14661 MiB, 100 %
2026/08/30 06:52:19.727, 14661 MiB, 98 %
2026/08/30 06:52:21.727, 14661 MiB, 82 %
2026/08/30 06:52:23.728, 14661 MiB, 100 %
2026/08/30 06:52:25.728, 14661 MiB, 100 %
2026/08/30 06:52:27.728, 14661 MiB, 100 %
2026/08/30 06:52:29.729, 14661 MiB, 100 %
2026/08/30 06:52:31.729, 14661 MiB, 67 %
2026/08/30 06:52:33.729, 14661 MiB, 100 %
2026/08/30 06:52:35.735, 14661 MiB, 100 %
2026/08/30 06:52:37.736, 14661 MiB, 100 %
2026/08/30 06:52:39.736, 14661 MiB, 100 %
2026/08/30 06:52:41.736, 14661 MiB, 60 %
2026/08/30 06:52:43.738, 14661 MiB, 100 %
2026/08/30 06:52:45.738, 14661 MiB, 100 %
2026/08/30 06:52:47.738, 14661 MiB, 62 %
2026/08/30 06:52:49.739, 14661 MiB, 98 %
2026/08/30 06:52:51.739, 14661 MiB, 100 %
2026/08/30 06:52:53.739, 14661 MiB, 100 %
2026/08/30 06:52:55.740, 14661 MiB, 100 %
2026/08/30 06:52:57.740, 14661 MiB, 75 %
2026/08/30 06:52:59.741, 14661 MiB, 98 %
2026/08/30 06:53:01.741, 14661 MiB, 100 %
2026/08/30 06:53:03.741, 14661 MiB, 100 %
2026/08/30 06:53:05.742, 14661 MiB, 100 %
2026/08/30 06:53:07.742, 14661 MiB, 85 %
2026/08/30 06:53:09.743, 14661 MiB, 99 %
2026/08/30 06:53:11.743, 14661 MiB, 100 %
2026/08/30 06:53:13.743, 14661 MiB, 100 %
2026/08/30 06:53:15.744, 14661 MiB, 75 %
2026/08/30 06:53:17.744, 14661 MiB, 98 %
2026/08/30 06:53:19.744, 14661 MiB, 100 %
2026/08/30 06:53:21.745, 14661 MiB, 100 %
2026/08/30 06:53:23.745, 14661 MiB, 100 %
2026/08/30 06:53:25.746, 14661 MiB, 89 %
2026/08/30 06:53:27.746, 14661 MiB, 98 %
2026/08/30 06:53:29.746, 14661 MiB, 100 %
2026/08/30 06:53:31.747, 14661 MiB, 100 %
2026/08/30 06:53:33.747, 14661 MiB, 100 %
2026/08/30 06:53:35.747, 14661 MiB, 94 %
2026/08/30 06:53:37.748, 14661 MiB, 98 %
2026/08/30 06:53:39.748, 14661 MiB, 95 %
2026/08/30 06:53:41.748, 14661 MiB, 100 %
2026/08/30 06:53:43.749, 14661 MiB, 100 %
2026/08/30 06:53:45.750, 14661 MiB, 100 %
2026/08/30 06:53:47.750, 14661 MiB, 98 %
2026/08/30 06:53:49.750, 14661 MiB, 86 %
2026/08/30 06:53:51.751, 14661 MiB, 100 %
2026/08/30 06:53:53.751, 14661 MiB, 100 %
2026/08/30 06:53:55.752, 14661 MiB, 100 %
2026/08/30 06:53:57.752, 14661 MiB, 100 %
2026/08/30 06:53:59.753, 14661 MiB, 68 %
2026/08/30 06:54:01.753, 14661 MiB, 100 %
2026/08/30 06:54:03.754, 14661 MiB, 100 %
2026/08/30 06:54:05.754, 14661 MiB, 100 %
2026/08/30 06:54:07.754, 14661 MiB, 100 %
2026/08/30 06:54:09.755, 14661 MiB, 54 %
2026/08/30 06:54:11.755, 14661 MiB, 100 %
2026/08/30 06:54:13.756, 14661 MiB, 100 %
2026/08/30 06:54:15.756, 14661 MiB, 100 %
2026/08/30 06:54:17.756, 14661 MiB, 100 %
2026/08/30 06:54:19.757, 14661 MiB, 51 %
2026/08/30 06:54:21.757, 14661 MiB, 100 %
2026/08/30 06:54:23.758, 14661 MiB, 100 %
2026/08/30 06:54:25.758, 14661 MiB, 100 %
2026/08/30 06:54:27.758, 14661 MiB, 100 %
2026/08/30 06:54:29.759, 14661 MiB, 53 %
2026/08/30 06:54:31.759, 14661 MiB, 97 %
2026/08/30 06:54:33.760, 14661 MiB, 100 %
2026/08/30 06:54:35.760, 14661 MiB, 100 %
2026/08/30 06:54:37.760, 14661 MiB, 100 %
2026/08/30 06:54:39.761, 14661 MiB, 55 %
2026/08/30 06:54:41.761, 14661 MiB, 98 %
2026/08/30 06:54:43.762, 14661 MiB, 100 %
2026/08/30 06:54:45.762, 14661 MiB, 100 %
2026/08/30 06:54:47.763, 14661 MiB, 100 %
2026/08/30 06:54:49.763, 14661 MiB, 68 %
2026/08/30 06:54:51.763, 14661 MiB, 98 %
2026/08/30 06:54:53.764, 14661 MiB, 100 %
2026/08/30 06:54:55.764, 14661 MiB, 100 %
2026/08/30 06:54:57.765, 14661 MiB, 100 %
2026/08/30 06:54:59.765, 14661 MiB, 85 %
2026/08/30 06:55:01.765, 14661 MiB, 98 %
2026/08/30 06:55:03.766, 14661 MiB, 100 %
2026/08/30 06:55:05.766, 14661 MiB, 100 %
2026/08/30 06:55:07.767, 14661 MiB, 100 %
2026/08/30 06:55:09.767, 14661 MiB, 99 %
2026/08/30 06:55:11.768, 14661 MiB, 99 %
2026/08/30 06:55:13.768, 14661 MiB, 90 %
2026/08/30 06:55:15.768, 14661 MiB, 100 %
2026/08/30 06:55:17.769, 14661 MiB, 100 %
2026/08/30 06:55:19.769, 14661 MiB, 100 %
2026/08/30 06:55:21.769, 14661 MiB, 100 %
2026/08/30 06:55:23.770, 14661 MiB, 72 %
2026/08/30 06:55:25.770, 14661 MiB, 100 %
2026/08/30 06:55:27.771, 14661 MiB, 100 %
2026/08/30 06:55:29.771, 14661 MiB, 100 %
2026/08/30 06:55:31.771, 14661 MiB, 100 %
2026/08/30 06:55:33.772, 14661 MiB, 62 %
2026/08/30 06:55:35.772, 14661 MiB, 100 %
2026/08/30 06:55:37.773, 14661 MiB, 100 %
2026/08/30 06:55:39.773, 14661 MiB, 100 %
2026/08/30 06:55:41.774, 14661 MiB, 100 %
2026/08/30 06:55:43.774, 14661 MiB, 52 %
2026/08/30 06:55:45.774, 14661 MiB, 100 %
2026/08/30 06:55:47.775, 14661 MiB, 100 %
2026/08/30 06:55:49.775, 14661 MiB, 100 %
2026/08/30 06:55:51.775, 14661 MiB, 100 %
2026/08/30 06:55:53.776, 14661 MiB, 52 %
2026/08/30 06:55:55.776, 14661 MiB, 97 %
2026/08/30 06:55:57.777, 14661 MiB, 100 %
2026/08/30 06:55:59.777, 14661 MiB, 100 %
2026/08/30 06:56:01.777, 14661 MiB, 100 %
2026/08/30 06:56:03.778, 14661 MiB, 53 %
2026/08/30 06:56:05.778, 14661 MiB, 99 %
2026/08/30 06:56:07.779, 14661 MiB, 100 %
2026/08/30 06:56:09.779, 14661 MiB, 100 %
2026/08/30 06:56:11.779, 14661 MiB, 100 %
2026/08/30 06:56:13.780, 14661 MiB, 58 %
2026/08/30 06:56:15.780, 14661 MiB, 98 %
2026/08/30 06:56:17.780, 14661 MiB, 100 %
2026/08/30 06:56:19.781, 14661 MiB, 100 %
2026/08/30 06:56:21.781, 14661 MiB, 100 %
2026/08/30 06:56:23.782, 14661 MiB, 73 %
2026/08/30 06:56:25.782, 14661 MiB, 98 %
2026/08/30 06:56:27.782, 14661 MiB, 100 %
2026/08/30 06:56:29.783, 14661 MiB, 100 %
2026/08/30 06:56:31.783, 14661 MiB, 100 %
2026/08/30 06:56:33.784, 14661 MiB, 86 %
2026/08/30 06:56:35.784, 14661 MiB, 98 %
2026/08/30 06:56:37.784, 14661 MiB, 100 %
2026/08/30 06:56:39.785, 14661 MiB, 100 %
2026/08/30 06:56:41.785, 14661 MiB, 100 %
2026/08/30 06:56:43.785, 14661 MiB, 100 %
2026/08/30 06:56:45.786, 14661 MiB, 98 %
2026/08/30 06:56:47.786, 14661 MiB, 88 %
2026/08/30 06:56:49.787, 14661 MiB, 100 %
2026/08/30 06:56:51.787, 14661 MiB, 100 %
2026/08/30 06:56:53.787, 14661 MiB, 100 %
2026/08/30 06:56:55.788, 14661 MiB, 100 %
2026/08/30 06:56:57.788, 14661 MiB, 67 %
2026/08/30 06:56:59.789, 14661 MiB, 100 %
2026/08/30 06:57:01.789, 14661 MiB, 100 %
2026/08/30 06:57:03.790, 14661 MiB, 100 %
2026/08/30 06:57:05.790, 14661 MiB, 100 %
2026/08/30 06:57:07.790, 14661 MiB, 59 %
2026/08/30 06:57:09.791, 14661 MiB, 100 %
2026/08/30 06:57:11.791, 14661 MiB, 100 %
2026/08/30 06:57:13.791, 14661 MiB, 100 %
2026/08/30 06:57:15.792, 14661 MiB, 100 %
2026/08/30 06:57:17.792, 14661 MiB, 100 %
2026/08/30 06:57:19.793, 14661 MiB, 100 %
2026/08/30 06:57:21.793, 14661 MiB, 100 %
2026/08/30 06:57:23.793, 14661 MiB, 64 %
2026/08/30 06:57:25.794, 14661 MiB, 98 %
2026/08/30 06:57:27.794, 14661 MiB, 100 %
2026/08/30 06:57:29.795, 14661 MiB, 100 %
2026/08/30 06:57:31.795, 14661 MiB, 100 %
2026/08/30 06:57:33.795, 14661 MiB, 74 %
2026/08/30 06:57:35.796, 14661 MiB, 98 %
2026/08/30 06:57:37.796, 14661 MiB, 100 %
2026/08/30 06:57:39.796, 14661 MiB, 100 %
2026/08/30 06:57:41.797, 14661 MiB, 100 %
2026/08/30 06:57:43.797, 14661 MiB, 80 %
2026/08/30 06:57:45.798, 14661 MiB, 98 %
2026/08/30 06:57:47.798, 14661 MiB, 100 %
2026/08/30 06:57:49.798, 14661 MiB, 100 %
2026/08/30 06:57:51.799, 14661 MiB, 100 %
2026/08/30 06:57:53.799, 14661 MiB, 86 %
2026/08/30 06:57:55.800, 14661 MiB, 98 %
2026/08/30 06:57:57.800, 14661 MiB, 100 %
2026/08/30 06:57:59.800, 14661 MiB, 100 %
2026/08/30 06:58:01.801, 14661 MiB, 100 %
2026/08/30 06:58:03.801, 14661 MiB, 95 %
2026/08/30 06:58:05.802, 14661 MiB, 98 %
2026/08/30 06:58:07.802, 14661 MiB, 94 %
2026/08/30 06:58:09.802, 14661 MiB, 100 %
2026/08/30 06:58:11.803, 14661 MiB, 100 %
2026/08/30 06:58:13.803, 14661 MiB, 100 %
2026/08/30 06:58:15.804, 14661 MiB, 98 %
2026/08/30 06:58:17.804, 14661 MiB, 90 %
2026/08/30 06:58:19.804, 14661 MiB, 100 %
2026/08/30 06:58:21.805, 14661 MiB, 100 %
2026/08/30 06:58:23.805, 14661 MiB, 100 %
2026/08/30 06:58:25.806, 14661 MiB, 100 %
2026/08/30 06:58:27.806, 14661 MiB, 74 %
2026/08/30 06:58:29.806, 14661 MiB, 100 %
2026/08/30 06:58:31.807, 14661 MiB, 100 %
2026/08/30 06:58:33.807, 14661 MiB, 100 %
2026/08/30 06:58:35.808, 14661 MiB, 100 %
2026/08/30 06:58:37.808, 14661 MiB, 52 %
2026/08/30 06:58:39.808, 14661 MiB, 100 %
2026/08/30 06:58:41.809, 14661 MiB, 100 %
2026/08/30 06:58:43.809, 14661 MiB, 100 %
2026/08/30 06:58:45.809, 14661 MiB, 100 %
2026/08/30 06:58:47.810, 14661 MiB, 53 %
2026/08/30 06:58:49.810, 14661 MiB, 98 %
2026/08/30 06:58:51.811, 14661 MiB, 100 %
2026/08/30 06:58:53.811, 14661 MiB, 100 %
2026/08/30 06:58:55.811, 14661 MiB, 100 %
2026/08/30 06:58:57.812, 14661 MiB, 62 %
2026/08/30 06:58:59.812, 14661 MiB, 98 %
2026/08/30 06:59:01.812, 14661 MiB, 100 %
2026/08/30 06:59:03.813, 14661 MiB, 100 %
2026/08/30 06:59:05.813, 14661 MiB, 100 %
2026/08/30 06:59:07.814, 14661 MiB, 83 %
2026/08/30 06:59:09.814, 14661 MiB, 98 %
2026/08/30 06:59:11.814, 14661 MiB, 100 %
2026/08/30 06:59:13.815, 14661 MiB, 100 %
2026/08/30 06:59:15.815, 14661 MiB, 100 %
2026/08/30 06:59:17.816, 14661 MiB, 87 %
2026/08/30 06:59:19.816, 14661 MiB, 98 %
2026/08/30 06:59:21.816, 14661 MiB, 100 %
2026/08/30 06:59:23.817, 14661 MiB, 100 %
2026/08/30 06:59:25.817, 14661 MiB, 100 %
2026/08/30 06:59:27.817, 14661 MiB, 89 %
2026/08/30 06:59:29.818, 14661 MiB, 98 %
2026/08/30 06:59:31.818, 14661 MiB, 100 %
2026/08/30 06:59:33.819, 14661 MiB, 100 %
2026/08/30 06:59:35.819, 14661 MiB, 100 %
2026/08/30 06:59:37.819, 14661 MiB, 84 %
2026/08/30 06:59:39.820, 14661 MiB, 98 %
2026/08/30 06:59:41.820, 14661 MiB, 100 %
2026/08/30 06:59:43.821, 14661 MiB, 100 %
2026/08/30 06:59:45.821, 14661 MiB, 100 %
2026/08/30 06:59:47.821, 14661 MiB, 85 %
2026/08/30 06:59:49.822, 14661 MiB, 98 %
2026/08/30 06:59:51.822, 14661 MiB, 100 %
2026/08/30 06:59:53.823, 14661 MiB, 100 %
2026/08/30 06:59:55.823, 14661 MiB, 100 %
2026/08/30 06:59:57.823, 14661 MiB, 98 %
2026/08/30 06:59:59.824, 14661 MiB, 98 %
2026/08/30 07:00:01.824, 14661 MiB, 80 %
2026/08/30 07:00:03.824, 14661 MiB, 100 %
2026/08/30 07:00:05.825, 14661 MiB, 100 %
2026/08/30 07:00:07.825, 14661 MiB, 100 %
2026/08/30 07:00:09.825, 14661 MiB, 100 %
2026/08/30 07:00:11.826, 14661 MiB, 66 %
2026/08/30 07:00:13.826, 14661 MiB, 100 %
2026/08/30 07:00:15.826, 14661 MiB, 100 %
2026/08/30 07:00:17.827, 14661 MiB, 100 %
2026/08/30 07:00:19.827, 14661 MiB, 100 %
2026/08/30 07:00:21.828, 14661 MiB, 59 %
2026/08/30 07:00:23.828, 14661 MiB, 100 %
2026/08/30 07:00:25.828, 14661 MiB, 100 %
2026/08/30 07:00:27.829, 14661 MiB, 100 %
2026/08/30 07:00:29.863, 14661 MiB, 100 %
2026/08/30 07:00:31.864, 14661 MiB, 100 %
2026/08/30 07:00:33.864, 14661 MiB, 93 %
2026/08/30 07:00:35.864, 14661 MiB, 98 %
2026/08/30 07:00:37.865, 14661 MiB, 93 %
2026/08/30 07:00:39.865, 14661 MiB, 100 %
2026/08/30 07:00:41.866, 14661 MiB, 100 %
2026/08/30 07:00:43.866, 14661 MiB, 100 %
2026/08/30 07:00:45.867, 14661 MiB, 100 %
2026/08/30 07:00:47.867, 14661 MiB, 74 %
2026/08/30 07:00:49.867, 14661 MiB, 100 %
2026/08/30 07:00:51.868, 14661 MiB, 100 %
2026/08/30 07:00:53.868, 14661 MiB, 100 %
2026/08/30 07:00:55.868, 14661 MiB, 100 %
2026/08/30 07:00:57.869, 14661 MiB, 57 %
2026/08/30 07:00:59.869, 14661 MiB, 100 %
2026/08/30 07:01:01.869, 14661 MiB, 100 %
2026/08/30 07:01:03.870, 14661 MiB, 100 %
2026/08/30 07:01:05.870, 14661 MiB, 100 %
2026/08/30 07:01:07.871, 14661 MiB, 54 %
2026/08/30 07:01:09.871, 14661 MiB, 100 %
2026/08/30 07:01:11.871, 14661 MiB, 100 %
2026/08/30 07:01:13.872, 14661 MiB, 100 %
2026/08/30 07:01:15.872, 14661 MiB, 100 %
2026/08/30 07:01:17.873, 14661 MiB, 62 %
2026/08/30 07:01:19.873, 14661 MiB, 100 %
2026/08/30 07:01:21.873, 14661 MiB, 100 %
2026/08/30 07:01:23.874, 14661 MiB, 100 %
2026/08/30 07:01:25.874, 14661 MiB, 100 %
2026/08/30 07:01:27.875, 14661 MiB, 74 %
2026/08/30 07:01:29.875, 14661 MiB, 100 %
2026/08/30 07:01:31.875, 14661 MiB, 100 %
2026/08/30 07:01:33.876, 14661 MiB, 100 %
2026/08/30 07:01:35.876, 14661 MiB, 99 %
2026/08/30 07:01:37.877, 14661 MiB, 83 %
2026/08/30 07:01:39.877, 14661 MiB, 100 %
2026/08/30 07:01:41.877, 14661 MiB, 100 %
2026/08/30 07:01:43.878, 14661 MiB, 100 %
2026/08/30 07:01:45.878, 14661 MiB, 99 %
2026/08/30 07:01:47.879, 14661 MiB, 80 %
2026/08/30 07:01:49.879, 14661 MiB, 100 %
2026/08/30 07:01:51.879, 14661 MiB, 100 %
2026/08/30 07:01:53.880, 14661 MiB, 53 %
2026/08/30 07:01:55.880, 14661 MiB, 98 %
2026/08/30 07:01:57.880, 14661 MiB, 100 %
2026/08/30 07:01:59.881, 14661 MiB, 100 %
2026/08/30 07:02:01.881, 14661 MiB, 100 %
2026/08/30 07:02:03.882, 14661 MiB, 69 %
2026/08/30 07:02:05.882, 14661 MiB, 98 %
2026/08/30 07:02:07.882, 14661 MiB, 100 %
2026/08/30 07:02:09.883, 14661 MiB, 100 %
2026/08/30 07:02:11.883, 14661 MiB, 100 %
2026/08/30 07:02:13.884, 14661 MiB, 85 %
2026/08/30 07:02:15.884, 14661 MiB, 98 %
2026/08/30 07:02:17.884, 14661 MiB, 100 %
2026/08/30 07:02:19.885, 14661 MiB, 100 %
2026/08/30 07:02:21.885, 14661 MiB, 100 %
2026/08/30 07:02:23.886, 14661 MiB, 97 %
2026/08/30 07:02:25.886, 14661 MiB, 98 %
2026/08/30 07:02:27.886, 14661 MiB, 91 %
2026/08/30 07:02:29.887, 14661 MiB, 100 %
2026/08/30 07:02:31.887, 14661 MiB, 100 %
2026/08/30 07:02:33.888, 14661 MiB, 100 %
2026/08/30 07:02:35.888, 14661 MiB, 98 %
2026/08/30 07:02:37.888, 14661 MiB, 77 %
2026/08/30 07:02:39.889, 14661 MiB, 100 %
2026/08/30 07:02:41.889, 14661 MiB, 100 %
2026/08/30 07:02:43.890, 14661 MiB, 100 %
2026/08/30 07:02:45.890, 14661 MiB, 100 %
2026/08/30 07:02:47.891, 14661 MiB, 64 %
2026/08/30 07:02:49.891, 14661 MiB, 100 %
2026/08/30 07:02:51.891, 14661 MiB, 100 %
2026/08/30 07:02:53.892, 14661 MiB, 100 %
2026/08/30 07:02:55.892, 14661 MiB, 100 %
2026/08/30 07:02:57.893, 14661 MiB, 52 %
2026/08/30 07:02:59.893, 14661 MiB, 100 %
2026/08/30 07:03:01.893, 14661 MiB, 100 %
2026/08/30 07:03:03.894, 14661 MiB, 100 %
2026/08/30 07:03:05.894, 14661 MiB, 100 %
2026/08/30 07:03:07.894, 14661 MiB, 53 %
2026/08/30 07:03:09.895, 14661 MiB, 98 %
2026/08/30 07:03:11.895, 14661 MiB, 100 %
2026/08/30 07:03:13.897, 14661 MiB, 100 %
2026/08/30 07:03:15.897, 14661 MiB, 100 %
2026/08/30 07:03:17.897, 14661 MiB, 55 %
2026/08/30 07:03:19.898, 14661 MiB, 98 %
2026/08/30 07:03:21.898, 14661 MiB, 100 %
2026/08/30 07:03:23.899, 14661 MiB, 100 %
2026/08/30 07:03:25.899, 14661 MiB, 100 %
2026/08/30 07:03:27.899, 14661 MiB, 55 %
2026/08/30 07:03:29.900, 14661 MiB, 100 %
2026/08/30 07:03:31.900, 14661 MiB, 100 %
2026/08/30 07:03:33.901, 14661 MiB, 100 %
2026/08/30 07:03:35.901, 14661 MiB, 100 %
2026/08/30 07:03:37.901, 14661 MiB, 51 %
2026/08/30 07:03:39.902, 14661 MiB, 98 %
2026/08/30 07:03:41.902, 14661 MiB, 100 %
2026/08/30 07:03:43.903, 14661 MiB, 100 %
2026/08/30 07:03:45.903, 14661 MiB, 100 %
2026/08/30 07:03:47.903, 14661 MiB, 75 %
2026/08/30 07:03:49.904, 14661 MiB, 98 %
2026/08/30 07:03:51.904, 14661 MiB, 100 %
2026/08/30 07:03:53.905, 14661 MiB, 100 %
2026/08/30 07:03:55.905, 14661 MiB, 100 %
2026/08/30 07:03:57.905, 14661 MiB, 98 %
2026/08/30 07:03:59.906, 14661 MiB, 98 %
2026/08/30 07:04:01.906, 14661 MiB, 78 %
2026/08/30 07:04:03.906, 14661 MiB, 100 %
2026/08/30 07:04:05.907, 14661 MiB, 100 %
2026/08/30 07:04:07.907, 14661 MiB, 100 %
2026/08/30 07:04:09.908, 14661 MiB, 100 %
2026/08/30 07:04:11.908, 14661 MiB, 48 %
2026/08/30 07:04:13.908, 14661 MiB, 98 %
2026/08/30 07:04:15.909, 14661 MiB, 100 %
2026/08/30 07:04:17.909, 14661 MiB, 100 %
2026/08/30 07:04:19.909, 14661 MiB, 100 %
2026/08/30 07:04:21.910, 14661 MiB, 87 %
2026/08/30 07:04:23.910, 14661 MiB, 98 %
2026/08/30 07:04:25.910, 14661 MiB, 87 %
2026/08/30 07:04:27.911, 14661 MiB, 100 %
2026/08/30 07:04:29.911, 14661 MiB, 100 %
2026/08/30 07:04:31.911, 14661 MiB, 100 %
2026/08/30 07:04:33.912, 14661 MiB, 100 %
2026/08/30 07:04:35.912, 14661 MiB, 48 %
2026/08/30 07:04:37.912, 14661 MiB, 98 %
2026/08/30 07:04:39.913, 14661 MiB, 100 %
2026/08/30 07:04:41.913, 14661 MiB, 100 %
2026/08/30 07:04:43.914, 14661 MiB, 100 %
2026/08/30 07:04:45.914, 14661 MiB, 74 %
2026/08/30 07:04:47.914, 14661 MiB, 98 %
2026/08/30 07:04:49.915, 14661 MiB, 100 %
2026/08/30 07:04:51.915, 14661 MiB, 100 %
2026/08/30 07:04:53.915, 14661 MiB, 100 %
2026/08/30 07:04:55.916, 14661 MiB, 90 %
2026/08/30 07:04:57.916, 14661 MiB, 98 %
2026/08/30 07:04:59.938, 14661 MiB, 95 %
2026/08/30 07:05:01.938, 14661 MiB, 100 %
2026/08/30 07:05:03.939, 14661 MiB, 100 %
2026/08/30 07:05:05.939, 14661 MiB, 100 %
2026/08/30 07:05:07.939, 14661 MiB, 100 %
2026/08/30 07:05:09.940, 14661 MiB, 68 %
2026/08/30 07:05:11.940, 14661 MiB, 100 %
2026/08/30 07:05:13.941, 14661 MiB, 100 %
2026/08/30 07:05:15.941, 14661 MiB, 100 %
2026/08/30 07:05:17.941, 14661 MiB, 100 %
2026/08/30 07:05:19.942, 14661 MiB, 52 %
2026/08/30 07:05:21.942, 14661 MiB, 100 %
2026/08/30 07:05:23.942, 14661 MiB, 100 %
2026/08/30 07:05:25.943, 14661 MiB, 100 %
2026/08/30 07:05:27.943, 14661 MiB, 100 %
2026/08/30 07:05:29.944, 14661 MiB, 52 %
2026/08/30 07:05:31.944, 14661 MiB, 98 %
2026/08/30 07:05:33.944, 14661 MiB, 100 %
2026/08/30 07:05:35.945, 14661 MiB, 100 %
2026/08/30 07:05:37.945, 14661 MiB, 100 %
2026/08/30 07:05:39.946, 14661 MiB, 53 %
2026/08/30 07:05:41.946, 14661 MiB, 98 %
2026/08/30 07:05:43.946, 14661 MiB, 100 %
2026/08/30 07:05:45.947, 14661 MiB, 100 %
2026/08/30 07:05:47.947, 14661 MiB, 100 %
2026/08/30 07:05:49.947, 14661 MiB, 54 %
2026/08/30 07:05:51.948, 14661 MiB, 98 %
2026/08/30 07:05:53.948, 14661 MiB, 100 %
2026/08/30 07:05:55.949, 14661 MiB, 100 %
2026/08/30 07:05:57.949, 14661 MiB, 100 %
2026/08/30 07:05:59.949, 14661 MiB, 60 %
2026/08/30 07:06:01.950, 14661 MiB, 99 %
2026/08/30 07:06:03.950, 14661 MiB, 100 %
2026/08/30 07:06:05.951, 14661 MiB, 53 %
2026/08/30 07:06:07.951, 14661 MiB, 100 %
2026/08/30 07:06:09.951, 14661 MiB, 100 %
2026/08/30 07:06:11.952, 14661 MiB, 100 %
2026/08/30 07:06:13.952, 14661 MiB, 85 %
2026/08/30 07:06:15.953, 14661 MiB, 98 %
2026/08/30 07:06:17.953, 14661 MiB, 100 %
2026/08/30 07:06:19.953, 14661 MiB, 100 %
2026/08/30 07:06:21.954, 14661 MiB, 100 %
2026/08/30 07:06:23.954, 14661 MiB, 95 %
2026/08/30 07:06:25.955, 14661 MiB, 100 %
2026/08/30 07:06:27.955, 14661 MiB, 100 %
2026/08/30 07:06:29.955, 14661 MiB, 100 %
2026/08/30 07:06:31.956, 14661 MiB, 100 %
2026/08/30 07:06:33.956, 14661 MiB, 55 %
2026/08/30 07:06:35.956, 14661 MiB, 100 %
2026/08/30 07:06:37.957, 14661 MiB, 100 %
2026/08/30 07:06:39.957, 14661 MiB, 100 %
2026/08/30 07:06:41.958, 14661 MiB, 100 %
2026/08/30 07:06:43.958, 14661 MiB, 49 %
2026/08/30 07:06:45.958, 14661 MiB, 98 %
2026/08/30 07:06:47.959, 14661 MiB, 100 %
2026/08/30 07:06:49.959, 14661 MiB, 100 %
2026/08/30 07:06:51.960, 14661 MiB, 100 %
2026/08/30 07:06:53.960, 14661 MiB, 56 %
2026/08/30 07:06:55.961, 14661 MiB, 98 %
2026/08/30 07:06:57.961, 14661 MiB, 100 %
2026/08/30 07:06:59.961, 14661 MiB, 100 %
2026/08/30 07:07:01.962, 14661 MiB, 100 %
2026/08/30 07:07:03.962, 14661 MiB, 65 %
2026/08/30 07:07:05.963, 14661 MiB, 98 %
2026/08/30 07:07:07.964, 14661 MiB, 100 %
2026/08/30 07:07:09.964, 14661 MiB, 100 %
2026/08/30 07:07:11.965, 14661 MiB, 100 %
2026/08/30 07:07:13.965, 14661 MiB, 68 %
2026/08/30 07:07:15.966, 14661 MiB, 98 %
2026/08/30 07:07:17.966, 14661 MiB, 100 %
2026/08/30 07:07:19.966, 14661 MiB, 100 %
2026/08/30 07:07:21.967, 14661 MiB, 100 %
2026/08/30 07:07:23.967, 14661 MiB, 73 %
2026/08/30 07:07:25.967, 14661 MiB, 98 %
2026/08/30 07:07:27.968, 14661 MiB, 100 %
2026/08/30 07:07:29.968, 14661 MiB, 100 %
2026/08/30 07:07:31.969, 14661 MiB, 100 %
2026/08/30 07:07:33.969, 14661 MiB, 80 %
2026/08/30 07:07:35.969, 14661 MiB, 98 %
2026/08/30 07:07:37.970, 14661 MiB, 100 %
2026/08/30 07:07:39.970, 14661 MiB, 100 %
2026/08/30 07:07:41.971, 14661 MiB, 100 %
2026/08/30 07:07:43.971, 14661 MiB, 70 %
2026/08/30 07:07:45.972, 14661 MiB, 98 %
2026/08/30 07:07:47.972, 14661 MiB, 100 %
2026/08/30 07:07:49.972, 14661 MiB, 100 %
2026/08/30 07:07:51.973, 14661 MiB, 100 %
2026/08/30 07:07:53.973, 14661 MiB, 56 %
2026/08/30 07:07:55.973, 14661 MiB, 98 %
2026/08/30 07:07:57.974, 14661 MiB, 100 %
2026/08/30 07:07:59.974, 14661 MiB, 100 %
2026/08/30 07:08:01.975, 14661 MiB, 100 %
2026/08/30 07:08:03.975, 14661 MiB, 55 %
2026/08/30 07:08:05.976, 14661 MiB, 98 %
2026/08/30 07:08:07.976, 14661 MiB, 100 %
2026/08/30 07:08:09.976, 14661 MiB, 100 %
2026/08/30 07:08:11.977, 14661 MiB, 100 %
2026/08/30 07:08:13.977, 14661 MiB, 55 %
2026/08/30 07:08:15.977, 14661 MiB, 100 %
2026/08/30 07:08:17.978, 14661 MiB, 100 %
2026/08/30 07:08:19.978, 14661 MiB, 100 %
2026/08/30 07:08:21.979, 14661 MiB, 100 %
2026/08/30 07:08:23.979, 14661 MiB, 66 %
2026/08/30 07:08:25.979, 14661 MiB, 100 %
2026/08/30 07:08:27.980, 14661 MiB, 100 %
2026/08/30 07:08:29.980, 14661 MiB, 100 %
2026/08/30 07:08:31.980, 14661 MiB, 100 %
2026/08/30 07:08:33.981, 14661 MiB, 76 %
2026/08/30 07:08:35.981, 14661 MiB, 100 %
2026/08/30 07:08:37.982, 14661 MiB, 100 %
2026/08/30 07:08:39.982, 14661 MiB, 100 %
2026/08/30 07:08:41.982, 14661 MiB, 100 %
2026/08/30 07:08:43.983, 14661 MiB, 63 %
2026/08/30 07:08:45.983, 14661 MiB, 100 %
2026/08/30 07:08:47.984, 14661 MiB, 100 %
2026/08/30 07:08:49.984, 14661 MiB, 100 %
2026/08/30 07:08:51.984, 14661 MiB, 100 %
2026/08/30 07:08:53.985, 14661 MiB, 51 %
2026/08/30 07:08:55.985, 14661 MiB, 100 %
2026/08/30 07:08:57.985, 14661 MiB, 100 %
2026/08/30 07:08:59.986, 14661 MiB, 100 %
2026/08/30 07:09:01.986, 14661 MiB, 100 %
2026/08/30 07:09:03.987, 14661 MiB, 53 %
2026/08/30 07:09:05.987, 14661 MiB, 99 %
2026/08/30 07:09:07.987, 14661 MiB, 100 %
2026/08/30 07:09:09.988, 14661 MiB, 100 %
2026/08/30 07:09:11.988, 14661 MiB, 100 %
2026/08/30 07:09:13.989, 14661 MiB, 52 %
2026/08/30 07:09:15.989, 14661 MiB, 100 %
2026/08/30 07:09:17.989, 14661 MiB, 100 %
2026/08/30 07:09:19.990, 14661 MiB, 100 %
2026/08/30 07:09:21.990, 14661 MiB, 100 %
2026/08/30 07:09:23.991, 14661 MiB, 53 %
2026/08/30 07:09:25.991, 14661 MiB, 100 %
2026/08/30 07:09:27.991, 14661 MiB, 100 %
2026/08/30 07:09:29.992, 14661 MiB, 100 %
2026/08/30 07:09:31.992, 14661 MiB, 100 %
2026/08/30 07:09:33.992, 14661 MiB, 53 %
2026/08/30 07:09:35.993, 14661 MiB, 100 %
2026/08/30 07:09:37.993, 14661 MiB, 100 %
2026/08/30 07:09:39.993, 14661 MiB, 100 %
2026/08/30 07:09:41.994, 14661 MiB, 100 %
2026/08/30 07:09:43.994, 14661 MiB, 60 %
2026/08/30 07:09:45.994, 14661 MiB, 100 %
2026/08/30 07:09:47.994, 14661 MiB, 100 %
2026/08/30 07:09:49.995, 14661 MiB, 100 %
2026/08/30 07:09:51.995, 14661 MiB, 100 %
2026/08/30 07:09:53.995, 14661 MiB, 61 %
2026/08/30 07:09:55.996, 14661 MiB, 100 %
2026/08/30 07:09:57.996, 14661 MiB, 100 %
2026/08/30 07:09:59.996, 14661 MiB, 100 %
2026/08/30 07:10:01.997, 14661 MiB, 100 %
2026/08/30 07:10:03.997, 14661 MiB, 59 %
2026/08/30 07:10:05.997, 14661 MiB, 100 %
2026/08/30 07:10:07.998, 14661 MiB, 100 %
2026/08/30 07:10:09.998, 14661 MiB, 100 %
2026/08/30 07:10:11.999, 14661 MiB, 100 %
2026/08/30 07:10:13.999, 14661 MiB, 60 %
2026/08/30 07:10:16.000, 14661 MiB, 100 %
2026/08/30 07:10:18.000, 14661 MiB, 100 %
2026/08/30 07:10:20.000, 14661 MiB, 100 %
2026/08/30 07:10:22.001, 14661 MiB, 100 %
2026/08/30 07:10:24.001, 14661 MiB, 68 %
2026/08/30 07:10:26.001, 14661 MiB, 100 %
2026/08/30 07:10:28.002, 14661 MiB, 100 %
2026/08/30 07:10:30.002, 14661 MiB, 100 %
2026/08/30 07:10:32.003, 14661 MiB, 100 %
2026/08/30 07:10:34.003, 14661 MiB, 74 %
2026/08/30 07:10:36.003, 14661 MiB, 100 %
2026/08/30 07:10:38.004, 14661 MiB, 100 %
2026/08/30 07:10:40.004, 14661 MiB, 100 %
2026/08/30 07:10:42.004, 14661 MiB, 100 %
2026/08/30 07:10:44.005, 14661 MiB, 83 %
2026/08/30 07:10:46.005, 14661 MiB, 100 %
2026/08/30 07:10:48.005, 14661 MiB, 100 %
2026/08/30 07:10:50.006, 14661 MiB, 100 %
2026/08/30 07:10:52.006, 14661 MiB, 98 %
2026/08/30 07:10:54.007, 14661 MiB, 89 %
2026/08/30 07:10:56.007, 14661 MiB, 100 %
2026/08/30 07:10:58.007, 14661 MiB, 100 %
2026/08/30 07:11:00.008, 14661 MiB, 53 %
2026/08/30 07:11:02.008, 14661 MiB, 100 %
2026/08/30 07:11:04.009, 14661 MiB, 100 %
2026/08/30 07:11:06.009, 14661 MiB, 100 %
2026/08/30 07:11:08.009, 14661 MiB, 100 %
2026/08/30 07:11:10.010, 14661 MiB, 53 %
2026/08/30 07:11:12.010, 14661 MiB, 100 %
2026/08/30 07:11:14.010, 14661 MiB, 100 %
2026/08/30 07:11:16.011, 14661 MiB, 100 %
2026/08/30 07:11:18.011, 14661 MiB, 100 %
2026/08/30 07:11:20.012, 14661 MiB, 54 %
2026/08/30 07:11:22.012, 14661 MiB, 100 %
2026/08/30 07:11:24.012, 14661 MiB, 100 %
2026/08/30 07:11:26.013, 14661 MiB, 100 %
2026/08/30 07:11:28.013, 14661 MiB, 100 %
2026/08/30 07:11:30.013, 14661 MiB, 60 %
2026/08/30 07:11:32.014, 14661 MiB, 100 %
2026/08/30 07:11:34.014, 14661 MiB, 100 %
2026/08/30 07:11:36.015, 14661 MiB, 100 %
2026/08/30 07:11:38.015, 14661 MiB, 100 %
2026/08/30 07:11:40.015, 14661 MiB, 67 %
2026/08/30 07:11:42.016, 14661 MiB, 100 %
2026/08/30 07:11:44.016, 14661 MiB, 100 %
2026/08/30 07:11:46.017, 14661 MiB, 100 %
2026/08/30 07:11:48.017, 14661 MiB, 100 %
2026/08/30 07:11:50.017, 14661 MiB, 67 %
2026/08/30 07:11:52.018, 14661 MiB, 100 %
2026/08/30 07:11:54.018, 14661 MiB, 100 %
2026/08/30 07:11:56.019, 14661 MiB, 100 %
2026/08/30 07:11:58.019, 14661 MiB, 100 %
2026/08/30 07:12:00.019, 14661 MiB, 71 %
2026/08/30 07:12:02.020, 14661 MiB, 100 %
2026/08/30 07:12:04.020, 14661 MiB, 100 %
2026/08/30 07:12:06.020, 14661 MiB, 100 %
2026/08/30 07:12:08.021, 14661 MiB, 100 %
2026/08/30 07:12:10.021, 14661 MiB, 69 %
2026/08/30 07:12:12.022, 14661 MiB, 100 %
2026/08/30 07:12:14.022, 14661 MiB, 100 %
2026/08/30 07:12:16.022, 14661 MiB, 100 %
2026/08/30 07:12:18.023, 14661 MiB, 100 %
2026/08/30 07:12:20.023, 14661 MiB, 69 %
2026/08/30 07:12:22.023, 14661 MiB, 100 %
2026/08/30 07:12:24.024, 14661 MiB, 100 %
2026/08/30 07:12:26.024, 14661 MiB, 100 %
2026/08/30 07:12:28.025, 14661 MiB, 100 %
2026/08/30 07:12:30.025, 14661 MiB, 65 %
2026/08/30 07:12:32.025, 14661 MiB, 100 %
2026/08/30 07:12:34.026, 14661 MiB, 100 %
2026/08/30 07:12:36.026, 14661 MiB, 100 %
2026/08/30 07:12:38.027, 14661 MiB, 100 %
2026/08/30 07:12:40.027, 14661 MiB, 60 %
2026/08/30 07:12:42.027, 14661 MiB, 100 %
2026/08/30 07:12:44.028, 14661 MiB, 100 %
2026/08/30 07:12:46.028, 14661 MiB, 100 %
2026/08/30 07:12:48.029, 14661 MiB, 100 %
2026/08/30 07:12:50.029, 14661 MiB, 55 %
2026/08/30 07:12:52.029, 14661 MiB, 100 %
2026/08/30 07:12:54.030, 14661 MiB, 100 %
2026/08/30 07:12:56.030, 14661 MiB, 100 %
2026/08/30 07:12:58.031, 14661 MiB, 100 %
2026/08/30 07:13:00.031, 14661 MiB, 49 %
2026/08/30 07:13:02.032, 14661 MiB, 100 %
2026/08/30 07:13:04.032, 14661 MiB, 100 %
2026/08/30 07:13:06.032, 14661 MiB, 100 %
2026/08/30 07:13:08.033, 14661 MiB, 100 %
2026/08/30 07:13:10.033, 14661 MiB, 62 %
2026/08/30 07:13:12.034, 14661 MiB, 100 %
2026/08/30 07:13:14.034, 14661 MiB, 100 %
2026/08/30 07:13:16.034, 14661 MiB, 100 %
2026/08/30 07:13:18.035, 14661 MiB, 100 %
2026/08/30 07:13:20.035, 14661 MiB, 69 %
2026/08/30 07:13:22.036, 14661 MiB, 100 %
2026/08/30 07:13:24.036, 14661 MiB, 100 %
2026/08/30 07:13:26.036, 14661 MiB, 100 %
2026/08/30 07:13:28.037, 14661 MiB, 100 %
2026/08/30 07:13:30.037, 14661 MiB, 54 %
2026/08/30 07:13:32.038, 14661 MiB, 100 %
2026/08/30 07:13:34.038, 14661 MiB, 100 %
2026/08/30 07:13:36.038, 14661 MiB, 100 %
2026/08/30 07:13:38.039, 14661 MiB, 100 %
2026/08/30 07:13:40.039, 14661 MiB, 51 %
2026/08/30 07:13:42.040, 14661 MiB, 100 %
2026/08/30 07:13:44.040, 14661 MiB, 100 %
2026/08/30 07:13:46.040, 14661 MiB, 100 %
2026/08/30 07:13:48.041, 14661 MiB, 100 %
2026/08/30 07:13:50.041, 14661 MiB, 53 %
2026/08/30 07:13:52.042, 14661 MiB, 100 %
2026/08/30 07:13:54.042, 14661 MiB, 100 %
2026/08/30 07:13:56.042, 14661 MiB, 100 %
2026/08/30 07:13:58.043, 14661 MiB, 100 %
2026/08/30 07:14:00.043, 14661 MiB, 53 %
2026/08/30 07:14:02.044, 14661 MiB, 100 %
2026/08/30 07:14:04.044, 14661 MiB, 100 %
2026/08/30 07:14:06.044, 14661 MiB, 100 %
2026/08/30 07:14:08.045, 14661 MiB, 100 %
2026/08/30 07:14:10.045, 14661 MiB, 53 %
2026/08/30 07:14:12.046, 14661 MiB, 100 %
2026/08/30 07:14:14.046, 14661 MiB, 100 %
2026/08/30 07:14:16.046, 14661 MiB, 100 %
2026/08/30 07:14:18.047, 14661 MiB, 100 %
2026/08/30 07:14:20.047, 14661 MiB, 53 %
2026/08/30 07:14:22.047, 14661 MiB, 100 %
2026/08/30 07:14:24.048, 14661 MiB, 100 %
2026/08/30 07:14:26.048, 14661 MiB, 100 %
2026/08/30 07:14:28.049, 14661 MiB, 100 %
2026/08/30 07:14:30.049, 14661 MiB, 52 %
2026/08/30 07:14:32.050, 14661 MiB, 100 %
2026/08/30 07:14:34.050, 14661 MiB, 100 %
2026/08/30 07:14:36.050, 14661 MiB, 100 %
2026/08/30 07:14:38.051, 14661 MiB, 100 %
2026/08/30 07:14:40.051, 14661 MiB, 53 %
2026/08/30 07:14:42.052, 14661 MiB, 98 %
2026/08/30 07:14:44.052, 14661 MiB, 100 %
2026/08/30 07:14:46.052, 14661 MiB, 100 %
2026/08/30 07:14:48.053, 14661 MiB, 100 %
2026/08/30 07:14:50.053, 14661 MiB, 52 %
2026/08/30 07:14:52.053, 14661 MiB, 99 %
2026/08/30 07:14:54.054, 14661 MiB, 100 %
2026/08/30 07:14:56.054, 14661 MiB, 100 %
2026/08/30 07:14:58.055, 14661 MiB, 100 %
2026/08/30 07:15:00.055, 14661 MiB, 51 %
2026/08/30 07:15:02.055, 14661 MiB, 98 %
2026/08/30 07:15:04.056, 14661 MiB, 100 %
2026/08/30 07:15:06.056, 14661 MiB, 100 %
2026/08/30 07:15:08.057, 14661 MiB, 100 %
2026/08/30 07:15:10.057, 14661 MiB, 54 %
2026/08/30 07:15:12.057, 14661 MiB, 98 %
2026/08/30 07:15:14.058, 14661 MiB, 100 %
2026/08/30 07:15:16.058, 14661 MiB, 100 %
2026/08/30 07:15:18.058, 14661 MiB, 100 %
2026/08/30 07:15:20.059, 14661 MiB, 61 %
2026/08/30 07:15:22.059, 14661 MiB, 98 %
2026/08/30 07:15:24.060, 14661 MiB, 100 %
2026/08/30 07:15:26.061, 14661 MiB, 100 %
2026/08/30 07:15:28.061, 14661 MiB, 100 %
2026/08/30 07:15:30.062, 14661 MiB, 73 %
2026/08/30 07:15:32.062, 14661 MiB, 98 %
2026/08/30 07:15:34.063, 14661 MiB, 100 %
2026/08/30 07:15:36.063, 14661 MiB, 100 %
2026/08/30 07:15:38.063, 14661 MiB, 100 %
2026/08/30 07:15:40.064, 14661 MiB, 70 %
2026/08/30 07:15:42.064, 14661 MiB, 100 %
2026/08/30 07:15:44.065, 14661 MiB, 100 %
2026/08/30 07:15:46.065, 14661 MiB, 100 %
2026/08/30 07:15:48.066, 14661 MiB, 100 %
2026/08/30 07:15:50.066, 14661 MiB, 64 %
2026/08/30 07:15:52.066, 14661 MiB, 100 %
2026/08/30 07:15:54.067, 14661 MiB, 100 %
2026/08/30 07:15:56.067, 14661 MiB, 100 %
2026/08/30 07:15:58.067, 14661 MiB, 100 %
2026/08/30 07:16:00.068, 14661 MiB, 56 %
2026/08/30 07:16:02.068, 14661 MiB, 100 %
2026/08/30 07:16:04.069, 14661 MiB, 100 %
2026/08/30 07:16:06.069, 14661 MiB, 100 %
2026/08/30 07:16:08.069, 14661 MiB, 100 %
2026/08/30 07:16:10.070, 14661 MiB, 54 %
2026/08/30 07:16:12.070, 14661 MiB, 99 %
2026/08/30 07:16:14.071, 14661 MiB, 100 %
2026/08/30 07:16:16.071, 14661 MiB, 100 %
2026/08/30 07:16:18.071, 14661 MiB, 100 %
2026/08/30 07:16:20.072, 14661 MiB, 54 %
2026/08/30 07:16:22.072, 14661 MiB, 99 %
2026/08/30 07:16:24.073, 14661 MiB, 100 %
2026/08/30 07:16:26.073, 14661 MiB, 100 %
2026/08/30 07:16:28.073, 14661 MiB, 100 %
2026/08/30 07:16:30.074, 14661 MiB, 62 %
2026/08/30 07:16:32.074, 14661 MiB, 98 %
2026/08/30 07:16:34.075, 14661 MiB, 100 %
2026/08/30 07:16:36.075, 14661 MiB, 100 %
2026/08/30 07:16:38.076, 14661 MiB, 100 %
2026/08/30 07:16:40.076, 14661 MiB, 79 %
2026/08/30 07:16:42.108, 14661 MiB, 98 %
2026/08/30 07:16:44.109, 14661 MiB, 100 %
2026/08/30 07:16:46.109, 14661 MiB, 100 %
2026/08/30 07:16:48.110, 14661 MiB, 100 %
2026/08/30 07:16:50.110, 14661 MiB, 90 %
2026/08/30 07:16:52.111, 14661 MiB, 98 %
2026/08/30 07:16:54.111, 14661 MiB, 100 %
2026/08/30 07:16:56.111, 14661 MiB, 100 %
2026/08/30 07:16:58.112, 14661 MiB, 100 %
2026/08/30 07:17:00.112, 14661 MiB, 93 %
2026/08/30 07:17:02.113, 14661 MiB, 98 %
2026/08/30 07:17:04.113, 14661 MiB, 98 %
2026/08/30 07:17:06.113, 14661 MiB, 100 %
2026/08/30 07:17:08.114, 14661 MiB, 100 %
2026/08/30 07:17:10.114, 14661 MiB, 99 %
2026/08/30 07:17:12.114, 14661 MiB, 99 %
2026/08/30 07:17:14.115, 14661 MiB, 92 %
2026/08/30 07:17:16.115, 14661 MiB, 100 %
2026/08/30 07:17:18.116, 14661 MiB, 100 %
2026/08/30 07:17:20.116, 14661 MiB, 100 %
2026/08/30 07:17:22.116, 14661 MiB, 98 %
2026/08/30 07:17:24.117, 14661 MiB, 83 %
2026/08/30 07:17:26.117, 14661 MiB, 100 %
2026/08/30 07:17:28.118, 14661 MiB, 100 %
2026/08/30 07:17:30.118, 14661 MiB, 100 %
2026/08/30 07:17:32.119, 14661 MiB, 100 %
2026/08/30 07:17:34.119, 14661 MiB, 65 %
2026/08/30 07:17:36.119, 14661 MiB, 100 %
2026/08/30 07:17:38.120, 14661 MiB, 100 %
2026/08/30 07:17:40.120, 14661 MiB, 100 %
2026/08/30 07:17:42.120, 14661 MiB, 100 %
2026/08/30 07:17:44.121, 14661 MiB, 43 %
2026/08/30 07:17:46.122, 14661 MiB, 100 %
2026/08/30 07:17:48.122, 14661 MiB, 100 %
2026/08/30 07:17:50.122, 14661 MiB, 100 %
2026/08/30 07:17:52.123, 14661 MiB, 100 %
2026/08/30 07:17:54.123, 14661 MiB, 53 %
2026/08/30 07:17:56.123, 14661 MiB, 99 %
2026/08/30 07:17:58.124, 14661 MiB, 100 %
2026/08/30 07:18:00.124, 14661 MiB, 100 %
2026/08/30 07:18:02.125, 14661 MiB, 100 %
2026/08/30 07:18:04.125, 14661 MiB, 61 %
2026/08/30 07:18:06.125, 14661 MiB, 98 %
2026/08/30 07:18:08.125, 14661 MiB, 100 %
2026/08/30 07:18:10.126, 14661 MiB, 100 %
2026/08/30 07:18:12.126, 14661 MiB, 100 %
2026/08/30 07:18:14.126, 14661 MiB, 82 %
2026/08/30 07:18:16.127, 14661 MiB, 98 %
2026/08/30 07:18:18.127, 14661 MiB, 100 %
2026/08/30 07:18:20.127, 14661 MiB, 100 %
2026/08/30 07:18:22.128, 14661 MiB, 100 %
2026/08/30 07:18:24.128, 14661 MiB, 93 %
2026/08/30 07:18:26.128, 14661 MiB, 98 %
2026/08/30 07:18:28.129, 14661 MiB, 89 %
2026/08/30 07:18:30.129, 14661 MiB, 100 %
2026/08/30 07:18:32.130, 14661 MiB, 100 %
2026/08/30 07:18:34.130, 14661 MiB, 100 %
2026/08/30 07:18:36.131, 14661 MiB, 99 %
2026/08/30 07:18:38.131, 14661 MiB, 82 %
2026/08/30 07:18:40.131, 14661 MiB, 100 %
2026/08/30 07:18:42.132, 14661 MiB, 100 %
2026/08/30 07:18:44.132, 14661 MiB, 100 %
2026/08/30 07:18:46.133, 14661 MiB, 100 %
2026/08/30 07:18:48.133, 14661 MiB, 73 %
2026/08/30 07:18:50.133, 14661 MiB, 100 %
2026/08/30 07:18:52.134, 14661 MiB, 100 %
2026/08/30 07:18:54.134, 14661 MiB, 100 %
2026/08/30 07:18:56.135, 14661 MiB, 0 %
2026/08/30 07:18:58.135, 14661 MiB, 100 %
2026/08/30 07:19:00.135, 14661 MiB, 100 %
2026/08/30 07:19:02.136, 14661 MiB, 78 %
2026/08/30 07:19:04.136, 14661 MiB, 100 %
2026/08/30 07:19:06.137, 14661 MiB, 100 %
2026/08/30 07:19:08.137, 14661 MiB, 100 %
2026/08/30 07:19:10.137, 14661 MiB, 100 %
2026/08/30 07:19:12.138, 14661 MiB, 64 %
2026/08/30 07:19:14.138, 14661 MiB, 100 %
2026/08/30 07:19:16.139, 14661 MiB, 100 %
2026/08/30 07:19:18.139, 14661 MiB, 100 %
2026/08/30 07:19:20.139, 14661 MiB, 100 %
2026/08/30 07:19:22.140, 14661 MiB, 48 %
2026/08/30 07:19:24.140, 14661 MiB, 100 %
2026/08/30 07:19:26.140, 14661 MiB, 100 %
2026/08/30 07:19:28.141, 14661 MiB, 100 %
2026/08/30 07:19:30.141, 14661 MiB, 100 %
2026/08/30 07:19:32.142, 14661 MiB, 53 %
2026/08/30 07:19:34.142, 14661 MiB, 98 %
2026/08/30 07:19:36.142, 14661 MiB, 100 %
2026/08/30 07:19:38.143, 14661 MiB, 100 %
2026/08/30 07:19:40.143, 14661 MiB, 100 %
2026/08/30 07:19:42.144, 14661 MiB, 55 %
2026/08/30 07:19:44.144, 14661 MiB, 98 %
2026/08/30 07:19:46.145, 14661 MiB, 100 %
2026/08/30 07:19:48.145, 14661 MiB, 100 %
2026/08/30 07:19:50.146, 14661 MiB, 100 %
2026/08/30 07:19:52.146, 14661 MiB, 54 %
2026/08/30 07:19:54.146, 14661 MiB, 100 %
2026/08/30 07:19:56.147, 14661 MiB, 100 %
2026/08/30 07:19:58.147, 14661 MiB, 100 %
2026/08/30 07:20:00.147, 14661 MiB, 100 %
2026/08/30 07:20:02.148, 14661 MiB, 61 %
2026/08/30 07:20:04.148, 14661 MiB, 100 %
2026/08/30 07:20:06.149, 14661 MiB, 100 %
2026/08/30 07:20:08.149, 14661 MiB, 56 %
2026/08/30 07:20:10.149, 14661 MiB, 98 %
2026/08/30 07:20:12.150, 14661 MiB, 100 %
2026/08/30 07:20:14.150, 14661 MiB, 100 %
2026/08/30 07:20:16.150, 14661 MiB, 100 %
2026/08/30 07:20:18.151, 14661 MiB, 62 %
2026/08/30 07:20:20.151, 14661 MiB, 98 %
2026/08/30 07:20:22.152, 14661 MiB, 100 %
2026/08/30 07:20:24.152, 14661 MiB, 100 %
2026/08/30 07:20:26.152, 14661 MiB, 100 %
2026/08/30 07:20:28.153, 14661 MiB, 74 %
2026/08/30 07:20:30.153, 14661 MiB, 99 %
2026/08/30 07:20:32.153, 14661 MiB, 100 %
2026/08/30 07:20:34.154, 14661 MiB, 100 %
2026/08/30 07:20:36.154, 14661 MiB, 100 %
2026/08/30 07:20:38.155, 14661 MiB, 65 %
2026/08/30 07:20:40.155, 14661 MiB, 98 %
2026/08/30 07:20:42.156, 14661 MiB, 100 %
2026/08/30 07:20:44.156, 14661 MiB, 100 %
2026/08/30 07:20:46.156, 14661 MiB, 100 %
2026/08/30 07:20:48.157, 14661 MiB, 58 %
2026/08/30 07:20:50.157, 14661 MiB, 98 %
2026/08/30 07:20:52.157, 14661 MiB, 100 %
2026/08/30 07:20:54.158, 14661 MiB, 100 %
2026/08/30 07:20:56.158, 14661 MiB, 100 %
2026/08/30 07:20:58.159, 14661 MiB, 74 %
2026/08/30 07:21:00.159, 14661 MiB, 98 %
2026/08/30 07:21:02.160, 14661 MiB, 100 %
2026/08/30 07:21:04.160, 14661 MiB, 100 %
2026/08/30 07:21:06.160, 14661 MiB, 100 %
2026/08/30 07:21:08.161, 14661 MiB, 94 %
2026/08/30 07:21:10.161, 14661 MiB, 99 %
2026/08/30 07:21:12.161, 14661 MiB, 93 %
2026/08/30 07:21:14.162, 14661 MiB, 100 %
2026/08/30 07:21:16.162, 14661 MiB, 100 %
2026/08/30 07:21:18.163, 14661 MiB, 100 %
2026/08/30 07:21:20.163, 14661 MiB, 99 %
2026/08/30 07:21:22.163, 14661 MiB, 79 %
2026/08/30 07:21:24.164, 14661 MiB, 100 %
2026/08/30 07:21:26.164, 14661 MiB, 100 %
2026/08/30 07:21:28.164, 14661 MiB, 100 %
2026/08/30 07:21:30.165, 14661 MiB, 100 %
2026/08/30 07:21:32.165, 14661 MiB, 62 %
2026/08/30 07:21:34.165, 14661 MiB, 100 %
2026/08/30 07:21:36.166, 14661 MiB, 100 %
2026/08/30 07:21:38.166, 14661 MiB, 100 %
2026/08/30 07:21:40.167, 14661 MiB, 100 %
2026/08/30 07:21:42.167, 14661 MiB, 52 %
2026/08/30 07:21:44.167, 14661 MiB, 100 %
2026/08/30 07:21:46.168, 14661 MiB, 100 %
2026/08/30 07:21:48.168, 14661 MiB, 100 %
2026/08/30 07:21:50.168, 14661 MiB, 100 %
2026/08/30 07:21:52.169, 14661 MiB, 50 %
2026/08/30 07:21:54.169, 14661 MiB, 99 %
2026/08/30 07:21:56.170, 14661 MiB, 100 %
2026/08/30 07:21:58.170, 14661 MiB, 100 %
2026/08/30 07:22:00.170, 14661 MiB, 100 %
2026/08/30 07:22:02.171, 14661 MiB, 66 %
2026/08/30 07:22:04.171, 14661 MiB, 99 %
2026/08/30 07:22:06.172, 14661 MiB, 100 %
2026/08/30 07:22:08.172, 14661 MiB, 100 %
2026/08/30 07:22:10.172, 14661 MiB, 100 %
2026/08/30 07:22:12.173, 14661 MiB, 79 %
2026/08/30 07:22:14.173, 14661 MiB, 98 %
2026/08/30 07:22:16.174, 14661 MiB, 100 %
2026/08/30 07:22:18.174, 14661 MiB, 100 %
2026/08/30 07:22:20.175, 14661 MiB, 100 %
2026/08/30 07:22:22.175, 14661 MiB, 94 %
2026/08/30 07:22:24.175, 14661 MiB, 99 %
2026/08/30 07:22:26.176, 14661 MiB, 93 %
2026/08/30 07:22:28.176, 14661 MiB, 100 %
2026/08/30 07:22:30.176, 14661 MiB, 100 %
2026/08/30 07:22:32.177, 14661 MiB, 100 %
2026/08/30 07:22:34.177, 14661 MiB, 100 %
2026/08/30 07:22:36.178, 14661 MiB, 76 %
2026/08/30 07:22:38.178, 14661 MiB, 100 %
2026/08/30 07:22:40.178, 14661 MiB, 100 %
2026/08/30 07:22:42.179, 14661 MiB, 100 %
2026/08/30 07:22:44.184, 14661 MiB, 100 %
2026/08/30 07:22:46.185, 14661 MiB, 62 %
2026/08/30 07:22:48.185, 14661 MiB, 100 %
2026/08/30 07:22:50.186, 14661 MiB, 100 %
2026/08/30 07:22:52.186, 14661 MiB, 100 %
2026/08/30 07:22:54.186, 14661 MiB, 100 %
2026/08/30 07:22:56.187, 14661 MiB, 53 %
2026/08/30 07:22:58.187, 14661 MiB, 100 %
2026/08/30 07:23:00.187, 14661 MiB, 100 %
2026/08/30 07:23:02.188, 14661 MiB, 100 %
2026/08/30 07:23:04.188, 14661 MiB, 100 %
2026/08/30 07:23:06.189, 14661 MiB, 53 %
2026/08/30 07:23:08.190, 14661 MiB, 98 %
2026/08/30 07:23:10.190, 14661 MiB, 100 %
2026/08/30 07:23:12.190, 14661 MiB, 100 %
2026/08/30 07:23:14.191, 14661 MiB, 100 %
2026/08/30 07:23:16.191, 14661 MiB, 53 %
2026/08/30 07:23:18.191, 14661 MiB, 98 %
2026/08/30 07:23:20.192, 14661 MiB, 100 %
2026/08/30 07:23:22.193, 14661 MiB, 100 %
2026/08/30 07:23:24.193, 14661 MiB, 100 %
2026/08/30 07:23:26.193, 14661 MiB, 59 %
2026/08/30 07:23:28.194, 14661 MiB, 99 %
2026/08/30 07:23:30.194, 14661 MiB, 100 %
2026/08/30 07:23:32.195, 14661 MiB, 100 %
2026/08/30 07:23:34.195, 14661 MiB, 100 %
2026/08/30 07:23:36.195, 14661 MiB, 65 %
2026/08/30 07:23:38.196, 14661 MiB, 98 %
2026/08/30 07:23:40.196, 14661 MiB, 100 %
2026/08/30 07:23:42.196, 14661 MiB, 100 %
2026/08/30 07:23:44.197, 14661 MiB, 100 %
2026/08/30 07:23:46.198, 14661 MiB, 74 %
2026/08/30 07:23:48.198, 14661 MiB, 98 %
2026/08/30 07:23:50.198, 14661 MiB, 100 %
2026/08/30 07:23:52.199, 14661 MiB, 100 %
2026/08/30 07:23:54.229, 14661 MiB, 100 %
2026/08/30 07:23:56.229, 14661 MiB, 79 %
2026/08/30 07:23:58.230, 14661 MiB, 99 %
2026/08/30 07:24:00.230, 14661 MiB, 100 %
2026/08/30 07:24:02.231, 14661 MiB, 100 %
2026/08/30 07:24:04.231, 14661 MiB, 100 %
2026/08/30 07:24:06.231, 14661 MiB, 94 %
2026/08/30 07:24:08.232, 14661 MiB, 98 %
2026/08/30 07:24:10.232, 14661 MiB, 90 %
2026/08/30 07:24:12.233, 14661 MiB, 100 %
2026/08/30 07:24:14.233, 14661 MiB, 100 %
2026/08/30 07:24:16.233, 14661 MiB, 100 %
2026/08/30 07:24:18.234, 14661 MiB, 100 %
2026/08/30 07:24:20.234, 14661 MiB, 73 %
2026/08/30 07:24:22.234, 14661 MiB, 100 %
2026/08/30 07:24:24.235, 14661 MiB, 100 %
2026/08/30 07:24:26.235, 14661 MiB, 100 %
2026/08/30 07:24:28.236, 14661 MiB, 100 %
2026/08/30 07:24:30.236, 14661 MiB, 53 %
2026/08/30 07:24:32.236, 14661 MiB, 100 %
2026/08/30 07:24:34.237, 14661 MiB, 100 %
2026/08/30 07:24:36.237, 14661 MiB, 100 %
2026/08/30 07:24:38.238, 14661 MiB, 100 %
2026/08/30 07:24:40.238, 14661 MiB, 100 %
2026/08/30 07:24:42.238, 14661 MiB, 100 %
2026/08/30 07:24:44.239, 14661 MiB, 100 %
2026/08/30 07:24:46.239, 14661 MiB, 94 %
2026/08/30 07:24:48.240, 14661 MiB, 99 %
2026/08/30 07:24:50.240, 14661 MiB, 96 %
2026/08/30 07:24:52.240, 14661 MiB, 100 %
2026/08/30 07:24:54.241, 14661 MiB, 100 %
2026/08/30 07:24:56.241, 14661 MiB, 100 %
2026/08/30 07:24:58.242, 14661 MiB, 99 %
2026/08/30 07:25:00.242, 14661 MiB, 78 %
2026/08/30 07:25:02.242, 14661 MiB, 100 %
2026/08/30 07:25:04.243, 14661 MiB, 100 %
2026/08/30 07:25:06.243, 14661 MiB, 100 %
2026/08/30 07:25:08.243, 14661 MiB, 100 %
2026/08/30 07:25:10.244, 14661 MiB, 62 %
2026/08/30 07:25:12.244, 14661 MiB, 100 %
2026/08/30 07:25:14.245, 14661 MiB, 100 %
2026/08/30 07:25:16.245, 14661 MiB, 100 %
2026/08/30 07:25:18.246, 14661 MiB, 100 %
2026/08/30 07:25:20.246, 14661 MiB, 45 %
2026/08/30 07:25:22.247, 14661 MiB, 99 %
2026/08/30 07:25:24.247, 14661 MiB, 100 %
2026/08/30 07:25:26.247, 14661 MiB, 100 %
2026/08/30 07:25:28.248, 14661 MiB, 100 %
2026/08/30 07:25:30.248, 14661 MiB, 55 %
2026/08/30 07:25:32.248, 14661 MiB, 98 %
2026/08/30 07:25:34.249, 14661 MiB, 100 %
2026/08/30 07:25:36.249, 14661 MiB, 100 %
2026/08/30 07:25:38.250, 14661 MiB, 100 %
2026/08/30 07:25:40.250, 14661 MiB, 73 %
2026/08/30 07:25:42.250, 14661 MiB, 98 %
2026/08/30 07:25:44.251, 14661 MiB, 100 %
2026/08/30 07:25:46.251, 14661 MiB, 100 %
2026/08/30 07:25:48.251, 14661 MiB, 100 %
2026/08/30 07:25:50.252, 14661 MiB, 94 %
2026/08/30 07:25:52.252, 14661 MiB, 98 %
2026/08/30 07:25:54.253, 14661 MiB, 88 %
2026/08/30 07:25:56.253, 14661 MiB, 100 %
2026/08/30 07:25:58.253, 14661 MiB, 100 %
2026/08/30 07:26:00.254, 14661 MiB, 100 %
2026/08/30 07:26:02.254, 14661 MiB, 100 %
2026/08/30 07:26:04.254, 14661 MiB, 70 %
2026/08/30 07:26:06.255, 14661 MiB, 100 %
2026/08/30 07:26:08.255, 14661 MiB, 100 %
2026/08/30 07:26:10.256, 14661 MiB, 100 %
2026/08/30 07:26:12.256, 14661 MiB, 100 %
2026/08/30 07:26:14.256, 14661 MiB, 52 %
2026/08/30 07:26:16.257, 14661 MiB, 100 %
2026/08/30 07:26:18.257, 14661 MiB, 100 %
2026/08/30 07:26:20.258, 14661 MiB, 100 %
2026/08/30 07:26:22.258, 14661 MiB, 100 %
2026/08/30 07:26:24.258, 14661 MiB, 53 %
2026/08/30 07:26:26.259, 14661 MiB, 98 %
2026/08/30 07:26:28.259, 14661 MiB, 100 %
2026/08/30 07:26:30.260, 14661 MiB, 100 %
2026/08/30 07:26:32.260, 14661 MiB, 100 %
2026/08/30 07:26:34.260, 14661 MiB, 65 %
2026/08/30 07:26:36.261, 14661 MiB, 98 %
2026/08/30 07:26:38.261, 14661 MiB, 100 %
2026/08/30 07:26:40.262, 14661 MiB, 100 %
2026/08/30 07:26:42.262, 14661 MiB, 100 %
2026/08/30 07:26:44.262, 14661 MiB, 88 %
2026/08/30 07:26:46.263, 14661 MiB, 98 %
2026/08/30 07:26:48.263, 14661 MiB, 100 %
2026/08/30 07:26:50.263, 14661 MiB, 100 %
2026/08/30 07:26:52.264, 14661 MiB, 100 %
2026/08/30 07:26:54.264, 14661 MiB, 100 %
2026/08/30 07:26:56.265, 14661 MiB, 98 %
2026/08/30 07:26:58.265, 14661 MiB, 86 %
2026/08/30 07:27:00.266, 14661 MiB, 100 %
2026/08/30 07:27:02.266, 14661 MiB, 100 %
2026/08/30 07:27:04.266, 14661 MiB, 100 %
2026/08/30 07:27:06.267, 14661 MiB, 100 %
2026/08/30 07:27:08.267, 14661 MiB, 65 %
2026/08/30 07:27:10.267, 14661 MiB, 100 %
2026/08/30 07:27:12.268, 14661 MiB, 100 %
2026/08/30 07:27:14.268, 14661 MiB, 100 %
2026/08/30 07:27:16.269, 14661 MiB, 100 %
2026/08/30 07:27:18.269, 14661 MiB, 54 %
2026/08/30 07:27:20.269, 14661 MiB, 100 %
2026/08/30 07:27:22.270, 14661 MiB, 100 %
2026/08/30 07:27:24.270, 14661 MiB, 100 %
2026/08/30 07:27:26.271, 14661 MiB, 100 %
2026/08/30 07:27:28.271, 14661 MiB, 53 %
2026/08/30 07:27:30.271, 14661 MiB, 98 %
2026/08/30 07:27:32.272, 14661 MiB, 100 %
2026/08/30 07:27:34.272, 14661 MiB, 100 %
2026/08/30 07:27:36.273, 14661 MiB, 100 %
2026/08/30 07:27:38.273, 14661 MiB, 63 %
2026/08/30 07:27:40.273, 14661 MiB, 98 %
2026/08/30 07:27:42.274, 14661 MiB, 100 %
2026/08/30 07:27:44.274, 14661 MiB, 100 %
2026/08/30 07:27:46.275, 14661 MiB, 100 %
2026/08/30 07:27:48.275, 14661 MiB, 84 %
2026/08/30 07:27:50.275, 14661 MiB, 98 %
2026/08/30 07:27:52.276, 14661 MiB, 100 %
2026/08/30 07:27:54.276, 14661 MiB, 100 %
2026/08/30 07:27:56.277, 14661 MiB, 100 %
2026/08/30 07:27:58.277, 14661 MiB, 100 %
2026/08/30 07:28:00.277, 14661 MiB, 98 %
2026/08/30 07:28:02.278, 14661 MiB, 81 %
2026/08/30 07:28:04.278, 14661 MiB, 100 %
2026/08/30 07:28:06.278, 14661 MiB, 100 %
2026/08/30 07:28:08.279, 14661 MiB, 100 %
2026/08/30 07:28:10.279, 14661 MiB, 100 %
2026/08/30 07:28:12.280, 14661 MiB, 64 %
2026/08/30 07:28:14.280, 14661 MiB, 100 %
2026/08/30 07:28:16.280, 14661 MiB, 100 %
2026/08/30 07:28:18.281, 14661 MiB, 100 %
2026/08/30 07:28:20.281, 14661 MiB, 100 %
2026/08/30 07:28:22.282, 14661 MiB, 51 %
2026/08/30 07:28:24.282, 14661 MiB, 98 %
2026/08/30 07:28:26.282, 14661 MiB, 100 %
2026/08/30 07:28:28.283, 14661 MiB, 100 %
2026/08/30 07:28:30.283, 14661 MiB, 100 %
2026/08/30 07:28:32.284, 14661 MiB, 65 %
2026/08/30 07:28:34.284, 14661 MiB, 98 %
2026/08/30 07:28:36.284, 14661 MiB, 100 %
2026/08/30 07:28:38.285, 14661 MiB, 100 %
2026/08/30 07:28:40.285, 14661 MiB, 100 %
2026/08/30 07:28:42.285, 14661 MiB, 57 %
2026/08/30 07:28:44.286, 14661 MiB, 98 %
2026/08/30 07:28:46.286, 14661 MiB, 100 %
2026/08/30 07:28:48.287, 14661 MiB, 100 %
2026/08/30 07:28:50.287, 14661 MiB, 100 %
2026/08/30 07:28:52.287, 14661 MiB, 76 %
2026/08/30 07:28:54.288, 14661 MiB, 99 %
2026/08/30 07:28:56.288, 14661 MiB, 100 %
2026/08/30 07:28:58.288, 14661 MiB, 100 %
2026/08/30 07:29:00.289, 14661 MiB, 100 %
2026/08/30 07:29:02.289, 14661 MiB, 94 %
2026/08/30 07:29:04.290, 14661 MiB, 98 %
2026/08/30 07:29:06.290, 14661 MiB, 90 %
2026/08/30 07:29:08.290, 14661 MiB, 100 %
2026/08/30 07:29:10.291, 14661 MiB, 100 %
2026/08/30 07:29:12.291, 14661 MiB, 100 %
2026/08/30 07:29:14.292, 14661 MiB, 98 %
2026/08/30 07:29:16.292, 14661 MiB, 100 %
2026/08/30 07:29:18.292, 14661 MiB, 100 %
2026/08/30 07:29:20.293, 14661 MiB, 100 %
2026/08/30 07:29:22.293, 14661 MiB, 53 %
2026/08/30 07:29:24.293, 14661 MiB, 98 %
2026/08/30 07:29:26.294, 14661 MiB, 100 %
2026/08/30 07:29:28.294, 14661 MiB, 100 %
2026/08/30 07:29:30.295, 14661 MiB, 100 %
2026/08/30 07:29:32.295, 14661 MiB, 75 %
2026/08/30 07:29:34.295, 14661 MiB, 99 %
2026/08/30 07:29:36.296, 14661 MiB, 100 %
2026/08/30 07:29:38.296, 14661 MiB, 100 %
2026/08/30 07:29:40.297, 14661 MiB, 100 %
2026/08/30 07:29:42.297, 14661 MiB, 90 %
2026/08/30 07:29:44.297, 14661 MiB, 99 %
2026/08/30 07:29:46.298, 14661 MiB, 86 %
2026/08/30 07:29:48.298, 14661 MiB, 100 %
2026/08/30 07:29:50.298, 14661 MiB, 100 %
2026/08/30 07:29:52.299, 14661 MiB, 100 %
2026/08/30 07:29:54.299, 14661 MiB, 100 %
2026/08/30 07:29:56.300, 14661 MiB, 66 %
2026/08/30 07:29:58.300, 14661 MiB, 100 %
2026/08/30 07:30:00.300, 14661 MiB, 100 %
2026/08/30 07:30:02.301, 14661 MiB, 100 %
2026/08/30 07:30:04.301, 14661 MiB, 100 %
2026/08/30 07:30:06.302, 14661 MiB, 53 %
2026/08/30 07:30:08.302, 14661 MiB, 100 %
2026/08/30 07:30:10.302, 14661 MiB, 100 %
2026/08/30 07:30:12.303, 14661 MiB, 100 %
2026/08/30 07:30:14.303, 14661 MiB, 100 %
2026/08/30 07:30:16.303, 14661 MiB, 50 %
2026/08/30 07:30:18.304, 14661 MiB, 97 %
2026/08/30 07:30:20.304, 14661 MiB, 100 %
2026/08/30 07:30:22.304, 14661 MiB, 100 %
2026/08/30 07:30:24.305, 14661 MiB, 100 %
2026/08/30 07:30:26.305, 14661 MiB, 84 %
2026/08/30 07:30:28.306, 14661 MiB, 98 %
2026/08/30 07:30:30.306, 14661 MiB, 91 %
2026/08/30 07:30:32.306, 14661 MiB, 100 %
2026/08/30 07:30:34.307, 14661 MiB, 100 %
2026/08/30 07:30:36.307, 14661 MiB, 100 %
2026/08/30 07:30:38.307, 14661 MiB, 100 %
2026/08/30 07:30:40.308, 14661 MiB, 49 %
2026/08/30 07:30:42.308, 14661 MiB, 98 %
2026/08/30 07:30:44.308, 14661 MiB, 100 %
2026/08/30 07:30:46.309, 14661 MiB, 100 %
2026/08/30 07:30:48.309, 14661 MiB, 100 %
2026/08/30 07:30:50.310, 14661 MiB, 88 %
2026/08/30 07:30:52.310, 14661 MiB, 98 %
2026/08/30 07:30:54.310, 14661 MiB, 78 %
2026/08/30 07:30:56.311, 14661 MiB, 100 %
2026/08/30 07:30:58.311, 14661 MiB, 100 %
2026/08/30 07:31:00.311, 14661 MiB, 100 %
2026/08/30 07:31:02.312, 14661 MiB, 100 %
2026/08/30 07:31:04.312, 14661 MiB, 51 %
2026/08/30 07:31:06.313, 14661 MiB, 98 %
2026/08/30 07:31:08.313, 14661 MiB, 100 %
2026/08/30 07:31:10.313, 14661 MiB, 100 %
2026/08/30 07:31:12.314, 14661 MiB, 100 %
2026/08/30 07:31:14.314, 14661 MiB, 78 %
2026/08/30 07:31:16.314, 14661 MiB, 98 %
2026/08/30 07:31:18.315, 14661 MiB, 97 %
2026/08/30 07:31:20.315, 14661 MiB, 100 %
2026/08/30 07:31:22.320, 14661 MiB, 100 %
2026/08/30 07:31:24.320, 14661 MiB, 100 %
2026/08/30 07:31:26.321, 14661 MiB, 100 %
2026/08/30 07:31:28.321, 14661 MiB, 55 %
2026/08/30 07:31:30.321, 14661 MiB, 100 %
2026/08/30 07:31:32.322, 14661 MiB, 100 %
2026/08/30 07:31:34.322, 14661 MiB, 100 %
2026/08/30 07:31:36.323, 14661 MiB, 100 %
2026/08/30 07:31:38.323, 14661 MiB, 60 %
2026/08/30 07:31:40.323, 14661 MiB, 98 %
2026/08/30 07:31:42.324, 14661 MiB, 100 %
2026/08/30 07:31:44.324, 14661 MiB, 100 %
2026/08/30 07:31:46.324, 14661 MiB, 100 %
2026/08/30 07:31:48.325, 14661 MiB, 100 %
2026/08/30 07:31:50.325, 14661 MiB, 100 %
2026/08/30 07:31:52.326, 14661 MiB, 100 %
2026/08/30 07:31:54.326, 14661 MiB, 100 %
2026/08/30 07:31:56.326, 14661 MiB, 100 %
2026/08/30 07:31:58.327, 14661 MiB, 100 %
2026/08/30 07:32:00.327, 14661 MiB, 46 %
2026/08/30 07:32:02.327, 14661 MiB, 97 %
2026/08/30 07:32:04.328, 14661 MiB, 100 %
2026/08/30 07:32:06.328, 14661 MiB, 100 %
2026/08/30 07:32:08.329, 14661 MiB, 100 %
2026/08/30 07:32:10.329, 14661 MiB, 100 %
2026/08/30 07:32:12.329, 14661 MiB, 100 %
2026/08/30 07:32:14.330, 14661 MiB, 79 %
2026/08/30 07:32:16.330, 14661 MiB, 97 %
2026/08/30 07:32:18.331, 14661 MiB, 69 %
2026/08/30 07:32:20.331, 14661 MiB, 100 %
2026/08/30 07:32:22.331, 14661 MiB, 100 %
2026/08/30 07:32:24.332, 14661 MiB, 100 %
2026/08/30 07:32:26.332, 14661 MiB, 100 %
2026/08/30 07:32:28.332, 14661 MiB, 100 %
2026/08/30 07:32:30.333, 14661 MiB, 100 %
2026/08/30 07:32:32.333, 14661 MiB, 47 %
2026/08/30 07:32:34.333, 14661 MiB, 98 %
2026/08/30 07:32:36.334, 14661 MiB, 100 %
2026/08/30 07:32:38.334, 14661 MiB, 100 %
2026/08/30 07:32:40.334, 14661 MiB, 100 %
2026/08/30 07:32:42.335, 14661 MiB, 100 %
2026/08/30 07:32:44.335, 14661 MiB, 100 %
2026/08/30 07:32:46.336, 14661 MiB, 57 %
2026/08/30 07:32:48.336, 14661 MiB, 97 %
2026/08/30 07:32:50.337, 14661 MiB, 73 %
2026/08/30 07:32:52.337, 14661 MiB, 100 %
2026/08/30 07:32:54.337, 14661 MiB, 100 %
2026/08/30 07:32:56.338, 14661 MiB, 100 %
2026/08/30 07:32:58.338, 14661 MiB, 100 %
2026/08/30 07:33:00.338, 14661 MiB, 88 %
2026/08/30 07:33:02.339, 14661 MiB, 98 %
2026/08/30 07:33:04.339, 14661 MiB, 56 %
2026/08/30 07:33:06.340, 14661 MiB, 100 %
2026/08/30 07:33:08.340, 14661 MiB, 100 %
2026/08/30 07:33:10.340, 14661 MiB, 100 %
2026/08/30 07:33:12.341, 14661 MiB, 100 %
2026/08/30 07:33:14.341, 14661 MiB, 100 %
2026/08/30 07:33:16.342, 14661 MiB, 100 %
2026/08/30 07:33:18.342, 14661 MiB, 38 %
2026/08/30 07:33:20.342, 14661 MiB, 98 %
2026/08/30 07:33:22.343, 14661 MiB, 100 %
2026/08/30 07:33:24.343, 14661 MiB, 100 %
2026/08/30 07:33:26.344, 14661 MiB, 100 %
2026/08/30 07:33:28.344, 14661 MiB, 100 %
2026/08/30 07:33:30.345, 14661 MiB, 100 %
2026/08/30 07:33:32.345, 14661 MiB, 73 %
2026/08/30 07:33:34.345, 14661 MiB, 98 %
2026/08/30 07:33:36.346, 14661 MiB, 75 %
2026/08/30 07:33:38.346, 14661 MiB, 100 %
2026/08/30 07:33:40.346, 14661 MiB, 100 %
2026/08/30 07:33:42.347, 14661 MiB, 100 %
2026/08/30 07:33:44.347, 14661 MiB, 100 %
2026/08/30 07:33:46.347, 14661 MiB, 85 %
2026/08/30 07:33:48.348, 14661 MiB, 100 %
2026/08/30 07:33:50.348, 14661 MiB, 100 %
2026/08/30 07:33:52.349, 14661 MiB, 100 %
2026/08/30 07:33:54.349, 14661 MiB, 100 %
2026/08/30 07:33:56.349, 14661 MiB, 100 %
2026/08/30 07:33:58.350, 14661 MiB, 100 %
2026/08/30 07:34:00.350, 14661 MiB, 52 %
2026/08/30 07:34:02.351, 14661 MiB, 98 %
2026/08/30 07:34:04.351, 14661 MiB, 100 %
2026/08/30 07:34:06.351, 14661 MiB, 100 %
2026/08/30 07:34:08.352, 14661 MiB, 100 %
2026/08/30 07:34:10.352, 14661 MiB, 100 %
2026/08/30 07:34:12.353, 14661 MiB, 100 %
2026/08/30 07:34:14.353, 14661 MiB, 46 %
2026/08/30 07:34:16.353, 14661 MiB, 98 %
2026/08/30 07:34:18.354, 14661 MiB, 100 %
2026/08/30 07:34:20.354, 14661 MiB, 100 %
2026/08/30 07:34:22.354, 14661 MiB, 100 %
2026/08/30 07:34:24.355, 14661 MiB, 100 %
2026/08/30 07:34:26.355, 14661 MiB, 100 %
2026/08/30 07:34:28.355, 14661 MiB, 46 %
2026/08/30 07:34:30.356, 14661 MiB, 98 %
2026/08/30 07:34:32.356, 14661 MiB, 100 %
2026/08/30 07:34:34.356, 14661 MiB, 100 %
2026/08/30 07:34:36.357, 14661 MiB, 100 %
2026/08/30 07:34:38.357, 14661 MiB, 100 %
2026/08/30 07:34:40.357, 14661 MiB, 100 %
2026/08/30 07:34:42.358, 14661 MiB, 46 %
2026/08/30 07:34:44.358, 14661 MiB, 98 %
2026/08/30 07:34:46.358, 14661 MiB, 100 %
2026/08/30 07:34:48.359, 14661 MiB, 100 %
2026/08/30 07:34:50.359, 14661 MiB, 100 %
2026/08/30 07:34:52.359, 14661 MiB, 100 %
2026/08/30 07:34:54.360, 14661 MiB, 100 %
2026/08/30 07:34:56.360, 14661 MiB, 42 %
2026/08/30 07:34:58.360, 14661 MiB, 98 %
2026/08/30 07:35:00.361, 14661 MiB, 100 %
2026/08/30 07:35:02.361, 14661 MiB, 100 %
2026/08/30 07:35:04.362, 14661 MiB, 100 %
2026/08/30 07:35:06.362, 14661 MiB, 100 %
2026/08/30 07:35:08.362, 14661 MiB, 100 %
2026/08/30 07:35:10.363, 14661 MiB, 47 %
2026/08/30 07:35:12.363, 14661 MiB, 98 %
2026/08/30 07:35:14.363, 14661 MiB, 100 %
2026/08/30 07:35:16.370, 14661 MiB, 100 %
2026/08/30 07:35:18.370, 14661 MiB, 100 %
2026/08/30 07:35:20.371, 14661 MiB, 100 %
2026/08/30 07:35:22.371, 14661 MiB, 100 %
2026/08/30 07:35:24.372, 14661 MiB, 58 %
2026/08/30 07:35:26.372, 14661 MiB, 97 %
2026/08/30 07:35:28.372, 14661 MiB, 98 %
2026/08/30 07:35:30.373, 14661 MiB, 100 %
2026/08/30 07:35:32.373, 14661 MiB, 100 %
2026/08/30 07:35:34.373, 14661 MiB, 100 %
2026/08/30 07:35:36.374, 14661 MiB, 100 %
2026/08/30 07:35:38.374, 14661 MiB, 56 %
2026/08/30 07:35:40.374, 14661 MiB, 97 %
2026/08/30 07:35:42.375, 14661 MiB, 92 %
2026/08/30 07:35:44.375, 14661 MiB, 100 %
2026/08/30 07:35:46.376, 14661 MiB, 100 %
2026/08/30 07:35:48.376, 14661 MiB, 100 %
2026/08/30 07:35:50.377, 14661 MiB, 100 %
2026/08/30 07:35:52.377, 14661 MiB, 62 %
2026/08/30 07:35:54.377, 14661 MiB, 97 %
2026/08/30 07:35:56.378, 14661 MiB, 93 %
2026/08/30 07:35:58.378, 14661 MiB, 100 %
2026/08/30 07:36:00.378, 14661 MiB, 100 %
2026/08/30 07:36:02.379, 14661 MiB, 100 %
2026/08/30 07:36:04.379, 14661 MiB, 100 %
2026/08/30 07:36:06.380, 14661 MiB, 58 %
2026/08/30 07:36:08.380, 14661 MiB, 97 %
2026/08/30 07:36:10.380, 14661 MiB, 93 %
2026/08/30 07:36:12.381, 14661 MiB, 100 %
2026/08/30 07:36:14.381, 14661 MiB, 100 %
2026/08/30 07:36:16.382, 14661 MiB, 100 %
2026/08/30 07:36:18.382, 14661 MiB, 100 %
2026/08/30 07:36:20.382, 14661 MiB, 55 %
2026/08/30 07:36:22.383, 14661 MiB, 98 %
2026/08/30 07:36:24.383, 14661 MiB, 100 %
2026/08/30 07:36:26.384, 14661 MiB, 100 %
2026/08/30 07:36:28.384, 14661 MiB, 100 %
2026/08/30 07:36:30.385, 14661 MiB, 100 %
2026/08/30 07:36:32.385, 14661 MiB, 100 %
2026/08/30 07:36:34.385, 14661 MiB, 88 %
2026/08/30 07:36:36.386, 14661 MiB, 100 %
2026/08/30 07:36:38.386, 14661 MiB, 54 %
2026/08/30 07:36:40.386, 14661 MiB, 97 %
2026/08/30 07:36:42.387, 14661 MiB, 100 %
2026/08/30 07:36:44.387, 14661 MiB, 100 %
2026/08/30 07:36:46.387, 14661 MiB, 100 %
2026/08/30 07:36:48.388, 14661 MiB, 100 %
2026/08/30 07:36:50.388, 14661 MiB, 100 %
2026/08/30 07:36:52.388, 14661 MiB, 47 %
2026/08/30 07:36:54.389, 14661 MiB, 97 %
2026/08/30 07:36:56.389, 14661 MiB, 100 %
2026/08/30 07:36:58.390, 14661 MiB, 100 %
2026/08/30 07:37:00.390, 14661 MiB, 100 %
2026/08/30 07:37:02.390, 14661 MiB, 100 %
2026/08/30 07:37:04.391, 14661 MiB, 100 %
2026/08/30 07:37:06.391, 14661 MiB, 48 %
2026/08/30 07:37:08.391, 14661 MiB, 97 %
2026/08/30 07:37:10.392, 14661 MiB, 100 %
2026/08/30 07:37:12.392, 14661 MiB, 100 %
2026/08/30 07:37:14.392, 14661 MiB, 100 %
2026/08/30 07:37:16.393, 14661 MiB, 100 %
2026/08/30 07:37:18.393, 14661 MiB, 100 %
2026/08/30 07:37:20.394, 14661 MiB, 57 %
2026/08/30 07:37:22.394, 14661 MiB, 98 %
2026/08/30 07:37:24.394, 14661 MiB, 97 %
2026/08/30 07:37:26.395, 14661 MiB, 100 %
2026/08/30 07:37:28.395, 14661 MiB, 100 %
2026/08/30 07:37:30.395, 14661 MiB, 100 %
2026/08/30 07:37:32.396, 14661 MiB, 100 %
2026/08/30 07:37:34.396, 14661 MiB, 61 %
2026/08/30 07:37:36.396, 14661 MiB, 97 %
2026/08/30 07:37:38.397, 14661 MiB, 95 %
2026/08/30 07:37:40.397, 14661 MiB, 100 %
2026/08/30 07:37:42.397, 14661 MiB, 100 %
2026/08/30 07:37:44.398, 14661 MiB, 100 %
2026/08/30 07:37:46.398, 14661 MiB, 100 %
2026/08/30 07:37:48.399, 14661 MiB, 68 %
2026/08/30 07:37:50.399, 14661 MiB, 98 %
2026/08/30 07:37:52.399, 14661 MiB, 80 %
2026/08/30 07:37:54.400, 14661 MiB, 100 %
2026/08/30 07:37:56.401, 14661 MiB, 100 %
2026/08/30 07:37:58.401, 14661 MiB, 100 %
2026/08/30 07:38:00.401, 14661 MiB, 100 %
2026/08/30 07:38:02.402, 14661 MiB, 64 %
2026/08/30 07:38:04.402, 14661 MiB, 98 %
2026/08/30 07:38:06.403, 14661 MiB, 89 %
2026/08/30 07:38:08.403, 14661 MiB, 100 %
2026/08/30 07:38:10.403, 14661 MiB, 100 %
2026/08/30 07:38:12.404, 14661 MiB, 100 %
2026/08/30 07:38:14.404, 14661 MiB, 100 %
2026/08/30 07:38:16.404, 14661 MiB, 74 %
2026/08/30 07:38:18.405, 14661 MiB, 96 %
2026/08/30 07:38:20.405, 14661 MiB, 69 %
2026/08/30 07:38:22.406, 14661 MiB, 100 %
2026/08/30 07:38:24.406, 14661 MiB, 100 %
2026/08/30 07:38:26.406, 14661 MiB, 97 %
2026/08/30 07:38:28.407, 14661 MiB, 100 %
2026/08/30 07:38:30.407, 14661 MiB, 37 %
2026/08/30 07:38:32.407, 14661 MiB, 97 %
2026/08/30 07:38:34.408, 14661 MiB, 100 %
2026/08/30 07:38:36.408, 14661 MiB, 100 %
2026/08/30 07:38:38.409, 14661 MiB, 100 %
2026/08/30 07:38:40.409, 14661 MiB, 100 %
2026/08/30 07:38:42.409, 14661 MiB, 100 %
2026/08/30 07:38:44.411, 14661 MiB, 45 %
2026/08/30 07:38:46.411, 14661 MiB, 97 %
2026/08/30 07:38:48.446, 14661 MiB, 100 %
2026/08/30 07:38:50.446, 14661 MiB, 100 %
2026/08/30 07:38:52.446, 14661 MiB, 100 %
2026/08/30 07:38:54.447, 14661 MiB, 100 %
2026/08/30 07:38:56.447, 14661 MiB, 100 %
2026/08/30 07:38:58.448, 14661 MiB, 52 %
2026/08/30 07:39:00.448, 14661 MiB, 97 %
2026/08/30 07:39:02.448, 14661 MiB, 100 %
2026/08/30 07:39:04.449, 14661 MiB, 100 %
2026/08/30 07:39:06.449, 14661 MiB, 100 %
2026/08/30 07:39:08.450, 14661 MiB, 100 %
2026/08/30 07:39:10.450, 14661 MiB, 100 %
2026/08/30 07:39:12.450, 14661 MiB, 61 %
2026/08/30 07:39:14.451, 14661 MiB, 98 %
2026/08/30 07:39:16.451, 14661 MiB, 91 %
2026/08/30 07:39:18.451, 14661 MiB, 100 %
2026/08/30 07:39:20.452, 14661 MiB, 100 %
2026/08/30 07:39:22.452, 14661 MiB, 100 %
2026/08/30 07:39:24.453, 14661 MiB, 100 %
2026/08/30 07:39:26.453, 14661 MiB, 70 %
2026/08/30 07:39:28.453, 14661 MiB, 98 %
2026/08/30 07:39:30.454, 14661 MiB, 74 %
2026/08/30 07:39:32.454, 14661 MiB, 100 %
2026/08/30 07:39:34.454, 14661 MiB, 100 %
2026/08/30 07:39:36.455, 14661 MiB, 100 %
2026/08/30 07:39:38.455, 14661 MiB, 100 %
2026/08/30 07:39:40.456, 14661 MiB, 78 %
2026/08/30 07:39:42.456, 14661 MiB, 98 %
2026/08/30 07:39:44.456, 14661 MiB, 75 %
2026/08/30 07:39:46.457, 14661 MiB, 100 %
2026/08/30 07:39:48.457, 14661 MiB, 100 %
2026/08/30 07:39:50.457, 14661 MiB, 100 %
2026/08/30 07:39:52.458, 14661 MiB, 100 %
2026/08/30 07:39:54.458, 14661 MiB, 78 %
2026/08/30 07:39:56.459, 14661 MiB, 97 %
2026/08/30 07:39:58.459, 14661 MiB, 76 %
2026/08/30 07:40:00.459, 14661 MiB, 100 %
2026/08/30 07:40:02.460, 14661 MiB, 100 %
2026/08/30 07:40:04.460, 14661 MiB, 100 %
2026/08/30 07:40:06.460, 14661 MiB, 100 %
2026/08/30 07:40:08.461, 14661 MiB, 78 %
2026/08/30 07:40:10.461, 14661 MiB, 98 %
2026/08/30 07:40:12.462, 14661 MiB, 70 %
2026/08/30 07:40:14.462, 14661 MiB, 100 %
2026/08/30 07:40:16.462, 14661 MiB, 100 %
2026/08/30 07:40:18.463, 14661 MiB, 100 %
2026/08/30 07:40:20.463, 14661 MiB, 100 %
2026/08/30 07:40:22.464, 14661 MiB, 78 %
2026/08/30 07:40:24.464, 14661 MiB, 98 %
2026/08/30 07:40:26.464, 14661 MiB, 69 %
2026/08/30 07:40:28.465, 14661 MiB, 100 %
2026/08/30 07:40:30.465, 14661 MiB, 100 %
2026/08/30 07:40:32.466, 14661 MiB, 100 %
2026/08/30 07:40:34.466, 14661 MiB, 100 %
2026/08/30 07:40:36.466, 14661 MiB, 78 %
2026/08/30 07:40:38.467, 14661 MiB, 97 %
2026/08/30 07:40:40.467, 14661 MiB, 80 %
2026/08/30 07:40:42.468, 14661 MiB, 100 %
2026/08/30 07:40:44.468, 14661 MiB, 100 %
2026/08/30 07:40:46.468, 14661 MiB, 100 %
2026/08/30 07:40:48.469, 14661 MiB, 100 %
2026/08/30 07:40:50.469, 14661 MiB, 61 %
2026/08/30 07:40:52.470, 14661 MiB, 98 %
2026/08/30 07:40:54.470, 14661 MiB, 94 %
2026/08/30 07:40:56.470, 14661 MiB, 100 %
2026/08/30 07:40:58.471, 14661 MiB, 100 %
2026/08/30 07:41:00.471, 14661 MiB, 100 %
2026/08/30 07:41:02.472, 14661 MiB, 100 %
2026/08/30 07:41:04.472, 14661 MiB, 51 %
2026/08/30 07:41:06.473, 14661 MiB, 98 %
2026/08/30 07:41:08.473, 14661 MiB, 100 %
2026/08/30 07:41:10.473, 14661 MiB, 100 %
2026/08/30 07:41:12.474, 14661 MiB, 100 %
2026/08/30 07:41:14.474, 14661 MiB, 100 %
2026/08/30 07:41:16.474, 14661 MiB, 100 %
2026/08/30 07:41:18.475, 14661 MiB, 47 %
2026/08/30 07:41:20.475, 14661 MiB, 98 %
2026/08/30 07:41:22.476, 14661 MiB, 100 %
2026/08/30 07:41:24.476, 14661 MiB, 100 %
2026/08/30 07:41:26.476, 14661 MiB, 100 %
2026/08/30 07:41:28.477, 14661 MiB, 100 %
2026/08/30 07:41:30.477, 14661 MiB, 100 %
2026/08/30 07:41:32.477, 14661 MiB, 45 %
2026/08/30 07:41:34.478, 14661 MiB, 97 %
2026/08/30 07:41:36.478, 14661 MiB, 100 %
2026/08/30 07:41:38.479, 14661 MiB, 100 %
2026/08/30 07:41:40.479, 14661 MiB, 100 %
2026/08/30 07:41:42.479, 14661 MiB, 100 %
2026/08/30 07:41:44.480, 14661 MiB, 100 %
2026/08/30 07:41:46.480, 14661 MiB, 46 %
2026/08/30 07:41:48.481, 14661 MiB, 97 %
2026/08/30 07:41:50.481, 14661 MiB, 100 %
2026/08/30 07:41:52.481, 14661 MiB, 100 %
2026/08/30 07:41:54.482, 14661 MiB, 100 %
2026/08/30 07:41:56.482, 14661 MiB, 100 %
2026/08/30 07:41:58.483, 14661 MiB, 100 %
2026/08/30 07:42:00.483, 14661 MiB, 56 %
2026/08/30 07:42:02.483, 14661 MiB, 100 %
2026/08/30 07:42:04.484, 14661 MiB, 100 %
2026/08/30 07:42:06.484, 14661 MiB, 100 %
2026/08/30 07:42:08.484, 14661 MiB, 100 %
2026/08/30 07:42:10.485, 14661 MiB, 84 %
2026/08/30 07:42:12.485, 14661 MiB, 97 %
2026/08/30 07:42:14.485, 14661 MiB, 71 %
2026/08/30 07:42:16.486, 14661 MiB, 100 %
2026/08/30 07:42:18.486, 14661 MiB, 100 %
2026/08/30 07:42:20.487, 14661 MiB, 100 %
2026/08/30 07:42:22.487, 14661 MiB, 100 %
2026/08/30 07:42:24.487, 14661 MiB, 77 %
2026/08/30 07:42:26.488, 14661 MiB, 98 %
2026/08/30 07:42:28.488, 14661 MiB, 77 %
2026/08/30 07:42:30.509, 14661 MiB, 100 %
2026/08/30 07:42:32.509, 14661 MiB, 100 %
2026/08/30 07:42:34.510, 14661 MiB, 100 %
2026/08/30 07:42:36.510, 14661 MiB, 100 %
2026/08/30 07:42:38.510, 14661 MiB, 86 %
2026/08/30 07:42:40.511, 14661 MiB, 97 %
2026/08/30 07:42:42.511, 14661 MiB, 70 %
2026/08/30 07:42:44.512, 14661 MiB, 100 %
2026/08/30 07:42:46.512, 14661 MiB, 100 %
2026/08/30 07:42:48.512, 14661 MiB, 100 %
2026/08/30 07:42:50.513, 14661 MiB, 100 %
2026/08/30 07:42:52.513, 14661 MiB, 84 %
2026/08/30 07:42:54.514, 14661 MiB, 98 %
2026/08/30 07:42:56.514, 14661 MiB, 73 %
2026/08/30 07:42:58.514, 14661 MiB, 100 %
2026/08/30 07:43:00.515, 14661 MiB, 100 %
2026/08/30 07:43:02.515, 14661 MiB, 87 %
2026/08/30 07:43:04.515, 14661 MiB, 97 %
2026/08/30 07:43:06.516, 14661 MiB, 57 %
2026/08/30 07:43:08.516, 14661 MiB, 100 %
2026/08/30 07:43:10.517, 14661 MiB, 100 %
2026/08/30 07:43:12.517, 14661 MiB, 100 %
2026/08/30 07:43:14.517, 14661 MiB, 100 %
2026/08/30 07:43:16.518, 14661 MiB, 100 %
2026/08/30 07:43:18.518, 14661 MiB, 100 %
2026/08/30 07:43:20.518, 14661 MiB, 49 %
2026/08/30 07:43:22.519, 14661 MiB, 97 %
2026/08/30 07:43:24.519, 14661 MiB, 100 %
2026/08/30 07:43:26.519, 14661 MiB, 100 %
2026/08/30 07:43:28.520, 14661 MiB, 100 %
2026/08/30 07:43:30.520, 14661 MiB, 100 %
2026/08/30 07:43:32.521, 14661 MiB, 100 %
2026/08/30 07:43:34.521, 14661 MiB, 63 %
2026/08/30 07:43:36.521, 14661 MiB, 100 %
2026/08/30 07:43:38.522, 14661 MiB, 100 %
2026/08/30 07:43:40.522, 14661 MiB, 100 %
2026/08/30 07:43:42.522, 14661 MiB, 100 %
2026/08/30 07:43:44.523, 14661 MiB, 73 %
2026/08/30 07:43:46.523, 14661 MiB, 98 %
2026/08/30 07:43:48.523, 14661 MiB, 88 %
2026/08/30 07:43:50.524, 14661 MiB, 100 %
2026/08/30 07:43:52.524, 14661 MiB, 100 %
2026/08/30 07:43:54.525, 14661 MiB, 100 %
2026/08/30 07:43:56.525, 14661 MiB, 100 %
2026/08/30 07:43:58.525, 14661 MiB, 62 %
2026/08/30 07:44:00.526, 14661 MiB, 98 %
2026/08/30 07:44:02.526, 14661 MiB, 85 %
2026/08/30 07:44:04.526, 14661 MiB, 100 %
2026/08/30 07:44:06.527, 14661 MiB, 100 %
2026/08/30 07:44:08.527, 14661 MiB, 100 %
2026/08/30 07:44:10.527, 14661 MiB, 100 %
2026/08/30 07:44:12.528, 14661 MiB, 53 %
2026/08/30 07:44:14.528, 14661 MiB, 98 %
2026/08/30 07:44:16.529, 14661 MiB, 100 %
2026/08/30 07:44:18.529, 14661 MiB, 100 %
2026/08/30 07:44:20.529, 14661 MiB, 100 %
2026/08/30 07:44:22.530, 14661 MiB, 100 %
2026/08/30 07:44:24.530, 14661 MiB, 100 %
2026/08/30 07:44:26.531, 14661 MiB, 46 %
2026/08/30 07:44:28.531, 14661 MiB, 98 %
2026/08/30 07:44:30.531, 14661 MiB, 100 %
2026/08/30 07:44:32.532, 14661 MiB, 100 %
2026/08/30 07:44:34.532, 14661 MiB, 100 %
2026/08/30 07:44:36.533, 14661 MiB, 100 %
2026/08/30 07:44:38.533, 14661 MiB, 100 %
2026/08/30 07:44:40.533, 14661 MiB, 58 %
2026/08/30 07:44:42.534, 14661 MiB, 100 %
2026/08/30 07:44:44.535, 14661 MiB, 100 %
2026/08/30 07:44:46.535, 14661 MiB, 0 %
2026/08/30 07:44:48.535, 14661 MiB, 99 %
2026/08/30 07:44:50.536, 14661 MiB, 100 %
2026/08/30 07:44:52.536, 14661 MiB, 62 %
2026/08/30 07:44:54.536, 14661 MiB, 100 %
2026/08/30 07:44:56.537, 14661 MiB, 100 %
2026/08/30 07:44:58.537, 14661 MiB, 100 %
2026/08/30 07:45:00.538, 14661 MiB, 100 %
2026/08/30 07:45:02.538, 14661 MiB, 87 %
2026/08/30 07:45:04.538, 14661 MiB, 98 %
2026/08/30 07:45:06.539, 14661 MiB, 70 %
2026/08/30 07:45:08.539, 14661 MiB, 100 %
2026/08/30 07:45:10.540, 14661 MiB, 100 %
2026/08/30 07:45:12.540, 14661 MiB, 100 %
2026/08/30 07:45:14.540, 14661 MiB, 100 %
2026/08/30 07:45:16.541, 14661 MiB, 75 %
2026/08/30 07:45:18.541, 14661 MiB, 97 %
2026/08/30 07:45:20.541, 14661 MiB, 85 %
2026/08/30 07:45:22.542, 14661 MiB, 100 %
2026/08/30 07:45:24.542, 14661 MiB, 100 %
2026/08/30 07:45:26.543, 14661 MiB, 100 %
2026/08/30 07:45:28.543, 14661 MiB, 100 %
2026/08/30 07:45:30.543, 14661 MiB, 48 %
2026/08/30 07:45:32.544, 14661 MiB, 98 %
2026/08/30 07:45:34.544, 14661 MiB, 100 %
2026/08/30 07:45:36.544, 14661 MiB, 100 %
2026/08/30 07:45:38.545, 14661 MiB, 100 %
2026/08/30 07:45:40.545, 14661 MiB, 100 %
2026/08/30 07:45:42.545, 14661 MiB, 100 %
2026/08/30 07:45:44.546, 14661 MiB, 66 %
2026/08/30 07:45:46.546, 14661 MiB, 100 %
2026/08/30 07:45:48.546, 14661 MiB, 100 %
2026/08/30 07:45:50.547, 14661 MiB, 100 %
2026/08/30 07:45:52.547, 14661 MiB, 100 %
2026/08/30 07:45:54.548, 14661 MiB, 61 %
2026/08/30 07:45:56.548, 14661 MiB, 98 %
2026/08/30 07:45:58.548, 14661 MiB, 100 %
2026/08/30 07:46:00.549, 14661 MiB, 100 %
2026/08/30 07:46:02.549, 14661 MiB, 100 %
2026/08/30 07:46:04.550, 14661 MiB, 100 %
2026/08/30 07:46:06.550, 14661 MiB, 100 %
2026/08/30 07:46:08.550, 14661 MiB, 53 %
2026/08/30 07:46:10.551, 14661 MiB, 97 %
2026/08/30 07:46:12.551, 14661 MiB, 100 %
2026/08/30 07:46:14.552, 14661 MiB, 100 %
2026/08/30 07:46:16.552, 14661 MiB, 100 %
2026/08/30 07:46:18.552, 14661 MiB, 100 %
2026/08/30 07:46:20.553, 14661 MiB, 100 %
2026/08/30 07:46:22.553, 14661 MiB, 47 %
2026/08/30 07:46:24.553, 14661 MiB, 98 %
2026/08/30 07:46:26.554, 14661 MiB, 100 %
2026/08/30 07:46:28.554, 14661 MiB, 100 %
2026/08/30 07:46:30.554, 14661 MiB, 100 %
2026/08/30 07:46:32.555, 14661 MiB, 93 %
2026/08/30 07:46:34.555, 14661 MiB, 98 %
2026/08/30 07:46:36.556, 14661 MiB, 69 %
2026/08/30 07:46:38.556, 14661 MiB, 100 %
2026/08/30 07:46:40.556, 14661 MiB, 100 %
2026/08/30 07:46:42.557, 14661 MiB, 100 %
2026/08/30 07:46:44.557, 14661 MiB, 100 %
2026/08/30 07:46:46.558, 14661 MiB, 49 %
2026/08/30 07:46:48.558, 14661 MiB, 98 %
2026/08/30 07:46:50.558, 14661 MiB, 100 %
2026/08/30 07:46:52.559, 14661 MiB, 100 %
2026/08/30 07:46:54.559, 14661 MiB, 100 %
2026/08/30 07:46:56.560, 14661 MiB, 100 %
2026/08/30 07:46:58.560, 14661 MiB, 98 %
2026/08/30 07:47:00.560, 14661 MiB, 78 %
2026/08/30 07:47:02.561, 14661 MiB, 100 %
2026/08/30 07:47:04.561, 14661 MiB, 100 %
2026/08/30 07:47:06.561, 14661 MiB, 100 %
2026/08/30 07:47:08.562, 14661 MiB, 100 %
2026/08/30 07:47:10.562, 14661 MiB, 47 %
2026/08/30 07:47:12.563, 14661 MiB, 98 %
2026/08/30 07:47:14.563, 14661 MiB, 100 %
2026/08/30 07:47:16.563, 14661 MiB, 100 %
2026/08/30 07:47:18.564, 14661 MiB, 100 %
2026/08/30 07:47:20.564, 14661 MiB, 88 %
2026/08/30 07:47:22.564, 14661 MiB, 98 %
2026/08/30 07:47:24.565, 14661 MiB, 85 %
2026/08/30 07:47:26.565, 14661 MiB, 100 %
2026/08/30 07:47:28.565, 14661 MiB, 100 %
2026/08/30 07:47:30.566, 14661 MiB, 100 %
2026/08/30 07:47:32.566, 14661 MiB, 100 %
2026/08/30 07:47:34.567, 14661 MiB, 45 %
2026/08/30 07:47:36.567, 14661 MiB, 100 %
2026/08/30 07:47:38.567, 14661 MiB, 100 %
2026/08/30 07:47:40.568, 14661 MiB, 100 %
2026/08/30 07:47:42.568, 14661 MiB, 100 %
2026/08/30 07:47:44.569, 14661 MiB, 47 %
2026/08/30 07:47:46.569, 14661 MiB, 100 %
2026/08/30 07:47:48.570, 14661 MiB, 100 %
2026/08/30 07:47:50.570, 14661 MiB, 100 %
2026/08/30 07:47:52.570, 14661 MiB, 100 %
2026/08/30 07:47:54.571, 14661 MiB, 79 %
2026/08/30 07:47:56.571, 14661 MiB, 98 %
2026/08/30 07:47:58.571, 14661 MiB, 87 %
2026/08/30 07:48:00.572, 14661 MiB, 100 %
2026/08/30 07:48:02.572, 14661 MiB, 100 %
2026/08/30 07:48:04.572, 14661 MiB, 100 %
2026/08/30 07:48:06.573, 14661 MiB, 100 %
2026/08/30 07:48:08.573, 14661 MiB, 47 %
2026/08/30 07:48:10.573, 14661 MiB, 98 %
2026/08/30 07:48:12.574, 14661 MiB, 100 %
2026/08/30 07:48:14.574, 14661 MiB, 100 %
2026/08/30 07:48:16.575, 14661 MiB, 100 %
2026/08/30 07:48:18.575, 14661 MiB, 100 %
2026/08/30 07:48:20.575, 14661 MiB, 100 %
2026/08/30 07:48:22.576, 14661 MiB, 65 %
2026/08/30 07:48:24.576, 14661 MiB, 100 %
2026/08/30 07:48:26.577, 14661 MiB, 100 %
2026/08/30 07:48:28.577, 14661 MiB, 100 %
2026/08/30 07:48:30.577, 14661 MiB, 100 %
2026/08/30 07:48:32.578, 14661 MiB, 71 %
2026/08/30 07:48:34.578, 14661 MiB, 98 %
2026/08/30 07:48:36.579, 14661 MiB, 98 %
2026/08/30 07:48:38.579, 14661 MiB, 100 %
2026/08/30 07:48:40.579, 14661 MiB, 100 %
2026/08/30 07:48:42.580, 14661 MiB, 100 %
2026/08/30 07:48:44.580, 14661 MiB, 100 %
2026/08/30 07:48:46.580, 14661 MiB, 48 %
2026/08/30 07:48:48.581, 14661 MiB, 98 %
2026/08/30 07:48:50.581, 14661 MiB, 100 %
2026/08/30 07:48:52.581, 14661 MiB, 100 %
2026/08/30 07:48:54.582, 14661 MiB, 100 %
2026/08/30 07:48:56.582, 14661 MiB, 93 %
2026/08/30 07:48:58.583, 14661 MiB, 97 %
2026/08/30 07:49:00.583, 14661 MiB, 71 %
2026/08/30 07:49:02.583, 14661 MiB, 100 %
2026/08/30 07:49:04.584, 14661 MiB, 100 %
2026/08/30 07:49:06.584, 14661 MiB, 100 %
2026/08/30 07:49:08.584, 14661 MiB, 100 %
2026/08/30 07:49:10.585, 14661 MiB, 57 %
2026/08/30 07:49:12.585, 14661 MiB, 98 %
2026/08/30 07:49:14.586, 14661 MiB, 100 %
2026/08/30 07:49:16.586, 14661 MiB, 100 %
2026/08/30 07:49:18.587, 14661 MiB, 100 %
2026/08/30 07:49:20.587, 14661 MiB, 100 %
2026/08/30 07:49:22.587, 14661 MiB, 98 %
2026/08/30 07:49:24.588, 14661 MiB, 70 %
2026/08/30 07:49:26.588, 14661 MiB, 100 %
2026/08/30 07:49:28.588, 14661 MiB, 100 %
2026/08/30 07:49:30.589, 14661 MiB, 100 %
2026/08/30 07:49:32.589, 14661 MiB, 100 %
2026/08/30 07:49:34.590, 14661 MiB, 49 %
2026/08/30 07:49:36.590, 14661 MiB, 98 %
2026/08/30 07:49:38.590, 14661 MiB, 100 %
2026/08/30 07:49:40.591, 14661 MiB, 100 %
2026/08/30 07:49:42.591, 14661 MiB, 100 %
2026/08/30 07:49:44.591, 14661 MiB, 92 %
2026/08/30 07:49:46.592, 14661 MiB, 98 %
2026/08/30 07:49:48.592, 14661 MiB, 75 %
2026/08/30 07:49:50.593, 14661 MiB, 100 %
2026/08/30 07:49:52.593, 14661 MiB, 100 %
2026/08/30 07:49:54.593, 14661 MiB, 100 %
2026/08/30 07:49:56.594, 14661 MiB, 100 %
2026/08/30 07:49:58.594, 14661 MiB, 45 %
2026/08/30 07:50:00.594, 14661 MiB, 98 %
2026/08/30 07:50:02.595, 14661 MiB, 100 %
2026/08/30 07:50:04.595, 14661 MiB, 100 %
2026/08/30 07:50:06.596, 14661 MiB, 100 %
2026/08/30 07:50:08.596, 14661 MiB, 96 %
2026/08/30 07:50:10.597, 14661 MiB, 98 %
2026/08/30 07:50:12.597, 14661 MiB, 62 %
2026/08/30 07:50:14.597, 14661 MiB, 100 %
2026/08/30 07:50:16.598, 14661 MiB, 100 %
2026/08/30 07:50:18.598, 14661 MiB, 100 %
2026/08/30 07:50:20.598, 14661 MiB, 100 %
2026/08/30 07:50:22.599, 14661 MiB, 78 %
2026/08/30 07:50:24.599, 14661 MiB, 98 %
2026/08/30 07:50:26.600, 14661 MiB, 84 %
2026/08/30 07:50:28.600, 14661 MiB, 100 %
2026/08/30 07:50:30.600, 14661 MiB, 100 %
2026/08/30 07:50:32.601, 14661 MiB, 100 %
2026/08/30 07:50:34.601, 14661 MiB, 100 %
2026/08/30 07:50:36.601, 14661 MiB, 59 %
2026/08/30 07:50:38.602, 14661 MiB, 98 %
2026/08/30 07:50:40.602, 14661 MiB, 100 %
2026/08/30 07:50:42.603, 14661 MiB, 100 %
2026/08/30 07:50:44.603, 14661 MiB, 100 %
2026/08/30 07:50:46.604, 14661 MiB, 96 %
2026/08/30 07:50:48.604, 14661 MiB, 98 %
2026/08/30 07:50:50.604, 14661 MiB, 80 %
2026/08/30 07:50:52.605, 14661 MiB, 100 %
2026/08/30 07:50:54.605, 14661 MiB, 100 %
2026/08/30 07:50:56.605, 14661 MiB, 100 %
2026/08/30 07:50:58.606, 14661 MiB, 100 %
2026/08/30 07:51:00.606, 14661 MiB, 45 %
2026/08/30 07:51:02.606, 14661 MiB, 98 %
2026/08/30 07:51:04.607, 14661 MiB, 100 %
2026/08/30 07:51:06.607, 14661 MiB, 100 %
2026/08/30 07:51:08.607, 14661 MiB, 100 %
2026/08/30 07:51:10.608, 14661 MiB, 98 %
2026/08/30 07:51:12.608, 14661 MiB, 98 %
2026/08/30 07:51:14.609, 14661 MiB, 70 %
2026/08/30 07:51:16.609, 14661 MiB, 100 %
2026/08/30 07:51:18.609, 14661 MiB, 100 %
2026/08/30 07:51:20.610, 14661 MiB, 100 %
2026/08/30 07:51:22.610, 14661 MiB, 100 %
2026/08/30 07:51:24.610, 14661 MiB, 63 %
2026/08/30 07:51:26.611, 14661 MiB, 97 %
2026/08/30 07:51:28.612, 14661 MiB, 97 %
2026/08/30 07:51:30.612, 14661 MiB, 100 %
2026/08/30 07:51:32.612, 14661 MiB, 100 %
2026/08/30 07:51:34.613, 14661 MiB, 100 %
2026/08/30 07:51:36.613, 14661 MiB, 100 %
2026/08/30 07:51:38.613, 14661 MiB, 48 %
2026/08/30 07:51:40.614, 14661 MiB, 98 %
2026/08/30 07:51:42.614, 14661 MiB, 100 %
2026/08/30 07:51:44.616, 14661 MiB, 100 %
2026/08/30 07:51:46.617, 14661 MiB, 100 %
2026/08/30 07:51:48.617, 14661 MiB, 100 %
2026/08/30 07:51:50.617, 14661 MiB, 100 %
2026/08/30 07:51:52.618, 14661 MiB, 62 %
2026/08/30 07:51:54.618, 14661 MiB, 100 %
2026/08/30 07:51:56.619, 14661 MiB, 100 %
2026/08/30 07:51:58.619, 14661 MiB, 100 %
2026/08/30 07:52:00.619, 14661 MiB, 100 %
2026/08/30 07:52:02.620, 14661 MiB, 71 %
2026/08/30 07:52:04.620, 14661 MiB, 97 %
2026/08/30 07:52:06.620, 14661 MiB, 88 %
2026/08/30 07:52:08.621, 14661 MiB, 100 %
2026/08/30 07:52:10.621, 14661 MiB, 100 %
2026/08/30 07:52:12.621, 14661 MiB, 59 %
2026/08/30 07:52:14.622, 14661 MiB, 98 %
2026/08/30 07:52:16.622, 14661 MiB, 100 %
2026/08/30 07:52:18.623, 14661 MiB, 100 %
2026/08/30 07:52:20.623, 14661 MiB, 100 %
2026/08/30 07:52:22.623, 14661 MiB, 100 %
2026/08/30 07:52:24.624, 14661 MiB, 100 %
2026/08/30 07:52:26.624, 14661 MiB, 55 %
2026/08/30 07:52:28.624, 14661 MiB, 100 %
2026/08/30 07:52:30.625, 14661 MiB, 100 %
2026/08/30 07:52:32.625, 14661 MiB, 100 %
2026/08/30 07:52:34.625, 14661 MiB, 100 %
2026/08/30 07:52:36.626, 14661 MiB, 72 %
2026/08/30 07:52:38.626, 14661 MiB, 98 %
2026/08/30 07:52:40.627, 14661 MiB, 95 %
2026/08/30 07:52:42.627, 14661 MiB, 100 %
2026/08/30 07:52:44.628, 14661 MiB, 100 %
2026/08/30 07:52:46.628, 14661 MiB, 100 %
2026/08/30 07:52:48.629, 14661 MiB, 100 %
2026/08/30 07:52:50.629, 14661 MiB, 48 %
2026/08/30 07:52:52.629, 14661 MiB, 98 %
2026/08/30 07:52:54.630, 14661 MiB, 100 %
2026/08/30 07:52:56.630, 14661 MiB, 100 %
2026/08/30 07:52:58.630, 14661 MiB, 100 %
2026/08/30 07:53:00.631, 14661 MiB, 91 %
2026/08/30 07:53:02.631, 14661 MiB, 98 %
2026/08/30 07:53:04.631, 14661 MiB, 91 %
2026/08/30 07:53:06.632, 14661 MiB, 100 %
2026/08/30 07:53:08.632, 14661 MiB, 100 %
2026/08/30 07:53:10.633, 14661 MiB, 100 %
2026/08/30 07:53:12.633, 14661 MiB, 100 %
2026/08/30 07:53:14.633, 14661 MiB, 46 %
2026/08/30 07:53:16.634, 14661 MiB, 97 %
2026/08/30 07:53:18.634, 14661 MiB, 100 %
2026/08/30 07:53:20.635, 14661 MiB, 100 %
2026/08/30 07:53:22.635, 14661 MiB, 100 %
2026/08/30 07:53:24.635, 14661 MiB, 92 %
2026/08/30 07:53:26.636, 14661 MiB, 98 %
2026/08/30 07:53:28.636, 14661 MiB, 73 %
2026/08/30 07:53:30.637, 14661 MiB, 100 %
2026/08/30 07:53:32.637, 14661 MiB, 100 %
2026/08/30 07:53:34.637, 14661 MiB, 100 %
2026/08/30 07:53:36.638, 14661 MiB, 100 %
2026/08/30 07:53:38.638, 14661 MiB, 73 %
2026/08/30 07:53:40.638, 14661 MiB, 97 %
2026/08/30 07:53:42.639, 14661 MiB, 93 %
2026/08/30 07:53:44.639, 14661 MiB, 100 %
2026/08/30 07:53:46.640, 14661 MiB, 100 %
2026/08/30 07:53:48.640, 14661 MiB, 100 %
2026/08/30 07:53:50.640, 14661 MiB, 100 %
2026/08/30 07:53:52.641, 14661 MiB, 48 %
2026/08/30 07:53:54.641, 14661 MiB, 98 %
2026/08/30 07:53:56.642, 14661 MiB, 100 %
2026/08/30 07:53:58.642, 14661 MiB, 100 %
2026/08/30 07:54:00.642, 14661 MiB, 100 %
2026/08/30 07:54:02.643, 14661 MiB, 100 %
2026/08/30 07:54:04.643, 14661 MiB, 100 %
2026/08/30 07:54:06.643, 14661 MiB, 61 %
2026/08/30 07:54:08.644, 14661 MiB, 100 %
2026/08/30 07:54:10.644, 14661 MiB, 100 %
2026/08/30 07:54:12.644, 14661 MiB, 100 %
2026/08/30 07:54:14.645, 14661 MiB, 100 %
2026/08/30 07:54:16.645, 14661 MiB, 77 %
2026/08/30 07:54:18.646, 14661 MiB, 98 %
2026/08/30 07:54:20.646, 14661 MiB, 85 %
2026/08/30 07:54:22.646, 14661 MiB, 100 %
2026/08/30 07:54:24.647, 14661 MiB, 100 %
2026/08/30 07:54:26.647, 14661 MiB, 100 %
2026/08/30 07:54:28.647, 14661 MiB, 100 %
2026/08/30 07:54:30.648, 14661 MiB, 51 %
2026/08/30 07:54:32.648, 14661 MiB, 98 %
2026/08/30 07:54:34.649, 14661 MiB, 100 %
2026/08/30 07:54:36.649, 14661 MiB, 100 %
2026/08/30 07:54:38.649, 14661 MiB, 100 %
2026/08/30 07:54:40.650, 14661 MiB, 89 %
2026/08/30 07:54:42.650, 14661 MiB, 98 %
2026/08/30 07:54:44.650, 14661 MiB, 74 %
2026/08/30 07:54:46.651, 14661 MiB, 100 %
2026/08/30 07:54:48.651, 14661 MiB, 100 %
2026/08/30 07:54:50.651, 14661 MiB, 100 %
2026/08/30 07:54:52.652, 14661 MiB, 100 %
2026/08/30 07:54:54.666, 14661 MiB, 54 %
2026/08/30 07:54:56.666, 14661 MiB, 98 %
2026/08/30 07:54:58.667, 14661 MiB, 100 %
2026/08/30 07:55:00.667, 14661 MiB, 100 %
2026/08/30 07:55:02.668, 14661 MiB, 100 %
2026/08/30 07:55:04.668, 14661 MiB, 100 %
2026/08/30 07:55:06.668, 14661 MiB, 100 %
2026/08/30 07:55:08.669, 14661 MiB, 47 %
2026/08/30 07:55:10.669, 14661 MiB, 98 %
2026/08/30 07:55:12.670, 14661 MiB, 100 %
2026/08/30 07:55:14.670, 14661 MiB, 100 %
2026/08/30 07:55:16.670, 14661 MiB, 100 %
2026/08/30 07:55:18.671, 14661 MiB, 81 %
2026/08/30 07:55:20.671, 14661 MiB, 98 %
2026/08/30 07:55:22.671, 14661 MiB, 85 %
2026/08/30 07:55:24.672, 14661 MiB, 100 %
2026/08/30 07:55:26.672, 14661 MiB, 100 %
2026/08/30 07:55:28.673, 14661 MiB, 100 %
2026/08/30 07:55:30.673, 14661 MiB, 100 %
2026/08/30 07:55:32.673, 14661 MiB, 47 %
2026/08/30 07:55:34.674, 14661 MiB, 98 %
2026/08/30 07:55:36.674, 14661 MiB, 100 %
2026/08/30 07:55:38.675, 14661 MiB, 100 %
2026/08/30 07:55:40.675, 14661 MiB, 100 %
2026/08/30 07:55:42.675, 14661 MiB, 95 %
2026/08/30 07:55:44.676, 14661 MiB, 98 %
2026/08/30 07:55:46.676, 14661 MiB, 73 %
2026/08/30 07:55:48.676, 14661 MiB, 100 %
2026/08/30 07:55:50.677, 14661 MiB, 100 %
2026/08/30 07:55:52.677, 14661 MiB, 100 %
2026/08/30 07:55:54.677, 14661 MiB, 100 %
2026/08/30 07:55:56.678, 14661 MiB, 54 %
2026/08/30 07:55:58.678, 14661 MiB, 98 %
2026/08/30 07:56:00.678, 14661 MiB, 100 %
2026/08/30 07:56:02.678, 14661 MiB, 100 %
2026/08/30 07:56:04.679, 14661 MiB, 100 %
2026/08/30 07:56:06.679, 14661 MiB, 100 %
2026/08/30 07:56:08.679, 14661 MiB, 100 %
2026/08/30 07:56:10.680, 14661 MiB, 46 %
2026/08/30 07:56:12.680, 14661 MiB, 98 %
2026/08/30 07:56:14.681, 14661 MiB, 100 %
2026/08/30 07:56:16.681, 14661 MiB, 100 %
2026/08/30 07:56:18.681, 14661 MiB, 100 %
2026/08/30 07:56:20.682, 14661 MiB, 96 %
2026/08/30 07:56:22.682, 14661 MiB, 98 %
2026/08/30 07:56:24.682, 14661 MiB, 64 %
2026/08/30 07:56:26.683, 14661 MiB, 100 %
2026/08/30 07:56:28.683, 14661 MiB, 100 %
2026/08/30 07:56:30.684, 14661 MiB, 100 %
2026/08/30 07:56:32.684, 14661 MiB, 100 %
2026/08/30 07:56:34.684, 14661 MiB, 70 %
2026/08/30 07:56:36.685, 14661 MiB, 98 %
2026/08/30 07:56:38.685, 14661 MiB, 96 %
2026/08/30 07:56:40.686, 14661 MiB, 100 %
2026/08/30 07:56:42.686, 14661 MiB, 100 %
2026/08/30 07:56:44.686, 14661 MiB, 100 %
2026/08/30 07:56:46.687, 14661 MiB, 98 %
2026/08/30 07:56:48.687, 14661 MiB, 100 %
2026/08/30 07:56:50.687, 14661 MiB, 100 %
2026/08/30 07:56:52.688, 14661 MiB, 100 %
2026/08/30 07:56:54.688, 14661 MiB, 100 %
2026/08/30 07:56:56.689, 14661 MiB, 100 %
2026/08/30 07:56:58.689, 14661 MiB, 47 %
2026/08/30 07:57:00.689, 14661 MiB, 99 %
2026/08/30 07:57:02.690, 14661 MiB, 100 %
2026/08/30 07:57:04.690, 14661 MiB, 100 %
2026/08/30 07:57:06.690, 14661 MiB, 100 %
2026/08/30 07:57:08.691, 14661 MiB, 78 %
2026/08/30 07:57:10.691, 14661 MiB, 98 %
2026/08/30 07:57:12.692, 14661 MiB, 91 %
2026/08/30 07:57:14.692, 14661 MiB, 100 %
2026/08/30 07:57:16.692, 14661 MiB, 100 %
2026/08/30 07:57:18.693, 14661 MiB, 100 %
2026/08/30 07:57:20.693, 14661 MiB, 100 %
2026/08/30 07:57:22.694, 14661 MiB, 43 %
2026/08/30 07:57:24.694, 14661 MiB, 98 %
2026/08/30 07:57:26.694, 14661 MiB, 100 %
2026/08/30 07:57:28.695, 14661 MiB, 100 %
2026/08/30 07:57:30.695, 14661 MiB, 100 %
2026/08/30 07:57:32.695, 14661 MiB, 94 %
2026/08/30 07:57:34.696, 14661 MiB, 98 %
2026/08/30 07:57:36.696, 14661 MiB, 77 %
2026/08/30 07:57:38.696, 14661 MiB, 100 %
2026/08/30 07:57:40.697, 14661 MiB, 100 %
2026/08/30 07:57:42.697, 14661 MiB, 0 %
2026/08/30 07:57:44.698, 14661 MiB, 96 %
2026/08/30 07:57:46.698, 14661 MiB, 97 %
2026/08/30 07:57:48.699, 14661 MiB, 58 %
2026/08/30 07:57:50.699, 14661 MiB, 100 %
2026/08/30 07:57:52.699, 14661 MiB, 100 %
2026/08/30 07:57:54.700, 14661 MiB, 100 %
2026/08/30 07:57:56.700, 14661 MiB, 100 %
2026/08/30 07:57:58.701, 14661 MiB, 100 %
2026/08/30 07:58:00.701, 14661 MiB, 100 %
2026/08/30 07:58:02.701, 14661 MiB, 54 %
2026/08/30 07:58:04.702, 14661 MiB, 100 %
2026/08/30 07:58:06.702, 14661 MiB, 100 %
2026/08/30 07:58:08.702, 14661 MiB, 100 %
2026/08/30 07:58:10.703, 14661 MiB, 100 %
2026/08/30 07:58:12.703, 14661 MiB, 89 %
2026/08/30 07:58:14.704, 14661 MiB, 97 %
2026/08/30 07:58:16.704, 14661 MiB, 74 %
2026/08/30 07:58:18.704, 14661 MiB, 100 %
2026/08/30 07:58:20.705, 14661 MiB, 100 %
2026/08/30 07:58:22.705, 14661 MiB, 100 %
2026/08/30 07:58:24.705, 14661 MiB, 100 %
2026/08/30 07:58:26.706, 14661 MiB, 51 %
2026/08/30 07:58:28.706, 14661 MiB, 98 %
2026/08/30 07:58:30.707, 14661 MiB, 100 %
2026/08/30 07:58:32.707, 14661 MiB, 100 %
2026/08/30 07:58:34.707, 14661 MiB, 100 %
2026/08/30 07:58:36.708, 14661 MiB, 100 %
2026/08/30 07:58:38.708, 14661 MiB, 100 %
2026/08/30 07:58:40.708, 14661 MiB, 55 %
2026/08/30 07:58:42.709, 14661 MiB, 100 %
2026/08/30 07:58:44.709, 14661 MiB, 100 %
2026/08/30 07:58:46.710, 14661 MiB, 100 %
2026/08/30 07:58:48.710, 14661 MiB, 100 %
2026/08/30 07:58:50.710, 14661 MiB, 73 %
2026/08/30 07:58:52.711, 14661 MiB, 98 %
2026/08/30 07:58:54.711, 14661 MiB, 93 %
2026/08/30 07:58:56.712, 14661 MiB, 100 %
2026/08/30 07:58:58.712, 14661 MiB, 100 %
2026/08/30 07:59:00.712, 14661 MiB, 100 %
2026/08/30 07:59:02.713, 14661 MiB, 100 %
2026/08/30 07:59:04.713, 14661 MiB, 47 %
2026/08/30 07:59:06.714, 14661 MiB, 97 %
2026/08/30 07:59:08.714, 14661 MiB, 100 %
2026/08/30 07:59:10.714, 14661 MiB, 100 %
2026/08/30 07:59:12.715, 14661 MiB, 100 %
2026/08/30 07:59:14.715, 14661 MiB, 94 %
2026/08/30 07:59:16.715, 14661 MiB, 98 %
2026/08/30 07:59:18.716, 14661 MiB, 72 %
2026/08/30 07:59:20.716, 14661 MiB, 100 %
2026/08/30 07:59:22.717, 14661 MiB, 100 %
2026/08/30 07:59:24.717, 14661 MiB, 100 %
2026/08/30 07:59:26.717, 14661 MiB, 100 %
2026/08/30 07:59:28.718, 14661 MiB, 50 %
2026/08/30 07:59:30.718, 14661 MiB, 98 %
2026/08/30 07:59:32.719, 14661 MiB, 100 %
2026/08/30 07:59:34.719, 14661 MiB, 100 %
2026/08/30 07:59:36.719, 14661 MiB, 100 %
2026/08/30 07:59:38.720, 14661 MiB, 96 %
2026/08/30 07:59:40.720, 14661 MiB, 99 %
2026/08/30 07:59:42.721, 14661 MiB, 67 %
2026/08/30 07:59:44.721, 14661 MiB, 100 %
2026/08/30 07:59:46.721, 14661 MiB, 100 %
2026/08/30 07:59:48.722, 14661 MiB, 100 %
2026/08/30 07:59:50.722, 14661 MiB, 100 %
2026/08/30 07:59:52.722, 14661 MiB, 71 %
2026/08/30 07:59:54.723, 14661 MiB, 98 %
2026/08/30 07:59:56.723, 14661 MiB, 98 %
2026/08/30 07:59:58.724, 14661 MiB, 100 %
2026/08/30 08:00:00.724, 14661 MiB, 100 %
2026/08/30 08:00:02.724, 14661 MiB, 100 %
2026/08/30 08:00:04.725, 14661 MiB, 100 %
2026/08/30 08:00:06.725, 14661 MiB, 47 %
2026/08/30 08:00:08.725, 14661 MiB, 98 %
2026/08/30 08:00:10.726, 14661 MiB, 100 %
2026/08/30 08:00:12.726, 14661 MiB, 100 %
2026/08/30 08:00:14.727, 14661 MiB, 100 %
2026/08/30 08:00:16.727, 14661 MiB, 94 %
2026/08/30 08:00:18.727, 14661 MiB, 97 %
2026/08/30 08:00:20.728, 14661 MiB, 70 %
2026/08/30 08:00:22.728, 14661 MiB, 100 %
2026/08/30 08:00:24.729, 14661 MiB, 100 %
2026/08/30 08:00:26.729, 14661 MiB, 100 %
2026/08/30 08:00:28.729, 14661 MiB, 100 %
2026/08/30 08:00:30.730, 14661 MiB, 52 %
2026/08/30 08:00:32.730, 14661 MiB, 98 %
2026/08/30 08:00:34.731, 14661 MiB, 100 %
2026/08/30 08:00:36.731, 14661 MiB, 100 %
2026/08/30 08:00:38.731, 14661 MiB, 100 %
2026/08/30 08:00:40.732, 14661 MiB, 100 %
2026/08/30 08:00:42.732, 14661 MiB, 100 %
2026/08/30 08:00:44.732, 14661 MiB, 62 %
2026/08/30 08:00:46.733, 14661 MiB, 100 %
2026/08/30 08:00:48.733, 14661 MiB, 100 %
2026/08/30 08:00:50.733, 14661 MiB, 100 %
2026/08/30 08:00:52.734, 14661 MiB, 100 %
2026/08/30 08:00:54.734, 14661 MiB, 73 %
2026/08/30 08:00:56.734, 14661 MiB, 97 %
2026/08/30 08:00:58.735, 14661 MiB, 85 %
2026/08/30 08:01:00.735, 14661 MiB, 100 %
2026/08/30 08:01:02.735, 14661 MiB, 100 %
2026/08/30 08:01:04.736, 14661 MiB, 100 %
2026/08/30 08:01:06.736, 14661 MiB, 100 %
2026/08/30 08:01:08.736, 14661 MiB, 69 %
2026/08/30 08:01:10.737, 14661 MiB, 98 %
2026/08/30 08:01:12.737, 14661 MiB, 88 %
2026/08/30 08:01:14.737, 14661 MiB, 100 %
2026/08/30 08:01:16.738, 14661 MiB, 100 %
2026/08/30 08:01:18.738, 14661 MiB, 100 %
2026/08/30 08:01:20.738, 14661 MiB, 97 %
2026/08/30 08:01:22.739, 14661 MiB, 87 %
2026/08/30 08:01:24.739, 14661 MiB, 100 %
2026/08/30 08:01:26.739, 14661 MiB, 100 %
2026/08/30 08:01:28.740, 14661 MiB, 100 %
2026/08/30 08:01:30.740, 14661 MiB, 100 %
2026/08/30 08:01:32.741, 14661 MiB, 68 %
2026/08/30 08:01:34.741, 14661 MiB, 98 %
2026/08/30 08:01:36.741, 14661 MiB, 94 %
2026/08/30 08:01:38.742, 14661 MiB, 100 %
2026/08/30 08:01:40.742, 14661 MiB, 100 %
2026/08/30 08:01:42.742, 14661 MiB, 100 %
2026/08/30 08:01:44.743, 14661 MiB, 100 %
2026/08/30 08:01:46.743, 14661 MiB, 50 %
2026/08/30 08:01:48.743, 14661 MiB, 97 %
2026/08/30 08:01:50.744, 14661 MiB, 100 %
2026/08/30 08:01:52.744, 14661 MiB, 100 %
2026/08/30 08:01:54.744, 14661 MiB, 100 %
2026/08/30 08:01:56.745, 14661 MiB, 100 %
2026/08/30 08:01:58.745, 14661 MiB, 100 %
2026/08/30 08:02:00.745, 14661 MiB, 46 %
2026/08/30 08:02:02.746, 14661 MiB, 98 %
2026/08/30 08:02:04.746, 14661 MiB, 100 %
2026/08/30 08:02:06.746, 14661 MiB, 100 %
2026/08/30 08:02:08.747, 14661 MiB, 100 %
2026/08/30 08:02:10.747, 14661 MiB, 88 %
2026/08/30 08:02:12.748, 14661 MiB, 98 %
2026/08/30 08:02:14.748, 14661 MiB, 73 %
2026/08/30 08:02:16.748, 14661 MiB, 100 %
2026/08/30 08:02:18.749, 14661 MiB, 100 %
2026/08/30 08:02:20.749, 14661 MiB, 100 %
2026/08/30 08:02:22.749, 14661 MiB, 100 %
2026/08/30 08:02:24.750, 14661 MiB, 53 %
2026/08/30 08:02:26.750, 14661 MiB, 98 %
2026/08/30 08:02:28.750, 14661 MiB, 100 %
2026/08/30 08:02:30.751, 14661 MiB, 100 %
2026/08/30 08:02:32.751, 14661 MiB, 100 %
2026/08/30 08:02:34.751, 14661 MiB, 100 %
2026/08/30 08:02:36.752, 14661 MiB, 100 %
2026/08/30 08:02:38.752, 14661 MiB, 48 %
2026/08/30 08:02:40.753, 14661 MiB, 100 %
2026/08/30 08:02:42.753, 14661 MiB, 100 %
2026/08/30 08:02:44.753, 14661 MiB, 100 %
2026/08/30 08:02:46.754, 14661 MiB, 100 %
2026/08/30 08:02:48.754, 14661 MiB, 73 %
2026/08/30 08:02:50.754, 14661 MiB, 98 %
2026/08/30 08:02:52.755, 14661 MiB, 100 %
2026/08/30 08:02:54.755, 14661 MiB, 100 %
2026/08/30 08:02:56.755, 14661 MiB, 100 %
2026/08/30 08:02:58.756, 14661 MiB, 100 %
2026/08/30 08:03:00.756, 14661 MiB, 100 %
2026/08/30 08:03:02.757, 14661 MiB, 72 %
2026/08/30 08:03:04.757, 14661 MiB, 100 %
2026/08/30 08:03:06.757, 14661 MiB, 100 %
2026/08/30 08:03:08.757, 14661 MiB, 100 %
2026/08/30 08:03:10.758, 14661 MiB, 100 %
2026/08/30 08:03:12.758, 14661 MiB, 34 %
2026/08/30 08:03:14.759, 14661 MiB, 97 %
2026/08/30 08:03:16.759, 14661 MiB, 100 %
2026/08/30 08:03:18.759, 14661 MiB, 100 %
2026/08/30 08:03:20.760, 14661 MiB, 100 %
2026/08/30 08:03:22.760, 14661 MiB, 98 %
2026/08/30 08:03:24.760, 14661 MiB, 98 %
2026/08/30 08:03:26.761, 14661 MiB, 50 %
2026/08/30 08:03:28.761, 14661 MiB, 100 %
2026/08/30 08:03:30.761, 14661 MiB, 100 %
2026/08/30 08:03:32.762, 14661 MiB, 100 %
2026/08/30 08:03:34.762, 14661 MiB, 100 %
2026/08/30 08:03:36.762, 14661 MiB, 92 %
2026/08/30 08:03:38.763, 14661 MiB, 98 %
2026/08/30 08:03:40.763, 14661 MiB, 78 %
2026/08/30 08:03:42.763, 14661 MiB, 100 %
2026/08/30 08:03:44.764, 14661 MiB, 100 %
2026/08/30 08:03:46.764, 14661 MiB, 100 %
2026/08/30 08:03:48.765, 14661 MiB, 100 %
2026/08/30 08:03:50.765, 14661 MiB, 51 %
2026/08/30 08:03:52.765, 14661 MiB, 100 %
2026/08/30 08:03:54.766, 14661 MiB, 100 %
2026/08/30 08:03:56.766, 14661 MiB, 100 %
2026/08/30 08:03:58.766, 14661 MiB, 100 %
2026/08/30 08:04:00.767, 14661 MiB, 72 %
2026/08/30 08:04:02.767, 14661 MiB, 98 %
2026/08/30 08:04:04.768, 14661 MiB, 97 %
2026/08/30 08:04:06.768, 14661 MiB, 100 %
2026/08/30 08:04:08.768, 14661 MiB, 100 %
2026/08/30 08:04:10.769, 14661 MiB, 100 %
2026/08/30 08:04:12.769, 14661 MiB, 100 %
2026/08/30 08:04:14.769, 14661 MiB, 48 %
2026/08/30 08:04:16.770, 14661 MiB, 98 %
2026/08/30 08:04:18.770, 14661 MiB, 100 %
2026/08/30 08:04:20.770, 14661 MiB, 100 %
2026/08/30 08:04:22.771, 14661 MiB, 100 %
2026/08/30 08:04:24.771, 14661 MiB, 88 %
2026/08/30 08:04:26.771, 14661 MiB, 98 %
2026/08/30 08:04:28.772, 14661 MiB, 81 %
2026/08/30 08:04:30.772, 14661 MiB, 100 %
2026/08/30 08:04:32.773, 14661 MiB, 100 %
2026/08/30 08:04:34.773, 14661 MiB, 100 %
2026/08/30 08:04:36.773, 14661 MiB, 100 %
2026/08/30 08:04:38.774, 14661 MiB, 50 %
2026/08/30 08:04:40.774, 14661 MiB, 98 %
2026/08/30 08:04:42.774, 14661 MiB, 100 %
2026/08/30 08:04:44.775, 14661 MiB, 100 %
2026/08/30 08:04:46.775, 14661 MiB, 100 %
2026/08/30 08:04:48.776, 14661 MiB, 82 %
2026/08/30 08:04:50.776, 14661 MiB, 98 %
2026/08/30 08:04:52.776, 14661 MiB, 81 %
2026/08/30 08:04:54.777, 14661 MiB, 100 %
2026/08/30 08:04:56.777, 14661 MiB, 100 %
2026/08/30 08:04:58.777, 14661 MiB, 100 %
2026/08/30 08:05:00.778, 14661 MiB, 100 %
2026/08/30 08:05:02.778, 14661 MiB, 57 %
2026/08/30 08:05:04.779, 14661 MiB, 98 %
2026/08/30 08:05:06.779, 14661 MiB, 100 %
2026/08/30 08:05:08.779, 14661 MiB, 100 %
2026/08/30 08:05:10.780, 14661 MiB, 100 %
2026/08/30 08:05:12.780, 14661 MiB, 100 %
2026/08/30 08:05:14.781, 14661 MiB, 100 %
2026/08/30 08:05:16.781, 14661 MiB, 47 %
2026/08/30 08:05:18.781, 14661 MiB, 97 %
2026/08/30 08:05:20.782, 14661 MiB, 100 %
2026/08/30 08:05:22.782, 14661 MiB, 100 %
2026/08/30 08:05:24.783, 14661 MiB, 100 %
2026/08/30 08:05:26.783, 14661 MiB, 90 %
2026/08/30 08:05:28.783, 14661 MiB, 98 %
2026/08/30 08:05:30.784, 14661 MiB, 75 %
2026/08/30 08:05:32.784, 14661 MiB, 100 %
2026/08/30 08:05:34.785, 14661 MiB, 100 %
2026/08/30 08:05:36.785, 14661 MiB, 100 %
2026/08/30 08:05:38.786, 14661 MiB, 100 %
2026/08/30 08:05:40.786, 14661 MiB, 47 %
2026/08/30 08:05:42.787, 14661 MiB, 98 %
2026/08/30 08:05:44.787, 14661 MiB, 100 %
2026/08/30 08:05:46.787, 14661 MiB, 100 %
2026/08/30 08:05:48.788, 14661 MiB, 100 %
2026/08/30 08:05:50.788, 14661 MiB, 100 %
2026/08/30 08:05:52.788, 14661 MiB, 100 %
2026/08/30 08:05:54.789, 14661 MiB, 100 %
2026/08/30 08:05:56.789, 14661 MiB, 100 %
2026/08/30 08:05:58.789, 14661 MiB, 100 %
2026/08/30 08:06:00.790, 14661 MiB, 95 %
2026/08/30 08:06:02.790, 14661 MiB, 98 %
2026/08/30 08:06:04.791, 14661 MiB, 72 %
2026/08/30 08:06:06.791, 14661 MiB, 100 %
2026/08/30 08:06:08.791, 14661 MiB, 100 %
2026/08/30 08:06:10.792, 14661 MiB, 100 %
2026/08/30 08:06:12.792, 14661 MiB, 100 %
2026/08/30 08:06:14.793, 14661 MiB, 48 %
2026/08/30 08:06:16.793, 14661 MiB, 98 %
2026/08/30 08:06:18.793, 14661 MiB, 100 %
2026/08/30 08:06:20.794, 14661 MiB, 100 %
2026/08/30 08:06:22.794, 14661 MiB, 100 %
2026/08/30 08:06:24.794, 14661 MiB, 100 %
2026/08/30 08:06:26.795, 14661 MiB, 100 %
2026/08/30 08:06:28.795, 14661 MiB, 63 %
2026/08/30 08:06:30.796, 14661 MiB, 100 %
2026/08/30 08:06:32.796, 14661 MiB, 100 %
2026/08/30 08:06:34.796, 14661 MiB, 100 %
2026/08/30 08:06:36.797, 14661 MiB, 100 %
2026/08/30 08:06:38.797, 14661 MiB, 58 %
2026/08/30 08:06:40.798, 14661 MiB, 98 %
2026/08/30 08:06:42.798, 14661 MiB, 100 %
2026/08/30 08:06:44.798, 14661 MiB, 100 %
2026/08/30 08:06:46.799, 14661 MiB, 100 %
2026/08/30 08:06:48.799, 14661 MiB, 100 %
2026/08/30 08:06:50.800, 14661 MiB, 100 %
2026/08/30 08:06:52.800, 14661 MiB, 49 %
2026/08/30 08:06:54.801, 14661 MiB, 100 %
2026/08/30 08:06:56.801, 14661 MiB, 100 %
2026/08/30 08:06:58.801, 14661 MiB, 100 %
2026/08/30 08:07:00.802, 14661 MiB, 100 %
2026/08/30 08:07:02.802, 14661 MiB, 78 %
2026/08/30 08:07:04.802, 14661 MiB, 97 %
2026/08/30 08:07:06.803, 14661 MiB, 94 %
2026/08/30 08:07:08.803, 14661 MiB, 100 %
2026/08/30 08:07:10.804, 14661 MiB, 100 %
2026/08/30 08:07:12.804, 14661 MiB, 100 %
2026/08/30 08:07:14.804, 14661 MiB, 100 %
2026/08/30 08:07:16.805, 14661 MiB, 48 %
2026/08/30 08:07:18.805, 14661 MiB, 98 %
2026/08/30 08:07:20.805, 14661 MiB, 100 %
2026/08/30 08:07:22.806, 14661 MiB, 100 %
2026/08/30 08:07:24.806, 14661 MiB, 100 %
2026/08/30 08:07:26.806, 14661 MiB, 81 %
2026/08/30 08:07:28.807, 14661 MiB, 98 %
2026/08/30 08:07:30.807, 14661 MiB, 89 %
2026/08/30 08:07:32.807, 14661 MiB, 100 %
2026/08/30 08:07:34.808, 14661 MiB, 100 %
2026/08/30 08:07:36.808, 14661 MiB, 100 %
2026/08/30 08:07:38.809, 14661 MiB, 100 %
2026/08/30 08:07:40.809, 14661 MiB, 48 %
2026/08/30 08:07:42.809, 14661 MiB, 98 %
2026/08/30 08:07:44.810, 14661 MiB, 100 %
2026/08/30 08:07:46.810, 14661 MiB, 100 %
2026/08/30 08:07:48.810, 14661 MiB, 100 %
2026/08/30 08:07:50.811, 14661 MiB, 88 %
2026/08/30 08:07:52.811, 14661 MiB, 98 %
2026/08/30 08:07:54.811, 14661 MiB, 79 %
2026/08/30 08:07:56.812, 14661 MiB, 100 %
2026/08/30 08:07:58.812, 14661 MiB, 100 %
2026/08/30 08:08:00.813, 14661 MiB, 100 %
2026/08/30 08:08:02.813, 14661 MiB, 100 %
2026/08/30 08:08:04.813, 14661 MiB, 48 %
2026/08/30 08:08:06.814, 14661 MiB, 97 %
2026/08/30 08:08:08.814, 14661 MiB, 100 %
2026/08/30 08:08:10.814, 14661 MiB, 100 %
2026/08/30 08:08:12.815, 14661 MiB, 100 %
2026/08/30 08:08:14.815, 14661 MiB, 100 %
2026/08/30 08:08:16.816, 14661 MiB, 98 %
2026/08/30 08:08:18.816, 14661 MiB, 68 %
2026/08/30 08:08:20.816, 14661 MiB, 100 %
2026/08/30 08:08:22.817, 14661 MiB, 100 %
2026/08/30 08:08:24.817, 14661 MiB, 100 %
2026/08/30 08:08:26.817, 14661 MiB, 100 %
2026/08/30 08:08:28.818, 14661 MiB, 56 %
2026/08/30 08:08:30.818, 14661 MiB, 97 %
2026/08/30 08:08:32.819, 14661 MiB, 100 %
2026/08/30 08:08:34.819, 14661 MiB, 100 %
2026/08/30 08:08:36.819, 14661 MiB, 100 %
2026/08/30 08:08:38.820, 14661 MiB, 100 %
2026/08/30 08:08:40.820, 14661 MiB, 100 %
2026/08/30 08:08:42.820, 14661 MiB, 46 %
2026/08/30 08:08:44.821, 14661 MiB, 98 %
2026/08/30 08:08:46.821, 14661 MiB, 100 %
2026/08/30 08:08:48.822, 14661 MiB, 100 %
2026/08/30 08:08:50.822, 14661 MiB, 100 %
2026/08/30 08:08:52.822, 14661 MiB, 89 %
2026/08/30 08:08:54.823, 14661 MiB, 98 %
2026/08/30 08:08:56.823, 14661 MiB, 76 %
2026/08/30 08:08:58.824, 14661 MiB, 100 %
2026/08/30 08:09:00.824, 14661 MiB, 100 %
2026/08/30 08:09:02.824, 14661 MiB, 100 %
2026/08/30 08:09:04.825, 14661 MiB, 100 %
2026/08/30 08:09:06.825, 14661 MiB, 48 %
2026/08/30 08:09:08.826, 14661 MiB, 98 %
2026/08/30 08:09:10.826, 14661 MiB, 100 %
2026/08/30 08:09:12.826, 14661 MiB, 100 %
2026/08/30 08:09:14.827, 14661 MiB, 100 %
2026/08/30 08:09:16.827, 14661 MiB, 100 %
2026/08/30 08:09:18.827, 14661 MiB, 100 %
2026/08/30 08:09:20.828, 14661 MiB, 63 %
2026/08/30 08:09:22.828, 14661 MiB, 100 %
2026/08/30 08:09:24.829, 14661 MiB, 100 %
2026/08/30 08:09:26.829, 14661 MiB, 100 %
2026/08/30 08:09:28.829, 14661 MiB, 100 %
2026/08/30 08:09:30.830, 14661 MiB, 52 %
2026/08/30 08:09:32.830, 14661 MiB, 98 %
2026/08/30 08:09:34.830, 14661 MiB, 100 %
2026/08/30 08:09:36.831, 14661 MiB, 100 %
2026/08/30 08:09:38.831, 14661 MiB, 100 %
2026/08/30 08:09:40.832, 14661 MiB, 73 %
2026/08/30 08:09:42.832, 14661 MiB, 98 %
2026/08/30 08:09:44.833, 14661 MiB, 100 %
2026/08/30 08:09:46.833, 14661 MiB, 100 %
2026/08/30 08:09:48.833, 14661 MiB, 100 %
2026/08/30 08:09:50.834, 14661 MiB, 100 %
2026/08/30 08:09:52.834, 14661 MiB, 98 %
2026/08/30 08:09:54.834, 14661 MiB, 78 %
2026/08/30 08:09:56.835, 14661 MiB, 100 %
2026/08/30 08:09:58.835, 14661 MiB, 100 %
2026/08/30 08:10:00.836, 14661 MiB, 100 %
2026/08/30 08:10:02.836, 14661 MiB, 100 %
2026/08/30 08:10:04.836, 14661 MiB, 53 %
2026/08/30 08:10:06.837, 14661 MiB, 100 %
2026/08/30 08:10:08.837, 14661 MiB, 100 %
2026/08/30 08:10:10.838, 14661 MiB, 100 %
2026/08/30 08:10:12.838, 14661 MiB, 100 %
2026/08/30 08:10:14.838, 14661 MiB, 55 %
2026/08/30 08:10:16.839, 14661 MiB, 98 %
2026/08/30 08:10:18.839, 14661 MiB, 100 %
2026/08/30 08:10:20.839, 14661 MiB, 100 %
2026/08/30 08:10:22.840, 14661 MiB, 100 %
2026/08/30 08:10:24.840, 14661 MiB, 88 %
2026/08/30 08:10:26.841, 14661 MiB, 98 %
2026/08/30 08:10:28.841, 14661 MiB, 100 %
2026/08/30 08:10:30.841, 14661 MiB, 100 %
2026/08/30 08:10:32.842, 14661 MiB, 100 %
2026/08/30 08:10:34.842, 14661 MiB, 51 %
2026/08/30 08:10:36.843, 14661 MiB, 98 %
2026/08/30 08:10:38.843, 14661 MiB, 0 %
2026/08/30 08:10:40.843, 14661 MiB, 100 %
2026/08/30 08:10:42.844, 14661 MiB, 44 %
2026/08/30 08:10:44.844, 14661 MiB, 98 %
2026/08/30 08:10:46.844, 14661 MiB, 100 %
2026/08/30 08:10:48.845, 14661 MiB, 100 %
2026/08/30 08:10:50.845, 14661 MiB, 100 %
2026/08/30 08:10:52.845, 14661 MiB, 100 %
2026/08/30 08:10:54.846, 14661 MiB, 100 %
2026/08/30 08:10:56.846, 14661 MiB, 40 %
2026/08/30 08:10:58.847, 14661 MiB, 98 %
2026/08/30 08:11:00.847, 14661 MiB, 100 %
2026/08/30 08:11:02.847, 14661 MiB, 100 %
2026/08/30 08:11:04.848, 14661 MiB, 100 %
2026/08/30 08:11:06.848, 14661 MiB, 100 %
2026/08/30 08:11:08.848, 14661 MiB, 100 %
2026/08/30 08:11:10.849, 14661 MiB, 45 %
2026/08/30 08:11:12.849, 14661 MiB, 98 %
2026/08/30 08:11:14.849, 14661 MiB, 100 %
2026/08/30 08:11:16.850, 14661 MiB, 100 %
2026/08/30 08:11:18.850, 14661 MiB, 100 %
2026/08/30 08:11:20.850, 14661 MiB, 100 %
2026/08/30 08:11:22.851, 14661 MiB, 100 %
2026/08/30 08:11:24.851, 14661 MiB, 56 %
2026/08/30 08:11:26.851, 14661 MiB, 100 %
2026/08/30 08:11:28.852, 14661 MiB, 100 %
2026/08/30 08:11:30.852, 14661 MiB, 100 %
2026/08/30 08:11:32.853, 14661 MiB, 100 %
2026/08/30 08:11:34.853, 14661 MiB, 83 %
2026/08/30 08:11:36.853, 14661 MiB, 98 %
2026/08/30 08:11:38.854, 14661 MiB, 77 %
2026/08/30 08:11:40.854, 14661 MiB, 100 %
2026/08/30 08:11:42.854, 14661 MiB, 100 %
2026/08/30 08:11:44.855, 14661 MiB, 100 %
2026/08/30 08:11:46.855, 14661 MiB, 100 %
2026/08/30 08:11:48.855, 14661 MiB, 57 %
2026/08/30 08:11:50.856, 14661 MiB, 97 %
2026/08/30 08:11:52.856, 14661 MiB, 100 %
2026/08/30 08:11:54.857, 14661 MiB, 100 %
2026/08/30 08:11:56.857, 14661 MiB, 100 %
2026/08/30 08:11:58.857, 14661 MiB, 100 %
2026/08/30 08:12:00.858, 14661 MiB, 100 %
2026/08/30 08:12:02.858, 14661 MiB, 55 %
2026/08/30 08:12:04.858, 14661 MiB, 100 %
2026/08/30 08:12:06.859, 14661 MiB, 100 %
2026/08/30 08:12:08.859, 14661 MiB, 100 %
2026/08/30 08:12:10.859, 14661 MiB, 100 %
2026/08/30 08:12:12.860, 14661 MiB, 69 %
2026/08/30 08:12:14.860, 14661 MiB, 98 %
2026/08/30 08:12:16.860, 14661 MiB, 100 %
2026/08/30 08:12:18.861, 14661 MiB, 100 %
2026/08/30 08:12:20.861, 14661 MiB, 100 %
2026/08/30 08:12:22.862, 14661 MiB, 100 %
2026/08/30 08:12:24.862, 14661 MiB, 100 %
2026/08/30 08:12:26.870, 14661 MiB, 58 %
2026/08/30 08:12:28.870, 14661 MiB, 100 %
2026/08/30 08:12:30.871, 14661 MiB, 100 %
2026/08/30 08:12:32.871, 14661 MiB, 100 %
2026/08/30 08:12:34.871, 14661 MiB, 100 %
2026/08/30 08:12:36.872, 14661 MiB, 62 %
2026/08/30 08:12:38.872, 14661 MiB, 98 %
2026/08/30 08:12:40.872, 14661 MiB, 100 %
2026/08/30 08:12:42.873, 14661 MiB, 100 %
2026/08/30 08:12:44.873, 14661 MiB, 100 %
2026/08/30 08:12:46.873, 14661 MiB, 100 %
2026/08/30 08:12:48.874, 14661 MiB, 100 %
2026/08/30 08:12:50.874, 14661 MiB, 62 %
2026/08/30 08:12:52.875, 14661 MiB, 100 %
2026/08/30 08:12:54.875, 14661 MiB, 100 %
2026/08/30 08:12:56.875, 14661 MiB, 100 %
2026/08/30 08:12:58.876, 14661 MiB, 100 %
2026/08/30 08:13:00.876, 14661 MiB, 52 %
2026/08/30 08:13:02.877, 14661 MiB, 98 %
2026/08/30 08:13:04.877, 14661 MiB, 100 %
2026/08/30 08:13:06.877, 14661 MiB, 100 %
2026/08/30 08:13:08.878, 14661 MiB, 100 %
2026/08/30 08:13:10.878, 14661 MiB, 99 %
2026/08/30 08:13:12.879, 14661 MiB, 98 %
2026/08/30 08:13:14.879, 14661 MiB, 72 %
2026/08/30 08:13:16.879, 14661 MiB, 100 %
2026/08/30 08:13:18.880, 14661 MiB, 100 %
2026/08/30 08:13:20.880, 14661 MiB, 100 %
2026/08/30 08:13:22.880, 14661 MiB, 100 %
2026/08/30 08:13:24.881, 14661 MiB, 59 %
2026/08/30 08:13:26.881, 14661 MiB, 98 %
2026/08/30 08:13:28.882, 14661 MiB, 100 %
2026/08/30 08:13:30.882, 14661 MiB, 100 %
2026/08/30 08:13:32.882, 14661 MiB, 100 %
2026/08/30 08:13:34.883, 14661 MiB, 100 %
2026/08/30 08:13:36.883, 14661 MiB, 100 %
2026/08/30 08:13:38.883, 14661 MiB, 46 %
2026/08/30 08:13:40.884, 14661 MiB, 98 %
2026/08/30 08:13:42.884, 14661 MiB, 100 %
2026/08/30 08:13:44.885, 14661 MiB, 100 %
2026/08/30 08:13:46.885, 14661 MiB, 100 %
2026/08/30 08:13:48.885, 14661 MiB, 92 %
2026/08/30 08:13:50.886, 14661 MiB, 98 %
2026/08/30 08:13:52.886, 14661 MiB, 68 %
2026/08/30 08:13:54.886, 14661 MiB, 100 %
2026/08/30 08:13:56.887, 14661 MiB, 100 %
2026/08/30 08:13:58.887, 14661 MiB, 100 %
2026/08/30 08:14:00.888, 14661 MiB, 100 %
2026/08/30 08:14:02.888, 14661 MiB, 87 %
2026/08/30 08:14:04.888, 14661 MiB, 98 %
2026/08/30 08:14:06.889, 14661 MiB, 67 %
2026/08/30 08:14:08.889, 14661 MiB, 100 %
2026/08/30 08:14:10.889, 14661 MiB, 100 %
2026/08/30 08:14:12.890, 14661 MiB, 100 %
2026/08/30 08:14:14.890, 14661 MiB, 100 %
2026/08/30 08:14:16.891, 14661 MiB, 86 %
2026/08/30 08:14:18.891, 14661 MiB, 98 %
2026/08/30 08:14:20.891, 14661 MiB, 72 %
2026/08/30 08:14:22.892, 14661 MiB, 100 %
2026/08/30 08:14:24.892, 14661 MiB, 100 %
2026/08/30 08:14:26.893, 14661 MiB, 100 %
2026/08/30 08:14:28.893, 14661 MiB, 100 %
2026/08/30 08:14:30.893, 14661 MiB, 77 %
2026/08/30 08:14:32.894, 14661 MiB, 97 %
2026/08/30 08:14:34.894, 14661 MiB, 79 %
2026/08/30 08:14:36.894, 14661 MiB, 100 %
2026/08/30 08:14:38.895, 14661 MiB, 100 %
2026/08/30 08:14:40.895, 14661 MiB, 100 %
2026/08/30 08:14:42.895, 14661 MiB, 100 %
2026/08/30 08:14:44.896, 14661 MiB, 84 %
2026/08/30 08:14:46.896, 14661 MiB, 98 %
2026/08/30 08:14:48.897, 14661 MiB, 65 %
2026/08/30 08:14:50.897, 14661 MiB, 100 %
2026/08/30 08:14:52.897, 14661 MiB, 100 %
2026/08/30 08:14:54.898, 14661 MiB, 100 %
2026/08/30 08:14:56.898, 14661 MiB, 100 %
2026/08/30 08:14:58.899, 14661 MiB, 84 %
2026/08/30 08:15:00.899, 14661 MiB, 100 %
2026/08/30 08:15:02.899, 14661 MiB, 100 %
2026/08/30 08:15:04.900, 14661 MiB, 100 %
2026/08/30 08:15:06.900, 14661 MiB, 100 %
2026/08/30 08:15:08.900, 14661 MiB, 86 %
2026/08/30 08:15:10.901, 14661 MiB, 97 %
2026/08/30 08:15:12.901, 14661 MiB, 75 %
2026/08/30 08:15:14.902, 14661 MiB, 100 %
2026/08/30 08:15:16.902, 14661 MiB, 100 %
2026/08/30 08:15:18.902, 14661 MiB, 100 %
2026/08/30 08:15:20.903, 14661 MiB, 100 %
2026/08/30 08:15:22.903, 14661 MiB, 66 %
2026/08/30 08:15:24.903, 14661 MiB, 98 %
2026/08/30 08:15:26.904, 14661 MiB, 100 %
2026/08/30 08:15:28.904, 14661 MiB, 100 %
2026/08/30 08:15:30.905, 14661 MiB, 100 %
2026/08/30 08:15:32.905, 14661 MiB, 100 %
2026/08/30 08:15:34.906, 14661 MiB, 100 %
2026/08/30 08:15:36.906, 14661 MiB, 48 %
2026/08/30 08:15:38.906, 14661 MiB, 97 %
2026/08/30 08:15:40.907, 14661 MiB, 100 %
2026/08/30 08:15:42.907, 14661 MiB, 100 %
2026/08/30 08:15:44.908, 14661 MiB, 100 %
2026/08/30 08:15:46.908, 14661 MiB, 100 %
2026/08/30 08:15:48.908, 14661 MiB, 100 %
2026/08/30 08:15:50.909, 14661 MiB, 58 %
2026/08/30 08:15:52.909, 14661 MiB, 98 %
2026/08/30 08:15:54.909, 14661 MiB, 100 %
2026/08/30 08:15:56.910, 14661 MiB, 100 %
2026/08/30 08:15:58.910, 14661 MiB, 100 %
2026/08/30 08:16:00.910, 14661 MiB, 100 %
2026/08/30 08:16:02.911, 14661 MiB, 100 %
2026/08/30 08:16:04.911, 14661 MiB, 52 %
2026/08/30 08:16:06.912, 14661 MiB, 97 %
2026/08/30 08:16:08.912, 14661 MiB, 94 %
2026/08/30 08:16:10.912, 14661 MiB, 100 %
2026/08/30 08:16:12.913, 14661 MiB, 100 %
2026/08/30 08:16:14.913, 14661 MiB, 100 %
2026/08/30 08:16:16.914, 14661 MiB, 100 %
2026/08/30 08:16:18.914, 14661 MiB, 56 %
2026/08/30 08:16:20.914, 14661 MiB, 98 %
2026/08/30 08:16:22.915, 14661 MiB, 100 %
2026/08/30 08:16:24.915, 14661 MiB, 100 %
2026/08/30 08:16:26.915, 14661 MiB, 100 %
2026/08/30 08:16:28.916, 14661 MiB, 100 %
2026/08/30 08:16:30.916, 14661 MiB, 100 %
2026/08/30 08:16:32.917, 14661 MiB, 59 %
2026/08/30 08:16:34.917, 14661 MiB, 97 %
2026/08/30 08:16:36.917, 14661 MiB, 91 %
2026/08/30 08:16:38.918, 14661 MiB, 100 %
2026/08/30 08:16:40.918, 14661 MiB, 100 %
2026/08/30 08:16:42.918, 14661 MiB, 100 %
2026/08/30 08:16:44.919, 14661 MiB, 100 %
2026/08/30 08:16:46.919, 14661 MiB, 59 %
2026/08/30 08:16:48.920, 14661 MiB, 98 %
2026/08/30 08:16:50.920, 14661 MiB, 100 %
2026/08/30 08:16:52.920, 14661 MiB, 100 %
2026/08/30 08:16:54.921, 14661 MiB, 100 %
2026/08/30 08:16:56.921, 14661 MiB, 100 %
2026/08/30 08:16:58.921, 14661 MiB, 100 %
2026/08/30 08:17:00.922, 14661 MiB, 48 %
2026/08/30 08:17:02.922, 14661 MiB, 98 %
2026/08/30 08:17:04.923, 14661 MiB, 100 %
2026/08/30 08:17:06.923, 14661 MiB, 100 %
2026/08/30 08:17:08.923, 14661 MiB, 100 %
2026/08/30 08:17:10.924, 14661 MiB, 100 %
2026/08/30 08:17:12.924, 14661 MiB, 100 %
2026/08/30 08:17:14.925, 14661 MiB, 50 %
2026/08/30 08:17:16.925, 14661 MiB, 97 %
2026/08/30 08:17:18.925, 14661 MiB, 100 %
2026/08/30 08:17:20.926, 14661 MiB, 100 %
2026/08/30 08:17:22.926, 14661 MiB, 100 %
2026/08/30 08:17:24.926, 14661 MiB, 100 %
2026/08/30 08:17:26.927, 14661 MiB, 100 %
2026/08/30 08:17:28.927, 14661 MiB, 49 %
2026/08/30 08:17:30.927, 14661 MiB, 98 %
2026/08/30 08:17:32.928, 14661 MiB, 100 %
2026/08/30 08:17:34.928, 14661 MiB, 100 %
2026/08/30 08:17:36.929, 14661 MiB, 100 %
2026/08/30 08:17:38.929, 14661 MiB, 82 %
2026/08/30 08:17:40.929, 14661 MiB, 97 %
2026/08/30 08:17:42.930, 14661 MiB, 73 %
2026/08/30 08:17:44.930, 14661 MiB, 100 %
2026/08/30 08:17:46.930, 14661 MiB, 100 %
2026/08/30 08:17:48.931, 14661 MiB, 100 %
2026/08/30 08:17:50.931, 14661 MiB, 100 %
2026/08/30 08:17:52.932, 14661 MiB, 100 %
2026/08/30 08:17:54.932, 14661 MiB, 100 %
2026/08/30 08:17:56.932, 14661 MiB, 46 %
2026/08/30 08:17:58.933, 14661 MiB, 97 %
2026/08/30 08:18:00.933, 14661 MiB, 100 %
2026/08/30 08:18:02.934, 14661 MiB, 100 %
2026/08/30 08:18:04.934, 14661 MiB, 100 %
2026/08/30 08:18:06.934, 14661 MiB, 100 %
2026/08/30 08:18:08.935, 14661 MiB, 100 %
2026/08/30 08:18:10.935, 14661 MiB, 46 %
2026/08/30 08:18:12.935, 14661 MiB, 98 %
2026/08/30 08:18:14.936, 14661 MiB, 100 %
2026/08/30 08:18:16.936, 14661 MiB, 100 %
2026/08/30 08:18:18.937, 14661 MiB, 100 %
2026/08/30 08:18:20.937, 14661 MiB, 100 %
2026/08/30 08:18:22.938, 14661 MiB, 100 %
2026/08/30 08:18:24.938, 14661 MiB, 47 %
2026/08/30 08:18:26.939, 14661 MiB, 98 %
2026/08/30 08:18:28.939, 14661 MiB, 100 %
2026/08/30 08:18:30.939, 14661 MiB, 100 %
2026/08/30 08:18:32.940, 14661 MiB, 100 %
2026/08/30 08:18:34.940, 14661 MiB, 100 %
2026/08/30 08:18:36.941, 14661 MiB, 100 %
2026/08/30 08:18:38.941, 14661 MiB, 47 %
2026/08/30 08:18:40.941, 14661 MiB, 96 %
2026/08/30 08:18:42.942, 14661 MiB, 100 %
2026/08/30 08:18:44.942, 14661 MiB, 100 %
2026/08/30 08:18:46.942, 14661 MiB, 100 %
2026/08/30 08:18:48.943, 14661 MiB, 100 %
2026/08/30 08:18:50.943, 14661 MiB, 100 %
2026/08/30 08:18:52.944, 14661 MiB, 75 %
2026/08/30 08:18:54.944, 14661 MiB, 98 %
2026/08/30 08:18:56.944, 14661 MiB, 74 %
2026/08/30 08:18:58.945, 14661 MiB, 100 %
2026/08/30 08:19:00.945, 14661 MiB, 100 %
2026/08/30 08:19:02.945, 14661 MiB, 100 %
2026/08/30 08:19:04.946, 14661 MiB, 100 %
2026/08/30 08:19:06.946, 14661 MiB, 91 %
2026/08/30 08:19:08.947, 14661 MiB, 100 %
2026/08/30 08:19:10.947, 14661 MiB, 44 %
2026/08/30 08:19:12.948, 14661 MiB, 97 %
2026/08/30 08:19:14.948, 14661 MiB, 100 %
2026/08/30 08:19:16.948, 14661 MiB, 100 %
2026/08/30 08:19:18.949, 14661 MiB, 100 %
2026/08/30 08:19:20.949, 14661 MiB, 67 %
2026/08/30 08:19:22.949, 14661 MiB, 98 %
2026/08/30 08:19:24.950, 14661 MiB, 79 %
2026/08/30 08:19:26.950, 14661 MiB, 100 %
2026/08/30 08:19:28.951, 14661 MiB, 100 %
2026/08/30 08:19:30.951, 14661 MiB, 100 %
2026/08/30 08:19:32.951, 14661 MiB, 100 %
2026/08/30 08:19:34.952, 14661 MiB, 88 %
2026/08/30 08:19:36.952, 14661 MiB, 98 %
2026/08/30 08:19:38.952, 14661 MiB, 59 %
2026/08/30 08:19:40.953, 14661 MiB, 97 %
2026/08/30 08:19:42.953, 14661 MiB, 100 %
2026/08/30 08:19:44.954, 14661 MiB, 100 %
2026/08/30 08:19:46.954, 14661 MiB, 100 %
2026/08/30 08:19:48.954, 14661 MiB, 100 %
2026/08/30 08:19:50.955, 14661 MiB, 100 %
2026/08/30 08:19:52.955, 14661 MiB, 47 %
2026/08/30 08:19:54.956, 14661 MiB, 98 %
2026/08/30 08:19:56.956, 14661 MiB, 100 %
2026/08/30 08:19:58.956, 14661 MiB, 100 %
2026/08/30 08:20:00.957, 14661 MiB, 100 %
2026/08/30 08:20:02.957, 14661 MiB, 100 %
2026/08/30 08:20:04.957, 14661 MiB, 100 %
2026/08/30 08:20:06.958, 14661 MiB, 54 %
2026/08/30 08:20:08.958, 14661 MiB, 97 %
2026/08/30 08:20:10.959, 14661 MiB, 99 %
2026/08/30 08:20:12.959, 14661 MiB, 100 %
2026/08/30 08:20:14.959, 14661 MiB, 100 %
2026/08/30 08:20:16.960, 14661 MiB, 100 %
2026/08/30 08:20:18.960, 14661 MiB, 100 %
2026/08/30 08:20:20.960, 14661 MiB, 74 %
2026/08/30 08:20:22.961, 14661 MiB, 97 %
2026/08/30 08:20:24.961, 14661 MiB, 70 %
2026/08/30 08:20:26.961, 14661 MiB, 100 %
2026/08/30 08:20:28.962, 14661 MiB, 100 %
2026/08/30 08:20:30.962, 14661 MiB, 100 %
2026/08/30 08:20:32.962, 14661 MiB, 100 %
2026/08/30 08:20:34.963, 14661 MiB, 85 %
2026/08/30 08:20:36.963, 14661 MiB, 98 %
2026/08/30 08:20:38.964, 14661 MiB, 60 %
2026/08/30 08:20:40.964, 14661 MiB, 100 %
2026/08/30 08:20:42.964, 14661 MiB, 100 %
2026/08/30 08:20:44.965, 14661 MiB, 100 %
2026/08/30 08:20:46.965, 14661 MiB, 100 %
2026/08/30 08:20:48.965, 14661 MiB, 100 %
2026/08/30 08:20:50.966, 14661 MiB, 100 %
2026/08/30 08:20:52.966, 14661 MiB, 48 %
2026/08/30 08:20:54.967, 14661 MiB, 97 %
2026/08/30 08:20:56.967, 14661 MiB, 100 %
2026/08/30 08:20:58.967, 14661 MiB, 100 %
2026/08/30 08:21:00.968, 14661 MiB, 100 %
2026/08/30 08:21:02.968, 14661 MiB, 100 %
2026/08/30 08:21:04.968, 14661 MiB, 100 %
2026/08/30 08:21:06.969, 14661 MiB, 60 %
2026/08/30 08:21:08.969, 14661 MiB, 98 %
2026/08/30 08:21:10.969, 14661 MiB, 90 %
2026/08/30 08:21:12.970, 14661 MiB, 100 %
2026/08/30 08:21:14.970, 14661 MiB, 100 %
2026/08/30 08:21:16.971, 14661 MiB, 100 %
2026/08/30 08:21:18.971, 14661 MiB, 100 %
2026/08/30 08:21:20.971, 14661 MiB, 86 %
2026/08/30 08:21:22.972, 14661 MiB, 98 %
2026/08/30 08:21:24.972, 14661 MiB, 61 %
2026/08/30 08:21:26.973, 14661 MiB, 100 %
2026/08/30 08:21:28.973, 14661 MiB, 100 %
2026/08/30 08:21:30.973, 14661 MiB, 100 %
2026/08/30 08:21:32.974, 14661 MiB, 100 %
2026/08/30 08:21:34.974, 14661 MiB, 100 %
2026/08/30 08:21:36.975, 14661 MiB, 100 %
2026/08/30 08:21:38.975, 14661 MiB, 46 %
2026/08/30 08:21:40.975, 14661 MiB, 98 %
2026/08/30 08:21:42.976, 14661 MiB, 100 %
2026/08/30 08:21:44.976, 14661 MiB, 100 %
2026/08/30 08:21:46.977, 14661 MiB, 100 %
2026/08/30 08:21:48.977, 14661 MiB, 100 %
2026/08/30 08:21:50.977, 14661 MiB, 100 %
2026/08/30 08:21:52.978, 14661 MiB, 60 %
2026/08/30 08:21:54.978, 14661 MiB, 98 %
2026/08/30 08:21:56.978, 14661 MiB, 80 %
2026/08/30 08:21:58.979, 14661 MiB, 100 %
2026/08/30 08:22:00.979, 14661 MiB, 100 %
2026/08/30 08:22:02.980, 14661 MiB, 100 %
2026/08/30 08:22:04.980, 14661 MiB, 100 %
2026/08/30 08:22:06.980, 14661 MiB, 95 %
2026/08/30 08:22:08.981, 14661 MiB, 98 %
2026/08/30 08:22:10.981, 14661 MiB, 63 %
2026/08/30 08:22:12.981, 14661 MiB, 100 %
2026/08/30 08:22:14.982, 14661 MiB, 100 %
2026/08/30 08:22:16.982, 14661 MiB, 100 %
2026/08/30 08:22:18.982, 14661 MiB, 100 %
2026/08/30 08:22:20.983, 14661 MiB, 100 %
2026/08/30 08:22:22.983, 14661 MiB, 100 %
2026/08/30 08:22:24.983, 14661 MiB, 46 %
2026/08/30 08:22:26.984, 14661 MiB, 97 %
2026/08/30 08:22:28.984, 14661 MiB, 100 %
2026/08/30 08:22:30.984, 14661 MiB, 100 %
2026/08/30 08:22:32.985, 14661 MiB, 100 %
2026/08/30 08:22:34.985, 14661 MiB, 100 %
2026/08/30 08:22:36.986, 14661 MiB, 100 %
2026/08/30 08:22:38.986, 14661 MiB, 59 %
2026/08/30 08:22:40.987, 14661 MiB, 98 %
2026/08/30 08:22:42.987, 14661 MiB, 88 %
2026/08/30 08:22:44.987, 14661 MiB, 100 %
2026/08/30 08:22:46.988, 14661 MiB, 100 %
2026/08/30 08:22:48.988, 14661 MiB, 100 %
2026/08/30 08:22:50.988, 14661 MiB, 100 %
2026/08/30 08:22:52.989, 14661 MiB, 96 %
2026/08/30 08:22:54.989, 14661 MiB, 100 %
2026/08/30 08:22:56.990, 14661 MiB, 47 %
2026/08/30 08:22:58.990, 14661 MiB, 98 %
2026/08/30 08:23:00.990, 14661 MiB, 100 %
2026/08/30 08:23:02.991, 14661 MiB, 100 %
2026/08/30 08:23:04.991, 14661 MiB, 100 %
2026/08/30 08:23:06.991, 14661 MiB, 100 %
2026/08/30 08:23:08.992, 14661 MiB, 100 %
2026/08/30 08:23:10.992, 14661 MiB, 48 %
2026/08/30 08:23:12.992, 14661 MiB, 97 %
2026/08/30 08:23:14.993, 14661 MiB, 99 %
2026/08/30 08:23:16.993, 14661 MiB, 100 %
2026/08/30 08:23:18.994, 14661 MiB, 100 %
2026/08/30 08:23:20.994, 14661 MiB, 100 %
2026/08/30 08:23:22.994, 14661 MiB, 100 %
2026/08/30 08:23:24.995, 14661 MiB, 74 %
2026/08/30 08:23:26.995, 14661 MiB, 100 %
2026/08/30 08:23:28.996, 14661 MiB, 100 %
2026/08/30 08:23:30.996, 14661 MiB, 100 %
2026/08/30 08:23:32.996, 14661 MiB, 100 %
2026/08/30 08:23:34.997, 14661 MiB, 100 %
2026/08/30 08:23:36.997, 14661 MiB, 100 %
2026/08/30 08:23:38.998, 14661 MiB, 100 %
2026/08/30 08:23:40.998, 14661 MiB, 100 %
2026/08/30 08:23:42.998, 14661 MiB, 100 %
2026/08/30 08:23:44.999, 14661 MiB, 100 %
2026/08/30 08:23:46.999, 14661 MiB, 74 %
2026/08/30 08:23:48.999, 14661 MiB, 98 %
2026/08/30 08:23:51.000, 14661 MiB, 73 %
2026/08/30 08:23:53.000, 14661 MiB, 100 %
2026/08/30 08:23:55.001, 14661 MiB, 100 %
2026/08/30 08:23:57.001, 14661 MiB, 100 %
2026/08/30 08:23:59.001, 14661 MiB, 100 %
2026/08/30 08:24:01.002, 14661 MiB, 96 %
2026/08/30 08:24:03.002, 14661 MiB, 100 %
2026/08/30 08:24:05.003, 14661 MiB, 53 %
2026/08/30 08:24:07.003, 14661 MiB, 98 %
2026/08/30 08:24:09.003, 14661 MiB, 100 %
2026/08/30 08:24:11.004, 14661 MiB, 100 %
2026/08/30 08:24:13.004, 14661 MiB, 100 %
2026/08/30 08:24:15.005, 14661 MiB, 100 %
2026/08/30 08:24:17.005, 14661 MiB, 100 %
2026/08/30 08:24:19.005, 14661 MiB, 100 %
2026/08/30 08:24:21.006, 14661 MiB, 100 %
2026/08/30 08:24:23.006, 14661 MiB, 100 %
2026/08/30 08:24:25.006, 14661 MiB, 100 %
2026/08/30 08:24:27.007, 14661 MiB, 67 %
2026/08/30 08:24:29.007, 14661 MiB, 97 %
2026/08/30 08:24:31.007, 14661 MiB, 65 %
2026/08/30 08:24:33.008, 14661 MiB, 100 %
2026/08/30 08:24:35.008, 14661 MiB, 100 %
2026/08/30 08:24:37.009, 14661 MiB, 100 %
2026/08/30 08:24:39.009, 14661 MiB, 100 %
2026/08/30 08:24:41.009, 14661 MiB, 100 %
2026/08/30 08:24:43.010, 14661 MiB, 100 %
2026/08/30 08:24:45.010, 14661 MiB, 49 %
2026/08/30 08:24:47.011, 14661 MiB, 98 %
2026/08/30 08:24:49.011, 14661 MiB, 94 %
2026/08/30 08:24:51.011, 14661 MiB, 100 %
2026/08/30 08:24:53.012, 14661 MiB, 100 %
2026/08/30 08:24:55.012, 14661 MiB, 100 %
2026/08/30 08:24:57.012, 14661 MiB, 100 %
2026/08/30 08:24:59.013, 14661 MiB, 90 %
2026/08/30 08:25:01.013, 14661 MiB, 100 %
2026/08/30 08:25:03.014, 14661 MiB, 56 %
2026/08/30 08:25:05.014, 14661 MiB, 98 %
2026/08/30 08:25:07.014, 14661 MiB, 100 %
2026/08/30 08:25:09.015, 14661 MiB, 100 %
2026/08/30 08:25:11.015, 14661 MiB, 100 %
2026/08/30 08:25:13.015, 14661 MiB, 100 %
2026/08/30 08:25:15.016, 14661 MiB, 100 %
2026/08/30 08:25:17.016, 14661 MiB, 49 %
2026/08/30 08:25:19.017, 14661 MiB, 98 %
2026/08/30 08:25:21.017, 14661 MiB, 100 %
2026/08/30 08:25:23.017, 14661 MiB, 100 %
2026/08/30 08:25:25.018, 14661 MiB, 100 %
2026/08/30 08:25:27.018, 14661 MiB, 100 %
2026/08/30 08:25:29.019, 14661 MiB, 100 %
2026/08/30 08:25:31.019, 14661 MiB, 84 %
2026/08/30 08:25:33.019, 14661 MiB, 97 %
2026/08/30 08:25:35.020, 14661 MiB, 53 %
2026/08/30 08:25:37.020, 14661 MiB, 98 %
2026/08/30 08:25:39.021, 14661 MiB, 100 %
2026/08/30 08:25:41.021, 14661 MiB, 100 %
2026/08/30 08:25:43.021, 14661 MiB, 100 %
2026/08/30 08:25:45.022, 14661 MiB, 100 %
2026/08/30 08:25:47.022, 14661 MiB, 100 %
2026/08/30 08:25:49.023, 14661 MiB, 61 %
2026/08/30 08:25:51.023, 14661 MiB, 98 %
2026/08/30 08:25:53.023, 14661 MiB, 87 %
2026/08/30 08:25:55.024, 14661 MiB, 100 %
2026/08/30 08:25:57.024, 14661 MiB, 100 %
2026/08/30 08:25:59.024, 14661 MiB, 100 %
2026/08/30 08:26:01.025, 14661 MiB, 100 %
2026/08/30 08:26:03.025, 14661 MiB, 98 %
2026/08/30 08:26:05.026, 14661 MiB, 100 %
2026/08/30 08:26:07.026, 14661 MiB, 59 %
2026/08/30 08:26:09.026, 14661 MiB, 100 %
2026/08/30 08:26:11.027, 14661 MiB, 100 %
2026/08/30 08:26:13.027, 14661 MiB, 100 %
2026/08/30 08:26:15.028, 14661 MiB, 100 %
2026/08/30 08:26:17.028, 14661 MiB, 100 %
2026/08/30 08:26:19.029, 14661 MiB, 100 %
2026/08/30 08:26:21.029, 14661 MiB, 50 %
2026/08/30 08:26:23.029, 14661 MiB, 98 %
2026/08/30 08:26:25.030, 14661 MiB, 100 %
2026/08/30 08:26:27.030, 14661 MiB, 100 %
2026/08/30 08:26:29.031, 14661 MiB, 100 %
2026/08/30 08:26:31.031, 14661 MiB, 100 %
2026/08/30 08:26:33.031, 14661 MiB, 100 %
2026/08/30 08:26:35.032, 14661 MiB, 50 %
2026/08/30 08:26:37.032, 14661 MiB, 98 %
2026/08/30 08:26:39.033, 14661 MiB, 100 %
2026/08/30 08:26:41.033, 14661 MiB, 100 %
2026/08/30 08:26:43.033, 14661 MiB, 100 %
2026/08/30 08:26:45.034, 14661 MiB, 100 %
2026/08/30 08:26:47.034, 14661 MiB, 100 %
2026/08/30 08:26:49.035, 14661 MiB, 48 %
2026/08/30 08:26:51.035, 14661 MiB, 98 %
2026/08/30 08:26:53.035, 14661 MiB, 100 %
2026/08/30 08:26:55.036, 14661 MiB, 100 %
2026/08/30 08:26:57.046, 14661 MiB, 100 %
2026/08/30 08:26:59.046, 14661 MiB, 100 %
2026/08/30 08:27:01.046, 14661 MiB, 100 %
2026/08/30 08:27:03.047, 14661 MiB, 49 %
2026/08/30 08:27:05.047, 14661 MiB, 98 %
2026/08/30 08:27:07.048, 14661 MiB, 100 %
2026/08/30 08:27:09.048, 14661 MiB, 100 %
2026/08/30 08:27:11.049, 14661 MiB, 100 %
2026/08/30 08:27:13.049, 14661 MiB, 100 %
2026/08/30 08:27:15.049, 14661 MiB, 100 %
2026/08/30 08:27:17.050, 14661 MiB, 67 %
2026/08/30 08:27:19.050, 14661 MiB, 98 %
2026/08/30 08:27:21.051, 14661 MiB, 80 %
2026/08/30 08:27:23.051, 14661 MiB, 100 %
2026/08/30 08:27:25.051, 14661 MiB, 100 %
2026/08/30 08:27:27.052, 14661 MiB, 100 %
2026/08/30 08:27:29.052, 14661 MiB, 100 %
2026/08/30 08:27:31.052, 14661 MiB, 90 %
2026/08/30 08:27:33.053, 14661 MiB, 98 %
2026/08/30 08:27:35.053, 14661 MiB, 57 %
2026/08/30 08:27:37.054, 14661 MiB, 98 %
2026/08/30 08:27:39.054, 14661 MiB, 100 %
2026/08/30 08:27:41.055, 14661 MiB, 100 %
2026/08/30 08:27:43.055, 14661 MiB, 100 %
2026/08/30 08:27:45.055, 14661 MiB, 100 %
2026/08/30 08:27:47.056, 14661 MiB, 100 %
2026/08/30 08:27:49.056, 14661 MiB, 46 %
2026/08/30 08:27:51.056, 14661 MiB, 98 %
2026/08/30 08:27:53.057, 14661 MiB, 100 %
2026/08/30 08:27:55.057, 14661 MiB, 100 %
2026/08/30 08:27:57.058, 14661 MiB, 100 %
2026/08/30 08:27:59.058, 14661 MiB, 77 %
2026/08/30 08:28:01.058, 14661 MiB, 98 %
2026/08/30 08:28:03.059, 14661 MiB, 67 %
2026/08/30 08:28:05.059, 14661 MiB, 100 %
2026/08/30 08:28:07.060, 14661 MiB, 100 %
2026/08/30 08:28:09.060, 14661 MiB, 100 %
2026/08/30 08:28:11.061, 14661 MiB, 100 %
2026/08/30 08:28:13.061, 14661 MiB, 100 %
2026/08/30 08:28:15.061, 14661 MiB, 100 %
2026/08/30 08:28:17.062, 14661 MiB, 49 %
2026/08/30 08:28:19.062, 14661 MiB, 97 %
2026/08/30 08:28:21.063, 14661 MiB, 97 %
2026/08/30 08:28:23.063, 14661 MiB, 100 %
2026/08/30 08:28:25.063, 14661 MiB, 100 %
2026/08/30 08:28:27.064, 14661 MiB, 100 %
2026/08/30 08:28:29.064, 14661 MiB, 100 %
2026/08/30 08:28:31.065, 14661 MiB, 82 %
2026/08/30 08:28:33.065, 14661 MiB, 98 %
2026/08/30 08:28:35.065, 14661 MiB, 69 %
2026/08/30 08:28:37.066, 14661 MiB, 100 %
2026/08/30 08:28:39.066, 14661 MiB, 100 %
2026/08/30 08:28:41.067, 14661 MiB, 100 %
2026/08/30 08:28:43.067, 14661 MiB, 100 %
2026/08/30 08:28:45.067, 14661 MiB, 100 %
2026/08/30 08:28:47.068, 14661 MiB, 100 %
2026/08/30 08:28:49.068, 14661 MiB, 48 %
2026/08/30 08:28:51.069, 14661 MiB, 98 %
2026/08/30 08:28:53.069, 14661 MiB, 100 %
2026/08/30 08:28:55.070, 14661 MiB, 100 %
2026/08/30 08:28:57.070, 14661 MiB, 100 %
2026/08/30 08:28:59.070, 14661 MiB, 100 %
2026/08/30 08:29:01.071, 14661 MiB, 100 %
2026/08/30 08:29:03.071, 14661 MiB, 47 %
2026/08/30 08:29:05.072, 14661 MiB, 98 %
2026/08/30 08:29:07.072, 14661 MiB, 100 %
2026/08/30 08:29:09.072, 14661 MiB, 100 %
2026/08/30 08:29:11.073, 14661 MiB, 100 %
2026/08/30 08:29:13.073, 14661 MiB, 100 %
2026/08/30 08:29:15.074, 14661 MiB, 100 %
2026/08/30 08:29:17.074, 14661 MiB, 48 %
2026/08/30 08:29:19.074, 14661 MiB, 98 %
2026/08/30 08:29:21.075, 14661 MiB, 100 %
2026/08/30 08:29:23.075, 14661 MiB, 100 %
2026/08/30 08:29:25.075, 14661 MiB, 100 %
2026/08/30 08:29:27.076, 14661 MiB, 100 %
2026/08/30 08:29:29.077, 14661 MiB, 100 %
2026/08/30 08:29:31.077, 14661 MiB, 53 %
2026/08/30 08:29:33.077, 14661 MiB, 98 %
2026/08/30 08:29:35.078, 14661 MiB, 100 %
2026/08/30 08:29:37.078, 14661 MiB, 100 %
2026/08/30 08:29:39.079, 14661 MiB, 100 %
2026/08/30 08:29:41.079, 14661 MiB, 100 %
2026/08/30 08:29:43.080, 14661 MiB, 100 %
2026/08/30 08:29:45.080, 14661 MiB, 61 %
2026/08/30 08:29:47.080, 14661 MiB, 98 %
2026/08/30 08:29:49.081, 14661 MiB, 92 %
2026/08/30 08:29:51.081, 14661 MiB, 100 %
2026/08/30 08:29:53.082, 14661 MiB, 100 %
2026/08/30 08:29:55.082, 14661 MiB, 100 %
2026/08/30 08:29:57.082, 14661 MiB, 100 %
2026/08/30 08:29:59.083, 14661 MiB, 78 %
2026/08/30 08:30:01.083, 14661 MiB, 98 %
2026/08/30 08:30:03.083, 14661 MiB, 67 %
2026/08/30 08:30:05.084, 14661 MiB, 100 %
2026/08/30 08:30:07.084, 14661 MiB, 100 %
2026/08/30 08:30:09.085, 14661 MiB, 100 %
2026/08/30 08:30:11.085, 14661 MiB, 100 %
2026/08/30 08:30:13.085, 14661 MiB, 100 %
2026/08/30 08:30:15.086, 14661 MiB, 100 %
2026/08/30 08:30:17.086, 14661 MiB, 50 %
2026/08/30 08:30:19.087, 14661 MiB, 98 %
2026/08/30 08:30:21.087, 14661 MiB, 100 %
2026/08/30 08:30:23.087, 14661 MiB, 100 %
2026/08/30 08:30:25.088, 14661 MiB, 100 %
2026/08/30 08:30:27.088, 14661 MiB, 100 %
2026/08/30 08:30:29.089, 14661 MiB, 100 %
2026/08/30 08:30:31.089, 14661 MiB, 49 %
2026/08/30 08:30:33.090, 14661 MiB, 98 %
2026/08/30 08:30:35.090, 14661 MiB, 100 %
2026/08/30 08:30:37.091, 14661 MiB, 100 %
2026/08/30 08:30:39.091, 14661 MiB, 100 %
2026/08/30 08:30:41.092, 14661 MiB, 100 %
2026/08/30 08:30:43.092, 14661 MiB, 100 %
2026/08/30 08:30:45.093, 14661 MiB, 49 %
2026/08/30 08:30:47.093, 14661 MiB, 98 %
2026/08/30 08:30:49.093, 14661 MiB, 100 %
2026/08/30 08:30:51.094, 14661 MiB, 100 %
2026/08/30 08:30:53.094, 14661 MiB, 100 %
2026/08/30 08:30:55.095, 14661 MiB, 100 %
2026/08/30 08:30:57.095, 14661 MiB, 100 %
2026/08/30 08:30:59.095, 14661 MiB, 47 %
2026/08/30 08:31:01.096, 14661 MiB, 98 %
2026/08/30 08:31:03.096, 14661 MiB, 100 %
2026/08/30 08:31:05.097, 14661 MiB, 100 %
2026/08/30 08:31:07.097, 14661 MiB, 100 %
2026/08/30 08:31:09.097, 14661 MiB, 100 %
2026/08/30 08:31:11.098, 14661 MiB, 100 %
2026/08/30 08:31:13.098, 14661 MiB, 53 %
2026/08/30 08:31:15.099, 14661 MiB, 99 %
2026/08/30 08:31:17.099, 14661 MiB, 100 %
2026/08/30 08:31:19.099, 14661 MiB, 100 %
2026/08/30 08:31:21.100, 14661 MiB, 100 %
2026/08/30 08:31:23.100, 14661 MiB, 100 %
2026/08/30 08:31:25.100, 14661 MiB, 100 %
2026/08/30 08:31:27.101, 14661 MiB, 45 %
2026/08/30 08:31:29.101, 14661 MiB, 98 %
2026/08/30 08:31:31.102, 14661 MiB, 100 %
2026/08/30 08:31:33.102, 14661 MiB, 100 %
2026/08/30 08:31:35.102, 14661 MiB, 100 %
2026/08/30 08:31:37.103, 14661 MiB, 100 %
2026/08/30 08:31:39.103, 14661 MiB, 100 %
2026/08/30 08:31:41.103, 14661 MiB, 58 %
2026/08/30 08:31:43.104, 14661 MiB, 98 %
2026/08/30 08:31:45.104, 14661 MiB, 80 %
2026/08/30 08:31:47.105, 14661 MiB, 100 %
2026/08/30 08:31:49.106, 14661 MiB, 100 %
2026/08/30 08:31:51.106, 14661 MiB, 100 %
2026/08/30 08:31:53.106, 14661 MiB, 100 %
2026/08/30 08:31:55.107, 14661 MiB, 81 %
2026/08/30 08:31:57.107, 14661 MiB, 98 %
2026/08/30 08:31:59.108, 14661 MiB, 73 %
2026/08/30 08:32:01.108, 14661 MiB, 100 %
2026/08/30 08:32:03.109, 14661 MiB, 100 %
2026/08/30 08:32:05.109, 14661 MiB, 100 %
2026/08/30 08:32:07.109, 14661 MiB, 100 %
2026/08/30 08:32:09.110, 14661 MiB, 100 %
2026/08/30 08:32:11.110, 14661 MiB, 100 %
2026/08/30 08:32:13.110, 14661 MiB, 54 %
2026/08/30 08:32:15.111, 14661 MiB, 99 %
2026/08/30 08:32:17.111, 14661 MiB, 100 %
2026/08/30 08:32:19.112, 14661 MiB, 100 %
2026/08/30 08:32:21.112, 14661 MiB, 100 %
2026/08/30 08:32:23.112, 14661 MiB, 100 %
2026/08/30 08:32:25.113, 14661 MiB, 100 %
2026/08/30 08:32:27.113, 14661 MiB, 65 %
2026/08/30 08:32:29.114, 14661 MiB, 100 %
2026/08/30 08:32:31.114, 14661 MiB, 100 %
2026/08/30 08:32:33.114, 14661 MiB, 100 %
2026/08/30 08:32:35.115, 14661 MiB, 98 %
2026/08/30 08:32:37.115, 14661 MiB, 74 %
2026/08/30 08:32:39.115, 14661 MiB, 100 %
2026/08/30 08:32:41.116, 14661 MiB, 100 %
2026/08/30 08:32:43.116, 14661 MiB, 100 %
2026/08/30 08:32:45.116, 14661 MiB, 100 %
2026/08/30 08:32:47.117, 14661 MiB, 64 %
2026/08/30 08:32:49.117, 14661 MiB, 98 %
2026/08/30 08:32:51.117, 14661 MiB, 84 %
2026/08/30 08:32:53.118, 14661 MiB, 100 %
2026/08/30 08:32:55.118, 14661 MiB, 100 %
2026/08/30 08:32:57.118, 14661 MiB, 100 %
2026/08/30 08:32:59.119, 14661 MiB, 100 %
2026/08/30 08:33:01.119, 14661 MiB, 100 %
2026/08/30 08:33:03.119, 14661 MiB, 100 %
2026/08/30 08:33:05.120, 14661 MiB, 46 %
2026/08/30 08:33:07.120, 14661 MiB, 98 %
2026/08/30 08:33:09.120, 14661 MiB, 100 %
2026/08/30 08:33:11.121, 14661 MiB, 100 %
2026/08/30 08:33:13.121, 14661 MiB, 100 %
2026/08/30 08:33:15.121, 14661 MiB, 100 %
2026/08/30 08:33:17.122, 14661 MiB, 100 %
2026/08/30 08:33:19.122, 14661 MiB, 47 %
2026/08/30 08:33:21.122, 14661 MiB, 97 %
2026/08/30 08:33:23.123, 14661 MiB, 100 %
2026/08/30 08:33:25.123, 14661 MiB, 100 %
2026/08/30 08:33:27.124, 14661 MiB, 100 %
2026/08/30 08:33:29.124, 14661 MiB, 100 %
2026/08/30 08:33:31.124, 14661 MiB, 100 %
2026/08/30 08:33:33.125, 14661 MiB, 62 %
2026/08/30 08:33:35.125, 14661 MiB, 98 %
2026/08/30 08:33:37.125, 14661 MiB, 91 %
2026/08/30 08:33:39.126, 14661 MiB, 100 %
2026/08/30 08:33:41.126, 14661 MiB, 100 %
2026/08/30 08:33:43.127, 14661 MiB, 100 %
2026/08/30 08:33:45.127, 14661 MiB, 100 %
2026/08/30 08:33:47.127, 14661 MiB, 76 %
2026/08/30 08:33:49.128, 14661 MiB, 98 %
2026/08/30 08:33:51.128, 14661 MiB, 77 %
2026/08/30 08:33:53.129, 14661 MiB, 100 %
2026/08/30 08:33:55.129, 14661 MiB, 100 %
2026/08/30 08:33:57.129, 14661 MiB, 100 %
2026/08/30 08:33:59.130, 14661 MiB, 100 %
2026/08/30 08:34:01.130, 14661 MiB, 86 %
2026/08/30 08:34:03.131, 14661 MiB, 98 %
2026/08/30 08:34:05.131, 14661 MiB, 60 %
2026/08/30 08:34:07.131, 14661 MiB, 100 %
2026/08/30 08:34:09.132, 14661 MiB, 100 %
2026/08/30 08:34:11.132, 14661 MiB, 100 %
2026/08/30 08:34:13.132, 14661 MiB, 100 %
2026/08/30 08:34:15.133, 14661 MiB, 100 %
2026/08/30 08:34:17.133, 14661 MiB, 100 %
2026/08/30 08:34:19.134, 14661 MiB, 45 %
2026/08/30 08:34:21.134, 14661 MiB, 98 %
2026/08/30 08:34:23.134, 14661 MiB, 100 %
2026/08/30 08:34:25.135, 14661 MiB, 100 %
2026/08/30 08:34:27.135, 14661 MiB, 100 %
2026/08/30 08:34:29.135, 14661 MiB, 100 %
2026/08/30 08:34:31.136, 14661 MiB, 100 %
2026/08/30 08:34:33.136, 14661 MiB, 52 %
2026/08/30 08:34:35.137, 14661 MiB, 99 %
2026/08/30 08:34:37.137, 14661 MiB, 100 %
2026/08/30 08:34:39.137, 14661 MiB, 100 %
2026/08/30 08:34:41.138, 14661 MiB, 100 %
2026/08/30 08:34:43.138, 14661 MiB, 100 %
2026/08/30 08:34:45.138, 14661 MiB, 100 %
2026/08/30 08:34:47.139, 14661 MiB, 45 %
2026/08/30 08:34:49.139, 14661 MiB, 98 %
2026/08/30 08:34:51.139, 14661 MiB, 100 %
2026/08/30 08:34:53.140, 14661 MiB, 100 %
2026/08/30 08:34:55.140, 14661 MiB, 100 %
2026/08/30 08:34:57.141, 14661 MiB, 100 %
2026/08/30 08:34:59.141, 14661 MiB, 100 %
2026/08/30 08:35:01.141, 14661 MiB, 47 %
2026/08/30 08:35:03.142, 14661 MiB, 97 %
2026/08/30 08:35:05.142, 14661 MiB, 100 %
2026/08/30 08:35:07.142, 14661 MiB, 100 %
2026/08/30 08:35:09.143, 14661 MiB, 100 %
2026/08/30 08:35:11.143, 14661 MiB, 100 %
2026/08/30 08:35:13.143, 14661 MiB, 100 %
2026/08/30 08:35:15.144, 14661 MiB, 48 %
2026/08/30 08:35:17.144, 14661 MiB, 98 %
2026/08/30 08:35:19.145, 14661 MiB, 100 %
2026/08/30 08:35:21.145, 14661 MiB, 100 %
2026/08/30 08:35:23.145, 14661 MiB, 100 %
2026/08/30 08:35:25.146, 14661 MiB, 100 %
2026/08/30 08:35:27.146, 14661 MiB, 100 %
2026/08/30 08:35:29.146, 14661 MiB, 55 %
2026/08/30 08:35:31.147, 14661 MiB, 97 %
2026/08/30 08:35:33.147, 14661 MiB, 99 %
2026/08/30 08:35:35.148, 14661 MiB, 100 %
2026/08/30 08:35:37.148, 14661 MiB, 100 %
2026/08/30 08:35:39.148, 14661 MiB, 100 %
2026/08/30 08:35:41.149, 14661 MiB, 100 %
2026/08/30 08:35:43.149, 14661 MiB, 60 %
2026/08/30 08:35:45.150, 14661 MiB, 98 %
2026/08/30 08:35:47.150, 14661 MiB, 100 %
2026/08/30 08:35:49.150, 14661 MiB, 100 %
2026/08/30 08:35:51.151, 14661 MiB, 100 %
2026/08/30 08:35:53.151, 14661 MiB, 100 %
2026/08/30 08:35:55.151, 14661 MiB, 100 %
2026/08/30 08:35:57.152, 14661 MiB, 51 %
2026/08/30 08:35:59.152, 14661 MiB, 98 %
2026/08/30 08:36:01.153, 14661 MiB, 100 %
2026/08/30 08:36:03.153, 14661 MiB, 100 %
2026/08/30 08:36:05.153, 14661 MiB, 100 %
2026/08/30 08:36:07.154, 14661 MiB, 100 %
2026/08/30 08:36:09.154, 14661 MiB, 100 %
2026/08/30 08:36:11.155, 14661 MiB, 45 %
2026/08/30 08:36:13.155, 14661 MiB, 98 %
2026/08/30 08:36:15.155, 14661 MiB, 100 %
2026/08/30 08:36:17.156, 14661 MiB, 100 %
2026/08/30 08:36:19.156, 14661 MiB, 100 %
2026/08/30 08:36:21.156, 14661 MiB, 100 %
2026/08/30 08:36:23.157, 14661 MiB, 100 %
2026/08/30 08:36:25.157, 14661 MiB, 50 %
2026/08/30 08:36:27.158, 14661 MiB, 97 %
2026/08/30 08:36:29.158, 14661 MiB, 96 %
2026/08/30 08:36:31.158, 14661 MiB, 100 %
2026/08/30 08:36:33.159, 14661 MiB, 100 %
2026/08/30 08:36:35.159, 14661 MiB, 100 %
2026/08/30 08:36:37.160, 14661 MiB, 100 %
2026/08/30 08:36:39.160, 14661 MiB, 92 %
2026/08/30 08:36:41.160, 14661 MiB, 100 %
2026/08/30 08:36:43.161, 14661 MiB, 67 %
2026/08/30 08:36:45.161, 14661 MiB, 100 %
2026/08/30 08:36:47.161, 14661 MiB, 100 %
2026/08/30 08:36:49.162, 14661 MiB, 80 %
2026/08/30 08:36:51.162, 14661 MiB, 100 %
2026/08/30 08:36:53.162, 14661 MiB, 82 %
2026/08/30 08:36:55.163, 14661 MiB, 100 %
2026/08/30 08:36:57.163, 14661 MiB, 100 %
2026/08/30 08:36:59.164, 14661 MiB, 66 %
2026/08/30 08:37:01.164, 14661 MiB, 100 %
2026/08/30 08:37:03.164, 14661 MiB, 100 %
2026/08/30 08:37:05.165, 14661 MiB, 77 %
2026/08/30 08:37:07.165, 14661 MiB, 100 %
2026/08/30 08:37:09.165, 14661 MiB, 100 %
2026/08/30 08:37:11.166, 14661 MiB, 100 %
2026/08/30 08:37:13.166, 14661 MiB, 76 %
2026/08/30 08:37:15.167, 14661 MiB, 100 %
2026/08/30 08:37:17.167, 14661 MiB, 66 %
2026/08/30 08:37:19.167, 14661 MiB, 100 %
2026/08/30 08:37:21.168, 14661 MiB, 100 %
2026/08/30 08:37:23.168, 14661 MiB, 100 %
2026/08/30 08:37:25.168, 14661 MiB, 100 %
2026/08/30 08:37:27.169, 14661 MiB, 69 %
2026/08/30 08:37:29.169, 14661 MiB, 100 %
2026/08/30 08:37:31.169, 14661 MiB, 76 %
2026/08/30 08:37:33.170, 14661 MiB, 100 %
2026/08/30 08:37:35.170, 14661 MiB, 100 %
2026/08/30 08:37:37.171, 14661 MiB, 78 %
2026/08/30 08:37:39.171, 14661 MiB, 100 %
2026/08/30 08:37:41.171, 14661 MiB, 70 %
2026/08/30 08:37:43.172, 14661 MiB, 100 %
2026/08/30 08:37:45.172, 14661 MiB, 100 %
2026/08/30 08:37:47.172, 14661 MiB, 79 %
2026/08/30 08:37:49.173, 14661 MiB, 100 %
2026/08/30 08:37:51.173, 14661 MiB, 68 %
2026/08/30 08:37:53.174, 14661 MiB, 100 %
2026/08/30 08:37:55.174, 14661 MiB, 100 %
2026/08/30 08:37:57.174, 14661 MiB, 67 %
2026/08/30 08:37:59.175, 14661 MiB, 100 %
2026/08/30 08:38:01.175, 14661 MiB, 84 %
2026/08/30 08:38:03.176, 14661 MiB, 100 %
2026/08/30 08:38:05.176, 14661 MiB, 100 %
2026/08/30 08:38:07.176, 14661 MiB, 66 %
2026/08/30 08:38:09.177, 14661 MiB, 100 %
2026/08/30 08:38:11.177, 14661 MiB, 74 %
2026/08/30 08:38:13.178, 14661 MiB, 100 %
2026/08/30 08:38:15.178, 14661 MiB, 100 %
2026/08/30 08:38:17.178, 14661 MiB, 94 %
2026/08/30 08:38:19.179, 14661 MiB, 100 %
2026/08/30 08:38:21.179, 14661 MiB, 62 %
2026/08/30 08:38:23.180, 14661 MiB, 100 %
2026/08/30 08:38:25.180, 14661 MiB, 100 %
2026/08/30 08:38:27.180, 14661 MiB, 94 %
2026/08/30 08:38:29.181, 14661 MiB, 100 %
2026/08/30 08:38:31.181, 14661 MiB, 56 %
2026/08/30 08:38:33.182, 14661 MiB, 100 %
2026/08/30 08:38:35.182, 14661 MiB, 100 %
2026/08/30 08:38:37.182, 14661 MiB, 76 %
2026/08/30 08:38:39.183, 14661 MiB, 100 %
2026/08/30 08:38:41.183, 14661 MiB, 100 %
2026/08/30 08:38:43.183, 14661 MiB, 67 %
2026/08/30 08:38:45.184, 14661 MiB, 100 %
2026/08/30 08:38:47.184, 14661 MiB, 94 %
2026/08/30 08:38:49.184, 14661 MiB, 84 %
2026/08/30 08:38:51.185, 14661 MiB, 100 %
2026/08/30 08:38:53.185, 14661 MiB, 74 %
2026/08/30 08:38:55.185, 14661 MiB, 100 %
2026/08/30 08:38:57.186, 14661 MiB, 100 %
2026/08/30 08:38:59.186, 14661 MiB, 69 %
2026/08/30 08:39:01.186, 14661 MiB, 100 %
2026/08/30 08:39:03.187, 14661 MiB, 86 %
2026/08/30 08:39:05.187, 14661 MiB, 100 %
2026/08/30 08:39:07.187, 14661 MiB, 100 %
2026/08/30 08:39:09.188, 14661 MiB, 66 %
2026/08/30 08:39:11.188, 14661 MiB, 100 %
2026/08/30 08:39:13.188, 14661 MiB, 100 %
2026/08/30 08:39:15.189, 14661 MiB, 84 %
2026/08/30 08:39:17.189, 14661 MiB, 100 %
2026/08/30 08:39:19.189, 14661 MiB, 68 %
2026/08/30 08:39:21.190, 14661 MiB, 100 %
2026/08/30 08:39:23.190, 14661 MiB, 100 %
2026/08/30 08:39:25.190, 14661 MiB, 77 %
2026/08/30 08:39:27.191, 14661 MiB, 100 %
2026/08/30 08:39:29.191, 14661 MiB, 100 %
2026/08/30 08:39:31.191, 14661 MiB, 86 %
2026/08/30 08:39:33.192, 14661 MiB, 100 %
2026/08/30 08:39:35.192, 14661 MiB, 66 %
2026/08/30 08:39:37.192, 14661 MiB, 100 %
2026/08/30 08:39:39.192, 14661 MiB, 100 %
2026/08/30 08:39:41.193, 14661 MiB, 84 %
2026/08/30 08:39:43.193, 14661 MiB, 100 %
2026/08/30 08:39:45.193, 14661 MiB, 68 %
2026/08/30 08:39:47.194, 14661 MiB, 100 %
2026/08/30 08:39:49.194, 14661 MiB, 100 %
2026/08/30 08:39:51.195, 14661 MiB, 75 %
2026/08/30 08:39:53.195, 14661 MiB, 100 %
2026/08/30 08:39:55.195, 14661 MiB, 85 %
2026/08/30 08:39:57.196, 14661 MiB, 100 %
2026/08/30 08:39:59.196, 14661 MiB, 100 %
2026/08/30 08:40:01.196, 14661 MiB, 74 %
2026/08/30 08:40:03.197, 14661 MiB, 100 %
2026/08/30 08:40:05.197, 14661 MiB, 92 %
2026/08/30 08:40:07.197, 14661 MiB, 98 %
2026/08/30 08:40:09.198, 14661 MiB, 100 %
2026/08/30 08:40:11.198, 14661 MiB, 53 %
2026/08/30 08:40:13.199, 14661 MiB, 100 %
2026/08/30 08:40:15.199, 14661 MiB, 100 %
2026/08/30 08:40:17.200, 14661 MiB, 56 %
2026/08/30 08:40:19.200, 14661 MiB, 100 %
2026/08/30 08:40:21.200, 14661 MiB, 100 %
2026/08/30 08:40:23.201, 14661 MiB, 86 %
2026/08/30 08:40:25.201, 14661 MiB, 100 %
2026/08/30 08:40:27.201, 14661 MiB, 72 %
2026/08/30 08:40:29.202, 14661 MiB, 100 %
2026/08/30 08:40:31.202, 14661 MiB, 100 %
2026/08/30 08:40:33.203, 14661 MiB, 56 %
2026/08/30 08:40:35.203, 14661 MiB, 100 %
2026/08/30 08:40:37.203, 14661 MiB, 100 %
2026/08/30 08:40:39.204, 14661 MiB, 78 %
2026/08/30 08:40:41.204, 14661 MiB, 100 %
2026/08/30 08:40:43.205, 14661 MiB, 80 %
2026/08/30 08:40:45.205, 14661 MiB, 100 %
2026/08/30 08:40:47.205, 14661 MiB, 100 %
2026/08/30 08:40:49.206, 14661 MiB, 66 %
2026/08/30 08:40:51.206, 14661 MiB, 100 %
2026/08/30 08:40:53.206, 14661 MiB, 96 %
2026/08/30 08:40:55.207, 14661 MiB, 100 %
2026/08/30 08:40:57.207, 14661 MiB, 100 %
2026/08/30 08:40:59.208, 14661 MiB, 60 %
2026/08/30 08:41:01.208, 14661 MiB, 100 %
2026/08/30 08:41:03.208, 14661 MiB, 100 %
2026/08/30 08:41:05.209, 14661 MiB, 98 %
2026/08/30 08:41:07.209, 14661 MiB, 100 %
2026/08/30 08:41:09.209, 14661 MiB, 68 %
2026/08/30 08:41:11.210, 14661 MiB, 100 %
2026/08/30 08:41:13.210, 14661 MiB, 100 %
2026/08/30 08:41:15.210, 14661 MiB, 68 %
2026/08/30 08:41:17.211, 14661 MiB, 100 %
2026/08/30 08:41:19.211, 14661 MiB, 97 %
2026/08/30 08:41:21.212, 14661 MiB, 87 %
2026/08/30 08:41:23.212, 14661 MiB, 100 %
2026/08/30 08:41:25.212, 14661 MiB, 62 %
2026/08/30 08:41:27.213, 14661 MiB, 100 %
2026/08/30 08:41:29.213, 14661 MiB, 100 %
2026/08/30 08:41:31.213, 14661 MiB, 83 %
2026/08/30 08:41:33.214, 14661 MiB, 100 %
2026/08/30 08:41:35.214, 14661 MiB, 65 %
2026/08/30 08:41:37.215, 14661 MiB, 100 %
2026/08/30 08:41:39.215, 14661 MiB, 100 %
2026/08/30 08:41:41.215, 14661 MiB, 67 %
2026/08/30 08:41:43.216, 14661 MiB, 100 %
2026/08/30 08:41:45.216, 14661 MiB, 86 %
2026/08/30 08:41:47.217, 14661 MiB, 100 %
2026/08/30 08:41:49.217, 14661 MiB, 93 %
2026/08/30 08:41:51.217, 14661 MiB, 100 %
2026/08/30 08:41:53.218, 14661 MiB, 100 %
2026/08/30 08:41:55.218, 14661 MiB, 67 %
2026/08/30 08:41:57.218, 14661 MiB, 100 %
2026/08/30 08:41:59.219, 14661 MiB, 86 %
2026/08/30 08:42:01.219, 14661 MiB, 100 %
2026/08/30 08:42:03.219, 14661 MiB, 100 %
2026/08/30 08:42:05.220, 14661 MiB, 68 %
2026/08/30 08:42:07.220, 14661 MiB, 100 %
2026/08/30 08:42:09.221, 14661 MiB, 100 %
2026/08/30 08:42:11.221, 14661 MiB, 77 %
2026/08/30 08:42:13.221, 14661 MiB, 100 %
2026/08/30 08:42:15.222, 14661 MiB, 65 %
2026/08/30 08:42:17.222, 14661 MiB, 100 %
2026/08/30 08:42:19.222, 14661 MiB, 100 %
2026/08/30 08:42:21.223, 14661 MiB, 100 %
2026/08/30 08:42:23.223, 14661 MiB, 100 %
2026/08/30 08:42:25.223, 14661 MiB, 67 %
2026/08/30 08:42:27.224, 14661 MiB, 100 %
2026/08/30 08:42:29.224, 14661 MiB, 100 %
2026/08/30 08:42:31.225, 14661 MiB, 63 %
2026/08/30 08:42:33.225, 14661 MiB, 100 %
2026/08/30 08:42:35.225, 14661 MiB, 90 %
2026/08/30 08:42:37.226, 14661 MiB, 100 %
2026/08/30 08:42:39.226, 14661 MiB, 100 %
2026/08/30 08:42:41.226, 14661 MiB, 64 %
2026/08/30 08:42:43.227, 14661 MiB, 100 %
2026/08/30 08:42:45.227, 14661 MiB, 91 %
2026/08/30 08:42:47.227, 14661 MiB, 100 %
2026/08/30 08:42:49.228, 14661 MiB, 3 %
2026/08/30 08:42:51.228, 14781 MiB, 0 %
2026/08/30 08:42:53.228, 14785 MiB, 95 %
2026/08/30 08:42:55.229, 14785 MiB, 100 %
2026/08/30 08:42:57.229, 14785 MiB, 100 %
2026/08/30 08:42:59.230, 14785 MiB, 74 %
2026/08/30 08:43:01.230, 14785 MiB, 100 %
2026/08/30 08:43:03.230, 14785 MiB, 67 %
2026/08/30 08:43:05.231, 14785 MiB, 100 %
2026/08/30 08:43:07.231, 14785 MiB, 100 %
2026/08/30 08:43:09.231, 14785 MiB, 98 %
2026/08/30 08:43:11.232, 14785 MiB, 100 %
2026/08/30 08:43:13.232, 14785 MiB, 54 %
2026/08/30 08:43:15.232, 14785 MiB, 100 %
2026/08/30 08:43:17.233, 14785 MiB, 94 %
2026/08/30 08:43:19.233, 14785 MiB, 100 %
2026/08/30 08:43:21.233, 14785 MiB, 100 %
2026/08/30 08:43:23.234, 14785 MiB, 58 %
2026/08/30 08:43:25.234, 14785 MiB, 100 %
2026/08/30 08:43:27.235, 14785 MiB, 99 %
2026/08/30 08:43:29.235, 14785 MiB, 100 %
2026/08/30 08:43:31.235, 14785 MiB, 100 %
2026/08/30 08:43:33.246, 14785 MiB, 67 %
2026/08/30 08:43:35.246, 14785 MiB, 100 %
2026/08/30 08:43:37.246, 14785 MiB, 98 %
2026/08/30 08:43:39.247, 14785 MiB, 100 %
2026/08/30 08:43:41.247, 14785 MiB, 100 %
2026/08/30 08:43:43.248, 14785 MiB, 67 %
2026/08/30 08:43:45.248, 14785 MiB, 100 %
2026/08/30 08:43:47.248, 14785 MiB, 92 %
2026/08/30 08:43:49.249, 14785 MiB, 100 %
2026/08/30 08:43:51.249, 14785 MiB, 100 %
2026/08/30 08:43:53.250, 14785 MiB, 64 %
2026/08/30 08:43:55.250, 14785 MiB, 100 %
2026/08/30 08:43:57.250, 14785 MiB, 100 %
2026/08/30 08:43:59.251, 14785 MiB, 97 %
2026/08/30 08:44:01.251, 14785 MiB, 100 %
2026/08/30 08:44:03.251, 14785 MiB, 51 %
2026/08/30 08:44:05.252, 14785 MiB, 100 %
2026/08/30 08:44:07.252, 14785 MiB, 100 %
2026/08/30 08:44:09.253, 14785 MiB, 69 %
2026/08/30 08:44:11.253, 14785 MiB, 100 %
2026/08/30 08:44:13.253, 14785 MiB, 73 %
2026/08/30 08:44:15.254, 14785 MiB, 100 %
2026/08/30 08:44:17.254, 14785 MiB, 100 %
2026/08/30 08:44:19.254, 14785 MiB, 69 %
2026/08/30 08:44:21.255, 14785 MiB, 100 %
2026/08/30 08:44:23.255, 14785 MiB, 100 %
2026/08/30 08:44:25.256, 14785 MiB, 93 %
2026/08/30 08:44:27.256, 14785 MiB, 100 %
2026/08/30 08:44:29.256, 14785 MiB, 100 %
2026/08/30 08:44:31.257, 14785 MiB, 78 %
2026/08/30 08:44:33.257, 14785 MiB, 100 %
2026/08/30 08:44:35.257, 14785 MiB, 81 %
2026/08/30 08:44:37.258, 14785 MiB, 100 %
2026/08/30 08:44:39.258, 14785 MiB, 100 %
2026/08/30 08:44:41.258, 14785 MiB, 76 %
2026/08/30 08:44:43.259, 14785 MiB, 100 %
2026/08/30 08:44:45.259, 14785 MiB, 84 %
2026/08/30 08:44:47.260, 14785 MiB, 98 %
2026/08/30 08:44:49.260, 14785 MiB, 100 %
2026/08/30 08:44:51.261, 14785 MiB, 66 %
2026/08/30 08:44:53.261, 14785 MiB, 100 %
2026/08/30 08:44:55.261, 14785 MiB, 100 %
2026/08/30 08:44:57.262, 14785 MiB, 90 %
2026/08/30 08:44:59.262, 14785 MiB, 100 %
2026/08/30 08:45:01.262, 14785 MiB, 71 %
2026/08/30 08:45:03.263, 14785 MiB, 100 %
2026/08/30 08:45:05.263, 14785 MiB, 100 %
2026/08/30 08:45:07.264, 14785 MiB, 63 %
2026/08/30 08:45:09.264, 14785 MiB, 100 %
2026/08/30 08:45:11.264, 14785 MiB, 100 %
2026/08/30 08:45:13.265, 14785 MiB, 63 %
2026/08/30 08:45:15.265, 14785 MiB, 100 %
2026/08/30 08:45:17.265, 14785 MiB, 94 %
2026/08/30 08:45:19.266, 14785 MiB, 89 %
2026/08/30 08:45:21.266, 14785 MiB, 100 %
2026/08/30 08:45:23.267, 14785 MiB, 74 %
2026/08/30 08:45:25.267, 14785 MiB, 100 %
2026/08/30 08:45:27.267, 14785 MiB, 100 %
2026/08/30 08:45:29.268, 14785 MiB, 66 %
2026/08/30 08:45:31.268, 14785 MiB, 100 %
2026/08/30 08:45:33.268, 14785 MiB, 100 %
2026/08/30 08:45:35.269, 14785 MiB, 55 %
2026/08/30 08:45:37.269, 14785 MiB, 100 %
2026/08/30 08:45:39.270, 14785 MiB, 100 %
2026/08/30 08:45:41.270, 14785 MiB, 79 %
2026/08/30 08:45:43.270, 14785 MiB, 100 %
2026/08/30 08:45:45.271, 14785 MiB, 65 %
2026/08/30 08:45:47.273, 14785 MiB, 100 %
2026/08/30 08:45:49.274, 14785 MiB, 100 %
2026/08/30 08:45:51.274, 14785 MiB, 98 %
2026/08/30 08:45:53.274, 14785 MiB, 100 %
2026/08/30 08:45:55.275, 14785 MiB, 53 %
2026/08/30 08:45:57.275, 14785 MiB, 100 %
2026/08/30 08:45:59.276, 14785 MiB, 100 %
2026/08/30 08:46:01.276, 14785 MiB, 92 %
2026/08/30 08:46:03.276, 14785 MiB, 100 %
2026/08/30 08:46:05.277, 14785 MiB, 73 %
2026/08/30 08:46:07.277, 14785 MiB, 100 %
2026/08/30 08:46:09.277, 14785 MiB, 100 %
2026/08/30 08:46:11.278, 14785 MiB, 50 %
2026/08/30 08:46:13.278, 14785 MiB, 100 %
2026/08/30 08:46:15.278, 14785 MiB, 97 %
2026/08/30 08:46:17.279, 14785 MiB, 94 %
2026/08/30 08:46:19.279, 14785 MiB, 100 %
2026/08/30 08:46:21.279, 14785 MiB, 93 %
2026/08/30 08:46:23.280, 14785 MiB, 100 %
2026/08/30 08:46:25.280, 14785 MiB, 63 %
2026/08/30 08:46:27.281, 14785 MiB, 100 %
2026/08/30 08:46:29.281, 14785 MiB, 100 %
2026/08/30 08:46:31.281, 14785 MiB, 71 %
2026/08/30 08:46:33.282, 14785 MiB, 100 %
2026/08/30 08:46:35.282, 14785 MiB, 77 %
2026/08/30 08:46:37.283, 14785 MiB, 100 %
2026/08/30 08:46:39.283, 14785 MiB, 100 %
2026/08/30 08:46:41.283, 14785 MiB, 65 %
2026/08/30 08:46:43.284, 14785 MiB, 100 %
2026/08/30 08:46:45.284, 14785 MiB, 100 %
2026/08/30 08:46:47.284, 14785 MiB, 67 %
2026/08/30 08:46:49.285, 14785 MiB, 100 %
2026/08/30 08:46:51.285, 14785 MiB, 100 %
2026/08/30 08:46:53.285, 14785 MiB, 84 %
2026/08/30 08:46:55.286, 14785 MiB, 100 %
2026/08/30 08:46:57.286, 14785 MiB, 75 %
2026/08/30 08:46:59.287, 14785 MiB, 100 %
2026/08/30 08:47:01.287, 14785 MiB, 100 %
2026/08/30 08:47:03.287, 14785 MiB, 67 %
2026/08/30 08:47:05.288, 14785 MiB, 100 %
2026/08/30 08:47:07.288, 14785 MiB, 84 %
2026/08/30 08:47:09.288, 14785 MiB, 100 %
2026/08/30 08:47:11.289, 14785 MiB, 100 %
2026/08/30 08:47:13.289, 14785 MiB, 67 %
2026/08/30 08:47:15.289, 14785 MiB, 100 %
2026/08/30 08:47:17.290, 14785 MiB, 100 %
2026/08/30 08:47:19.290, 14785 MiB, 90 %
2026/08/30 08:47:21.291, 14785 MiB, 100 %
2026/08/30 08:47:23.291, 14785 MiB, 64 %
2026/08/30 08:47:25.291, 14785 MiB, 100 %
2026/08/30 08:47:27.292, 14785 MiB, 100 %
2026/08/30 08:47:29.292, 14785 MiB, 69 %
2026/08/30 08:47:31.292, 14785 MiB, 100 %
2026/08/30 08:47:33.293, 14785 MiB, 100 %
2026/08/30 08:47:35.293, 14785 MiB, 84 %
2026/08/30 08:47:37.293, 14785 MiB, 100 %
2026/08/30 08:47:39.294, 14785 MiB, 70 %
2026/08/30 08:47:41.294, 14785 MiB, 100 %
2026/08/30 08:47:43.294, 14785 MiB, 100 %
2026/08/30 08:47:45.295, 14785 MiB, 74 %
2026/08/30 08:47:47.295, 14785 MiB, 100 %
2026/08/30 08:47:49.296, 14785 MiB, 100 %
2026/08/30 08:47:51.296, 14785 MiB, 67 %
2026/08/30 08:47:53.297, 14785 MiB, 100 %
2026/08/30 08:47:55.297, 14785 MiB, 99 %
2026/08/30 08:47:57.298, 14785 MiB, 91 %
2026/08/30 08:47:59.298, 14785 MiB, 100 %
2026/08/30 08:48:01.298, 14785 MiB, 65 %
2026/08/30 08:48:03.299, 14785 MiB, 100 %
2026/08/30 08:48:05.299, 14785 MiB, 100 %
2026/08/30 08:48:07.300, 14785 MiB, 67 %
2026/08/30 08:48:09.300, 14785 MiB, 100 %
2026/08/30 08:48:11.300, 14785 MiB, 100 %
2026/08/30 08:48:13.301, 14785 MiB, 100 %
2026/08/30 08:48:15.301, 14785 MiB, 100 %
2026/08/30 08:48:17.301, 14785 MiB, 65 %
2026/08/30 08:48:19.302, 14785 MiB, 100 %
2026/08/30 08:48:21.302, 14785 MiB, 100 %
2026/08/30 08:48:23.303, 14785 MiB, 93 %
2026/08/30 08:48:25.303, 14785 MiB, 100 %
2026/08/30 08:48:27.303, 14785 MiB, 67 %
2026/08/30 08:48:29.304, 14785 MiB, 100 %
2026/08/30 08:48:31.304, 14785 MiB, 100 %
2026/08/30 08:48:33.304, 14785 MiB, 64 %
2026/08/30 08:48:35.305, 14785 MiB, 100 %
2026/08/30 08:48:37.305, 14785 MiB, 100 %
2026/08/30 08:48:39.306, 14785 MiB, 68 %
2026/08/30 08:48:41.306, 14785 MiB, 100 %
2026/08/30 08:48:43.306, 14785 MiB, 100 %
2026/08/30 08:48:45.307, 14785 MiB, 73 %
2026/08/30 08:48:47.307, 14785 MiB, 100 %
2026/08/30 08:48:49.308, 14785 MiB, 100 %
2026/08/30 08:48:51.308, 14785 MiB, 87 %
2026/08/30 08:48:53.308, 14785 MiB, 100 %
2026/08/30 08:48:55.309, 14785 MiB, 95 %
2026/08/30 08:48:57.309, 14785 MiB, 90 %
2026/08/30 08:48:59.309, 14785 MiB, 100 %
2026/08/30 08:49:01.310, 14785 MiB, 96 %
2026/08/30 08:49:03.310, 14785 MiB, 95 %
2026/08/30 08:49:05.310, 14785 MiB, 100 %
2026/08/30 08:49:07.311, 14785 MiB, 80 %
2026/08/30 08:49:09.311, 14785 MiB, 100 %
2026/08/30 08:49:11.312, 14785 MiB, 100 %
2026/08/30 08:49:13.312, 14785 MiB, 59 %
2026/08/30 08:49:15.312, 14785 MiB, 100 %
2026/08/30 08:49:17.313, 14785 MiB, 98 %
2026/08/30 08:49:19.313, 14785 MiB, 99 %
2026/08/30 08:49:21.313, 14785 MiB, 100 %
2026/08/30 08:49:23.314, 14785 MiB, 65 %
2026/08/30 08:49:25.314, 14785 MiB, 100 %
2026/08/30 08:49:27.314, 14785 MiB, 100 %
2026/08/30 08:49:29.315, 14785 MiB, 65 %
2026/08/30 08:49:31.315, 14785 MiB, 100 %
2026/08/30 08:49:33.316, 14785 MiB, 93 %
2026/08/30 08:49:35.316, 14785 MiB, 86 %
2026/08/30 08:49:37.316, 14785 MiB, 100 %
2026/08/30 08:49:39.317, 14785 MiB, 71 %
2026/08/30 08:49:41.317, 14785 MiB, 100 %
2026/08/30 08:49:43.318, 14785 MiB, 100 %
2026/08/30 08:49:45.318, 14785 MiB, 66 %
2026/08/30 08:49:47.318, 14785 MiB, 100 %
2026/08/30 08:49:49.319, 14785 MiB, 86 %
2026/08/30 08:49:51.319, 14785 MiB, 100 %
2026/08/30 08:49:53.319, 14785 MiB, 100 %
2026/08/30 08:49:55.320, 14785 MiB, 67 %
2026/08/30 08:49:57.320, 14785 MiB, 100 %
2026/08/30 08:49:59.320, 14785 MiB, 91 %
2026/08/30 08:50:01.321, 14785 MiB, 100 %
2026/08/30 08:50:03.321, 14785 MiB, 100 %
2026/08/30 08:50:05.321, 14785 MiB, 66 %
2026/08/30 08:50:07.322, 14785 MiB, 100 %
2026/08/30 08:50:09.322, 14785 MiB, 100 %
2026/08/30 08:50:11.323, 14785 MiB, 89 %
2026/08/30 08:50:13.323, 14785 MiB, 100 %
2026/08/30 08:50:15.323, 14785 MiB, 58 %
2026/08/30 08:50:17.324, 14785 MiB, 100 %
2026/08/30 08:50:19.324, 14785 MiB, 100 %
2026/08/30 08:50:21.324, 14785 MiB, 65 %
2026/08/30 08:50:23.325, 14785 MiB, 100 %
2026/08/30 08:50:25.325, 14785 MiB, 100 %
2026/08/30 08:50:27.326, 14785 MiB, 88 %
2026/08/30 08:50:29.326, 14785 MiB, 100 %
2026/08/30 08:50:31.326, 14785 MiB, 90 %
2026/08/30 08:50:33.327, 14785 MiB, 100 %
2026/08/30 08:50:35.327, 14785 MiB, 100 %
2026/08/30 08:50:37.327, 14785 MiB, 56 %
2026/08/30 08:50:39.328, 14785 MiB, 100 %
2026/08/30 08:50:41.328, 14785 MiB, 100 %
2026/08/30 08:50:43.328, 14785 MiB, 65 %
2026/08/30 08:50:45.329, 14785 MiB, 100 %
2026/08/30 08:50:47.329, 14785 MiB, 100 %
2026/08/30 08:50:49.330, 14785 MiB, 84 %
2026/08/30 08:50:51.330, 14785 MiB, 100 %
2026/08/30 08:50:53.330, 14785 MiB, 75 %
2026/08/30 08:50:55.331, 14785 MiB, 100 %
2026/08/30 08:50:57.331, 14785 MiB, 100 %
2026/08/30 08:50:59.331, 14785 MiB, 100 %
2026/08/30 08:51:01.332, 14785 MiB, 100 %
2026/08/30 08:51:03.332, 14785 MiB, 60 %
2026/08/30 08:51:05.333, 14785 MiB, 100 %
2026/08/30 08:51:07.333, 14785 MiB, 100 %
2026/08/30 08:51:09.333, 14785 MiB, 63 %
2026/08/30 08:51:11.334, 14785 MiB, 100 %
2026/08/30 08:51:13.334, 14785 MiB, 99 %
2026/08/30 08:51:15.334, 14785 MiB, 78 %
2026/08/30 08:51:17.335, 14785 MiB, 100 %
2026/08/30 08:51:19.335, 14785 MiB, 74 %
2026/08/30 08:51:21.335, 14785 MiB, 100 %
2026/08/30 08:51:23.336, 14785 MiB, 100 %
2026/08/30 08:51:25.336, 14785 MiB, 64 %
2026/08/30 08:51:27.337, 14785 MiB, 100 %
2026/08/30 08:51:29.337, 14785 MiB, 88 %
2026/08/30 08:51:31.337, 14785 MiB, 100 %
2026/08/30 08:51:33.338, 14785 MiB, 100 %
2026/08/30 08:51:35.338, 14785 MiB, 64 %
2026/08/30 08:51:37.339, 14785 MiB, 100 %
2026/08/30 08:51:39.339, 14785 MiB, 100 %
2026/08/30 08:51:41.339, 14785 MiB, 61 %
2026/08/30 08:51:43.340, 14785 MiB, 100 %
2026/08/30 08:51:45.340, 14785 MiB, 100 %
2026/08/30 08:51:47.341, 14785 MiB, 82 %
2026/08/30 08:51:49.341, 14785 MiB, 100 %
2026/08/30 08:51:51.341, 14785 MiB, 67 %
2026/08/30 08:51:53.342, 14785 MiB, 100 %
2026/08/30 08:51:55.342, 14785 MiB, 100 %
2026/08/30 08:51:57.342, 14785 MiB, 58 %
2026/08/30 08:51:59.343, 14785 MiB, 100 %
2026/08/30 08:52:01.343, 14785 MiB, 100 %
2026/08/30 08:52:03.344, 14785 MiB, 70 %
2026/08/30 08:52:05.344, 14785 MiB, 100 %
2026/08/30 08:52:07.344, 14785 MiB, 84 %
2026/08/30 08:52:09.345, 14785 MiB, 99 %
2026/08/30 08:52:11.345, 14785 MiB, 100 %
2026/08/30 08:52:13.345, 14785 MiB, 62 %
2026/08/30 08:52:15.346, 14785 MiB, 100 %
2026/08/30 08:52:17.346, 14785 MiB, 100 %
2026/08/30 08:52:19.347, 14785 MiB, 83 %
2026/08/30 08:52:21.347, 14785 MiB, 100 %
2026/08/30 08:52:23.347, 14785 MiB, 65 %
2026/08/30 08:52:25.348, 14785 MiB, 100 %
2026/08/30 08:52:27.348, 14785 MiB, 100 %
2026/08/30 08:52:29.348, 14785 MiB, 90 %
2026/08/30 08:52:31.349, 14785 MiB, 100 %
2026/08/30 08:52:33.349, 14785 MiB, 67 %
2026/08/30 08:52:35.350, 14785 MiB, 100 %
2026/08/30 08:52:37.350, 14785 MiB, 100 %
2026/08/30 08:52:39.351, 14785 MiB, 75 %
2026/08/30 08:52:41.351, 14785 MiB, 100 %
2026/08/30 08:52:43.351, 14785 MiB, 81 %
2026/08/30 08:52:45.352, 14785 MiB, 99 %
2026/08/30 08:52:47.352, 14785 MiB, 100 %
2026/08/30 08:52:49.353, 14785 MiB, 70 %
2026/08/30 08:52:51.353, 14785 MiB, 100 %
2026/08/30 08:52:53.353, 14785 MiB, 100 %
2026/08/30 08:52:55.354, 14785 MiB, 65 %
2026/08/30 08:52:57.354, 14785 MiB, 100 %
2026/08/30 08:52:59.355, 14785 MiB, 89 %
2026/08/30 08:53:01.355, 14785 MiB, 91 %
2026/08/30 08:53:03.355, 14785 MiB, 100 %
2026/08/30 08:53:05.356, 14785 MiB, 64 %
2026/08/30 08:53:07.356, 14785 MiB, 100 %
2026/08/30 08:53:09.356, 14785 MiB, 100 %
2026/08/30 08:53:11.357, 14785 MiB, 67 %
2026/08/30 08:53:13.357, 14785 MiB, 100 %
2026/08/30 08:53:15.358, 14785 MiB, 89 %
2026/08/30 08:53:17.358, 14785 MiB, 100 %
2026/08/30 08:53:19.358, 14785 MiB, 100 %
2026/08/30 08:53:21.359, 14785 MiB, 58 %
2026/08/30 08:53:23.359, 14785 MiB, 100 %
2026/08/30 08:53:25.359, 14785 MiB, 100 %
2026/08/30 08:53:27.360, 14785 MiB, 80 %
2026/08/30 08:53:29.360, 14785 MiB, 100 %
2026/08/30 08:53:31.361, 14785 MiB, 68 %
2026/08/30 08:53:33.361, 14785 MiB, 100 %
2026/08/30 08:53:35.361, 14785 MiB, 100 %
2026/08/30 08:53:37.362, 14785 MiB, 70 %
2026/08/30 08:53:39.362, 14785 MiB, 100 %
2026/08/30 08:53:41.362, 14785 MiB, 100 %
2026/08/30 08:53:43.363, 14785 MiB, 100 %
2026/08/30 08:53:45.363, 14785 MiB, 100 %
2026/08/30 08:53:47.363, 14785 MiB, 57 %
2026/08/30 08:53:49.364, 14785 MiB, 100 %
2026/08/30 08:53:51.364, 14785 MiB, 100 %
2026/08/30 08:53:53.364, 14785 MiB, 64 %
2026/08/30 08:53:55.365, 14785 MiB, 100 %
2026/08/30 08:53:57.365, 14785 MiB, 90 %
2026/08/30 08:53:59.365, 14785 MiB, 100 %
2026/08/30 08:54:01.366, 14785 MiB, 100 %
2026/08/30 08:54:03.366, 14785 MiB, 66 %
2026/08/30 08:54:05.366, 14785 MiB, 100 %
2026/08/30 08:54:07.367, 14785 MiB, 100 %
2026/08/30 08:54:09.367, 14785 MiB, 65 %
2026/08/30 08:54:11.367, 14785 MiB, 100 %
2026/08/30 08:54:13.368, 14785 MiB, 100 %
2026/08/30 08:54:15.368, 14785 MiB, 71 %
2026/08/30 08:54:17.369, 14785 MiB, 100 %
2026/08/30 08:54:19.369, 14785 MiB, 99 %
2026/08/30 08:54:21.369, 14785 MiB, 100 %
2026/08/30 08:54:23.370, 14785 MiB, 100 %
2026/08/30 08:54:25.370, 14785 MiB, 67 %
2026/08/30 08:54:27.370, 14785 MiB, 100 %
2026/08/30 08:54:29.371, 14785 MiB, 91 %
2026/08/30 08:54:31.371, 14785 MiB, 100 %
2026/08/30 08:54:33.371, 14785 MiB, 100 %
2026/08/30 08:54:35.372, 14785 MiB, 58 %
2026/08/30 08:54:37.372, 14785 MiB, 100 %
2026/08/30 08:54:39.372, 14785 MiB, 100 %
2026/08/30 08:54:41.373, 14785 MiB, 57 %
2026/08/30 08:54:43.373, 14785 MiB, 100 %
2026/08/30 08:54:45.373, 14785 MiB, 100 %
2026/08/30 08:54:47.374, 14785 MiB, 86 %
2026/08/30 08:54:49.374, 14785 MiB, 100 %
2026/08/30 08:54:51.374, 14785 MiB, 72 %
2026/08/30 08:54:53.375, 14785 MiB, 100 %
2026/08/30 08:54:55.375, 14785 MiB, 100 %
2026/08/30 08:54:57.376, 14785 MiB, 66 %
2026/08/30 08:54:59.376, 14785 MiB, 100 %
2026/08/30 08:55:01.376, 14785 MiB, 100 %
2026/08/30 08:55:03.377, 14785 MiB, 92 %
2026/08/30 08:55:05.377, 14785 MiB, 100 %
2026/08/30 08:55:07.377, 14785 MiB, 62 %
2026/08/30 08:55:09.378, 14785 MiB, 100 %
2026/08/30 08:55:11.378, 14785 MiB, 100 %
2026/08/30 08:55:13.379, 14785 MiB, 65 %
2026/08/30 08:55:15.379, 14785 MiB, 100 %
2026/08/30 08:55:17.379, 14785 MiB, 83 %
2026/08/30 08:55:19.380, 14785 MiB, 100 %
2026/08/30 08:55:21.380, 14785 MiB, 100 %
2026/08/30 08:55:23.380, 14785 MiB, 67 %
2026/08/30 08:55:25.381, 14785 MiB, 100 %
2026/08/30 08:55:27.381, 14785 MiB, 98 %
2026/08/30 08:55:29.381, 14785 MiB, 85 %
2026/08/30 08:55:31.382, 14785 MiB, 100 %
2026/08/30 08:55:33.382, 14785 MiB, 76 %
2026/08/30 08:55:35.383, 14785 MiB, 100 %
2026/08/30 08:55:37.383, 14785 MiB, 58 %
2026/08/30 08:55:39.383, 14785 MiB, 100 %
2026/08/30 08:55:41.384, 14785 MiB, 100 %
2026/08/30 08:55:43.384, 14785 MiB, 80 %
2026/08/30 08:55:45.384, 14785 MiB, 100 %
2026/08/30 08:55:47.385, 14785 MiB, 62 %
2026/08/30 08:55:49.385, 14785 MiB, 100 %
2026/08/30 08:55:51.386, 14785 MiB, 100 %
2026/08/30 08:55:53.386, 14785 MiB, 69 %
2026/08/30 08:55:55.386, 14785 MiB, 100 %
2026/08/30 08:55:57.387, 14785 MiB, 100 %
2026/08/30 08:55:59.387, 14785 MiB, 79 %
2026/08/30 08:56:01.387, 14785 MiB, 100 %
2026/08/30 08:56:03.388, 14785 MiB, 67 %
2026/08/30 08:56:05.388, 14785 MiB, 100 %
2026/08/30 08:56:07.389, 14785 MiB, 100 %
2026/08/30 08:56:09.389, 14785 MiB, 96 %
2026/08/30 08:56:11.389, 14785 MiB, 100 %
2026/08/30 08:56:13.389, 14785 MiB, 67 %
2026/08/30 08:56:15.390, 14785 MiB, 100 %
2026/08/30 08:56:17.390, 14785 MiB, 95 %
2026/08/30 08:56:19.391, 14785 MiB, 98 %
2026/08/30 08:56:21.391, 14785 MiB, 100 %
2026/08/30 08:56:23.391, 14785 MiB, 63 %
2026/08/30 08:56:25.391, 14785 MiB, 100 %
2026/08/30 08:56:27.392, 14785 MiB, 100 %
2026/08/30 08:56:29.392, 14785 MiB, 65 %
2026/08/30 08:56:31.392, 14785 MiB, 85 %
2026/08/30 08:56:33.393, 14785 MiB, 100 %
2026/08/30 08:56:35.395, 14785 MiB, 96 %
2026/08/30 08:56:37.396, 14785 MiB, 99 %
2026/08/30 08:56:39.396, 14785 MiB, 100 %
2026/08/30 08:56:41.396, 14785 MiB, 64 %
2026/08/30 08:56:43.397, 14785 MiB, 100 %
2026/08/30 08:56:45.397, 14785 MiB, 100 %
2026/08/30 08:56:47.397, 14785 MiB, 80 %
2026/08/30 08:56:49.398, 14785 MiB, 100 %
2026/08/30 08:56:51.398, 14785 MiB, 66 %
2026/08/30 08:56:53.398, 14785 MiB, 100 %
2026/08/30 08:56:55.398, 14785 MiB, 100 %
2026/08/30 08:56:57.399, 14785 MiB, 66 %
2026/08/30 08:56:59.399, 14785 MiB, 100 %
2026/08/30 08:57:01.399, 14785 MiB, 97 %
2026/08/30 08:57:03.400, 14785 MiB, 86 %
2026/08/30 08:57:05.400, 14785 MiB, 100 %
2026/08/30 08:57:07.401, 14785 MiB, 73 %
2026/08/30 08:57:09.401, 14785 MiB, 100 %
2026/08/30 08:57:11.402, 14785 MiB, 100 %
2026/08/30 08:57:13.402, 14785 MiB, 66 %
2026/08/30 08:57:15.402, 14785 MiB, 100 %
2026/08/30 08:57:17.403, 14785 MiB, 98 %
2026/08/30 08:57:19.403, 14785 MiB, 100 %
2026/08/30 08:57:21.403, 14785 MiB, 100 %
2026/08/30 08:57:23.404, 14785 MiB, 67 %
2026/08/30 08:57:25.404, 14785 MiB, 100 %
2026/08/30 08:57:27.404, 14785 MiB, 68 %
2026/08/30 08:57:29.405, 14785 MiB, 100 %
2026/08/30 08:57:31.405, 14785 MiB, 100 %
2026/08/30 08:57:33.405, 14785 MiB, 76 %
2026/08/30 08:57:35.406, 14785 MiB, 100 %
2026/08/30 08:57:37.406, 14785 MiB, 68 %
2026/08/30 08:57:39.406, 14785 MiB, 100 %
2026/08/30 08:57:41.407, 14785 MiB, 100 %
2026/08/30 08:57:43.407, 14785 MiB, 99 %
2026/08/30 08:57:45.407, 14785 MiB, 100 %
2026/08/30 08:57:47.408, 14785 MiB, 65 %
2026/08/30 08:57:49.408, 14785 MiB, 100 %
2026/08/30 08:57:51.409, 14785 MiB, 100 %
2026/08/30 08:57:53.409, 14785 MiB, 100 %
2026/08/30 08:57:55.409, 14785 MiB, 100 %
2026/08/30 08:57:57.410, 14785 MiB, 67 %
2026/08/30 08:57:59.410, 14785 MiB, 100 %
2026/08/30 08:58:01.410, 14785 MiB, 100 %
2026/08/30 08:58:03.411, 14785 MiB, 94 %
2026/08/30 08:58:05.411, 14785 MiB, 100 %
2026/08/30 08:58:07.412, 14785 MiB, 64 %
2026/08/30 08:58:09.412, 14785 MiB, 100 %
2026/08/30 08:58:11.412, 14785 MiB, 100 %
2026/08/30 08:58:13.413, 14785 MiB, 79 %
2026/08/30 08:58:15.413, 14785 MiB, 100 %
2026/08/30 08:58:17.413, 14785 MiB, 77 %
2026/08/30 08:58:19.414, 14785 MiB, 100 %
2026/08/30 08:58:21.414, 14785 MiB, 100 %
2026/08/30 08:58:23.415, 14785 MiB, 66 %
2026/08/30 08:58:25.415, 14785 MiB, 100 %
2026/08/30 08:58:27.415, 14785 MiB, 100 %
2026/08/30 08:58:29.415, 14785 MiB, 91 %
2026/08/30 08:58:31.416, 14785 MiB, 100 %
2026/08/30 08:58:33.416, 14785 MiB, 56 %
2026/08/30 08:58:35.416, 14785 MiB, 100 %
2026/08/30 08:58:37.417, 14785 MiB, 100 %
2026/08/30 08:58:39.417, 14785 MiB, 52 %
2026/08/30 08:58:41.417, 14785 MiB, 100 %
2026/08/30 08:58:43.418, 14785 MiB, 95 %
2026/08/30 08:58:45.418, 14785 MiB, 100 %
2026/08/30 08:58:47.419, 14785 MiB, 100 %
2026/08/30 08:58:49.419, 14785 MiB, 65 %
2026/08/30 08:58:51.419, 14785 MiB, 100 %
2026/08/30 08:58:53.420, 14785 MiB, 100 %
2026/08/30 08:58:55.420, 14785 MiB, 94 %
2026/08/30 08:58:57.421, 14785 MiB, 100 %
2026/08/30 08:58:59.421, 14785 MiB, 69 %
2026/08/30 08:59:01.421, 14785 MiB, 100 %
2026/08/30 08:59:03.422, 14785 MiB, 100 %
2026/08/30 08:59:05.422, 14785 MiB, 71 %
2026/08/30 08:59:07.422, 14785 MiB, 100 %
2026/08/30 08:59:09.423, 14785 MiB, 88 %
2026/08/30 08:59:11.423, 14785 MiB, 100 %
2026/08/30 08:59:13.423, 14785 MiB, 100 %
2026/08/30 08:59:15.424, 14785 MiB, 68 %
2026/08/30 08:59:17.424, 14785 MiB, 100 %
2026/08/30 08:59:19.424, 14785 MiB, 94 %
2026/08/30 08:59:21.425, 14785 MiB, 95 %
2026/08/30 08:59:23.425, 14785 MiB, 100 %
2026/08/30 08:59:25.426, 14785 MiB, 63 %
2026/08/30 08:59:27.426, 14785 MiB, 100 %
2026/08/30 08:59:29.426, 14785 MiB, 100 %
2026/08/30 08:59:31.427, 14785 MiB, 99 %
2026/08/30 08:59:33.427, 14785 MiB, 100 %
2026/08/30 08:59:35.427, 14785 MiB, 68 %
2026/08/30 08:59:37.428, 14785 MiB, 100 %
2026/08/30 08:59:39.428, 14785 MiB, 100 %
2026/08/30 08:59:41.429, 14785 MiB, 92 %
2026/08/30 08:59:43.429, 14785 MiB, 100 %
2026/08/30 08:59:45.429, 14785 MiB, 69 %
2026/08/30 08:59:47.430, 14785 MiB, 100 %
2026/08/30 08:59:49.430, 14785 MiB, 100 %
2026/08/30 08:59:51.430, 14785 MiB, 75 %
2026/08/30 08:59:53.431, 14785 MiB, 100 %
2026/08/30 08:59:55.431, 14785 MiB, 82 %
2026/08/30 08:59:57.432, 14785 MiB, 100 %
2026/08/30 08:59:59.432, 14785 MiB, 100 %
2026/08/30 09:00:01.432, 14785 MiB, 59 %
2026/08/30 09:00:03.433, 14785 MiB, 100 %
2026/08/30 09:00:05.433, 14785 MiB, 94 %
2026/08/30 09:00:07.434, 14785 MiB, 100 %
2026/08/30 09:00:09.434, 14785 MiB, 75 %
2026/08/30 09:00:11.435, 14785 MiB, 100 %
2026/08/30 09:00:13.435, 14785 MiB, 100 %
2026/08/30 09:00:15.435, 14785 MiB, 63 %
2026/08/30 09:00:17.436, 14785 MiB, 100 %
2026/08/30 09:00:19.436, 14785 MiB, 97 %
2026/08/30 09:00:21.436, 14785 MiB, 100 %
2026/08/30 09:00:23.437, 14785 MiB, 100 %
2026/08/30 09:00:25.437, 14785 MiB, 67 %
2026/08/30 09:00:27.437, 14785 MiB, 100 %
2026/08/30 09:00:29.438, 14785 MiB, 100 %
2026/08/30 09:00:31.438, 14785 MiB, 88 %
2026/08/30 09:00:33.439, 14785 MiB, 100 %
2026/08/30 09:00:35.439, 14785 MiB, 72 %
2026/08/30 09:00:37.439, 14785 MiB, 100 %
2026/08/30 09:00:39.440, 14785 MiB, 100 %
2026/08/30 09:00:41.440, 14785 MiB, 66 %
2026/08/30 09:00:43.440, 14785 MiB, 100 %
2026/08/30 09:00:45.441, 14785 MiB, 99 %
2026/08/30 09:00:47.441, 14785 MiB, 88 %
2026/08/30 09:00:49.441, 14785 MiB, 100 %
2026/08/30 09:00:51.442, 14785 MiB, 67 %
2026/08/30 09:00:53.442, 14785 MiB, 100 %
2026/08/30 09:00:55.443, 14785 MiB, 100 %
2026/08/30 09:00:57.443, 14785 MiB, 57 %
2026/08/30 09:00:59.443, 14785 MiB, 100 %
2026/08/30 09:01:01.444, 14785 MiB, 91 %
2026/08/30 09:01:03.444, 14785 MiB, 100 %
2026/08/30 09:01:05.444, 14785 MiB, 100 %
2026/08/30 09:01:07.445, 14785 MiB, 58 %
2026/08/30 09:01:09.445, 14785 MiB, 100 %
2026/08/30 09:01:11.445, 14785 MiB, 88 %
2026/08/30 09:01:13.446, 14785 MiB, 100 %
2026/08/30 09:01:15.446, 14785 MiB, 100 %
2026/08/30 09:01:17.447, 14785 MiB, 65 %
2026/08/30 09:01:19.447, 14785 MiB, 100 %
2026/08/30 09:01:21.447, 14785 MiB, 84 %
2026/08/30 09:01:23.448, 14785 MiB, 100 %
2026/08/30 09:01:25.448, 14785 MiB, 100 %
2026/08/30 09:01:27.448, 14785 MiB, 65 %
2026/08/30 09:01:29.449, 14785 MiB, 100 %
2026/08/30 09:01:31.449, 14785 MiB, 100 %
2026/08/30 09:01:33.449, 14785 MiB, 84 %
2026/08/30 09:01:35.450, 14785 MiB, 100 %
2026/08/30 09:01:37.450, 14785 MiB, 78 %
2026/08/30 09:01:39.450, 14785 MiB, 100 %
2026/08/30 09:01:41.451, 14785 MiB, 100 %
2026/08/30 09:01:43.451, 14785 MiB, 67 %
2026/08/30 09:01:45.451, 14785 MiB, 100 %
2026/08/30 09:01:47.452, 14785 MiB, 100 %
2026/08/30 09:01:49.452, 14785 MiB, 79 %
2026/08/30 09:01:51.453, 14785 MiB, 100 %
2026/08/30 09:01:53.453, 14785 MiB, 86 %
2026/08/30 09:01:55.453, 14785 MiB, 100 %
2026/08/30 09:01:57.454, 14785 MiB, 100 %
2026/08/30 09:01:59.454, 14785 MiB, 68 %
2026/08/30 09:02:01.454, 14785 MiB, 100 %
2026/08/30 09:02:03.455, 14785 MiB, 86 %
2026/08/30 09:02:05.455, 14785 MiB, 100 %
2026/08/30 09:02:07.455, 14785 MiB, 100 %
2026/08/30 09:02:09.456, 14785 MiB, 57 %
2026/08/30 09:02:11.456, 14785 MiB, 100 %
2026/08/30 09:02:13.457, 14785 MiB, 100 %
2026/08/30 09:02:15.457, 14785 MiB, 66 %
2026/08/30 09:02:17.457, 14785 MiB, 100 %
2026/08/30 09:02:19.458, 14785 MiB, 100 %
2026/08/30 09:02:21.458, 14785 MiB, 98 %
2026/08/30 09:02:23.459, 14785 MiB, 100 %
2026/08/30 09:02:25.459, 14785 MiB, 67 %
2026/08/30 09:02:27.459, 14785 MiB, 100 %
2026/08/30 09:02:29.460, 14785 MiB, 100 %
2026/08/30 09:02:31.460, 14785 MiB, 67 %
2026/08/30 09:02:33.460, 14785 MiB, 100 %
2026/08/30 09:02:35.460, 14785 MiB, 91 %
2026/08/30 09:02:37.461, 14785 MiB, 100 %
2026/08/30 09:02:39.461, 14785 MiB, 100 %
2026/08/30 09:02:41.461, 14785 MiB, 66 %
2026/08/30 09:02:43.462, 14785 MiB, 100 %
2026/08/30 09:02:45.462, 14785 MiB, 100 %
2026/08/30 09:02:47.462, 14785 MiB, 88 %
2026/08/30 09:02:49.463, 14785 MiB, 100 %
2026/08/30 09:02:51.463, 14785 MiB, 68 %
2026/08/30 09:02:53.463, 14785 MiB, 100 %
2026/08/30 09:02:55.464, 14785 MiB, 100 %
2026/08/30 09:02:57.464, 14785 MiB, 74 %
2026/08/30 09:02:59.464, 14785 MiB, 100 %
2026/08/30 09:03:01.465, 14785 MiB, 96 %
2026/08/30 09:03:03.465, 14785 MiB, 96 %
2026/08/30 09:03:05.466, 14785 MiB, 100 %
2026/08/30 09:03:07.466, 14785 MiB, 68 %
2026/08/30 09:03:09.466, 14785 MiB, 100 %
2026/08/30 09:03:11.467, 14785 MiB, 100 %
2026/08/30 09:03:13.467, 14785 MiB, 87 %
2026/08/30 09:03:15.467, 14785 MiB, 100 %
2026/08/30 09:03:17.468, 14785 MiB, 82 %
2026/08/30 09:03:19.468, 14785 MiB, 100 %
2026/08/30 09:03:21.468, 14785 MiB, 100 %
2026/08/30 09:03:23.469, 14785 MiB, 67 %
2026/08/30 09:03:25.469, 14785 MiB, 100 %
2026/08/30 09:03:27.470, 14785 MiB, 75 %
2026/08/30 09:03:29.470, 14785 MiB, 100 %
2026/08/30 09:03:31.470, 14785 MiB, 100 %
2026/08/30 09:03:33.471, 14785 MiB, 78 %
2026/08/30 09:03:35.471, 14785 MiB, 100 %
2026/08/30 09:03:37.471, 14785 MiB, 61 %
2026/08/30 09:03:39.472, 14785 MiB, 100 %
2026/08/30 09:03:41.472, 14785 MiB, 100 %
2026/08/30 09:03:43.472, 14785 MiB, 82 %
2026/08/30 09:03:45.473, 14785 MiB, 100 %
2026/08/30 09:03:47.473, 14785 MiB, 74 %
2026/08/30 09:03:49.474, 14785 MiB, 100 %
2026/08/30 09:03:51.474, 14785 MiB, 100 %
2026/08/30 09:03:53.474, 14785 MiB, 56 %
2026/08/30 09:03:55.475, 14785 MiB, 100 %
2026/08/30 09:03:57.475, 14785 MiB, 100 %
2026/08/30 09:03:59.475, 14785 MiB, 95 %
2026/08/30 09:04:01.476, 14785 MiB, 100 %
2026/08/30 09:04:03.476, 14785 MiB, 66 %
2026/08/30 09:04:05.476, 14785 MiB, 100 %
2026/08/30 09:04:07.477, 14785 MiB, 100 %
2026/08/30 09:04:09.477, 14785 MiB, 64 %
2026/08/30 09:04:11.478, 14785 MiB, 100 %
2026/08/30 09:04:13.478, 14785 MiB, 80 %
2026/08/30 09:04:15.478, 14785 MiB, 98 %
2026/08/30 09:04:17.479, 14785 MiB, 100 %
2026/08/30 09:04:19.479, 14785 MiB, 68 %
2026/08/30 09:04:21.480, 14785 MiB, 100 %
2026/08/30 09:04:23.480, 14785 MiB, 100 %
2026/08/30 09:04:25.480, 14785 MiB, 96 %
2026/08/30 09:04:27.481, 14785 MiB, 100 %
2026/08/30 09:04:29.481, 14785 MiB, 67 %
2026/08/30 09:04:31.481, 14785 MiB, 100 %
2026/08/30 09:04:33.482, 14785 MiB, 100 %
2026/08/30 09:04:35.482, 14785 MiB, 85 %
2026/08/30 09:04:37.482, 14785 MiB, 100 %
2026/08/30 09:04:39.483, 14785 MiB, 78 %
2026/08/30 09:04:41.483, 14785 MiB, 100 %
2026/08/30 09:04:43.483, 14785 MiB, 70 %
2026/08/30 09:04:45.484, 14785 MiB, 100 %
2026/08/30 09:04:47.484, 14785 MiB, 100 %
2026/08/30 09:04:49.485, 14785 MiB, 66 %
2026/08/30 09:04:51.485, 14785 MiB, 100 %
2026/08/30 09:04:53.485, 14785 MiB, 100 %
2026/08/30 09:04:55.486, 14785 MiB, 81 %
2026/08/30 09:04:57.486, 14785 MiB, 100 %
2026/08/30 09:04:59.487, 14785 MiB, 67 %
2026/08/30 09:05:01.487, 14785 MiB, 100 %
2026/08/30 09:05:03.487, 14785 MiB, 100 %
2026/08/30 09:05:05.488, 14785 MiB, 68 %
2026/08/30 09:05:07.488, 14785 MiB, 100 %
2026/08/30 09:05:09.488, 14785 MiB, 100 %
2026/08/30 09:05:11.489, 14785 MiB, 100 %
2026/08/30 09:05:13.489, 14785 MiB, 100 %
2026/08/30 09:05:15.489, 14785 MiB, 66 %
2026/08/30 09:05:17.490, 14785 MiB, 100 %
2026/08/30 09:05:19.490, 14785 MiB, 100 %
2026/08/30 09:05:21.491, 14785 MiB, 95 %
2026/08/30 09:05:23.491, 14785 MiB, 100 %
2026/08/30 09:05:25.491, 14785 MiB, 69 %
2026/08/30 09:05:27.492, 14785 MiB, 100 %
2026/08/30 09:05:29.492, 14785 MiB, 100 %
2026/08/30 09:05:31.492, 14785 MiB, 66 %
2026/08/30 09:05:33.493, 14785 MiB, 100 %
2026/08/30 09:05:35.493, 14785 MiB, 97 %
2026/08/30 09:05:37.493, 14785 MiB, 100 %
2026/08/30 09:05:39.494, 14785 MiB, 100 %
2026/08/30 09:05:41.494, 14785 MiB, 65 %
2026/08/30 09:05:43.495, 14785 MiB, 100 %
2026/08/30 09:05:45.495, 14785 MiB, 100 %
2026/08/30 09:05:47.495, 14785 MiB, 85 %
2026/08/30 09:05:49.496, 14785 MiB, 100 %
2026/08/30 09:05:51.496, 14785 MiB, 73 %
2026/08/30 09:05:53.496, 14785 MiB, 100 %
2026/08/30 09:05:55.497, 14785 MiB, 100 %
2026/08/30 09:05:57.497, 14785 MiB, 65 %
2026/08/30 09:05:59.498, 14785 MiB, 100 %
2026/08/30 09:06:01.498, 14785 MiB, 100 %
2026/08/30 09:06:03.498, 14785 MiB, 60 %
2026/08/30 09:06:05.499, 14785 MiB, 100 %
2026/08/30 09:06:07.499, 14785 MiB, 88 %
2026/08/30 09:06:09.499, 14785 MiB, 98 %
2026/08/30 09:06:11.500, 14785 MiB, 100 %
2026/08/30 09:06:13.500, 14785 MiB, 69 %
2026/08/30 09:06:15.500, 14785 MiB, 100 %
2026/08/30 09:06:17.501, 14785 MiB, 100 %
2026/08/30 09:06:19.501, 14785 MiB, 71 %
2026/08/30 09:06:21.501, 14785 MiB, 100 %
2026/08/30 09:06:23.502, 14785 MiB, 91 %
2026/08/30 09:06:25.502, 14785 MiB, 75 %
2026/08/30 09:06:27.503, 14785 MiB, 100 %
2026/08/30 09:06:29.503, 14785 MiB, 100 %
2026/08/30 09:06:31.503, 14785 MiB, 100 %
2026/08/30 09:06:33.504, 14785 MiB, 100 %
2026/08/30 09:06:35.504, 14785 MiB, 65 %
2026/08/30 09:06:37.504, 14785 MiB, 100 %
2026/08/30 09:06:39.505, 14785 MiB, 100 %
2026/08/30 09:06:41.505, 14785 MiB, 83 %
2026/08/30 09:06:43.505, 14785 MiB, 100 %
2026/08/30 09:06:45.506, 14785 MiB, 68 %
2026/08/30 09:06:47.506, 14785 MiB, 100 %
2026/08/30 09:06:49.507, 14785 MiB, 100 %
2026/08/30 09:06:51.507, 14785 MiB, 88 %
2026/08/30 09:06:53.507, 14785 MiB, 100 %
2026/08/30 09:06:55.508, 14785 MiB, 75 %
2026/08/30 09:06:57.508, 14785 MiB, 100 %
2026/08/30 09:06:59.509, 14785 MiB, 100 %
2026/08/30 09:07:01.509, 14785 MiB, 69 %
2026/08/30 09:07:03.509, 14785 MiB, 100 %
2026/08/30 09:07:05.510, 14785 MiB, 100 %
2026/08/30 09:07:07.510, 14785 MiB, 78 %
2026/08/30 09:07:09.511, 14785 MiB, 100 %
2026/08/30 09:07:11.511, 14785 MiB, 74 %
2026/08/30 09:07:13.511, 14785 MiB, 100 %
2026/08/30 09:07:15.512, 14785 MiB, 100 %
2026/08/30 09:07:17.512, 14785 MiB, 68 %
2026/08/30 09:07:19.513, 14785 MiB, 100 %
2026/08/30 09:07:21.513, 14785 MiB, 75 %
2026/08/30 09:07:23.513, 14785 MiB, 100 %
2026/08/30 09:07:25.514, 14785 MiB, 100 %
2026/08/30 09:07:27.514, 14785 MiB, 68 %
2026/08/30 09:07:29.515, 14785 MiB, 100 %
2026/08/30 09:07:31.515, 14785 MiB, 91 %
2026/08/30 09:07:33.515, 14785 MiB, 100 %
2026/08/30 09:07:35.516, 14785 MiB, 100 %
2026/08/30 09:07:37.516, 14785 MiB, 66 %
2026/08/30 09:07:39.516, 14785 MiB, 100 %
2026/08/30 09:07:41.517, 14785 MiB, 100 %
2026/08/30 09:07:43.517, 14785 MiB, 81 %
2026/08/30 09:07:45.518, 14785 MiB, 100 %
2026/08/30 09:07:47.518, 14785 MiB, 79 %
2026/08/30 09:07:49.518, 14785 MiB, 100 %
2026/08/30 09:07:51.519, 14785 MiB, 100 %
2026/08/30 09:07:53.519, 14785 MiB, 65 %
2026/08/30 09:07:55.519, 14785 MiB, 100 %
2026/08/30 09:07:57.520, 14785 MiB, 97 %
2026/08/30 09:07:59.520, 14785 MiB, 97 %
2026/08/30 09:08:01.521, 14785 MiB, 100 %
2026/08/30 09:08:03.521, 14785 MiB, 66 %
2026/08/30 09:08:05.521, 14785 MiB, 100 %
2026/08/30 09:08:07.522, 14785 MiB, 100 %
2026/08/30 09:08:09.522, 14785 MiB, 67 %
2026/08/30 09:08:11.523, 14785 MiB, 100 %
2026/08/30 09:08:13.523, 14785 MiB, 100 %
2026/08/30 09:08:15.523, 14785 MiB, 87 %
2026/08/30 09:08:17.524, 14785 MiB, 100 %
2026/08/30 09:08:19.524, 14785 MiB, 86 %
2026/08/30 09:08:21.525, 14785 MiB, 83 %
2026/08/30 09:08:23.525, 14785 MiB, 100 %
2026/08/30 09:08:25.525, 14785 MiB, 74 %
2026/08/30 09:08:27.526, 14785 MiB, 100 %
2026/08/30 09:08:29.526, 14785 MiB, 100 %
2026/08/30 09:08:31.527, 14785 MiB, 63 %
2026/08/30 09:08:33.527, 14785 MiB, 100 %
2026/08/30 09:08:35.527, 14785 MiB, 100 %
2026/08/30 09:08:37.528, 14785 MiB, 64 %
2026/08/30 09:08:39.528, 14785 MiB, 100 %
2026/08/30 09:08:41.529, 14785 MiB, 100 %
2026/08/30 09:08:43.529, 14785 MiB, 95 %
2026/08/30 09:08:45.529, 14785 MiB, 100 %
2026/08/30 09:08:47.530, 14785 MiB, 74 %
2026/08/30 09:08:49.530, 14785 MiB, 100 %
2026/08/30 09:08:51.531, 14785 MiB, 100 %
2026/08/30 09:08:53.531, 14785 MiB, 67 %
2026/08/30 09:08:55.531, 14785 MiB, 100 %
2026/08/30 09:08:57.532, 14785 MiB, 72 %
2026/08/30 09:08:59.532, 14785 MiB, 100 %
2026/08/30 09:09:01.532, 14785 MiB, 100 %
2026/08/30 09:09:03.533, 14785 MiB, 74 %
2026/08/30 09:09:05.533, 14785 MiB, 100 %
2026/08/30 09:09:07.533, 14785 MiB, 81 %
2026/08/30 09:09:09.534, 14785 MiB, 100 %
2026/08/30 09:09:11.534, 14785 MiB, 100 %
2026/08/30 09:09:13.535, 14785 MiB, 68 %
2026/08/30 09:09:15.535, 14785 MiB, 100 %
2026/08/30 09:09:17.535, 14785 MiB, 68 %
2026/08/30 09:09:19.536, 14785 MiB, 100 %
2026/08/30 09:09:21.536, 14785 MiB, 100 %
2026/08/30 09:09:23.536, 14785 MiB, 52 %
2026/08/30 09:09:25.537, 14785 MiB, 100 %
2026/08/30 09:09:27.537, 14785 MiB, 100 %
2026/08/30 09:09:29.538, 14785 MiB, 92 %
2026/08/30 09:09:31.538, 14785 MiB, 100 %
2026/08/30 09:09:33.538, 14785 MiB, 60 %
2026/08/30 09:09:35.539, 14785 MiB, 100 %
2026/08/30 09:09:37.539, 14785 MiB, 100 %
2026/08/30 09:09:39.540, 14785 MiB, 75 %
2026/08/30 09:09:41.540, 14785 MiB, 100 %
2026/08/30 09:09:43.540, 14785 MiB, 100 %
2026/08/30 09:09:45.541, 14785 MiB, 75 %
2026/08/30 09:09:47.541, 14785 MiB, 100 %
2026/08/30 09:09:49.542, 14785 MiB, 100 %
2026/08/30 09:09:51.542, 14785 MiB, 72 %
2026/08/30 09:09:53.542, 14785 MiB, 100 %
2026/08/30 09:09:55.543, 14785 MiB, 80 %
2026/08/30 09:09:57.543, 14785 MiB, 100 %
2026/08/30 09:09:59.543, 14785 MiB, 100 %
2026/08/30 09:10:01.544, 14785 MiB, 54 %
2026/08/30 09:10:03.544, 14785 MiB, 100 %
2026/08/30 09:10:05.545, 14785 MiB, 100 %
2026/08/30 09:10:07.545, 14785 MiB, 81 %
2026/08/30 09:10:09.545, 14785 MiB, 100 %
2026/08/30 09:10:11.546, 14785 MiB, 72 %
2026/08/30 09:10:13.546, 14785 MiB, 100 %
2026/08/30 09:10:15.546, 14785 MiB, 100 %
2026/08/30 09:10:17.547, 14785 MiB, 63 %
2026/08/30 09:10:19.547, 14785 MiB, 100 %
2026/08/30 09:10:21.548, 14785 MiB, 100 %
2026/08/30 09:10:23.548, 14785 MiB, 83 %
2026/08/30 09:10:25.548, 14785 MiB, 100 %
2026/08/30 09:10:27.549, 14785 MiB, 79 %
2026/08/30 09:10:29.549, 14785 MiB, 100 %
2026/08/30 09:10:31.549, 14785 MiB, 100 %
2026/08/30 09:10:33.550, 14785 MiB, 64 %
2026/08/30 09:10:35.550, 14785 MiB, 100 %
2026/08/30 09:10:37.551, 14785 MiB, 96 %
2026/08/30 09:10:39.551, 14785 MiB, 100 %
2026/08/30 09:10:41.556, 14785 MiB, 100 %
2026/08/30 09:10:43.557, 14785 MiB, 64 %
2026/08/30 09:10:45.557, 14785 MiB, 100 %
2026/08/30 09:10:47.558, 14785 MiB, 100 %
2026/08/30 09:10:49.558, 14785 MiB, 62 %
2026/08/30 09:10:51.558, 14785 MiB, 100 %
2026/08/30 09:10:53.559, 14785 MiB, 100 %
2026/08/30 09:10:55.559, 14785 MiB, 51 %
2026/08/30 09:10:57.560, 14785 MiB, 100 %
2026/08/30 09:10:59.560, 14785 MiB, 100 %
2026/08/30 09:11:01.560, 14785 MiB, 78 %
2026/08/30 09:11:03.561, 14785 MiB, 100 %
2026/08/30 09:11:05.561, 14785 MiB, 81 %
2026/08/30 09:11:07.562, 14785 MiB, 100 %
2026/08/30 09:11:09.562, 14785 MiB, 100 %
2026/08/30 09:11:11.562, 14785 MiB, 62 %
2026/08/30 09:11:13.563, 14785 MiB, 100 %
2026/08/30 09:11:15.563, 14785 MiB, 100 %
2026/08/30 09:11:17.564, 14785 MiB, 97 %
2026/08/30 09:11:19.564, 14785 MiB, 100 %
2026/08/30 09:11:21.564, 14785 MiB, 68 %
2026/08/30 09:11:23.565, 14785 MiB, 100 %
2026/08/30 09:11:25.565, 14785 MiB, 100 %
2026/08/30 09:11:27.566, 14785 MiB, 72 %
2026/08/30 09:11:29.566, 14785 MiB, 100 %
2026/08/30 09:11:31.566, 14785 MiB, 88 %
2026/08/30 09:11:33.567, 14785 MiB, 89 %
2026/08/30 09:11:35.567, 14785 MiB, 100 %
2026/08/30 09:11:37.567, 14785 MiB, 95 %
2026/08/30 09:11:39.568, 14785 MiB, 96 %
2026/08/30 09:11:41.568, 14785 MiB, 100 %
2026/08/30 09:11:43.569, 14785 MiB, 66 %
2026/08/30 09:11:45.569, 14785 MiB, 100 %
2026/08/30 09:11:47.570, 14785 MiB, 100 %
2026/08/30 09:11:49.570, 14785 MiB, 84 %
2026/08/30 09:11:51.571, 14785 MiB, 100 %
2026/08/30 09:11:53.571, 14785 MiB, 80 %
2026/08/30 09:11:55.571, 14785 MiB, 100 %
2026/08/30 09:11:57.572, 14785 MiB, 100 %
2026/08/30 09:11:59.572, 14785 MiB, 62 %
2026/08/30 09:12:01.573, 14785 MiB, 100 %
2026/08/30 09:12:03.573, 14785 MiB, 100 %
2026/08/30 09:12:05.573, 14785 MiB, 92 %
2026/08/30 09:12:07.574, 14785 MiB, 100 %
2026/08/30 09:12:09.574, 14785 MiB, 70 %
2026/08/30 09:12:11.574, 14785 MiB, 100 %
2026/08/30 09:12:13.575, 14785 MiB, 100 %
2026/08/30 09:12:15.575, 14785 MiB, 66 %
2026/08/30 09:12:17.575, 14785 MiB, 100 %
2026/08/30 09:12:19.576, 14785 MiB, 100 %
2026/08/30 09:12:21.576, 14785 MiB, 66 %
2026/08/30 09:12:23.577, 14785 MiB, 100 %
2026/08/30 09:12:25.577, 14785 MiB, 88 %
2026/08/30 09:12:27.577, 14785 MiB, 95 %
2026/08/30 09:12:29.578, 14785 MiB, 100 %
2026/08/30 09:12:31.578, 14785 MiB, 92 %
2026/08/30 09:12:33.578, 14785 MiB, 85 %
2026/08/30 09:12:35.579, 14785 MiB, 100 %
2026/08/30 09:12:37.579, 14785 MiB, 68 %
2026/08/30 09:12:39.580, 14785 MiB, 100 %
2026/08/30 09:12:41.580, 14785 MiB, 96 %
2026/08/30 09:12:43.580, 14785 MiB, 100 %
2026/08/30 09:12:45.581, 14785 MiB, 100 %
2026/08/30 09:12:47.581, 14785 MiB, 59 %
2026/08/30 09:12:49.581, 14785 MiB, 100 %
2026/08/30 09:12:51.582, 14785 MiB, 100 %
2026/08/30 09:12:53.582, 14785 MiB, 67 %
2026/08/30 09:12:55.583, 14785 MiB, 100 %
2026/08/30 09:12:57.583, 14785 MiB, 98 %
2026/08/30 09:12:59.583, 14785 MiB, 74 %
2026/08/30 09:13:01.584, 14785 MiB, 100 %
2026/08/30 09:13:03.584, 14785 MiB, 80 %
2026/08/30 09:13:05.584, 14785 MiB, 100 %
2026/08/30 09:13:07.585, 14785 MiB, 100 %
2026/08/30 09:13:09.585, 14785 MiB, 74 %
2026/08/30 09:13:11.586, 14785 MiB, 100 %
2026/08/30 09:13:13.586, 14785 MiB, 100 %
2026/08/30 09:13:15.586, 14785 MiB, 65 %
2026/08/30 09:13:17.587, 14785 MiB, 100 %
2026/08/30 09:13:19.587, 14785 MiB, 82 %
2026/08/30 09:13:21.588, 14785 MiB, 100 %
2026/08/30 09:13:23.588, 14785 MiB, 100 %
2026/08/30 09:13:25.589, 14785 MiB, 62 %
2026/08/30 09:13:27.589, 14785 MiB, 100 %
2026/08/30 09:13:29.589, 14785 MiB, 100 %
2026/08/30 09:13:31.590, 14785 MiB, 61 %
2026/08/30 09:13:33.590, 14785 MiB, 100 %
2026/08/30 09:13:35.591, 14785 MiB, 95 %
2026/08/30 09:13:37.591, 14785 MiB, 100 %
2026/08/30 09:13:39.591, 14785 MiB, 100 %
2026/08/30 09:13:41.592, 14785 MiB, 63 %
2026/08/30 09:13:43.592, 14785 MiB, 100 %
2026/08/30 09:13:45.592, 14785 MiB, 100 %
2026/08/30 09:13:47.593, 14785 MiB, 73 %
2026/08/30 09:13:49.593, 14785 MiB, 100 %
2026/08/30 09:13:51.594, 14785 MiB, 74 %
2026/08/30 09:13:53.594, 14785 MiB, 100 %
2026/08/30 09:13:55.594, 14785 MiB, 69 %
2026/08/30 09:13:57.595, 14785 MiB, 100 %
2026/08/30 09:13:59.595, 14785 MiB, 100 %
2026/08/30 09:14:01.595, 14785 MiB, 66 %
2026/08/30 09:14:03.596, 14785 MiB, 100 %
2026/08/30 09:14:05.596, 14785 MiB, 88 %
2026/08/30 09:14:07.597, 14785 MiB, 100 %
2026/08/30 09:14:09.597, 14785 MiB, 100 %
2026/08/30 09:14:11.597, 14785 MiB, 56 %
2026/08/30 09:14:13.598, 14785 MiB, 100 %
2026/08/30 09:14:15.598, 14785 MiB, 100 %
2026/08/30 09:14:17.598, 14785 MiB, 66 %
2026/08/30 09:14:19.599, 14785 MiB, 100 %
2026/08/30 09:14:21.599, 14785 MiB, 84 %
2026/08/30 09:14:23.600, 14785 MiB, 100 %
2026/08/30 09:14:25.600, 14785 MiB, 100 %
2026/08/30 09:14:27.600, 14785 MiB, 66 %
2026/08/30 09:14:29.601, 14785 MiB, 100 %
2026/08/30 09:14:31.601, 14785 MiB, 100 %
2026/08/30 09:14:33.602, 14785 MiB, 95 %
2026/08/30 09:14:35.602, 14785 MiB, 100 %
2026/08/30 09:14:37.602, 14785 MiB, 65 %
2026/08/30 09:14:39.603, 14785 MiB, 100 %
2026/08/30 09:14:41.603, 14785 MiB, 100 %
2026/08/30 09:14:43.604, 14785 MiB, 64 %
2026/08/30 09:14:45.604, 14785 MiB, 100 %
2026/08/30 09:14:47.604, 14785 MiB, 100 %
2026/08/30 09:14:49.605, 14785 MiB, 83 %
2026/08/30 09:14:51.605, 14785 MiB, 100 %
2026/08/30 09:14:53.606, 14785 MiB, 100 %
2026/08/30 09:14:55.606, 14785 MiB, 75 %
2026/08/30 09:14:57.607, 14785 MiB, 100 %
2026/08/30 09:14:59.607, 14785 MiB, 73 %
2026/08/30 09:15:01.607, 14785 MiB, 100 %
2026/08/30 09:15:03.608, 14785 MiB, 100 %
2026/08/30 09:15:05.608, 14785 MiB, 65 %
2026/08/30 09:15:07.608, 14785 MiB, 100 %
2026/08/30 09:15:09.609, 14785 MiB, 100 %
2026/08/30 09:15:11.609, 14785 MiB, 89 %
2026/08/30 09:15:13.610, 14785 MiB, 100 %
2026/08/30 09:15:15.610, 14785 MiB, 67 %
2026/08/30 09:15:17.610, 14785 MiB, 100 %
2026/08/30 09:15:19.611, 14785 MiB, 100 %
2026/08/30 09:15:21.611, 14785 MiB, 71 %
2026/08/30 09:15:23.612, 14785 MiB, 100 %
2026/08/30 09:15:25.612, 14785 MiB, 100 %
2026/08/30 09:15:27.613, 14785 MiB, 79 %
2026/08/30 09:15:29.613, 14785 MiB, 100 %
2026/08/30 09:15:31.613, 14785 MiB, 87 %
2026/08/30 09:15:33.614, 14785 MiB, 100 %
2026/08/30 09:15:35.614, 14785 MiB, 100 %
2026/08/30 09:15:37.614, 14785 MiB, 90 %
2026/08/30 09:15:39.615, 14785 MiB, 97 %
2026/08/30 09:15:41.615, 14785 MiB, 100 %
2026/08/30 09:15:43.616, 14785 MiB, 76 %
2026/08/30 09:15:45.616, 14785 MiB, 100 %
2026/08/30 09:15:47.616, 14785 MiB, 100 %
2026/08/30 09:15:49.617, 14785 MiB, 65 %
2026/08/30 09:15:51.617, 14785 MiB, 100 %
2026/08/30 09:15:53.618, 14785 MiB, 100 %
2026/08/30 09:15:55.618, 14785 MiB, 76 %
2026/08/30 09:15:57.618, 14785 MiB, 100 %
2026/08/30 09:15:59.619, 14785 MiB, 90 %
2026/08/30 09:16:01.619, 14785 MiB, 100 %
2026/08/30 09:16:03.620, 14785 MiB, 100 %
2026/08/30 09:16:05.620, 14785 MiB, 73 %
2026/08/30 09:16:07.620, 14785 MiB, 100 %
2026/08/30 09:16:09.621, 14785 MiB, 100 %
2026/08/30 09:16:11.621, 14785 MiB, 54 %
2026/08/30 09:16:13.621, 14785 MiB, 100 %
2026/08/30 09:16:15.622, 14785 MiB, 100 %
2026/08/30 09:16:17.622, 14785 MiB, 79 %
2026/08/30 09:16:19.623, 14785 MiB, 100 %
2026/08/30 09:16:21.623, 14785 MiB, 75 %
2026/08/30 09:16:23.623, 14785 MiB, 100 %
2026/08/30 09:16:25.624, 14785 MiB, 100 %
2026/08/30 09:16:27.624, 14785 MiB, 56 %
2026/08/30 09:16:29.624, 14785 MiB, 100 %
2026/08/30 09:16:31.625, 14785 MiB, 100 %
2026/08/30 09:16:33.625, 14785 MiB, 86 %
2026/08/30 09:16:35.625, 14785 MiB, 100 %
2026/08/30 09:16:37.626, 14785 MiB, 65 %
2026/08/30 09:16:39.626, 14785 MiB, 100 %
2026/08/30 09:16:41.627, 14785 MiB, 100 %
2026/08/30 09:16:43.627, 14785 MiB, 60 %
2026/08/30 09:16:45.627, 14785 MiB, 100 %
2026/08/30 09:16:47.628, 14785 MiB, 100 %
2026/08/30 09:16:49.628, 14785 MiB, 67 %
2026/08/30 09:16:51.629, 14785 MiB, 100 %
2026/08/30 09:16:53.629, 14785 MiB, 100 %
2026/08/30 09:16:55.629, 14785 MiB, 70 %
2026/08/30 09:16:57.630, 14785 MiB, 100 %
2026/08/30 09:16:59.630, 14785 MiB, 90 %
2026/08/30 09:17:01.630, 14785 MiB, 85 %
2026/08/30 09:17:03.631, 14785 MiB, 100 %
2026/08/30 09:17:05.631, 14785 MiB, 65 %
2026/08/30 09:17:07.632, 14785 MiB, 100 %
2026/08/30 09:17:09.632, 14785 MiB, 100 %
2026/08/30 09:17:11.632, 14785 MiB, 67 %
2026/08/30 09:17:13.633, 14785 MiB, 100 %
2026/08/30 09:17:15.633, 14785 MiB, 97 %
2026/08/30 09:17:17.633, 14785 MiB, 100 %
2026/08/30 09:17:19.634, 14785 MiB, 100 %
2026/08/30 09:17:21.634, 14785 MiB, 66 %
2026/08/30 09:17:23.635, 14785 MiB, 100 %
2026/08/30 09:17:25.635, 14785 MiB, 100 %
2026/08/30 09:17:27.635, 14785 MiB, 64 %
2026/08/30 09:17:29.636, 14785 MiB, 100 %
2026/08/30 09:17:31.636, 14785 MiB, 100 %
2026/08/30 09:17:33.637, 14785 MiB, 75 %
2026/08/30 09:17:35.637, 14785 MiB, 100 %
2026/08/30 09:17:37.637, 14785 MiB, 90 %
2026/08/30 09:17:39.638, 14785 MiB, 89 %
2026/08/30 09:17:41.638, 14785 MiB, 100 %
2026/08/30 09:17:43.638, 14785 MiB, 100 %
2026/08/30 09:17:45.639, 14785 MiB, 65 %
2026/08/30 09:17:47.639, 14785 MiB, 100 %
2026/08/30 09:17:49.639, 14785 MiB, 93 %
2026/08/30 09:17:51.640, 14785 MiB, 100 %
2026/08/30 09:17:53.640, 14785 MiB, 100 %
2026/08/30 09:17:55.641, 14785 MiB, 88 %
2026/08/30 09:17:57.641, 14785 MiB, 100 %
2026/08/30 09:17:59.641, 14785 MiB, 100 %
2026/08/30 09:18:01.642, 14785 MiB, 68 %
2026/08/30 09:18:03.642, 14785 MiB, 100 %
2026/08/30 09:18:05.643, 14785 MiB, 100 %
2026/08/30 09:18:07.643, 14785 MiB, 78 %
2026/08/30 09:18:09.643, 14785 MiB, 100 %
2026/08/30 09:18:11.644, 14785 MiB, 100 %
2026/08/30 09:18:13.644, 14785 MiB, 92 %
2026/08/30 09:18:15.644, 14785 MiB, 100 %
2026/08/30 09:18:17.645, 14785 MiB, 73 %
2026/08/30 09:18:19.645, 14785 MiB, 100 %
2026/08/30 09:18:21.645, 14785 MiB, 100 %
2026/08/30 09:18:23.646, 14785 MiB, 66 %
2026/08/30 09:18:25.646, 14785 MiB, 100 %
2026/08/30 09:18:27.647, 14785 MiB, 100 %
2026/08/30 09:18:29.647, 14785 MiB, 100 %
2026/08/30 09:18:31.647, 14785 MiB, 100 %
2026/08/30 09:18:33.648, 14785 MiB, 90 %
2026/08/30 09:18:35.648, 14785 MiB, 100 %
2026/08/30 09:18:37.648, 14785 MiB, 82 %
2026/08/30 09:18:39.649, 14785 MiB, 100 %
2026/08/30 09:18:41.649, 14785 MiB, 100 %
2026/08/30 09:18:43.650, 14785 MiB, 65 %
2026/08/30 09:18:45.650, 14785 MiB, 100 %
2026/08/30 09:18:47.650, 14785 MiB, 100 %
2026/08/30 09:18:49.651, 14785 MiB, 98 %
2026/08/30 09:18:51.651, 14785 MiB, 100 %
2026/08/30 09:18:53.652, 14785 MiB, 77 %
2026/08/30 09:18:55.652, 14785 MiB, 100 %
2026/08/30 09:18:57.653, 14785 MiB, 100 %
2026/08/30 09:18:59.653, 14785 MiB, 69 %
2026/08/30 09:19:01.653, 14785 MiB, 100 %
2026/08/30 09:19:03.654, 14785 MiB, 100 %
2026/08/30 09:19:05.654, 14785 MiB, 64 %
2026/08/30 09:19:07.654, 14785 MiB, 100 %
2026/08/30 09:19:09.655, 14785 MiB, 100 %
2026/08/30 09:19:11.655, 14785 MiB, 91 %
2026/08/30 09:19:13.656, 14785 MiB, 100 %
2026/08/30 09:19:15.656, 14785 MiB, 72 %
2026/08/30 09:19:17.656, 14785 MiB, 100 %
2026/08/30 09:19:19.657, 14785 MiB, 100 %
2026/08/30 09:19:21.657, 14785 MiB, 79 %
2026/08/30 09:19:23.657, 14785 MiB, 100 %
2026/08/30 09:19:25.658, 14785 MiB, 97 %
2026/08/30 09:19:27.658, 14785 MiB, 100 %
2026/08/30 09:19:29.659, 14785 MiB, 100 %
2026/08/30 09:19:31.659, 14785 MiB, 75 %
2026/08/30 09:19:33.659, 14785 MiB, 100 %
2026/08/30 09:19:35.660, 14785 MiB, 100 %
2026/08/30 09:19:37.660, 14785 MiB, 65 %
2026/08/30 09:19:39.661, 14785 MiB, 100 %
2026/08/30 09:19:41.661, 14785 MiB, 100 %
2026/08/30 09:19:43.661, 14785 MiB, 66 %
2026/08/30 09:19:45.662, 14785 MiB, 100 %
2026/08/30 09:19:47.662, 14785 MiB, 87 %
2026/08/30 09:19:49.662, 14785 MiB, 100 %
2026/08/30 09:19:51.663, 14785 MiB, 100 %
2026/08/30 09:19:53.663, 14785 MiB, 73 %
2026/08/30 09:19:55.663, 14785 MiB, 100 %
2026/08/30 09:19:57.664, 14785 MiB, 76 %
2026/08/30 09:19:59.664, 14785 MiB, 100 %
2026/08/30 09:20:01.664, 14785 MiB, 100 %
2026/08/30 09:20:03.665, 14785 MiB, 64 %
2026/08/30 09:20:05.665, 14785 MiB, 100 %
2026/08/30 09:20:07.666, 14785 MiB, 96 %
2026/08/30 09:20:09.666, 14785 MiB, 98 %
2026/08/30 09:20:11.666, 14785 MiB, 100 %
2026/08/30 09:20:13.667, 14785 MiB, 68 %
2026/08/30 09:20:15.667, 14785 MiB, 100 %
2026/08/30 09:20:17.667, 14785 MiB, 100 %
2026/08/30 09:20:19.668, 14785 MiB, 64 %
2026/08/30 09:20:21.668, 14785 MiB, 100 %
2026/08/30 09:20:23.669, 14785 MiB, 100 %
2026/08/30 09:20:25.669, 14785 MiB, 67 %
2026/08/30 09:20:27.669, 14785 MiB, 100 %
2026/08/30 09:20:29.670, 14785 MiB, 89 %
2026/08/30 09:20:31.670, 14785 MiB, 100 %
2026/08/30 09:20:33.670, 14785 MiB, 100 %
2026/08/30 09:20:35.671, 14785 MiB, 61 %
2026/08/30 09:20:37.671, 14785 MiB, 100 %
2026/08/30 09:20:39.671, 14785 MiB, 100 %
2026/08/30 09:20:41.672, 14785 MiB, 73 %
2026/08/30 09:20:43.672, 14785 MiB, 100 %
2026/08/30 09:20:45.673, 14785 MiB, 85 %
2026/08/30 09:20:47.673, 14785 MiB, 100 %
2026/08/30 09:20:49.673, 14785 MiB, 100 %
2026/08/30 09:20:51.674, 14785 MiB, 68 %
2026/08/30 09:20:53.697, 14785 MiB, 100 %
2026/08/30 09:20:55.698, 14785 MiB, 100 %
2026/08/30 09:20:57.698, 14785 MiB, 92 %
2026/08/30 09:20:59.699, 14785 MiB, 100 %
2026/08/30 09:21:01.699, 14785 MiB, 72 %
2026/08/30 09:21:03.699, 14785 MiB, 100 %
2026/08/30 09:21:05.700, 14785 MiB, 100 %
2026/08/30 09:21:07.700, 14785 MiB, 65 %
2026/08/30 09:21:09.700, 14785 MiB, 100 %
2026/08/30 09:21:11.701, 14785 MiB, 100 %
2026/08/30 09:21:13.701, 14785 MiB, 64 %
2026/08/30 09:21:15.701, 14785 MiB, 100 %
2026/08/30 09:21:17.702, 14785 MiB, 100 %
2026/08/30 09:21:19.702, 14785 MiB, 62 %
2026/08/30 09:21:21.703, 14785 MiB, 100 %
2026/08/30 09:21:23.703, 14785 MiB, 100 %
2026/08/30 09:21:25.703, 14785 MiB, 65 %
2026/08/30 09:21:27.704, 14785 MiB, 100 %
2026/08/30 09:21:29.704, 14785 MiB, 100 %
2026/08/30 09:21:31.704, 14785 MiB, 81 %
2026/08/30 09:21:33.705, 14785 MiB, 100 %
2026/08/30 09:21:35.705, 14785 MiB, 100 %
2026/08/30 09:21:37.705, 14785 MiB, 73 %
2026/08/30 09:21:39.706, 14785 MiB, 100 %
2026/08/30 09:21:41.706, 14785 MiB, 100 %
2026/08/30 09:21:43.707, 14785 MiB, 80 %
2026/08/30 09:21:45.707, 14785 MiB, 100 %
2026/08/30 09:21:47.707, 14785 MiB, 100 %
2026/08/30 09:21:49.708, 14785 MiB, 82 %
2026/08/30 09:21:51.708, 14785 MiB, 100 %
2026/08/30 09:21:53.708, 14785 MiB, 100 %
2026/08/30 09:21:55.709, 14785 MiB, 80 %
2026/08/30 09:21:57.709, 14785 MiB, 100 %
2026/08/30 09:21:59.709, 14785 MiB, 99 %
2026/08/30 09:22:01.710, 14785 MiB, 88 %
2026/08/30 09:22:03.710, 14785 MiB, 100 %
2026/08/30 09:22:05.711, 14785 MiB, 95 %
2026/08/30 09:22:07.711, 14785 MiB, 63 %
2026/08/30 09:22:09.711, 14785 MiB, 100 %
2026/08/30 09:22:11.712, 14785 MiB, 100 %
2026/08/30 09:22:13.712, 14785 MiB, 88 %
2026/08/30 09:22:15.712, 14785 MiB, 100 %
2026/08/30 09:22:17.713, 14785 MiB, 91 %
2026/08/30 09:22:19.713, 14785 MiB, 100 %
2026/08/30 09:22:21.714, 14785 MiB, 100 %
2026/08/30 09:22:23.714, 14785 MiB, 64 %
2026/08/30 09:22:25.714, 14785 MiB, 100 %
2026/08/30 09:22:27.715, 14785 MiB, 100 %
2026/08/30 09:22:29.715, 14785 MiB, 64 %
2026/08/30 09:22:31.715, 14785 MiB, 100 %
2026/08/30 09:22:33.716, 14785 MiB, 100 %
2026/08/30 09:22:35.716, 14785 MiB, 75 %
2026/08/30 09:22:37.716, 14785 MiB, 100 %
2026/08/30 09:22:39.717, 14785 MiB, 100 %
2026/08/30 09:22:41.717, 14785 MiB, 86 %
2026/08/30 09:22:43.718, 14785 MiB, 100 %
2026/08/30 09:22:45.718, 14785 MiB, 62 %
2026/08/30 09:22:47.718, 14785 MiB, 100 %
2026/08/30 09:22:49.719, 14785 MiB, 100 %
2026/08/30 09:22:51.719, 14785 MiB, 65 %
2026/08/30 09:22:53.719, 14785 MiB, 100 %
2026/08/30 09:22:55.720, 14785 MiB, 100 %
2026/08/30 09:22:57.720, 14785 MiB, 67 %
2026/08/30 09:22:59.721, 14785 MiB, 100 %
2026/08/30 09:23:01.721, 14785 MiB, 100 %
2026/08/30 09:23:03.721, 14785 MiB, 66 %
2026/08/30 09:23:05.722, 14785 MiB, 100 %
2026/08/30 09:23:07.722, 14785 MiB, 62 %
2026/08/30 09:23:09.722, 14785 MiB, 100 %
2026/08/30 09:23:11.723, 14785 MiB, 100 %
2026/08/30 09:23:13.723, 14785 MiB, 73 %
2026/08/30 09:23:15.724, 14785 MiB, 100 %
2026/08/30 09:23:17.724, 14785 MiB, 84 %
2026/08/30 09:23:19.724, 14785 MiB, 100 %
2026/08/30 09:23:21.725, 14785 MiB, 100 %
2026/08/30 09:23:23.725, 14785 MiB, 67 %
2026/08/30 09:23:25.725, 14785 MiB, 100 %
2026/08/30 09:23:27.726, 14785 MiB, 100 %
2026/08/30 09:23:29.731, 14785 MiB, 61 %
2026/08/30 09:23:31.731, 14785 MiB, 100 %
2026/08/30 09:23:33.732, 14785 MiB, 100 %
2026/08/30 09:23:35.732, 14785 MiB, 66 %
2026/08/30 09:23:37.733, 14785 MiB, 100 %
2026/08/30 09:23:39.733, 14785 MiB, 100 %
2026/08/30 09:23:41.733, 14785 MiB, 69 %
2026/08/30 09:23:43.734, 14785 MiB, 100 %
2026/08/30 09:23:45.734, 14785 MiB, 100 %
2026/08/30 09:23:47.734, 14785 MiB, 90 %
2026/08/30 09:23:49.735, 14785 MiB, 100 %
2026/08/30 09:23:51.735, 14785 MiB, 90 %
2026/08/30 09:23:53.736, 14785 MiB, 100 %
2026/08/30 09:23:55.736, 14785 MiB, 100 %
2026/08/30 09:23:57.736, 14785 MiB, 77 %
2026/08/30 09:23:59.737, 14785 MiB, 100 %
2026/08/30 09:24:01.737, 14785 MiB, 100 %
2026/08/30 09:24:03.737, 14785 MiB, 58 %
2026/08/30 09:24:05.738, 14785 MiB, 100 %
2026/08/30 09:24:07.738, 14785 MiB, 100 %
2026/08/30 09:24:09.739, 14785 MiB, 67 %
2026/08/30 09:24:11.739, 14785 MiB, 100 %
2026/08/30 09:24:13.739, 14785 MiB, 100 %
2026/08/30 09:24:15.740, 14785 MiB, 87 %
2026/08/30 09:24:17.740, 14785 MiB, 100 %
2026/08/30 09:24:19.740, 14785 MiB, 84 %
2026/08/30 09:24:21.741, 14785 MiB, 100 %
2026/08/30 09:24:23.741, 14785 MiB, 100 %
2026/08/30 09:24:25.742, 14785 MiB, 65 %
2026/08/30 09:24:27.742, 14785 MiB, 100 %
2026/08/30 09:24:29.742, 14785 MiB, 100 %
2026/08/30 09:24:31.743, 14785 MiB, 76 %
2026/08/30 09:24:33.743, 14785 MiB, 100 %
2026/08/30 09:24:35.743, 14785 MiB, 98 %
2026/08/30 09:24:37.744, 14785 MiB, 78 %
2026/08/30 09:24:39.744, 14785 MiB, 100 %
2026/08/30 09:24:41.745, 14785 MiB, 73 %
2026/08/30 09:24:43.745, 14785 MiB, 100 %
2026/08/30 09:24:45.745, 14785 MiB, 100 %
2026/08/30 09:24:47.746, 14785 MiB, 60 %
2026/08/30 09:24:49.746, 14785 MiB, 100 %
2026/08/30 09:24:51.746, 14785 MiB, 100 %
2026/08/30 09:24:53.747, 14785 MiB, 60 %
2026/08/30 09:24:55.747, 14785 MiB, 100 %
2026/08/30 09:24:57.747, 14785 MiB, 100 %
2026/08/30 09:24:59.748, 14785 MiB, 65 %
2026/08/30 09:25:01.748, 14785 MiB, 100 %
2026/08/30 09:25:03.748, 14785 MiB, 100 %
2026/08/30 09:25:05.749, 14785 MiB, 66 %
2026/08/30 09:25:07.749, 14785 MiB, 100 %
2026/08/30 09:25:09.750, 14785 MiB, 100 %
2026/08/30 09:25:11.750, 14785 MiB, 88 %
2026/08/30 09:25:13.750, 14785 MiB, 100 %
2026/08/30 09:25:15.751, 14785 MiB, 72 %
2026/08/30 09:25:17.751, 14785 MiB, 100 %
2026/08/30 09:25:19.751, 14785 MiB, 100 %
2026/08/30 09:25:21.752, 14785 MiB, 61 %
2026/08/30 09:25:23.752, 14785 MiB, 100 %
2026/08/30 09:25:25.752, 14785 MiB, 100 %
2026/08/30 09:25:27.753, 14785 MiB, 66 %
2026/08/30 09:25:29.753, 14785 MiB, 100 %
2026/08/30 09:25:31.754, 14785 MiB, 99 %
2026/08/30 09:25:33.754, 14785 MiB, 99 %
2026/08/30 09:25:35.754, 14785 MiB, 100 %
2026/08/30 09:25:37.755, 14785 MiB, 65 %
2026/08/30 09:25:39.755, 14785 MiB, 100 %
2026/08/30 09:25:41.755, 14785 MiB, 100 %
2026/08/30 09:25:43.756, 14785 MiB, 67 %
2026/08/30 09:25:45.756, 14785 MiB, 100 %
2026/08/30 09:25:47.756, 14785 MiB, 100 %
2026/08/30 09:25:49.757, 14785 MiB, 77 %
2026/08/30 09:25:51.757, 14785 MiB, 100 %
2026/08/30 09:25:53.758, 14785 MiB, 90 %
2026/08/30 09:25:55.758, 14785 MiB, 93 %
2026/08/30 09:25:57.758, 14785 MiB, 100 %
2026/08/30 09:25:59.759, 14785 MiB, 68 %
2026/08/30 09:26:01.759, 14785 MiB, 100 %
2026/08/30 09:26:03.759, 14785 MiB, 100 %
2026/08/30 09:26:05.760, 14785 MiB, 65 %
2026/08/30 09:26:07.760, 14785 MiB, 100 %
2026/08/30 09:26:09.760, 14785 MiB, 100 %
2026/08/30 09:26:11.761, 14785 MiB, 65 %
2026/08/30 09:26:13.761, 14785 MiB, 100 %
2026/08/30 09:26:15.762, 14785 MiB, 92 %
2026/08/30 09:26:17.762, 14785 MiB, 100 %
2026/08/30 09:26:19.762, 14785 MiB, 100 %
2026/08/30 09:26:21.763, 14785 MiB, 62 %
2026/08/30 09:26:23.763, 14785 MiB, 100 %
2026/08/30 09:26:25.763, 14785 MiB, 100 %
2026/08/30 09:26:27.764, 14785 MiB, 70 %
2026/08/30 09:26:29.764, 14785 MiB, 100 %
2026/08/30 09:26:31.765, 14785 MiB, 92 %
2026/08/30 09:26:33.765, 14785 MiB, 100 %
2026/08/30 09:26:35.765, 14785 MiB, 100 %
2026/08/30 09:26:37.766, 14785 MiB, 66 %
2026/08/30 09:26:39.766, 14785 MiB, 100 %
2026/08/30 09:26:41.767, 14785 MiB, 100 %
2026/08/30 09:26:43.767, 14785 MiB, 66 %
2026/08/30 09:26:45.767, 14785 MiB, 100 %
2026/08/30 09:26:47.768, 14785 MiB, 100 %
2026/08/30 09:26:49.768, 14785 MiB, 79 %
2026/08/30 09:26:51.768, 14785 MiB, 100 %
2026/08/30 09:26:53.769, 14785 MiB, 71 %
2026/08/30 09:26:55.769, 14785 MiB, 100 %
2026/08/30 09:26:57.769, 14785 MiB, 100 %
2026/08/30 09:26:59.770, 14785 MiB, 64 %
2026/08/30 09:27:01.770, 14785 MiB, 100 %
2026/08/30 09:27:03.771, 14785 MiB, 100 %
2026/08/30 09:27:05.771, 14785 MiB, 81 %
2026/08/30 09:27:07.771, 14785 MiB, 100 %
2026/08/30 09:27:09.772, 14785 MiB, 75 %
2026/08/30 09:27:11.772, 14785 MiB, 100 %
2026/08/30 09:27:13.772, 14785 MiB, 100 %
2026/08/30 09:27:15.773, 14785 MiB, 65 %
2026/08/30 09:27:17.773, 14785 MiB, 100 %
2026/08/30 09:27:19.773, 14785 MiB, 100 %
2026/08/30 09:27:21.774, 14785 MiB, 92 %
2026/08/30 09:27:23.774, 14785 MiB, 100 %
2026/08/30 09:27:25.775, 14785 MiB, 76 %
2026/08/30 09:27:27.775, 14785 MiB, 100 %
2026/08/30 09:27:29.776, 14785 MiB, 100 %
2026/08/30 09:27:31.776, 14785 MiB, 67 %
2026/08/30 09:27:33.776, 14785 MiB, 100 %
2026/08/30 09:27:35.777, 14785 MiB, 100 %
2026/08/30 09:27:37.777, 14785 MiB, 68 %
2026/08/30 09:27:39.777, 14785 MiB, 100 %
2026/08/30 09:27:41.778, 14785 MiB, 100 %
2026/08/30 09:27:43.778, 14785 MiB, 100 %
2026/08/30 09:27:45.778, 14785 MiB, 98 %
2026/08/30 09:27:47.779, 14785 MiB, 93 %
2026/08/30 09:27:49.779, 14785 MiB, 100 %
2026/08/30 09:27:51.780, 14785 MiB, 75 %
2026/08/30 09:27:53.780, 14785 MiB, 100 %
2026/08/30 09:27:55.780, 14785 MiB, 100 %
2026/08/30 09:27:57.781, 14785 MiB, 67 %
2026/08/30 09:27:59.781, 14785 MiB, 100 %
2026/08/30 09:28:01.781, 14785 MiB, 100 %
2026/08/30 09:28:03.782, 14785 MiB, 85 %
2026/08/30 09:28:05.782, 14785 MiB, 100 %
2026/08/30 09:28:07.783, 14785 MiB, 86 %
2026/08/30 09:28:09.783, 14785 MiB, 100 %
2026/08/30 09:28:11.783, 14785 MiB, 100 %
2026/08/30 09:28:13.784, 14785 MiB, 71 %
2026/08/30 09:28:15.784, 14785 MiB, 100 %
2026/08/30 09:28:17.784, 14785 MiB, 100 %
2026/08/30 09:28:19.785, 14785 MiB, 67 %
2026/08/30 09:28:21.785, 14785 MiB, 100 %
2026/08/30 09:28:23.785, 14785 MiB, 100 %
2026/08/30 09:28:25.786, 14785 MiB, 82 %
2026/08/30 09:28:27.786, 14785 MiB, 100 %
2026/08/30 09:28:29.787, 14785 MiB, 77 %
2026/08/30 09:28:31.787, 14785 MiB, 100 %
2026/08/30 09:28:33.787, 14785 MiB, 100 %
2026/08/30 09:28:35.788, 14785 MiB, 68 %
2026/08/30 09:28:37.788, 14785 MiB, 100 %
2026/08/30 09:28:39.788, 14785 MiB, 100 %
2026/08/30 09:28:41.789, 14785 MiB, 76 %
2026/08/30 09:28:43.789, 14785 MiB, 100 %
2026/08/30 09:28:45.790, 14785 MiB, 100 %
2026/08/30 09:28:47.790, 14785 MiB, 67 %
2026/08/30 09:28:49.790, 14785 MiB, 100 %
2026/08/30 09:28:51.791, 14785 MiB, 100 %
2026/08/30 09:28:53.791, 14785 MiB, 66 %
2026/08/30 09:28:55.791, 14785 MiB, 100 %
2026/08/30 09:28:57.792, 14785 MiB, 100 %
2026/08/30 09:28:59.792, 14785 MiB, 66 %
2026/08/30 09:29:01.792, 14785 MiB, 100 %
2026/08/30 09:29:03.793, 14785 MiB, 100 %
2026/08/30 09:29:05.793, 14785 MiB, 80 %
2026/08/30 09:29:07.794, 14785 MiB, 100 %
2026/08/30 09:29:09.794, 14785 MiB, 83 %
2026/08/30 09:29:11.794, 14785 MiB, 100 %
2026/08/30 09:29:13.795, 14785 MiB, 100 %
2026/08/30 09:29:15.795, 14785 MiB, 65 %
2026/08/30 09:29:17.795, 14785 MiB, 100 %
2026/08/30 09:29:19.796, 14785 MiB, 100 %
2026/08/30 09:29:21.796, 14785 MiB, 69 %
2026/08/30 09:29:23.797, 14785 MiB, 100 %
2026/08/30 09:29:25.797, 14785 MiB, 89 %
2026/08/30 09:29:27.797, 14785 MiB, 100 %
2026/08/30 09:29:29.798, 14785 MiB, 100 %
2026/08/30 09:29:31.798, 14785 MiB, 71 %
2026/08/30 09:29:33.799, 14785 MiB, 100 %
2026/08/30 09:29:35.799, 14785 MiB, 100 %
2026/08/30 09:29:37.799, 14785 MiB, 67 %
2026/08/30 09:29:39.800, 14785 MiB, 100 %
2026/08/30 09:29:41.800, 14785 MiB, 100 %
2026/08/30 09:29:43.800, 14785 MiB, 55 %
2026/08/30 09:29:45.801, 14785 MiB, 100 %
2026/08/30 09:29:47.801, 14785 MiB, 100 %
2026/08/30 09:29:49.802, 14785 MiB, 65 %
2026/08/30 09:29:51.802, 14785 MiB, 100 %
2026/08/30 09:29:53.802, 14785 MiB, 100 %
2026/08/30 09:29:55.803, 14785 MiB, 80 %
2026/08/30 09:29:57.803, 14785 MiB, 100 %
2026/08/30 09:29:59.803, 14785 MiB, 98 %
2026/08/30 09:30:01.804, 14785 MiB, 84 %
2026/08/30 09:30:03.804, 14785 MiB, 100 %
2026/08/30 09:30:05.804, 14785 MiB, 70 %
2026/08/30 09:30:07.805, 14785 MiB, 100 %
2026/08/30 09:30:09.805, 14785 MiB, 100 %
2026/08/30 09:30:11.806, 14785 MiB, 66 %
2026/08/30 09:30:13.806, 14785 MiB, 100 %
2026/08/30 09:30:15.806, 14785 MiB, 100 %
2026/08/30 09:30:17.807, 14785 MiB, 84 %
2026/08/30 09:30:19.807, 14785 MiB, 100 %
2026/08/30 09:30:21.807, 14785 MiB, 69 %
2026/08/30 09:30:23.808, 14785 MiB, 100 %
2026/08/30 09:30:25.808, 14785 MiB, 100 %
2026/08/30 09:30:27.809, 14785 MiB, 72 %
2026/08/30 09:30:29.809, 14785 MiB, 100 %
2026/08/30 09:30:31.809, 14785 MiB, 85 %
2026/08/30 09:30:33.810, 14785 MiB, 91 %
2026/08/30 09:30:35.810, 14785 MiB, 100 %
2026/08/30 09:30:37.810, 14785 MiB, 71 %
2026/08/30 09:30:39.811, 14785 MiB, 100 %
2026/08/30 09:30:41.811, 14785 MiB, 100 %
2026/08/30 09:30:43.811, 14785 MiB, 70 %
2026/08/30 09:30:45.812, 14785 MiB, 100 %
2026/08/30 09:30:47.812, 14785 MiB, 100 %
2026/08/30 09:30:49.813, 14785 MiB, 81 %
2026/08/30 09:30:51.813, 14785 MiB, 100 %
2026/08/30 09:30:53.813, 14785 MiB, 86 %
2026/08/30 09:30:55.814, 14785 MiB, 100 %
2026/08/30 09:30:57.814, 14785 MiB, 100 %
2026/08/30 09:30:59.815, 14785 MiB, 65 %
2026/08/30 09:31:01.815, 14785 MiB, 100 %
2026/08/30 09:31:03.815, 14785 MiB, 100 %
2026/08/30 09:31:05.816, 14785 MiB, 67 %
2026/08/30 09:31:07.816, 14785 MiB, 100 %
2026/08/30 09:31:09.816, 14785 MiB, 94 %
2026/08/30 09:31:11.817, 14785 MiB, 95 %
2026/08/30 09:31:13.817, 14785 MiB, 100 %
2026/08/30 09:31:15.817, 14785 MiB, 68 %
2026/08/30 09:31:17.818, 14785 MiB, 100 %
2026/08/30 09:31:19.818, 14785 MiB, 100 %
2026/08/30 09:31:21.818, 14785 MiB, 66 %
2026/08/30 09:31:23.819, 14785 MiB, 100 %
2026/08/30 09:31:25.819, 14785 MiB, 100 %
2026/08/30 09:31:27.819, 14785 MiB, 75 %
2026/08/30 09:31:29.820, 14785 MiB, 100 %
2026/08/30 09:31:31.820, 14785 MiB, 79 %
2026/08/30 09:31:33.821, 14785 MiB, 100 %
2026/08/30 09:31:35.821, 14785 MiB, 100 %
2026/08/30 09:31:37.821, 14785 MiB, 68 %
2026/08/30 09:31:39.822, 14785 MiB, 100 %
2026/08/30 09:31:41.822, 14785 MiB, 100 %
2026/08/30 09:31:43.822, 14785 MiB, 100 %
2026/08/30 09:31:45.823, 14785 MiB, 100 %
2026/08/30 09:31:47.823, 14785 MiB, 68 %
2026/08/30 09:31:49.824, 14785 MiB, 100 %
2026/08/30 09:31:51.824, 14785 MiB, 100 %
2026/08/30 09:31:53.824, 14785 MiB, 99 %
2026/08/30 09:31:55.825, 14785 MiB, 100 %
2026/08/30 09:31:57.825, 14785 MiB, 68 %
2026/08/30 09:31:59.825, 14785 MiB, 100 %
2026/08/30 09:32:01.826, 14785 MiB, 100 %
2026/08/30 09:32:03.826, 14785 MiB, 93 %
2026/08/30 09:32:05.827, 14785 MiB, 100 %
2026/08/30 09:32:07.827, 14785 MiB, 62 %
2026/08/30 09:32:09.827, 14785 MiB, 100 %
2026/08/30 09:32:11.828, 14785 MiB, 100 %
2026/08/30 09:32:13.828, 14785 MiB, 67 %
2026/08/30 09:32:15.828, 14785 MiB, 100 %
2026/08/30 09:32:17.829, 14785 MiB, 97 %
2026/08/30 09:32:19.829, 14785 MiB, 100 %
2026/08/30 09:32:21.829, 14785 MiB, 100 %
2026/08/30 09:32:23.830, 14785 MiB, 78 %
2026/08/30 09:32:25.830, 14785 MiB, 100 %
2026/08/30 09:32:27.831, 14785 MiB, 100 %
2026/08/30 09:32:29.831, 14785 MiB, 90 %
2026/08/30 09:32:31.831, 14785 MiB, 100 %
2026/08/30 09:32:33.832, 14785 MiB, 79 %
2026/08/30 09:32:35.832, 14785 MiB, 99 %
2026/08/30 09:32:37.833, 14785 MiB, 100 %
2026/08/30 09:32:39.833, 14785 MiB, 67 %
2026/08/30 09:32:41.833, 14785 MiB, 100 %
2026/08/30 09:32:43.834, 14785 MiB, 100 %
2026/08/30 09:32:45.834, 14785 MiB, 59 %
2026/08/30 09:32:47.835, 14785 MiB, 100 %
2026/08/30 09:32:49.835, 14785 MiB, 100 %
2026/08/30 09:32:51.835, 14785 MiB, 80 %
2026/08/30 09:32:53.836, 14785 MiB, 100 %
2026/08/30 09:32:55.836, 14785 MiB, 90 %
2026/08/30 09:32:57.836, 14785 MiB, 100 %
2026/08/30 09:32:59.837, 14785 MiB, 100 %
2026/08/30 09:33:01.837, 14785 MiB, 56 %
2026/08/30 09:33:03.838, 14785 MiB, 100 %
2026/08/30 09:33:05.838, 14785 MiB, 100 %
2026/08/30 09:33:07.838, 14785 MiB, 67 %
2026/08/30 09:33:09.839, 14785 MiB, 100 %
2026/08/30 09:33:11.839, 14785 MiB, 89 %
2026/08/30 09:33:13.839, 14785 MiB, 86 %
2026/08/30 09:33:15.840, 14785 MiB, 100 %
2026/08/30 09:33:17.840, 14785 MiB, 90 %
2026/08/30 09:33:19.840, 14785 MiB, 100 %
2026/08/30 09:33:21.841, 14785 MiB, 100 %
2026/08/30 09:33:23.841, 14785 MiB, 91 %
2026/08/30 09:33:25.841, 14785 MiB, 81 %
2026/08/30 09:33:27.842, 14785 MiB, 100 %
2026/08/30 09:33:29.842, 14785 MiB, 80 %
2026/08/30 09:33:31.842, 14785 MiB, 100 %
2026/08/30 09:33:33.843, 14785 MiB, 100 %
2026/08/30 09:33:35.843, 14785 MiB, 86 %
2026/08/30 09:33:37.843, 14785 MiB, 100 %
2026/08/30 09:33:39.844, 14785 MiB, 100 %
2026/08/30 09:33:41.844, 14785 MiB, 54 %
2026/08/30 09:33:43.845, 14785 MiB, 100 %
2026/08/30 09:33:45.845, 14785 MiB, 100 %
2026/08/30 09:33:47.846, 14785 MiB, 65 %
2026/08/30 09:33:49.846, 14785 MiB, 100 %
2026/08/30 09:33:51.846, 14785 MiB, 100 %
2026/08/30 09:33:53.847, 14785 MiB, 99 %
2026/08/30 09:33:55.847, 14785 MiB, 100 %
2026/08/30 09:33:57.847, 14785 MiB, 69 %
2026/08/30 09:33:59.848, 14785 MiB, 100 %
2026/08/30 09:34:01.848, 14785 MiB, 100 %
2026/08/30 09:34:03.848, 14785 MiB, 66 %
2026/08/30 09:34:05.849, 14785 MiB, 100 %
2026/08/30 09:34:07.849, 14785 MiB, 98 %
2026/08/30 09:34:09.849, 14785 MiB, 81 %
2026/08/30 09:34:11.850, 14785 MiB, 100 %
2026/08/30 09:34:13.850, 14785 MiB, 87 %
2026/08/30 09:34:15.851, 14785 MiB, 100 %
2026/08/30 09:34:17.851, 14785 MiB, 100 %
2026/08/30 09:34:19.851, 14785 MiB, 67 %
2026/08/30 09:34:21.852, 14785 MiB, 100 %
2026/08/30 09:34:23.852, 14785 MiB, 100 %
2026/08/30 09:34:25.852, 14785 MiB, 84 %
2026/08/30 09:34:27.853, 14785 MiB, 100 %
2026/08/30 09:34:29.853, 14785 MiB, 94 %
2026/08/30 09:34:31.854, 14785 MiB, 100 %
2026/08/30 09:34:33.854, 14785 MiB, 100 %
2026/08/30 09:34:35.854, 14785 MiB, 66 %
2026/08/30 09:34:37.855, 14785 MiB, 100 %
2026/08/30 09:34:39.855, 14785 MiB, 100 %
2026/08/30 09:34:41.855, 14785 MiB, 71 %
2026/08/30 09:34:43.856, 14785 MiB, 100 %
2026/08/30 09:34:45.856, 14785 MiB, 96 %
2026/08/30 09:34:47.856, 14785 MiB, 100 %
2026/08/30 09:34:49.857, 14785 MiB, 100 %
2026/08/30 09:34:51.857, 14785 MiB, 65 %
2026/08/30 09:34:53.857, 14785 MiB, 100 %
2026/08/30 09:34:55.858, 14785 MiB, 100 %
2026/08/30 09:34:57.858, 14785 MiB, 60 %
2026/08/30 09:34:59.858, 14785 MiB, 100 %
2026/08/30 09:35:01.859, 14785 MiB, 100 %
2026/08/30 09:35:03.859, 14785 MiB, 61 %
2026/08/30 09:35:05.860, 14785 MiB, 100 %
2026/08/30 09:35:07.860, 14785 MiB, 100 %
2026/08/30 09:35:09.860, 14785 MiB, 65 %
2026/08/30 09:35:11.861, 14785 MiB, 100 %
2026/08/30 09:35:13.861, 14785 MiB, 100 %
2026/08/30 09:35:15.861, 14785 MiB, 81 %
2026/08/30 09:35:17.862, 14785 MiB, 100 %
2026/08/30 09:35:19.862, 14785 MiB, 96 %
2026/08/30 09:35:21.862, 14785 MiB, 90 %
2026/08/30 09:35:23.863, 14785 MiB, 100 %
2026/08/30 09:35:25.863, 14785 MiB, 70 %
2026/08/30 09:35:27.864, 14785 MiB, 100 %
2026/08/30 09:35:29.864, 14785 MiB, 100 %
2026/08/30 09:35:31.864, 14785 MiB, 62 %
2026/08/30 09:35:33.865, 14785 MiB, 100 %
2026/08/30 09:35:35.865, 14785 MiB, 98 %
2026/08/30 09:35:37.865, 14785 MiB, 100 %
2026/08/30 09:35:39.866, 14785 MiB, 100 %
2026/08/30 09:35:41.866, 14785 MiB, 68 %
2026/08/30 09:35:43.867, 14785 MiB, 100 %
2026/08/30 09:35:45.867, 14785 MiB, 100 %
2026/08/30 09:35:47.868, 14785 MiB, 96 %
2026/08/30 09:35:49.868, 14785 MiB, 100 %
2026/08/30 09:35:51.868, 14785 MiB, 75 %
2026/08/30 09:35:53.869, 14785 MiB, 100 %
2026/08/30 09:35:55.869, 14785 MiB, 100 %
2026/08/30 09:35:57.870, 14785 MiB, 67 %
2026/08/30 09:35:59.870, 14785 MiB, 100 %
2026/08/30 09:36:01.870, 14785 MiB, 100 %
2026/08/30 09:36:03.871, 14785 MiB, 70 %
2026/08/30 09:36:05.871, 14785 MiB, 100 %
2026/08/30 09:36:07.872, 14785 MiB, 92 %
2026/08/30 09:36:09.872, 14785 MiB, 100 %
2026/08/30 09:36:11.872, 14785 MiB, 100 %
2026/08/30 09:36:13.873, 14785 MiB, 78 %
2026/08/30 09:36:15.873, 14785 MiB, 100 %
2026/08/30 09:36:17.873, 14785 MiB, 100 %
2026/08/30 09:36:19.874, 14785 MiB, 66 %
2026/08/30 09:36:21.874, 14785 MiB, 100 %
2026/08/30 09:36:23.875, 14785 MiB, 100 %
2026/08/30 09:36:25.875, 14785 MiB, 77 %
2026/08/30 09:36:27.875, 14785 MiB, 100 %
2026/08/30 09:36:29.876, 14785 MiB, 81 %
2026/08/30 09:36:31.876, 14785 MiB, 100 %
2026/08/30 09:36:33.877, 14785 MiB, 100 %
2026/08/30 09:36:35.877, 14785 MiB, 67 %
2026/08/30 09:36:37.877, 14785 MiB, 100 %
2026/08/30 09:36:39.878, 14785 MiB, 100 %
2026/08/30 09:36:41.878, 14785 MiB, 80 %
2026/08/30 09:36:43.878, 14785 MiB, 100 %
2026/08/30 09:36:45.879, 14785 MiB, 81 %
2026/08/30 09:36:47.879, 14785 MiB, 100 %
2026/08/30 09:36:49.879, 14785 MiB, 100 %
2026/08/30 09:36:51.880, 14785 MiB, 57 %
2026/08/30 09:36:53.880, 14785 MiB, 100 %
2026/08/30 09:36:55.881, 14785 MiB, 64 %
2026/08/30 09:36:57.881, 14785 MiB, 100 %
2026/08/30 09:36:59.881, 14785 MiB, 93 %
2026/08/30 09:37:01.882, 14785 MiB, 98 %
2026/08/30 09:37:03.882, 14785 MiB, 100 %
2026/08/30 09:37:05.883, 14785 MiB, 66 %
2026/08/30 09:37:07.883, 14785 MiB, 100 %
2026/08/30 09:37:09.883, 14785 MiB, 100 %
2026/08/30 09:37:11.884, 14785 MiB, 75 %
2026/08/30 09:37:13.884, 14785 MiB, 100 %
2026/08/30 09:37:15.885, 14785 MiB, 89 %
2026/08/30 09:37:17.885, 14785 MiB, 92 %
2026/08/30 09:37:19.885, 14785 MiB, 100 %
2026/08/30 09:37:21.886, 14785 MiB, 65 %
2026/08/30 09:37:23.886, 14785 MiB, 100 %
2026/08/30 09:37:25.887, 14785 MiB, 100 %
2026/08/30 09:37:27.887, 14785 MiB, 67 %
2026/08/30 09:37:29.887, 14785 MiB, 100 %
2026/08/30 09:37:31.888, 14785 MiB, 100 %
2026/08/30 09:37:33.888, 14785 MiB, 73 %
2026/08/30 09:37:35.889, 14785 MiB, 100 %
2026/08/30 09:37:37.889, 14785 MiB, 76 %
2026/08/30 09:37:39.889, 14785 MiB, 100 %
2026/08/30 09:37:41.890, 14785 MiB, 100 %
2026/08/30 09:37:43.890, 14785 MiB, 71 %
2026/08/30 09:37:45.891, 14785 MiB, 100 %
2026/08/30 09:37:47.891, 14785 MiB, 93 %
2026/08/30 09:37:49.891, 14785 MiB, 93 %
2026/08/30 09:37:51.892, 14785 MiB, 100 %
2026/08/30 09:37:53.892, 14785 MiB, 85 %
2026/08/30 09:37:55.893, 14785 MiB, 98 %
2026/08/30 09:37:57.893, 14785 MiB, 100 %
2026/08/30 09:37:59.894, 14785 MiB, 65 %
2026/08/30 09:38:01.894, 14785 MiB, 100 %
2026/08/30 09:38:03.895, 14785 MiB, 100 %
2026/08/30 09:38:05.895, 14785 MiB, 81 %
2026/08/30 09:38:07.895, 14785 MiB, 100 %
2026/08/30 09:38:09.896, 14785 MiB, 85 %
2026/08/30 09:38:11.896, 14785 MiB, 100 %
2026/08/30 09:38:13.897, 14785 MiB, 100 %
2026/08/30 09:38:15.897, 14785 MiB, 61 %
2026/08/30 09:38:17.897, 14785 MiB, 100 %
2026/08/30 09:38:19.898, 14785 MiB, 100 %
2026/08/30 09:38:21.898, 14785 MiB, 87 %
2026/08/30 09:38:23.899, 14785 MiB, 100 %
2026/08/30 09:38:25.899, 14785 MiB, 71 %
2026/08/30 09:38:27.900, 14785 MiB, 100 %
2026/08/30 09:38:29.900, 14785 MiB, 100 %
2026/08/30 09:38:31.900, 14785 MiB, 64 %
2026/08/30 09:38:33.901, 14785 MiB, 100 %
2026/08/30 09:38:35.901, 14785 MiB, 100 %
2026/08/30 09:38:37.902, 14785 MiB, 100 %
2026/08/30 09:38:39.902, 14785 MiB, 100 %
2026/08/30 09:38:41.902, 14785 MiB, 67 %
2026/08/30 09:38:43.903, 14785 MiB, 100 %
2026/08/30 09:38:45.903, 14785 MiB, 100 %
2026/08/30 09:38:47.904, 14785 MiB, 77 %
2026/08/30 09:38:49.904, 14785 MiB, 100 %
2026/08/30 09:38:51.904, 14785 MiB, 82 %
2026/08/30 09:38:53.905, 14785 MiB, 100 %
2026/08/30 09:38:55.905, 14785 MiB, 100 %
2026/08/30 09:38:57.906, 14785 MiB, 67 %
2026/08/30 09:38:59.906, 14785 MiB, 100 %
2026/08/30 09:39:01.906, 14785 MiB, 100 %
2026/08/30 09:39:03.907, 14785 MiB, 65 %
2026/08/30 09:39:05.907, 14785 MiB, 100 %
2026/08/30 09:39:07.908, 14785 MiB, 89 %
2026/08/30 09:39:09.908, 14785 MiB, 100 %
2026/08/30 09:39:11.908, 14785 MiB, 100 %
2026/08/30 09:39:13.909, 14785 MiB, 57 %
2026/08/30 09:39:15.909, 14785 MiB, 100 %
2026/08/30 09:39:17.910, 14785 MiB, 100 %
2026/08/30 09:39:19.910, 14785 MiB, 54 %
2026/08/30 09:39:21.910, 14785 MiB, 100 %
2026/08/30 09:39:23.911, 14785 MiB, 81 %
2026/08/30 09:39:25.911, 14785 MiB, 100 %
2026/08/30 09:39:27.911, 14785 MiB, 100 %
2026/08/30 09:39:29.912, 14785 MiB, 65 %
2026/08/30 09:39:31.912, 14785 MiB, 100 %
2026/08/30 09:39:33.913, 14785 MiB, 100 %
2026/08/30 09:39:35.913, 14785 MiB, 84 %
2026/08/30 09:39:37.914, 14785 MiB, 100 %
2026/08/30 09:39:39.914, 14785 MiB, 78 %
2026/08/30 09:39:41.914, 14785 MiB, 100 %
2026/08/30 09:39:43.915, 14785 MiB, 100 %
2026/08/30 09:39:45.916, 14785 MiB, 64 %
2026/08/30 09:39:47.916, 14785 MiB, 100 %
2026/08/30 09:39:49.916, 14785 MiB, 98 %
2026/08/30 09:39:51.917, 14785 MiB, 95 %
2026/08/30 09:39:53.917, 14785 MiB, 100 %
2026/08/30 09:39:55.918, 14785 MiB, 68 %
2026/08/30 09:39:57.918, 14785 MiB, 100 %
2026/08/30 09:39:59.919, 14785 MiB, 100 %
2026/08/30 09:40:01.919, 14785 MiB, 85 %
2026/08/30 09:40:03.919, 14785 MiB, 100 %
2026/08/30 09:40:05.920, 14785 MiB, 64 %
2026/08/30 09:40:07.920, 14785 MiB, 100 %
2026/08/30 09:40:09.921, 14785 MiB, 100 %
2026/08/30 09:40:11.921, 14785 MiB, 84 %
2026/08/30 09:40:13.921, 14785 MiB, 100 %
2026/08/30 09:40:15.922, 14785 MiB, 88 %
2026/08/30 09:40:17.922, 14785 MiB, 100 %
2026/08/30 09:40:19.922, 14785 MiB, 100 %
2026/08/30 09:40:21.923, 14785 MiB, 67 %
2026/08/30 09:40:23.923, 14785 MiB, 100 %
2026/08/30 09:40:25.924, 14785 MiB, 100 %
2026/08/30 09:40:27.924, 14785 MiB, 79 %
2026/08/30 09:40:29.924, 14785 MiB, 100 %
2026/08/30 09:40:31.925, 14785 MiB, 76 %
2026/08/30 09:40:33.925, 14785 MiB, 100 %
2026/08/30 09:40:35.926, 14785 MiB, 100 %
2026/08/30 09:40:37.926, 14785 MiB, 69 %
2026/08/30 09:40:39.926, 14785 MiB, 100 %
2026/08/30 09:40:41.927, 14785 MiB, 73 %
2026/08/30 09:40:43.927, 14785 MiB, 100 %
2026/08/30 09:40:45.928, 14785 MiB, 100 %
2026/08/30 09:40:47.928, 14785 MiB, 79 %
2026/08/30 09:40:49.928, 14785 MiB, 100 %
2026/08/30 09:40:51.929, 14785 MiB, 82 %
2026/08/30 09:40:53.929, 14785 MiB, 92 %
2026/08/30 09:40:55.930, 14785 MiB, 100 %
2026/08/30 09:40:57.930, 14785 MiB, 69 %
2026/08/30 09:40:59.930, 14785 MiB, 100 %
2026/08/30 09:41:01.931, 14785 MiB, 97 %
2026/08/30 09:41:03.931, 14785 MiB, 98 %
2026/08/30 09:41:05.932, 14785 MiB, 100 %
2026/08/30 09:41:07.932, 14785 MiB, 81 %
2026/08/30 09:41:09.932, 14785 MiB, 99 %
2026/08/30 09:41:11.933, 14785 MiB, 100 %
2026/08/30 09:41:13.933, 14785 MiB, 67 %
2026/08/30 09:41:15.934, 14785 MiB, 100 %
2026/08/30 09:41:17.934, 14785 MiB, 100 %
2026/08/30 09:41:19.934, 14785 MiB, 68 %
2026/08/30 09:41:21.935, 14785 MiB, 100 %
2026/08/30 09:41:23.935, 14785 MiB, 91 %
2026/08/30 09:41:25.936, 14785 MiB, 100 %
2026/08/30 09:41:27.936, 14785 MiB, 100 %
2026/08/30 09:41:29.936, 14785 MiB, 67 %
2026/08/30 09:41:31.937, 14785 MiB, 100 %
2026/08/30 09:41:33.937, 14785 MiB, 79 %
2026/08/30 09:41:35.938, 14785 MiB, 100 %
2026/08/30 09:41:37.938, 14785 MiB, 68 %
2026/08/30 09:41:39.938, 14785 MiB, 100 %
2026/08/30 09:41:41.939, 14785 MiB, 100 %
2026/08/30 09:41:43.939, 14785 MiB, 83 %
2026/08/30 09:41:45.940, 14785 MiB, 100 %
2026/08/30 09:41:47.940, 14785 MiB, 70 %
2026/08/30 09:41:49.940, 14785 MiB, 100 %
2026/08/30 09:41:51.941, 14785 MiB, 100 %
2026/08/30 09:41:53.941, 14785 MiB, 54 %
2026/08/30 09:41:55.941, 14785 MiB, 100 %
2026/08/30 09:41:57.942, 14785 MiB, 100 %
2026/08/30 09:41:59.942, 14785 MiB, 65 %
2026/08/30 09:42:01.942, 14785 MiB, 100 %
2026/08/30 09:42:03.943, 14785 MiB, 99 %
2026/08/30 09:42:05.943, 14785 MiB, 100 %
2026/08/30 09:42:07.944, 14785 MiB, 100 %
2026/08/30 09:42:09.944, 14785 MiB, 66 %
2026/08/30 09:42:11.944, 14785 MiB, 100 %
2026/08/30 09:42:13.945, 14785 MiB, 100 %
2026/08/30 09:42:15.945, 14785 MiB, 89 %
2026/08/30 09:42:17.945, 14785 MiB, 100 %
2026/08/30 09:42:19.946, 14785 MiB, 65 %
2026/08/30 09:42:21.946, 14785 MiB, 100 %
2026/08/30 09:42:23.947, 14785 MiB, 100 %
2026/08/30 09:42:25.947, 14785 MiB, 57 %
2026/08/30 09:42:27.947, 14785 MiB, 100 %
2026/08/30 09:42:29.948, 14785 MiB, 100 %
2026/08/30 09:42:31.948, 14785 MiB, 79 %
2026/08/30 09:42:33.949, 14785 MiB, 100 %
2026/08/30 09:42:35.949, 14785 MiB, 67 %
2026/08/30 09:42:37.949, 14785 MiB, 100 %
2026/08/30 09:42:39.950, 14785 MiB, 100 %
2026/08/30 09:42:41.950, 14785 MiB, 71 %
2026/08/30 09:42:43.951, 14785 MiB, 100 %
2026/08/30 09:42:45.951, 14785 MiB, 90 %
2026/08/30 09:42:47.951, 14785 MiB, 100 %
2026/08/30 09:42:49.952, 14785 MiB, 100 %
2026/08/30 09:42:51.952, 14785 MiB, 66 %
2026/08/30 09:42:53.953, 14785 MiB, 100 %
2026/08/30 09:42:55.953, 14785 MiB, 100 %
2026/08/30 09:42:57.953, 14785 MiB, 70 %
2026/08/30 09:42:59.954, 14785 MiB, 100 %
2026/08/30 09:43:01.954, 14785 MiB, 89 %
2026/08/30 09:43:03.955, 14785 MiB, 100 %
2026/08/30 09:43:05.955, 14785 MiB, 100 %
2026/08/30 09:43:07.955, 14785 MiB, 67 %
2026/08/30 09:43:09.956, 14785 MiB, 100 %
2026/08/30 09:43:11.956, 14785 MiB, 100 %
2026/08/30 09:43:13.957, 14785 MiB, 86 %
2026/08/30 09:43:15.957, 14785 MiB, 100 %
2026/08/30 09:43:17.958, 14785 MiB, 76 %
2026/08/30 09:43:19.958, 14785 MiB, 100 %
2026/08/30 09:43:21.958, 14785 MiB, 100 %
2026/08/30 09:43:23.959, 14785 MiB, 66 %
2026/08/30 09:43:25.959, 14785 MiB, 100 %
2026/08/30 09:43:27.960, 14785 MiB, 100 %
2026/08/30 09:43:29.960, 14785 MiB, 73 %
2026/08/30 09:43:31.960, 14785 MiB, 100 %
2026/08/30 09:43:33.961, 14785 MiB, 67 %
2026/08/30 09:43:35.961, 14785 MiB, 100 %
2026/08/30 09:43:37.962, 14785 MiB, 100 %
2026/08/30 09:43:39.962, 14785 MiB, 67 %
2026/08/30 09:43:41.962, 14785 MiB, 100 %
2026/08/30 09:43:43.963, 14785 MiB, 80 %
2026/08/30 09:43:45.963, 14785 MiB, 100 %
2026/08/30 09:43:47.964, 14785 MiB, 100 %
2026/08/30 09:43:49.964, 14785 MiB, 63 %
2026/08/30 09:43:51.964, 14785 MiB, 100 %
2026/08/30 09:43:53.965, 14785 MiB, 95 %
2026/08/30 09:43:55.965, 14785 MiB, 100 %
2026/08/30 09:43:57.965, 14785 MiB, 100 %
2026/08/30 09:43:59.966, 14785 MiB, 66 %
2026/08/30 09:44:01.966, 14785 MiB, 100 %
2026/08/30 09:44:03.967, 14785 MiB, 100 %
2026/08/30 09:44:05.967, 14785 MiB, 93 %
2026/08/30 09:44:07.967, 14785 MiB, 100 %
2026/08/30 09:44:09.968, 14785 MiB, 67 %
2026/08/30 09:44:11.968, 14785 MiB, 100 %
2026/08/30 09:44:13.969, 14785 MiB, 100 %
2026/08/30 09:44:15.969, 14785 MiB, 91 %
2026/08/30 09:44:17.969, 14785 MiB, 100 %
2026/08/30 09:44:19.970, 14785 MiB, 68 %
2026/08/30 09:44:21.970, 14785 MiB, 100 %
2026/08/30 09:44:23.970, 14785 MiB, 100 %
2026/08/30 09:44:25.971, 14785 MiB, 100 %
2026/08/30 09:44:27.971, 14785 MiB, 100 %
2026/08/30 09:44:29.972, 14785 MiB, 80 %
2026/08/30 09:44:31.972, 14785 MiB, 100 %
2026/08/30 09:44:33.972, 14785 MiB, 67 %
2026/08/30 09:44:35.973, 14785 MiB, 100 %
2026/08/30 09:44:37.973, 14785 MiB, 100 %
2026/08/30 09:44:39.974, 14785 MiB, 100 %
2026/08/30 09:44:41.974, 14785 MiB, 100 %
2026/08/30 09:44:43.974, 14785 MiB, 66 %
2026/08/30 09:44:45.975, 14785 MiB, 100 %
2026/08/30 09:44:47.975, 14785 MiB, 69 %
2026/08/30 09:44:49.975, 14785 MiB, 100 %
2026/08/30 09:44:51.976, 14785 MiB, 85 %
2026/08/30 09:44:53.976, 0 MiB, 0 %
2026/08/30 09:44:55.976, 0 MiB, 0 %
2026/08/30 09:44:57.977, 0 MiB, 0 %
2026/08/30 09:44:59.977, 0 MiB, 0 %
2026/08/30 09:45:01.978, 0 MiB, 0 %
2026/08/30 09:45:03.978, 0 MiB, 0 %
2026/08/30 09:45:05.979, 0 MiB, 0 %
2026/08/30 09:45:07.979, 0 MiB, 0 %
2026/08/30 09:45:09.979, 0 MiB, 0 %
2026/08/30 09:45:11.980, 0 MiB, 0 %
2026/08/30 09:45:13.980, 0 MiB, 0 %
2026/08/30 09:45:15.981, 0 MiB, 0 %
2026/08/30 09:45:17.981, 0 MiB, 0 %
2026/08/30 09:45:19.981, 0 MiB, 0 %
2026/08/30 09:45:21.982, 0 MiB, 0 %
2026/08/30 09:45:23.982, 0 MiB, 0 %
2026/08/30 09:45:25.983, 0 MiB, 0 %
2026/08/30 09:45:27.983, 0 MiB, 0 %
2026/08/30 09:45:29.983, 0 MiB, 0 %
2026/08/30 09:45:31.984, 0 MiB, 0 %
2026/08/30 09:45:33.984, 0 MiB, 0 %
2026/08/30 09:45:35.984, 0 MiB, 0 %
2026/08/30 09:45:37.985, 0 MiB, 0 %
2026/08/30 09:45:39.985, 0 MiB, 0 %
2026/08/30 09:45:41.986, 0 MiB, 0 %
2026/08/30 09:45:43.986, 0 MiB, 0 %
2026/08/30 09:45:45.986, 0 MiB, 0 %
2026/08/30 09:45:47.988, 0 MiB, 0 %
2026/08/30 09:45:49.993, 0 MiB, 0 %
2026/08/30 09:45:51.993, 0 MiB, 0 %
2026/08/30 09:45:53.993, 0 MiB, 0 %
2026/08/30 09:45:55.994, 0 MiB, 0 %
2026/08/30 09:45:57.994, 0 MiB, 0 %
2026/08/30 09:45:59.995, 0 MiB, 0 %
2026/08/30 09:46:01.995, 0 MiB, 0 %
2026/08/30 09:46:03.996, 0 MiB, 0 %
2026/08/30 09:46:05.996, 0 MiB, 0 %
2026/08/30 09:46:07.997, 0 MiB, 0 %
2026/08/30 09:46:09.997, 0 MiB, 0 %
2026/08/30 09:46:11.997, 0 MiB, 0 %
2026/08/30 09:46:13.998, 0 MiB, 0 %
2026/08/30 09:46:15.998, 0 MiB, 0 %
2026/08/30 09:46:17.999, 0 MiB, 0 %
2026/08/30 09:46:19.999, 0 MiB, 0 %
2026/08/30 09:46:21.999, 0 MiB, 0 %
2026/08/30 09:46:24.000, 0 MiB, 0 %
2026/08/30 09:46:26.000, 0 MiB, 0 %
2026/08/30 09:46:28.000, 0 MiB, 0 %
2026/08/30 09:46:30.001, 0 MiB, 0 %
2026/08/30 09:46:32.001, 0 MiB, 0 %
2026/08/30 09:46:34.002, 0 MiB, 0 %
2026/08/30 09:46:36.002, 0 MiB, 0 %
2026/08/30 09:46:38.002, 0 MiB, 0 %
2026/08/30 09:46:40.003, 0 MiB, 0 %
2026/08/30 09:46:42.003, 0 MiB, 0 %
2026/08/30 09:46:44.004, 0 MiB, 0 %
2026/08/30 09:46:46.004, 0 MiB, 0 %
2026/08/30 09:46:48.004, 0 MiB, 0 %
2026/08/30 09:46:50.005, 0 MiB, 0 %
2026/08/30 09:46:52.005, 0 MiB, 0 %
2026/08/30 09:46:54.005, 0 MiB, 0 %
2026/08/30 09:46:56.006, 0 MiB, 0 %
2026/08/30 09:46:58.006, 0 MiB, 0 %
2026/08/30 09:47:00.006, 0 MiB, 0 %
2026/08/30 09:47:02.007, 0 MiB, 0 %
2026/08/30 09:47:04.007, 0 MiB, 0 %
2026/08/30 09:47:06.008, 0 MiB, 0 %
2026/08/30 09:47:08.008, 0 MiB, 0 %
2026/08/30 09:47:10.009, 0 MiB, 0 %
2026/08/30 09:47:12.009, 0 MiB, 0 %
2026/08/30 09:47:14.009, 0 MiB, 0 %
2026/08/30 09:47:16.010, 0 MiB, 0 %
2026/08/30 09:47:18.010, 0 MiB, 0 %
2026/08/30 09:47:20.011, 0 MiB, 0 %
2026/08/30 09:47:22.011, 0 MiB, 0 %
2026/08/30 09:47:24.011, 0 MiB, 0 %
2026/08/30 09:47:26.012, 0 MiB, 0 %
2026/08/30 09:47:28.012, 0 MiB, 0 %
2026/08/30 09:47:30.012, 0 MiB, 0 %
2026/08/30 09:47:32.013, 0 MiB, 0 %
2026/08/30 09:47:34.013, 0 MiB, 0 %
2026/08/30 09:47:36.013, 0 MiB, 0 %
2026/08/30 09:47:38.014, 0 MiB, 0 %
2026/08/30 09:47:40.014, 0 MiB, 0 %
2026/08/30 09:47:42.015, 0 MiB, 0 %
2026/08/30 09:47:44.015, 0 MiB, 0 %
2026/08/30 09:47:46.015, 0 MiB, 0 %
2026/08/30 09:47:48.016, 0 MiB, 0 %
2026/08/30 09:47:50.016, 0 MiB, 0 %
2026/08/30 09:47:52.017, 0 MiB, 0 %
2026/08/30 09:47:54.017, 0 MiB, 0 %
2026/08/30 09:47:56.017, 0 MiB, 0 %
2026/08/30 09:47:58.018, 0 MiB, 0 %
2026/08/30 09:48:00.018, 0 MiB, 0 %
2026/08/30 09:48:02.018, 0 MiB, 0 %
2026/08/30 09:48:04.019, 0 MiB, 0 %
2026/08/30 09:48:06.019, 0 MiB, 0 %
2026/08/30 09:48:08.020, 0 MiB, 0 %
2026/08/30 09:48:10.020, 0 MiB, 0 %
2026/08/30 09:48:12.020, 0 MiB, 0 %
2026/08/30 09:48:14.021, 0 MiB, 0 %
2026/08/30 09:48:16.021, 0 MiB, 0 %
2026/08/30 09:48:18.022, 0 MiB, 0 %
2026/08/30 09:48:20.022, 0 MiB, 0 %
2026/08/30 09:48:22.022, 0 MiB, 0 %
2026/08/30 09:48:24.023, 0 MiB, 0 %
2026/08/30 09:48:26.023, 0 MiB, 0 %
2026/08/30 09:48:28.024, 0 MiB, 0 %
2026/08/30 09:48:30.024, 0 MiB, 0 %
2026/08/30 09:48:32.024, 0 MiB, 0 %
2026/08/30 09:48:34.025, 0 MiB, 0 %
2026/08/30 09:48:36.025, 0 MiB, 0 %
2026/08/30 09:48:38.026, 0 MiB, 0 %
2026/08/30 09:48:40.026, 0 MiB, 0 %
2026/08/30 09:48:42.026, 0 MiB, 0 %
2026/08/30 09:48:44.027, 0 MiB, 0 %
2026/08/30 09:48:46.027, 0 MiB, 0 %
2026/08/30 09:48:48.028, 0 MiB, 0 %
2026/08/30 09:48:50.028, 0 MiB, 0 %
2026/08/30 09:48:52.028, 0 MiB, 0 %
2026/08/30 09:48:54.029, 0 MiB, 0 %
2026/08/30 09:48:56.029, 0 MiB, 0 %
2026/08/30 09:48:58.030, 0 MiB, 0 %
2026/08/30 09:49:00.030, 0 MiB, 0 %
2026/08/30 09:49:02.030, 0 MiB, 0 %
2026/08/30 09:49:04.031, 0 MiB, 0 %
2026/08/30 09:49:06.031, 0 MiB, 0 %
2026/08/30 09:49:08.032, 0 MiB, 0 %
2026/08/30 09:49:10.032, 0 MiB, 0 %
2026/08/30 09:49:12.032, 0 MiB, 0 %
2026/08/30 09:49:14.033, 0 MiB, 0 %
2026/08/30 09:49:16.033, 0 MiB, 0 %
2026/08/30 09:49:18.034, 0 MiB, 0 %
2026/08/30 09:49:20.034, 0 MiB, 0 %
2026/08/30 09:49:22.035, 0 MiB, 0 %
2026/08/30 09:49:24.035, 0 MiB, 0 %
2026/08/30 09:49:26.035, 0 MiB, 0 %
2026/08/30 09:49:28.036, 0 MiB, 0 %
2026/08/30 09:49:30.036, 0 MiB, 0 %
2026/08/30 09:49:32.037, 0 MiB, 0 %
2026/08/30 09:49:34.037, 0 MiB, 0 %
2026/08/30 09:49:36.037, 0 MiB, 0 %
2026/08/30 09:49:38.038, 0 MiB, 0 %
2026/08/30 09:49:40.038, 0 MiB, 0 %
2026/08/30 09:49:42.038, 0 MiB, 0 %
2026/08/30 09:49:44.040, 0 MiB, 0 %
2026/08/30 09:49:46.040, 0 MiB, 0 %
2026/08/30 09:49:48.040, 0 MiB, 0 %
2026/08/30 09:49:50.041, 0 MiB, 0 %
2026/08/30 09:49:52.041, 0 MiB, 0 %
2026/08/30 09:49:54.042, 0 MiB, 0 %
2026/08/30 09:49:56.042, 0 MiB, 0 %
2026/08/30 09:49:58.042, 0 MiB, 0 %
2026/08/30 09:50:00.043, 0 MiB, 0 %
2026/08/30 09:50:02.043, 0 MiB, 0 %
2026/08/30 09:50:04.043, 0 MiB, 0 %
2026/08/30 09:50:06.044, 0 MiB, 0 %
2026/08/30 09:50:08.044, 0 MiB, 0 %
2026/08/30 09:50:10.045, 0 MiB, 0 %
2026/08/30 09:50:12.045, 0 MiB, 0 %
2026/08/30 09:50:14.045, 0 MiB, 0 %
2026/08/30 09:50:16.046, 0 MiB, 0 %
2026/08/30 09:50:18.046, 0 MiB, 0 %
2026/08/30 09:50:20.046, 0 MiB, 0 %
2026/08/30 09:50:22.047, 0 MiB, 0 %
2026/08/30 09:50:24.047, 0 MiB, 0 %
2026/08/30 09:50:26.048, 0 MiB, 0 %
2026/08/30 09:50:28.048, 0 MiB, 0 %
2026/08/30 09:50:30.048, 0 MiB, 0 %
2026/08/30 09:50:32.049, 0 MiB, 0 %
2026/08/30 09:50:34.049, 0 MiB, 0 %
2026/08/30 09:50:36.049, 0 MiB, 0 %
2026/08/30 09:50:38.050, 0 MiB, 0 %
2026/08/30 09:50:40.050, 0 MiB, 0 %
2026/08/30 09:50:42.051, 0 MiB, 0 %
2026/08/30 09:50:44.051, 0 MiB, 0 %
2026/08/30 09:50:46.052, 0 MiB, 0 %
2026/08/30 09:50:48.052, 0 MiB, 0 %
2026/08/30 09:50:50.052, 0 MiB, 0 %
2026/08/30 09:50:52.053, 0 MiB, 0 %
2026/08/30 09:50:54.053, 0 MiB, 0 %
2026/08/30 09:50:56.054, 0 MiB, 0 %
2026/08/30 09:50:58.054, 0 MiB, 0 %
2026/08/30 09:51:00.054, 0 MiB, 0 %
2026/08/30 09:51:02.055, 0 MiB, 0 %
2026/08/30 09:51:04.055, 0 MiB, 0 %
2026/08/30 09:51:06.056, 0 MiB, 0 %
2026/08/30 09:51:08.056, 0 MiB, 0 %
2026/08/30 09:51:10.056, 0 MiB, 0 %
2026/08/30 09:51:12.057, 0 MiB, 0 %
2026/08/30 09:51:14.057, 0 MiB, 0 %
2026/08/30 09:51:16.058, 0 MiB, 0 %
2026/08/30 09:51:18.058, 0 MiB, 0 %
2026/08/30 09:51:20.058, 0 MiB, 0 %
2026/08/30 09:51:22.059, 0 MiB, 0 %
2026/08/30 09:51:24.059, 0 MiB, 0 %
2026/08/30 09:51:26.060, 0 MiB, 0 %
2026/08/30 09:51:28.060, 0 MiB, 0 %
2026/08/30 09:51:30.060, 0 MiB, 0 %
2026/08/30 09:51:32.061, 0 MiB, 0 %
2026/08/30 09:51:34.061, 0 MiB, 0 %
2026/08/30 09:51:36.062, 0 MiB, 0 %
2026/08/30 09:51:38.062, 0 MiB, 0 %
2026/08/30 09:51:40.062, 0 MiB, 0 %
2026/08/30 09:51:42.063, 0 MiB, 0 %
2026/08/30 09:51:44.063, 0 MiB, 0 %
2026/08/30 09:51:46.064, 0 MiB, 0 %
2026/08/30 09:51:48.064, 0 MiB, 0 %
2026/08/30 09:51:50.064, 0 MiB, 0 %
2026/08/30 09:51:52.065, 0 MiB, 0 %
2026/08/30 09:51:54.065, 0 MiB, 0 %
2026/08/30 09:51:56.066, 0 MiB, 0 %
2026/08/30 09:51:58.066, 0 MiB, 0 %
2026/08/30 09:52:00.066, 0 MiB, 0 %
2026/08/30 09:52:02.067, 0 MiB, 0 %
2026/08/30 09:52:04.067, 0 MiB, 0 %
2026/08/30 09:52:06.068, 0 MiB, 0 %
2026/08/30 09:52:08.068, 0 MiB, 0 %
2026/08/30 09:52:10.068, 0 MiB, 0 %
2026/08/30 09:52:12.069, 0 MiB, 0 %
2026/08/30 09:52:14.069, 0 MiB, 0 %
2026/08/30 09:52:16.070, 0 MiB, 0 %
2026/08/30 09:52:18.070, 0 MiB, 0 %
2026/08/30 09:52:20.070, 0 MiB, 0 %
2026/08/30 09:52:22.071, 0 MiB, 0 %
2026/08/30 09:52:24.071, 0 MiB, 0 %
2026/08/30 09:52:26.072, 0 MiB, 0 %
2026/08/30 09:52:28.072, 0 MiB, 0 %
2026/08/30 09:52:30.073, 0 MiB, 0 %
2026/08/30 09:52:32.073, 0 MiB, 0 %
2026/08/30 09:52:34.074, 0 MiB, 0 %
2026/08/30 09:52:36.074, 0 MiB, 0 %
2026/08/30 09:52:38.074, 0 MiB, 0 %
2026/08/30 09:52:40.075, 0 MiB, 0 %
2026/08/30 09:52:42.075, 0 MiB, 0 %
2026/08/30 09:52:44.076, 0 MiB, 0 %
2026/08/30 09:52:46.076, 0 MiB, 0 %
2026/08/30 09:52:48.076, 0 MiB, 0 %
2026/08/30 09:52:50.077, 0 MiB, 0 %
2026/08/30 09:52:52.077, 0 MiB, 0 %
2026/08/30 09:52:54.078, 0 MiB, 0 %
2026/08/30 09:52:56.078, 0 MiB, 0 %
2026/08/30 09:52:58.078, 0 MiB, 0 %
2026/08/30 09:53:00.079, 0 MiB, 0 %
2026/08/30 09:53:02.079, 0 MiB, 0 %
2026/08/30 09:53:04.080, 0 MiB, 0 %
2026/08/30 09:53:06.080, 0 MiB, 0 %
2026/08/30 09:53:08.081, 0 MiB, 0 %
2026/08/30 09:53:10.081, 0 MiB, 0 %
2026/08/30 09:53:12.082, 0 MiB, 0 %
2026/08/30 09:53:14.082, 0 MiB, 0 %
2026/08/30 09:53:16.082, 0 MiB, 0 %
2026/08/30 09:53:18.083, 0 MiB, 0 %
2026/08/30 09:53:20.083, 0 MiB, 0 %
2026/08/30 09:53:22.084, 0 MiB, 0 %
2026/08/30 09:53:24.084, 0 MiB, 0 %
2026/08/30 09:53:26.084, 0 MiB, 0 %
2026/08/30 09:53:28.085, 0 MiB, 0 %
2026/08/30 09:53:30.085, 0 MiB, 0 %
2026/08/30 09:53:32.085, 0 MiB, 0 %
2026/08/30 09:53:34.086, 0 MiB, 0 %
2026/08/30 09:53:36.086, 0 MiB, 0 %
2026/08/30 09:53:38.087, 0 MiB, 0 %
2026/08/30 09:53:40.087, 0 MiB, 0 %
2026/08/30 09:53:42.087, 0 MiB, 0 %
2026/08/30 09:53:44.088, 0 MiB, 0 %
2026/08/30 09:53:46.088, 0 MiB, 0 %
2026/08/30 09:53:48.088, 0 MiB, 0 %
2026/08/30 09:53:50.089, 0 MiB, 0 %
2026/08/30 09:53:52.089, 0 MiB, 0 %
2026/08/30 09:53:54.090, 0 MiB, 0 %
2026/08/30 09:53:56.090, 0 MiB, 0 %
2026/08/30 09:53:58.090, 0 MiB, 0 %
2026/08/30 09:54:00.091, 0 MiB, 0 %
2026/08/30 09:54:02.091, 0 MiB, 0 %
2026/08/30 09:54:04.092, 0 MiB, 0 %
2026/08/30 09:54:06.092, 0 MiB, 0 %
2026/08/30 09:54:08.093, 0 MiB, 0 %
2026/08/30 09:54:10.093, 0 MiB, 0 %
2026/08/30 09:54:12.093, 0 MiB, 0 %
2026/08/30 09:54:14.094, 0 MiB, 0 %
2026/08/30 09:54:16.094, 0 MiB, 0 %
2026/08/30 09:54:18.095, 0 MiB, 0 %
2026/08/30 09:54:20.095, 0 MiB, 0 %
2026/08/30 09:54:22.096, 0 MiB, 0 %
2026/08/30 09:54:24.096, 0 MiB, 0 %
2026/08/30 09:54:26.096, 0 MiB, 0 %
2026/08/30 09:54:28.097, 0 MiB, 0 %
2026/08/30 09:54:30.097, 0 MiB, 0 %
2026/08/30 09:54:32.098, 0 MiB, 0 %
2026/08/30 09:54:34.098, 0 MiB, 0 %
2026/08/30 09:54:36.098, 0 MiB, 0 %
2026/08/30 09:54:38.099, 0 MiB, 0 %
2026/08/30 09:54:40.099, 0 MiB, 0 %
2026/08/30 09:54:42.099, 0 MiB, 0 %
2026/08/30 09:54:44.100, 0 MiB, 0 %
2026/08/30 09:54:46.101, 0 MiB, 0 %
2026/08/30 09:54:48.101, 0 MiB, 0 %
2026/08/30 09:54:50.102, 0 MiB, 0 %
2026/08/30 09:54:52.102, 0 MiB, 0 %
2026/08/30 09:54:54.102, 0 MiB, 0 %
2026/08/30 09:54:56.103, 0 MiB, 0 %
2026/08/30 09:54:58.103, 0 MiB, 0 %
2026/08/30 09:55:00.103, 0 MiB, 0 %
2026/08/30 09:55:02.104, 0 MiB, 0 %
2026/08/30 09:55:04.104, 0 MiB, 0 %
2026/08/30 09:55:06.105, 0 MiB, 0 %
2026/08/30 09:55:08.105, 0 MiB, 0 %
2026/08/30 09:55:10.106, 0 MiB, 0 %
2026/08/30 09:55:12.106, 0 MiB, 0 %
2026/08/30 09:55:14.106, 0 MiB, 0 %
2026/08/30 09:55:16.107, 0 MiB, 0 %
2026/08/30 09:55:18.107, 0 MiB, 0 %
2026/08/30 09:55:20.108, 0 MiB, 0 %
2026/08/30 09:55:22.108, 0 MiB, 0 %
2026/08/30 09:55:24.108, 0 MiB, 0 %
2026/08/30 09:55:26.109, 0 MiB, 0 %
2026/08/30 09:55:28.109, 0 MiB, 0 %
2026/08/30 09:55:30.110, 0 MiB, 0 %
2026/08/30 09:55:32.110, 0 MiB, 0 %
2026/08/30 09:55:34.110, 0 MiB, 0 %
2026/08/30 09:55:36.111, 0 MiB, 0 %
2026/08/30 09:55:38.111, 0 MiB, 0 %
2026/08/30 09:55:40.112, 0 MiB, 0 %
2026/08/30 09:55:42.112, 0 MiB, 0 %
2026/08/30 09:55:44.113, 0 MiB, 0 %
2026/08/30 09:55:46.113, 0 MiB, 0 %
2026/08/30 09:55:48.113, 0 MiB, 0 %
2026/08/30 09:55:50.114, 0 MiB, 0 %
2026/08/30 09:55:52.114, 0 MiB, 0 %
2026/08/30 09:55:54.115, 0 MiB, 0 %
2026/08/30 09:55:56.115, 0 MiB, 0 %
2026/08/30 09:55:58.115, 0 MiB, 0 %
2026/08/30 09:56:00.116, 0 MiB, 0 %
2026/08/30 09:56:02.116, 0 MiB, 0 %
2026/08/30 09:56:04.117, 0 MiB, 0 %
2026/08/30 09:56:06.117, 0 MiB, 0 %
2026/08/30 09:56:08.117, 0 MiB, 0 %
2026/08/30 09:56:10.118, 0 MiB, 0 %
2026/08/30 09:56:12.118, 0 MiB, 0 %
2026/08/30 09:56:14.118, 0 MiB, 0 %
2026/08/30 09:56:16.119, 0 MiB, 0 %
2026/08/30 09:56:18.119, 0 MiB, 0 %
2026/08/30 09:56:20.120, 0 MiB, 0 %
2026/08/30 09:56:22.120, 0 MiB, 0 %
2026/08/30 09:56:24.121, 0 MiB, 0 %
2026/08/30 09:56:26.121, 0 MiB, 0 %
2026/08/30 09:56:28.121, 0 MiB, 0 %
2026/08/30 09:56:30.122, 0 MiB, 0 %
2026/08/30 09:56:32.122, 0 MiB, 0 %
2026/08/30 09:56:34.123, 0 MiB, 0 %
2026/08/30 09:56:36.123, 0 MiB, 0 %
2026/08/30 09:56:38.123, 0 MiB, 0 %
2026/08/30 09:56:40.124, 0 MiB, 0 %
2026/08/30 09:56:42.124, 0 MiB, 0 %
2026/08/30 09:56:44.125, 0 MiB, 0 %
2026/08/30 09:56:46.125, 0 MiB, 0 %
2026/08/30 09:56:48.125, 0 MiB, 0 %
2026/08/30 09:56:50.126, 0 MiB, 0 %
2026/08/30 09:56:52.126, 0 MiB, 0 %
2026/08/30 09:56:54.126, 0 MiB, 0 %
2026/08/30 09:56:56.127, 0 MiB, 0 %
2026/08/30 09:56:58.127, 0 MiB, 0 %
2026/08/30 09:57:00.128, 0 MiB, 0 %
2026/08/30 09:57:02.128, 0 MiB, 0 %
2026/08/30 09:57:04.129, 0 MiB, 0 %
2026/08/30 09:57:06.129, 0 MiB, 0 %
2026/08/30 09:57:08.129, 0 MiB, 0 %
2026/08/30 09:57:10.130, 0 MiB, 0 %
2026/08/30 09:57:12.130, 0 MiB, 0 %
2026/08/30 09:57:14.131, 0 MiB, 0 %
2026/08/30 09:57:16.131, 0 MiB, 0 %
2026/08/30 09:57:18.131, 0 MiB, 0 %
2026/08/30 09:57:20.132, 0 MiB, 0 %
2026/08/30 09:57:22.132, 0 MiB, 0 %
2026/08/30 09:57:24.132, 0 MiB, 0 %
2026/08/30 09:57:26.133, 0 MiB, 0 %
2026/08/30 09:57:28.133, 0 MiB, 0 %
2026/08/30 09:57:30.134, 0 MiB, 0 %
2026/08/30 09:57:32.134, 0 MiB, 0 %
2026/08/30 09:57:34.134, 0 MiB, 0 %
2026/08/30 09:57:36.135, 0 MiB, 0 %
2026/08/30 09:57:38.135, 0 MiB, 0 %
2026/08/30 09:57:40.136, 0 MiB, 0 %
2026/08/30 09:57:42.136, 0 MiB, 0 %
2026/08/30 09:57:44.137, 0 MiB, 0 %
2026/08/30 09:57:46.137, 0 MiB, 0 %
2026/08/30 09:57:48.137, 0 MiB, 0 %
2026/08/30 09:57:50.138, 0 MiB, 0 %
2026/08/30 09:57:52.138, 0 MiB, 0 %
2026/08/30 09:57:54.139, 0 MiB, 0 %
2026/08/30 09:57:56.139, 0 MiB, 0 %
2026/08/30 09:57:58.140, 0 MiB, 0 %
2026/08/30 09:58:00.140, 0 MiB, 0 %
2026/08/30 09:58:02.140, 0 MiB, 0 %
2026/08/30 09:58:04.141, 0 MiB, 0 %
2026/08/30 09:58:06.141, 0 MiB, 0 %
2026/08/30 09:58:08.142, 0 MiB, 0 %
2026/08/30 09:58:10.142, 0 MiB, 0 %
2026/08/30 09:58:12.142, 0 MiB, 0 %
2026/08/30 09:58:14.143, 0 MiB, 0 %
2026/08/30 09:58:16.143, 0 MiB, 0 %
2026/08/30 09:58:18.143, 0 MiB, 0 %
2026/08/30 09:58:20.144, 0 MiB, 0 %
2026/08/30 09:58:22.144, 0 MiB, 0 %
2026/08/30 09:58:24.145, 0 MiB, 0 %
2026/08/30 09:58:26.145, 0 MiB, 0 %
2026/08/30 09:58:28.146, 0 MiB, 0 %
2026/08/30 09:58:30.146, 0 MiB, 0 %
2026/08/30 09:58:32.146, 0 MiB, 0 %
2026/08/30 09:58:34.147, 0 MiB, 0 %
2026/08/30 09:58:36.147, 0 MiB, 0 %
2026/08/30 09:58:38.147, 0 MiB, 0 %
2026/08/30 09:58:40.148, 0 MiB, 0 %
2026/08/30 09:58:42.148, 0 MiB, 0 %
2026/08/30 09:58:44.149, 0 MiB, 0 %
2026/08/30 09:58:46.149, 0 MiB, 0 %
2026/08/30 09:58:48.150, 0 MiB, 0 %
2026/08/30 09:58:50.150, 0 MiB, 0 %
2026/08/30 09:58:52.150, 0 MiB, 0 %
2026/08/30 09:58:54.151, 0 MiB, 0 %
2026/08/30 09:58:56.151, 0 MiB, 0 %
2026/08/30 09:58:58.152, 0 MiB, 0 %
2026/08/30 09:59:00.152, 0 MiB, 0 %
2026/08/30 09:59:02.152, 0 MiB, 0 %
2026/08/30 09:59:04.153, 0 MiB, 0 %
2026/08/30 09:59:06.153, 0 MiB, 0 %
2026/08/30 09:59:08.154, 0 MiB, 0 %
2026/08/30 09:59:10.154, 0 MiB, 0 %
2026/08/30 09:59:12.154, 0 MiB, 0 %
2026/08/30 09:59:14.155, 0 MiB, 0 %
2026/08/30 09:59:16.155, 0 MiB, 0 %
2026/08/30 09:59:18.155, 0 MiB, 0 %
2026/08/30 09:59:20.156, 0 MiB, 0 %
2026/08/30 09:59:22.156, 0 MiB, 0 %
2026/08/30 09:59:24.157, 0 MiB, 0 %
2026/08/30 09:59:26.157, 0 MiB, 0 %
2026/08/30 09:59:28.157, 0 MiB, 0 %
2026/08/30 09:59:30.158, 0 MiB, 0 %
2026/08/30 09:59:32.158, 0 MiB, 0 %
2026/08/30 09:59:34.159, 0 MiB, 0 %
2026/08/30 09:59:36.159, 0 MiB, 0 %
2026/08/30 09:59:38.159, 0 MiB, 0 %
2026/08/30 09:59:40.160, 0 MiB, 0 %
2026/08/30 09:59:42.160, 0 MiB, 0 %
2026/08/30 09:59:44.160, 0 MiB, 0 %
2026/08/30 09:59:46.161, 0 MiB, 0 %
2026/08/30 09:59:48.161, 0 MiB, 0 %
2026/08/30 09:59:50.161, 0 MiB, 0 %
2026/08/30 09:59:52.162, 0 MiB, 0 %
2026/08/30 09:59:54.162, 0 MiB, 0 %
2026/08/30 09:59:56.163, 0 MiB, 0 %
2026/08/30 09:59:58.163, 0 MiB, 0 %
2026/08/30 10:00:00.163, 0 MiB, 0 %
2026/08/30 10:00:02.164, 0 MiB, 0 %
2026/08/30 10:00:04.164, 0 MiB, 0 %
2026/08/30 10:00:06.165, 0 MiB, 0 %
2026/08/30 10:00:08.165, 0 MiB, 0 %
2026/08/30 10:00:10.165, 0 MiB, 0 %
2026/08/30 10:00:12.166, 0 MiB, 0 %
2026/08/30 10:00:14.166, 0 MiB, 0 %
2026/08/30 10:00:16.166, 0 MiB, 0 %
2026/08/30 10:00:18.167, 0 MiB, 0 %
2026/08/30 10:00:20.167, 0 MiB, 0 %
2026/08/30 10:00:22.168, 0 MiB, 0 %
2026/08/30 10:00:24.168, 0 MiB, 0 %
2026/08/30 10:00:26.169, 0 MiB, 0 %
2026/08/30 10:00:28.169, 0 MiB, 0 %
2026/08/30 10:00:30.169, 0 MiB, 0 %
2026/08/30 10:00:32.170, 0 MiB, 0 %
2026/08/30 10:00:34.170, 0 MiB, 0 %
2026/08/30 10:00:36.170, 0 MiB, 0 %
2026/08/30 10:00:38.171, 0 MiB, 0 %
2026/08/30 10:00:40.171, 0 MiB, 0 %
2026/08/30 10:00:42.172, 0 MiB, 0 %
2026/08/30 10:00:44.172, 0 MiB, 0 %
2026/08/30 10:00:46.172, 0 MiB, 0 %
2026/08/30 10:00:48.173, 0 MiB, 0 %
2026/08/30 10:00:50.173, 0 MiB, 0 %
2026/08/30 10:00:52.174, 0 MiB, 0 %
2026/08/30 10:00:54.174, 0 MiB, 0 %
2026/08/30 10:00:56.175, 0 MiB, 0 %
2026/08/30 10:00:58.175, 0 MiB, 0 %
2026/08/30 10:01:00.175, 0 MiB, 0 %
2026/08/30 10:01:02.176, 0 MiB, 0 %
2026/08/30 10:01:04.176, 0 MiB, 0 %
2026/08/30 10:01:06.177, 0 MiB, 0 %
2026/08/30 10:01:08.177, 0 MiB, 0 %
2026/08/30 10:01:10.177, 0 MiB, 0 %
2026/08/30 10:01:12.178, 0 MiB, 0 %
2026/08/30 10:01:14.178, 0 MiB, 0 %
2026/08/30 10:01:16.178, 0 MiB, 0 %
2026/08/30 10:01:18.179, 0 MiB, 0 %
2026/08/30 10:01:20.179, 0 MiB, 0 %
2026/08/30 10:01:22.180, 0 MiB, 0 %
2026/08/30 10:01:24.180, 0 MiB, 0 %
2026/08/30 10:01:26.180, 0 MiB, 0 %
2026/08/30 10:01:28.181, 0 MiB, 0 %
2026/08/30 10:01:30.181, 0 MiB, 0 %
2026/08/30 10:01:32.181, 0 MiB, 0 %
2026/08/30 10:01:34.182, 0 MiB, 0 %
2026/08/30 10:01:36.182, 0 MiB, 0 %
2026/08/30 10:01:38.183, 0 MiB, 0 %
2026/08/30 10:01:40.183, 0 MiB, 0 %
2026/08/30 10:01:42.183, 0 MiB, 0 %
2026/08/30 10:01:44.184, 0 MiB, 0 %
2026/08/30 10:01:46.184, 0 MiB, 0 %
2026/08/30 10:01:48.184, 0 MiB, 0 %
2026/08/30 10:01:50.185, 0 MiB, 0 %
2026/08/30 10:01:52.185, 0 MiB, 0 %
2026/08/30 10:01:54.186, 0 MiB, 0 %
2026/08/30 10:01:56.186, 0 MiB, 0 %
2026/08/30 10:01:58.186, 0 MiB, 0 %
2026/08/30 10:02:00.187, 0 MiB, 0 %
2026/08/30 10:02:02.187, 0 MiB, 0 %
2026/08/30 10:02:04.187, 0 MiB, 0 %
2026/08/30 10:02:06.188, 0 MiB, 0 %
2026/08/30 10:02:08.188, 0 MiB, 0 %
2026/08/30 10:02:10.188, 0 MiB, 0 %
2026/08/30 10:02:12.189, 0 MiB, 0 %
2026/08/30 10:02:14.189, 0 MiB, 0 %
2026/08/30 10:02:16.190, 0 MiB, 0 %
2026/08/30 10:02:18.190, 0 MiB, 0 %
2026/08/30 10:02:20.190, 0 MiB, 0 %
2026/08/30 10:02:22.191, 0 MiB, 0 %
2026/08/30 10:02:24.191, 0 MiB, 0 %
2026/08/30 10:02:26.192, 0 MiB, 0 %
2026/08/30 10:02:28.192, 0 MiB, 0 %
2026/08/30 10:02:30.192, 0 MiB, 0 %
2026/08/30 10:02:32.193, 0 MiB, 0 %
2026/08/30 10:02:34.193, 0 MiB, 0 %
2026/08/30 10:02:36.194, 0 MiB, 0 %
2026/08/30 10:02:38.194, 0 MiB, 0 %
2026/08/30 10:02:40.194, 0 MiB, 0 %
2026/08/30 10:02:42.195, 0 MiB, 0 %
2026/08/30 10:02:44.196, 0 MiB, 0 %
2026/08/30 10:02:46.196, 0 MiB, 0 %
2026/08/30 10:02:48.196, 0 MiB, 0 %
2026/08/30 10:02:50.197, 0 MiB, 0 %
2026/08/30 10:02:52.197, 0 MiB, 0 %
2026/08/30 10:02:54.197, 0 MiB, 0 %
2026/08/30 10:02:56.198, 0 MiB, 0 %
2026/08/30 10:02:58.198, 0 MiB, 0 %
2026/08/30 10:03:00.199, 0 MiB, 0 %
2026/08/30 10:03:02.199, 0 MiB, 0 %
2026/08/30 10:03:04.199, 0 MiB, 0 %
2026/08/30 10:03:06.200, 0 MiB, 0 %
2026/08/30 10:03:08.200, 0 MiB, 0 %
2026/08/30 10:03:10.201, 0 MiB, 0 %
2026/08/30 10:03:12.201, 0 MiB, 0 %
2026/08/30 10:03:14.201, 0 MiB, 0 %
2026/08/30 10:03:16.202, 0 MiB, 0 %
2026/08/30 10:03:18.202, 0 MiB, 0 %
2026/08/30 10:03:20.203, 0 MiB, 0 %
2026/08/30 10:03:22.203, 0 MiB, 0 %
2026/08/30 10:03:24.203, 0 MiB, 0 %
2026/08/30 10:03:26.204, 0 MiB, 0 %
2026/08/30 10:03:28.204, 0 MiB, 0 %
2026/08/30 10:03:30.204, 0 MiB, 0 %
2026/08/30 10:03:32.205, 0 MiB, 0 %
2026/08/30 10:03:34.205, 0 MiB, 0 %
2026/08/30 10:03:36.206, 0 MiB, 0 %
2026/08/30 10:03:38.206, 0 MiB, 0 %
2026/08/30 10:03:40.206, 0 MiB, 0 %
2026/08/30 10:03:42.207, 0 MiB, 0 %
2026/08/30 10:03:44.207, 0 MiB, 0 %
2026/08/30 10:03:46.208, 0 MiB, 0 %
2026/08/30 10:03:48.208, 0 MiB, 0 %
2026/08/30 10:03:50.208, 0 MiB, 0 %
2026/08/30 10:03:52.209, 0 MiB, 0 %
2026/08/30 10:03:54.209, 0 MiB, 0 %
2026/08/30 10:03:56.210, 0 MiB, 0 %
2026/08/30 10:03:58.210, 0 MiB, 0 %
2026/08/30 10:04:00.210, 0 MiB, 0 %
2026/08/30 10:04:02.211, 0 MiB, 0 %
2026/08/30 10:04:04.211, 0 MiB, 0 %
2026/08/30 10:04:06.211, 0 MiB, 0 %
2026/08/30 10:04:08.212, 0 MiB, 0 %
2026/08/30 10:04:10.212, 0 MiB, 0 %
2026/08/30 10:04:12.213, 0 MiB, 0 %
2026/08/30 10:04:14.213, 0 MiB, 0 %
2026/08/30 10:04:16.213, 0 MiB, 0 %
2026/08/30 10:04:18.214, 0 MiB, 0 %
2026/08/30 10:04:20.214, 0 MiB, 0 %
2026/08/30 10:04:22.215, 0 MiB, 0 %
2026/08/30 10:04:24.215, 0 MiB, 0 %
2026/08/30 10:04:26.215, 0 MiB, 0 %
2026/08/30 10:04:28.216, 0 MiB, 0 %
2026/08/30 10:04:30.216, 0 MiB, 0 %
2026/08/30 10:04:32.216, 0 MiB, 0 %
2026/08/30 10:04:34.217, 0 MiB, 0 %
2026/08/30 10:04:36.217, 0 MiB, 0 %
2026/08/30 10:04:38.218, 0 MiB, 0 %
2026/08/30 10:04:40.218, 0 MiB, 0 %
2026/08/30 10:04:42.218, 0 MiB, 0 %
2026/08/30 10:04:44.219, 0 MiB, 0 %
2026/08/30 10:04:46.219, 0 MiB, 0 %
2026/08/30 10:04:48.220, 0 MiB, 0 %
2026/08/30 10:04:50.220, 0 MiB, 0 %
2026/08/30 10:04:52.220, 0 MiB, 0 %
2026/08/30 10:04:54.221, 0 MiB, 0 %
2026/08/30 10:04:56.221, 0 MiB, 0 %
2026/08/30 10:04:58.222, 0 MiB, 0 %
2026/08/30 10:05:00.222, 0 MiB, 0 %
2026/08/30 10:05:02.222, 0 MiB, 0 %
2026/08/30 10:05:04.223, 0 MiB, 0 %
2026/08/30 10:05:06.223, 0 MiB, 0 %
2026/08/30 10:05:08.223, 0 MiB, 0 %
2026/08/30 10:05:10.224, 0 MiB, 0 %
2026/08/30 10:05:12.224, 0 MiB, 0 %
2026/08/30 10:05:14.225, 0 MiB, 0 %
2026/08/30 10:05:16.225, 0 MiB, 0 %
2026/08/30 10:05:18.225, 0 MiB, 0 %
2026/08/30 10:05:20.226, 0 MiB, 0 %
2026/08/30 10:05:22.226, 0 MiB, 0 %
2026/08/30 10:05:24.227, 0 MiB, 0 %
2026/08/30 10:05:26.227, 0 MiB, 0 %
2026/08/30 10:05:28.227, 0 MiB, 0 %
2026/08/30 10:05:30.228, 0 MiB, 0 %
2026/08/30 10:05:32.228, 0 MiB, 0 %
2026/08/30 10:05:34.228, 0 MiB, 0 %
2026/08/30 10:05:36.229, 0 MiB, 0 %
2026/08/30 10:05:38.233, 0 MiB, 0 %
2026/08/30 10:05:40.233, 0 MiB, 0 %
2026/08/30 10:05:42.233, 0 MiB, 0 %
2026/08/30 10:05:44.234, 0 MiB, 0 %
2026/08/30 10:05:46.234, 0 MiB, 0 %
2026/08/30 10:05:48.235, 0 MiB, 0 %
2026/08/30 10:05:50.235, 0 MiB, 0 %
2026/08/30 10:05:52.235, 0 MiB, 0 %
2026/08/30 10:05:54.236, 0 MiB, 0 %
2026/08/30 10:05:56.236, 0 MiB, 0 %
2026/08/30 10:05:58.236, 0 MiB, 0 %
2026/08/30 10:06:00.237, 0 MiB, 0 %
2026/08/30 10:06:02.237, 0 MiB, 0 %
2026/08/30 10:06:04.237, 0 MiB, 0 %
2026/08/30 10:06:06.238, 0 MiB, 0 %
2026/08/30 10:06:08.238, 0 MiB, 0 %
2026/08/30 10:06:10.239, 0 MiB, 0 %
2026/08/30 10:06:12.239, 0 MiB, 0 %
2026/08/30 10:06:14.239, 0 MiB, 0 %
2026/08/30 10:06:16.240, 0 MiB, 0 %
2026/08/30 10:06:18.240, 0 MiB, 0 %
2026/08/30 10:06:20.241, 0 MiB, 0 %
2026/08/30 10:06:22.241, 0 MiB, 0 %
2026/08/30 10:06:24.241, 0 MiB, 0 %
2026/08/30 10:06:26.242, 0 MiB, 0 %
2026/08/30 10:06:28.242, 0 MiB, 0 %
2026/08/30 10:06:30.243, 0 MiB, 0 %
2026/08/30 10:06:32.243, 0 MiB, 0 %
2026/08/30 10:06:34.243, 0 MiB, 0 %
2026/08/30 10:06:36.244, 0 MiB, 0 %
2026/08/30 10:06:38.244, 0 MiB, 0 %
2026/08/30 10:06:40.244, 0 MiB, 0 %
2026/08/30 10:06:42.245, 0 MiB, 0 %
2026/08/30 10:06:44.246, 0 MiB, 0 %
2026/08/30 10:06:46.246, 0 MiB, 0 %
2026/08/30 10:06:48.246, 0 MiB, 0 %
2026/08/30 10:06:50.247, 0 MiB, 0 %
2026/08/30 10:06:52.247, 0 MiB, 0 %
2026/08/30 10:06:54.247, 0 MiB, 0 %
2026/08/30 10:06:56.248, 0 MiB, 0 %
2026/08/30 10:06:58.248, 0 MiB, 0 %
2026/08/30 10:07:00.249, 0 MiB, 0 %
2026/08/30 10:07:02.249, 0 MiB, 0 %
2026/08/30 10:07:04.249, 0 MiB, 0 %
2026/08/30 10:07:06.250, 0 MiB, 0 %
2026/08/30 10:07:08.250, 0 MiB, 0 %
2026/08/30 10:07:10.251, 0 MiB, 0 %
2026/08/30 10:07:12.251, 0 MiB, 0 %
2026/08/30 10:07:14.251, 0 MiB, 0 %
2026/08/30 10:07:16.252, 0 MiB, 0 %
2026/08/30 10:07:18.252, 0 MiB, 0 %
2026/08/30 10:07:20.252, 0 MiB, 0 %
2026/08/30 10:07:22.253, 0 MiB, 0 %
2026/08/30 10:07:24.253, 0 MiB, 0 %
2026/08/30 10:07:26.254, 0 MiB, 0 %
2026/08/30 10:07:28.254, 0 MiB, 0 %
2026/08/30 10:07:30.254, 0 MiB, 0 %
2026/08/30 10:07:32.255, 0 MiB, 0 %
2026/08/30 10:07:34.255, 0 MiB, 0 %
2026/08/30 10:07:36.256, 0 MiB, 0 %
2026/08/30 10:07:38.256, 0 MiB, 0 %
2026/08/30 10:07:40.256, 0 MiB, 0 %
2026/08/30 10:07:42.257, 0 MiB, 0 %
2026/08/30 10:07:44.257, 0 MiB, 0 %
2026/08/30 10:07:46.258, 0 MiB, 0 %
2026/08/30 10:07:48.258, 0 MiB, 0 %
2026/08/30 10:07:50.258, 0 MiB, 0 %
2026/08/30 10:07:52.259, 0 MiB, 0 %
2026/08/30 10:07:54.259, 0 MiB, 0 %
2026/08/30 10:07:56.260, 0 MiB, 0 %
2026/08/30 10:07:58.260, 0 MiB, 0 %
2026/08/30 10:08:00.260, 0 MiB, 0 %
2026/08/30 10:08:02.261, 0 MiB, 0 %
2026/08/30 10:08:04.261, 0 MiB, 0 %
2026/08/30 10:08:06.262, 0 MiB, 0 %
2026/08/30 10:08:08.262, 0 MiB, 0 %
2026/08/30 10:08:10.263, 0 MiB, 0 %
2026/08/30 10:08:12.263, 0 MiB, 0 %
2026/08/30 10:08:14.263, 0 MiB, 0 %
2026/08/30 10:08:16.264, 0 MiB, 0 %
2026/08/30 10:08:18.264, 0 MiB, 0 %
2026/08/30 10:08:20.264, 0 MiB, 0 %
2026/08/30 10:08:22.265, 0 MiB, 0 %
2026/08/30 10:08:24.265, 0 MiB, 0 %
2026/08/30 10:08:26.266, 0 MiB, 0 %
2026/08/30 10:08:28.266, 0 MiB, 0 %
2026/08/30 10:08:30.266, 0 MiB, 0 %
2026/08/30 10:08:32.267, 0 MiB, 0 %
2026/08/30 10:08:34.267, 0 MiB, 0 %
2026/08/30 10:08:36.268, 0 MiB, 0 %
2026/08/30 10:08:38.268, 0 MiB, 0 %
2026/08/30 10:08:40.268, 0 MiB, 0 %
2026/08/30 10:08:42.269, 0 MiB, 0 %
2026/08/30 10:08:44.269, 0 MiB, 0 %
2026/08/30 10:08:46.269, 0 MiB, 0 %
2026/08/30 10:08:48.270, 0 MiB, 0 %
2026/08/30 10:08:50.270, 0 MiB, 0 %
2026/08/30 10:08:52.271, 0 MiB, 0 %
2026/08/30 10:08:54.271, 0 MiB, 0 %
2026/08/30 10:08:56.272, 0 MiB, 0 %
2026/08/30 10:08:58.272, 0 MiB, 0 %
2026/08/30 10:09:00.272, 0 MiB, 0 %
2026/08/30 10:09:02.273, 0 MiB, 0 %
2026/08/30 10:09:04.273, 0 MiB, 0 %
2026/08/30 10:09:06.274, 0 MiB, 0 %
2026/08/30 10:09:08.274, 0 MiB, 0 %
2026/08/30 10:09:10.274, 0 MiB, 0 %
2026/08/30 10:09:12.275, 0 MiB, 0 %
2026/08/30 10:09:14.275, 0 MiB, 0 %
2026/08/30 10:09:16.276, 0 MiB, 0 %
2026/08/30 10:09:18.276, 0 MiB, 0 %
2026/08/30 10:09:20.276, 0 MiB, 0 %
2026/08/30 10:09:22.277, 0 MiB, 0 %
2026/08/30 10:09:24.277, 0 MiB, 0 %
2026/08/30 10:09:26.278, 0 MiB, 0 %
2026/08/30 10:09:28.278, 0 MiB, 0 %
2026/08/30 10:09:30.278, 0 MiB, 0 %
2026/08/30 10:09:32.279, 0 MiB, 0 %
2026/08/30 10:09:34.279, 0 MiB, 0 %
2026/08/30 10:09:36.280, 0 MiB, 0 %
2026/08/30 10:09:38.280, 0 MiB, 0 %
2026/08/30 10:09:40.280, 0 MiB, 0 %
2026/08/30 10:09:42.281, 0 MiB, 0 %
2026/08/30 10:09:44.281, 0 MiB, 0 %
2026/08/30 10:09:46.281, 0 MiB, 0 %
2026/08/30 10:09:48.282, 0 MiB, 0 %
2026/08/30 10:09:50.282, 0 MiB, 0 %
2026/08/30 10:09:52.283, 0 MiB, 0 %
2026/08/30 10:09:54.283, 0 MiB, 0 %
2026/08/30 10:09:56.283, 0 MiB, 0 %
2026/08/30 10:09:58.284, 0 MiB, 0 %
2026/08/30 10:10:00.284, 0 MiB, 0 %
2026/08/30 10:10:02.285, 0 MiB, 0 %
2026/08/30 10:10:04.285, 0 MiB, 0 %
2026/08/30 10:10:06.285, 0 MiB, 0 %
2026/08/30 10:10:08.286, 0 MiB, 0 %
2026/08/30 10:10:10.286, 0 MiB, 0 %
2026/08/30 10:10:12.287, 0 MiB, 0 %
2026/08/30 10:10:14.287, 0 MiB, 0 %
2026/08/30 10:10:16.287, 0 MiB, 0 %
2026/08/30 10:10:18.288, 0 MiB, 0 %
2026/08/30 10:10:20.288, 0 MiB, 0 %
2026/08/30 10:10:22.288, 0 MiB, 0 %
2026/08/30 10:10:24.289, 0 MiB, 0 %
2026/08/30 10:10:26.289, 0 MiB, 0 %
2026/08/30 10:10:28.309, 0 MiB, 0 %
2026/08/30 10:10:30.309, 0 MiB, 0 %
2026/08/30 10:10:32.310, 0 MiB, 0 %
2026/08/30 10:10:34.310, 0 MiB, 0 %
2026/08/30 10:10:36.310, 0 MiB, 0 %
2026/08/30 10:10:38.311, 0 MiB, 0 %
2026/08/30 10:10:40.311, 0 MiB, 0 %
2026/08/30 10:10:42.311, 0 MiB, 0 %
2026/08/30 10:10:44.312, 0 MiB, 0 %
2026/08/30 10:10:46.312, 0 MiB, 0 %
2026/08/30 10:10:48.313, 0 MiB, 0 %
2026/08/30 10:10:50.313, 0 MiB, 0 %
2026/08/30 10:10:52.313, 0 MiB, 0 %
2026/08/30 10:10:54.314, 0 MiB, 0 %
2026/08/30 10:10:56.314, 0 MiB, 0 %
2026/08/30 10:10:58.315, 0 MiB, 0 %
2026/08/30 10:11:00.315, 0 MiB, 0 %
2026/08/30 10:11:02.315, 0 MiB, 0 %
2026/08/30 10:11:04.316, 0 MiB, 0 %
2026/08/30 10:11:06.316, 0 MiB, 0 %
2026/08/30 10:11:08.316, 0 MiB, 0 %
2026/08/30 10:11:10.317, 0 MiB, 0 %
2026/08/30 10:11:12.317, 0 MiB, 0 %
2026/08/30 10:11:14.318, 0 MiB, 0 %
2026/08/30 10:11:16.318, 0 MiB, 0 %
2026/08/30 10:11:18.318, 0 MiB, 0 %
2026/08/30 10:11:20.319, 0 MiB, 0 %
2026/08/30 10:11:22.319, 0 MiB, 0 %
2026/08/30 10:11:24.319, 0 MiB, 0 %
2026/08/30 10:11:26.320, 0 MiB, 0 %
2026/08/30 10:11:28.320, 0 MiB, 0 %
2026/08/30 10:11:30.320, 0 MiB, 0 %
2026/08/30 10:11:32.321, 0 MiB, 0 %
2026/08/30 10:11:34.321, 0 MiB, 0 %
2026/08/30 10:11:36.321, 0 MiB, 0 %
2026/08/30 10:11:38.322, 0 MiB, 0 %
2026/08/30 10:11:40.322, 0 MiB, 0 %
2026/08/30 10:11:42.322, 0 MiB, 0 %
2026/08/30 10:11:44.323, 0 MiB, 0 %
2026/08/30 10:11:46.323, 0 MiB, 0 %
2026/08/30 10:11:48.323, 0 MiB, 0 %
2026/08/30 10:11:50.324, 0 MiB, 0 %
2026/08/30 10:11:52.324, 0 MiB, 0 %
2026/08/30 10:11:54.325, 0 MiB, 0 %
2026/08/30 10:11:56.325, 0 MiB, 0 %
2026/08/30 10:11:58.325, 0 MiB, 0 %
2026/08/30 10:12:00.326, 0 MiB, 0 %
2026/08/30 10:12:02.326, 0 MiB, 0 %
2026/08/30 10:12:04.327, 0 MiB, 0 %
2026/08/30 10:12:06.327, 0 MiB, 0 %
2026/08/30 10:12:08.327, 0 MiB, 0 %
2026/08/30 10:12:10.328, 0 MiB, 0 %
2026/08/30 10:12:12.328, 0 MiB, 0 %
2026/08/30 10:12:14.328, 0 MiB, 0 %
2026/08/30 10:12:16.329, 0 MiB, 0 %
2026/08/30 10:12:18.329, 0 MiB, 0 %
2026/08/30 10:12:20.330, 0 MiB, 0 %
2026/08/30 10:12:22.330, 0 MiB, 0 %
2026/08/30 10:12:24.330, 0 MiB, 0 %
2026/08/30 10:12:26.331, 0 MiB, 0 %
2026/08/30 10:12:28.331, 0 MiB, 0 %
2026/08/30 10:12:30.332, 0 MiB, 0 %
2026/08/30 10:12:32.332, 0 MiB, 0 %
2026/08/30 10:12:34.332, 0 MiB, 0 %
2026/08/30 10:12:36.333, 0 MiB, 0 %
2026/08/30 10:12:38.333, 0 MiB, 0 %
2026/08/30 10:12:40.334, 0 MiB, 0 %
2026/08/30 10:12:42.334, 0 MiB, 0 %
2026/08/30 10:12:44.335, 0 MiB, 0 %
2026/08/30 10:12:46.335, 0 MiB, 0 %
2026/08/30 10:12:48.335, 0 MiB, 0 %
2026/08/30 10:12:50.336, 0 MiB, 0 %
2026/08/30 10:12:52.336, 0 MiB, 0 %
2026/08/30 10:12:54.337, 0 MiB, 0 %
2026/08/30 10:12:56.337, 0 MiB, 0 %
2026/08/30 10:12:58.337, 0 MiB, 0 %
2026/08/30 10:13:00.338, 0 MiB, 0 %
2026/08/30 10:13:02.338, 0 MiB, 0 %
2026/08/30 10:13:04.339, 0 MiB, 0 %
2026/08/30 10:13:06.339, 0 MiB, 0 %
2026/08/30 10:13:08.339, 0 MiB, 0 %
2026/08/30 10:13:10.340, 0 MiB, 0 %
2026/08/30 10:13:12.340, 0 MiB, 0 %
2026/08/30 10:13:14.340, 0 MiB, 0 %
2026/08/30 10:13:16.341, 0 MiB, 0 %
2026/08/30 10:13:18.341, 0 MiB, 0 %
2026/08/30 10:13:20.342, 0 MiB, 0 %
2026/08/30 10:13:22.342, 0 MiB, 0 %
2026/08/30 10:13:24.342, 0 MiB, 0 %
2026/08/30 10:13:26.343, 0 MiB, 0 %
2026/08/30 10:13:28.343, 0 MiB, 0 %
2026/08/30 10:13:30.343, 0 MiB, 0 %
2026/08/30 10:13:32.344, 0 MiB, 0 %
2026/08/30 10:13:34.344, 0 MiB, 0 %
2026/08/30 10:13:36.344, 0 MiB, 0 %
2026/08/30 10:13:38.345, 0 MiB, 0 %
2026/08/30 10:13:40.345, 0 MiB, 0 %
2026/08/30 10:13:42.346, 0 MiB, 0 %
2026/08/30 10:13:44.346, 0 MiB, 0 %
2026/08/30 10:13:46.346, 0 MiB, 0 %
2026/08/30 10:13:48.347, 0 MiB, 0 %
2026/08/30 10:13:50.347, 0 MiB, 0 %
2026/08/30 10:13:52.347, 0 MiB, 0 %
2026/08/30 10:13:54.348, 0 MiB, 0 %
2026/08/30 10:13:56.348, 0 MiB, 0 %
2026/08/30 10:13:58.349, 0 MiB, 0 %
2026/08/30 10:14:00.349, 0 MiB, 0 %
2026/08/30 10:14:02.349, 0 MiB, 0 %
2026/08/30 10:14:04.350, 0 MiB, 0 %
2026/08/30 10:14:06.350, 0 MiB, 0 %
2026/08/30 10:14:08.350, 0 MiB, 0 %
2026/08/30 10:14:10.351, 0 MiB, 0 %
2026/08/30 10:14:12.351, 0 MiB, 0 %
2026/08/30 10:14:14.352, 0 MiB, 0 %
2026/08/30 10:14:16.352, 0 MiB, 0 %
2026/08/30 10:14:18.352, 0 MiB, 0 %
2026/08/30 10:14:20.353, 0 MiB, 0 %
2026/08/30 10:14:22.353, 0 MiB, 0 %
2026/08/30 10:14:24.353, 0 MiB, 0 %
2026/08/30 10:14:26.354, 0 MiB, 0 %
2026/08/30 10:14:28.354, 0 MiB, 0 %
2026/08/30 10:14:30.355, 0 MiB, 0 %
2026/08/30 10:14:32.355, 0 MiB, 0 %
2026/08/30 10:14:34.355, 0 MiB, 0 %
2026/08/30 10:14:36.356, 0 MiB, 0 %
2026/08/30 10:14:38.356, 0 MiB, 0 %
2026/08/30 10:14:40.356, 0 MiB, 0 %
2026/08/30 10:14:42.357, 0 MiB, 0 %
2026/08/30 10:14:44.357, 0 MiB, 0 %
2026/08/30 10:14:46.358, 0 MiB, 0 %
2026/08/30 10:14:48.358, 0 MiB, 0 %
2026/08/30 10:14:50.358, 0 MiB, 0 %
2026/08/30 10:14:52.359, 0 MiB, 0 %
2026/08/30 10:14:54.359, 0 MiB, 0 %
2026/08/30 10:14:56.359, 0 MiB, 0 %
2026/08/30 10:14:58.360, 0 MiB, 0 %
2026/08/30 10:15:00.360, 0 MiB, 0 %
2026/08/30 10:15:02.360, 0 MiB, 0 %
2026/08/30 10:15:04.361, 0 MiB, 0 %
2026/08/30 10:15:06.361, 0 MiB, 0 %
2026/08/30 10:15:08.361, 0 MiB, 0 %
2026/08/30 10:15:10.362, 0 MiB, 0 %
2026/08/30 10:15:12.362, 0 MiB, 0 %
2026/08/30 10:15:14.363, 0 MiB, 0 %
2026/08/30 10:15:16.363, 0 MiB, 0 %
2026/08/30 10:15:18.363, 0 MiB, 0 %
2026/08/30 10:15:20.364, 0 MiB, 0 %
2026/08/30 10:15:22.364, 0 MiB, 0 %
2026/08/30 10:15:24.364, 0 MiB, 0 %
2026/08/30 10:15:26.365, 0 MiB, 0 %
2026/08/30 10:15:28.365, 0 MiB, 0 %
2026/08/30 10:15:30.366, 0 MiB, 0 %
2026/08/30 10:15:32.366, 0 MiB, 0 %
2026/08/30 10:15:34.366, 0 MiB, 0 %
2026/08/30 10:15:36.367, 0 MiB, 0 %
2026/08/30 10:15:38.367, 0 MiB, 0 %
2026/08/30 10:15:40.367, 0 MiB, 0 %
2026/08/30 10:15:42.368, 0 MiB, 0 %
2026/08/30 10:15:44.368, 0 MiB, 0 %
2026/08/30 10:15:46.369, 0 MiB, 0 %
2026/08/30 10:15:48.369, 0 MiB, 0 %
2026/08/30 10:15:50.369, 0 MiB, 0 %
2026/08/30 10:15:52.370, 0 MiB, 0 %
2026/08/30 10:15:54.370, 0 MiB, 0 %
2026/08/30 10:15:56.370, 0 MiB, 0 %
2026/08/30 10:15:58.371, 0 MiB, 0 %
2026/08/30 10:16:00.371, 0 MiB, 0 %
2026/08/30 10:16:02.372, 0 MiB, 0 %
2026/08/30 10:16:04.372, 0 MiB, 0 %
2026/08/30 10:16:06.372, 0 MiB, 0 %
2026/08/30 10:16:08.373, 0 MiB, 0 %
2026/08/30 10:16:10.373, 0 MiB, 0 %
2026/08/30 10:16:12.374, 0 MiB, 0 %
2026/08/30 10:16:14.374, 0 MiB, 0 %
2026/08/30 10:16:16.374, 0 MiB, 0 %
2026/08/30 10:16:18.375, 0 MiB, 0 %
2026/08/30 10:16:20.375, 0 MiB, 0 %
2026/08/30 10:16:22.376, 0 MiB, 0 %
2026/08/30 10:16:24.376, 0 MiB, 0 %
2026/08/30 10:16:26.376, 0 MiB, 0 %
2026/08/30 10:16:28.377, 0 MiB, 0 %
2026/08/30 10:16:30.377, 0 MiB, 0 %
2026/08/30 10:16:32.377, 0 MiB, 0 %
2026/08/30 10:16:34.378, 0 MiB, 0 %
2026/08/30 10:16:36.378, 0 MiB, 0 %
2026/08/30 10:16:38.379, 0 MiB, 0 %
2026/08/30 10:16:40.379, 0 MiB, 0 %
2026/08/30 10:16:42.379, 0 MiB, 0 %
2026/08/30 10:16:44.380, 0 MiB, 0 %
2026/08/30 10:16:46.380, 0 MiB, 0 %
2026/08/30 10:16:48.380, 0 MiB, 0 %
2026/08/30 10:16:50.381, 0 MiB, 0 %
2026/08/30 10:16:52.381, 0 MiB, 0 %
2026/08/30 10:16:54.382, 0 MiB, 0 %
2026/08/30 10:16:56.382, 0 MiB, 0 %
2026/08/30 10:16:58.382, 0 MiB, 0 %
2026/08/30 10:17:00.383, 0 MiB, 0 %
2026/08/30 10:17:02.383, 0 MiB, 0 %
2026/08/30 10:17:04.384, 0 MiB, 0 %
2026/08/30 10:17:06.384, 0 MiB, 0 %
2026/08/30 10:17:08.384, 0 MiB, 0 %
2026/08/30 10:17:10.385, 0 MiB, 0 %
2026/08/30 10:17:12.385, 0 MiB, 0 %
2026/08/30 10:17:14.385, 0 MiB, 0 %
2026/08/30 10:17:16.386, 0 MiB, 0 %
2026/08/30 10:17:18.386, 0 MiB, 0 %
2026/08/30 10:17:20.387, 0 MiB, 0 %
2026/08/30 10:17:22.387, 0 MiB, 0 %
2026/08/30 10:17:24.387, 0 MiB, 0 %
2026/08/30 10:17:26.388, 0 MiB, 0 %
2026/08/30 10:17:28.388, 0 MiB, 0 %
2026/08/30 10:17:30.388, 0 MiB, 0 %
2026/08/30 10:17:32.389, 0 MiB, 0 %
2026/08/30 10:17:34.389, 0 MiB, 0 %
2026/08/30 10:17:36.390, 0 MiB, 0 %
2026/08/30 10:17:38.390, 0 MiB, 0 %
2026/08/30 10:17:40.390, 0 MiB, 0 %
2026/08/30 10:17:42.391, 0 MiB, 0 %
2026/08/30 10:17:44.391, 0 MiB, 0 %
2026/08/30 10:17:46.391, 0 MiB, 0 %
2026/08/30 10:17:48.392, 0 MiB, 0 %
2026/08/30 10:17:50.392, 0 MiB, 0 %
2026/08/30 10:17:52.392, 0 MiB, 0 %
2026/08/30 10:17:54.393, 0 MiB, 0 %
2026/08/30 10:17:56.393, 0 MiB, 0 %
2026/08/30 10:17:58.393, 0 MiB, 0 %
2026/08/30 10:18:00.394, 0 MiB, 0 %
2026/08/30 10:18:02.394, 0 MiB, 0 %
2026/08/30 10:18:04.395, 0 MiB, 0 %
2026/08/30 10:18:06.395, 0 MiB, 0 %
2026/08/30 10:18:08.395, 0 MiB, 0 %
2026/08/30 10:18:10.396, 0 MiB, 0 %
2026/08/30 10:18:12.396, 0 MiB, 0 %
2026/08/30 10:18:14.396, 0 MiB, 0 %
2026/08/30 10:18:16.397, 0 MiB, 0 %
2026/08/30 10:18:18.397, 0 MiB, 0 %
2026/08/30 10:18:20.398, 0 MiB, 0 %
2026/08/30 10:18:22.398, 0 MiB, 0 %
2026/08/30 10:18:24.398, 0 MiB, 0 %
2026/08/30 10:18:26.399, 0 MiB, 0 %
2026/08/30 10:18:28.399, 0 MiB, 0 %
2026/08/30 10:18:30.400, 0 MiB, 0 %
2026/08/30 10:18:32.400, 0 MiB, 0 %
2026/08/30 10:18:34.400, 0 MiB, 0 %
2026/08/30 10:18:36.401, 0 MiB, 0 %
2026/08/30 10:18:38.401, 0 MiB, 0 %
2026/08/30 10:18:40.402, 0 MiB, 0 %
2026/08/30 10:18:42.402, 0 MiB, 0 %
2026/08/30 10:18:44.403, 0 MiB, 0 %
2026/08/30 10:18:46.403, 0 MiB, 0 %
2026/08/30 10:18:48.404, 0 MiB, 0 %
2026/08/30 10:18:50.404, 0 MiB, 0 %
2026/08/30 10:18:52.404, 0 MiB, 0 %
2026/08/30 10:18:54.405, 0 MiB, 0 %
2026/08/30 10:18:56.405, 0 MiB, 0 %
2026/08/30 10:18:58.406, 0 MiB, 0 %
2026/08/30 10:19:00.406, 0 MiB, 0 %
2026/08/30 10:19:02.406, 0 MiB, 0 %
2026/08/30 10:19:04.407, 0 MiB, 0 %
2026/08/30 10:19:06.407, 0 MiB, 0 %
2026/08/30 10:19:08.408, 0 MiB, 0 %
2026/08/30 10:19:10.408, 0 MiB, 0 %
2026/08/30 10:19:12.409, 0 MiB, 0 %
2026/08/30 10:19:14.409, 0 MiB, 0 %
2026/08/30 10:19:16.409, 0 MiB, 0 %
2026/08/30 10:19:18.410, 0 MiB, 0 %
2026/08/30 10:19:20.410, 0 MiB, 0 %
2026/08/30 10:19:22.411, 0 MiB, 0 %
2026/08/30 10:19:24.411, 0 MiB, 0 %
2026/08/30 10:19:26.411, 0 MiB, 0 %
2026/08/30 10:19:28.412, 0 MiB, 0 %
2026/08/30 10:19:30.412, 0 MiB, 0 %
2026/08/30 10:19:32.413, 0 MiB, 0 %
2026/08/30 10:19:34.413, 0 MiB, 0 %
2026/08/30 10:19:36.413, 0 MiB, 0 %
2026/08/30 10:19:38.414, 0 MiB, 0 %
2026/08/30 10:19:40.414, 0 MiB, 0 %
2026/08/30 10:19:42.415, 0 MiB, 0 %
2026/08/30 10:19:44.415, 0 MiB, 0 %
2026/08/30 10:19:46.416, 0 MiB, 0 %
2026/08/30 10:19:48.416, 0 MiB, 0 %
2026/08/30 10:19:50.416, 0 MiB, 0 %
2026/08/30 10:19:52.417, 0 MiB, 0 %
2026/08/30 10:19:54.417, 0 MiB, 0 %
2026/08/30 10:19:56.418, 0 MiB, 0 %
2026/08/30 10:19:58.418, 0 MiB, 0 %
2026/08/30 10:20:00.418, 0 MiB, 0 %
2026/08/30 10:20:02.419, 0 MiB, 0 %
2026/08/30 10:20:04.419, 0 MiB, 0 %
2026/08/30 10:20:06.420, 0 MiB, 0 %
2026/08/30 10:20:08.420, 0 MiB, 0 %
2026/08/30 10:20:10.420, 0 MiB, 0 %
2026/08/30 10:20:12.421, 0 MiB, 0 %
2026/08/30 10:20:14.421, 0 MiB, 0 %
2026/08/30 10:20:16.422, 0 MiB, 0 %
2026/08/30 10:20:18.422, 0 MiB, 0 %
2026/08/30 10:20:20.422, 0 MiB, 0 %
2026/08/30 10:20:22.423, 0 MiB, 0 %
2026/08/30 10:20:24.423, 0 MiB, 0 %
2026/08/30 10:20:26.423, 0 MiB, 0 %
2026/08/30 10:20:28.424, 0 MiB, 0 %
2026/08/30 10:20:30.424, 0 MiB, 0 %
2026/08/30 10:20:32.425, 0 MiB, 0 %
2026/08/30 10:20:34.425, 0 MiB, 0 %
2026/08/30 10:20:36.425, 0 MiB, 0 %
2026/08/30 10:20:38.426, 0 MiB, 0 %
2026/08/30 10:20:40.426, 0 MiB, 0 %
2026/08/30 10:20:42.427, 0 MiB, 0 %
2026/08/30 10:20:44.427, 0 MiB, 0 %
2026/08/30 10:20:46.428, 0 MiB, 0 %
2026/08/30 10:20:48.429, 0 MiB, 0 %
2026/08/30 10:20:50.429, 0 MiB, 0 %
2026/08/30 10:20:52.429, 0 MiB, 0 %
2026/08/30 10:20:54.430, 0 MiB, 0 %
2026/08/30 10:20:56.430, 0 MiB, 0 %
2026/08/30 10:20:58.430, 0 MiB, 0 %
2026/08/30 10:21:00.431, 0 MiB, 0 %
2026/08/30 10:21:02.431, 0 MiB, 0 %
2026/08/30 10:21:04.432, 0 MiB, 0 %
2026/08/30 10:21:06.432, 0 MiB, 0 %
2026/08/30 10:21:08.433, 0 MiB, 0 %
2026/08/30 10:21:10.433, 0 MiB, 0 %
2026/08/30 10:21:12.433, 0 MiB, 0 %
2026/08/30 10:21:14.434, 0 MiB, 0 %
2026/08/30 10:21:16.434, 0 MiB, 0 %
2026/08/30 10:21:18.434, 0 MiB, 0 %
2026/08/30 10:21:20.435, 0 MiB, 0 %
2026/08/30 10:21:22.435, 0 MiB, 0 %
2026/08/30 10:21:24.436, 0 MiB, 0 %
2026/08/30 10:21:26.436, 0 MiB, 0 %
2026/08/30 10:21:28.436, 0 MiB, 0 %
2026/08/30 10:21:30.437, 0 MiB, 0 %
2026/08/30 10:21:32.437, 0 MiB, 0 %
2026/08/30 10:21:34.438, 0 MiB, 0 %
2026/08/30 10:21:36.438, 0 MiB, 0 %
2026/08/30 10:21:38.438, 0 MiB, 0 %
2026/08/30 10:21:40.439, 0 MiB, 0 %
2026/08/30 10:21:42.439, 0 MiB, 0 %
2026/08/30 10:21:44.439, 0 MiB, 0 %
2026/08/30 10:21:46.440, 0 MiB, 0 %
