timestamp, memory.used [MiB], utilization.gpu [%]
2026/08/30 11:33:06.724, 0 MiB, 0 %
2026/08/30 11:33:08.729, 0 MiB, 0 %
2026/08/30 11:33:10.730, 267 MiB, 0 %
2026/08/30 11:33:12.745, 267 MiB, 0 %
2026/08/30 11:33:14.746, 613 MiB, 0 %
2026/08/30 11:33:16.746, 12361 MiB, 0 %
2026/08/30 11:33:18.747, 14661 MiB, 1 %
2026/08/30 11:33:20.747, 14661 MiB, 100 %
2026/08/30 11:33:22.747, 14661 MiB, 42 %
2026/08/30 11:33:24.748, 14661 MiB, 100 %
2026/08/30 11:33:26.748, 14661 MiB, 100 %
2026/08/30 11:33:28.749, 14661 MiB, 100 %
2026/08/30 11:33:30.749, 14661 MiB, 100 %
2026/08/30 11:33:32.750, 14661 MiB, 98 %
2026/08/30 11:33:34.750, 14661 MiB, 100 %
2026/08/30 11:33:36.750, 14661 MiB, 52 %
2026/08/30 11:33:38.751, 14661 MiB, 100 %
2026/08/30 11:33:40.751, 14661 MiB, 100 %
2026/08/30 11:33:42.752, 14661 MiB, 100 %
2026/08/30 11:33:44.752, 14661 MiB, 100 %
2026/08/30 11:33:46.752, 14661 MiB, 100 %
2026/08/30 11:33:48.753, 14661 MiB, 100 %
2026/08/30 11:33:50.753, 14661 MiB, 33 %
2026/08/30 11:33:52.753, 14661 MiB, 98 %
2026/08/30 11:33:54.754, 14661 MiB, 100 %
2026/08/30 11:33:56.754, 14661 MiB, 100 %
2026/08/30 11:33:58.755, 14661 MiB, 100 %
2026/08/30 11:34:00.755, 14661 MiB, 100 %
2026/08/30 11:34:02.755, 14661 MiB, 100 %
2026/08/30 11:34:04.756, 14661 MiB, 51 %
2026/08/30 11:34:06.756, 14661 MiB, 98 %
2026/08/30 11:34:08.756, 14661 MiB, 68 %
2026/08/30 11:34:10.757, 14661 MiB, 100 %
2026/08/30 11:34:12.757, 14661 MiB, 100 %
2026/08/30 11:34:14.758, 14661 MiB, 100 %
2026/08/30 11:34:16.758, 14661 MiB, 100 %
2026/08/30 11:34:18.758, 14661 MiB, 100 %
2026/08/30 11:34:20.759, 14661 MiB, 100 %
2026/08/30 11:34:22.759, 14661 MiB, 88 %
2026/08/30 11:34:24.759, 14661 MiB, 100 %
2026/08/30 11:34:26.760, 14661 MiB, 39 %
2026/08/30 11:34:28.760, 14661 MiB, 97 %
2026/08/30 11:34:30.761, 14661 MiB, 100 %
2026/08/30 11:34:32.761, 14661 MiB, 100 %
2026/08/30 11:34:34.762, 14661 MiB, 100 %
2026/08/30 11:34:36.762, 14661 MiB, 100 %
2026/08/30 11:34:38.762, 14661 MiB, 100 %
2026/08/30 11:34:40.763, 14661 MiB, 100 %
2026/08/30 11:34:42.763, 14661 MiB, 100 %
2026/08/30 11:34:44.763, 14661 MiB, 59 %
2026/08/30 11:34:46.764, 14661 MiB, 97 %
2026/08/30 11:34:48.764, 14661 MiB, 48 %
2026/08/30 11:34:50.765, 14661 MiB, 98 %
2026/08/30 11:34:52.765, 14661 MiB, 100 %
2026/08/30 11:34:54.765, 14661 MiB, 100 %
2026/08/30 11:34:56.766, 14661 MiB, 100 %
2026/08/30 11:34:58.766, 14661 MiB, 100 %
2026/08/30 11:35:00.767, 14661 MiB, 100 %
2026/08/30 11:35:02.767, 14661 MiB, 100 %
2026/08/30 11:35:04.767, 14661 MiB, 100 %
2026/08/30 11:35:06.768, 14661 MiB, 87 %
2026/08/30 11:35:08.768, 14661 MiB, 100 %
2026/08/30 11:35:10.769, 14661 MiB, 57 %
2026/08/30 11:35:12.769, 14661 MiB, 100 %
2026/08/30 11:35:14.769, 14661 MiB, 38 %
2026/08/30 11:35:16.770, 14661 MiB, 97 %
2026/08/30 11:35:18.770, 14661 MiB, 56 %
2026/08/30 11:35:20.771, 14661 MiB, 98 %
2026/08/30 11:35:22.771, 14661 MiB, 81 %
2026/08/30 11:35:24.771, 14661 MiB, 100 %
2026/08/30 11:35:26.772, 14661 MiB, 100 %
2026/08/30 11:35:28.772, 14661 MiB, 100 %
2026/08/30 11:35:30.772, 14661 MiB, 100 %
2026/08/30 11:35:32.773, 14661 MiB, 100 %
2026/08/30 11:35:34.773, 14661 MiB, 100 %
2026/08/30 11:35:36.773, 14661 MiB, 93 %
2026/08/30 11:35:38.774, 14661 MiB, 100 %
2026/08/30 11:35:40.774, 14661 MiB, 47 %
2026/08/30 11:35:42.775, 14661 MiB, 98 %
2026/08/30 11:35:44.775, 14661 MiB, 63 %
2026/08/30 11:35:46.776, 14661 MiB, 100 %
2026/08/30 11:35:48.776, 14661 MiB, 100 %
2026/08/30 11:35:50.776, 14661 MiB, 100 %
2026/08/30 11:35:52.777, 14661 MiB, 100 %
2026/08/30 11:35:54.777, 14661 MiB, 100 %
2026/08/30 11:35:56.778, 14661 MiB, 98 %
2026/08/30 11:35:58.778, 14661 MiB, 62 %
2026/08/30 11:36:00.778, 14661 MiB, 100 %
2026/08/30 11:36:02.779, 14661 MiB, 100 %
2026/08/30 11:36:04.779, 14661 MiB, 100 %
2026/08/30 11:36:06.780, 14661 MiB, 100 %
2026/08/30 11:36:08.780, 14661 MiB, 100 %
2026/08/30 11:36:10.781, 14661 MiB, 100 %
2026/08/30 11:36:12.781, 14661 MiB, 46 %
2026/08/30 11:36:14.781, 14661 MiB, 98 %
2026/08/30 11:36:16.782, 14661 MiB, 90 %
2026/08/30 11:36:18.782, 14661 MiB, 100 %
2026/08/30 11:36:20.782, 14661 MiB, 100 %
2026/08/30 11:36:22.783, 14661 MiB, 100 %
2026/08/30 11:36:24.783, 14661 MiB, 100 %
2026/08/30 11:36:26.784, 14661 MiB, 100 %
2026/08/30 11:36:28.784, 14661 MiB, 100 %
2026/08/30 11:36:30.784, 14661 MiB, 100 %
2026/08/30 11:36:32.785, 14661 MiB, 100 %
2026/08/30 11:36:34.785, 14661 MiB, 100 %
2026/08/30 11:36:36.785, 14661 MiB, 100 %
2026/08/30 11:36:38.786, 14661 MiB, 100 %
2026/08/30 11:36:40.786, 14661 MiB, 100 %
2026/08/30 11:36:42.786, 14661 MiB, 53 %
2026/08/30 11:36:44.787, 14661 MiB, 98 %
2026/08/30 11:36:46.787, 14661 MiB, 39 %
2026/08/30 11:36:48.787, 14661 MiB, 98 %
2026/08/30 11:36:50.788, 14661 MiB, 70 %
2026/08/30 11:36:52.788, 14661 MiB, 100 %
2026/08/30 11:36:54.788, 14661 MiB, 100 %
2026/08/30 11:36:56.789, 14661 MiB, 100 %
2026/08/30 11:36:58.789, 14661 MiB, 100 %
2026/08/30 11:37:00.790, 14661 MiB, 100 %
2026/08/30 11:37:02.790, 14661 MiB, 100 %
2026/08/30 11:37:04.790, 14661 MiB, 100 %
2026/08/30 11:37:06.791, 14661 MiB, 100 %
2026/08/30 11:37:08.791, 14661 MiB, 95 %
2026/08/30 11:37:10.792, 14661 MiB, 100 %
2026/08/30 11:37:12.792, 14661 MiB, 57 %
2026/08/30 11:37:14.793, 14661 MiB, 98 %
2026/08/30 11:37:16.793, 14661 MiB, 62 %
2026/08/30 11:37:18.793, 14661 MiB, 97 %
2026/08/30 11:37:20.794, 14661 MiB, 98 %
2026/08/30 11:37:22.794, 14661 MiB, 100 %
2026/08/30 11:37:24.795, 14661 MiB, 100 %
2026/08/30 11:37:26.796, 14661 MiB, 57 %
2026/08/30 11:37:28.796, 14661 MiB, 98 %
2026/08/30 11:37:30.796, 14661 MiB, 48 %
2026/08/30 11:37:32.797, 14661 MiB, 98 %
2026/08/30 11:37:34.797, 14661 MiB, 100 %
2026/08/30 11:37:36.798, 14661 MiB, 100 %
2026/08/30 11:37:38.798, 14661 MiB, 100 %
2026/08/30 11:37:40.798, 14661 MiB, 100 %
2026/08/30 11:37:42.799, 14661 MiB, 100 %
2026/08/30 11:37:44.799, 14661 MiB, 100 %
2026/08/30 11:37:46.800, 14661 MiB, 100 %
2026/08/30 11:37:48.800, 14661 MiB, 100 %
2026/08/30 11:37:50.800, 14661 MiB, 100 %
2026/08/30 11:37:52.801, 14661 MiB, 88 %
2026/08/30 11:37:54.801, 14661 MiB, 100 %
2026/08/30 11:37:56.802, 14661 MiB, 73 %
2026/08/30 11:37:58.802, 14661 MiB, 100 %
2026/08/30 11:38:00.803, 14661 MiB, 42 %
2026/08/30 11:38:02.803, 14661 MiB, 98 %
2026/08/30 11:38:04.804, 14661 MiB, 64 %
2026/08/30 11:38:06.804, 14661 MiB, 98 %
2026/08/30 11:38:08.805, 14661 MiB, 100 %
2026/08/30 11:38:10.805, 14661 MiB, 100 %
2026/08/30 11:38:12.805, 14661 MiB, 100 %
2026/08/30 11:38:14.806, 14661 MiB, 100 %
2026/08/30 11:38:16.806, 14661 MiB, 100 %
2026/08/30 11:38:18.807, 14661 MiB, 100 %
2026/08/30 11:38:20.807, 14661 MiB, 100 %
2026/08/30 11:38:22.808, 14661 MiB, 100 %
2026/08/30 11:38:24.808, 14661 MiB, 100 %
2026/08/30 11:38:26.809, 14661 MiB, 84 %
2026/08/30 11:38:28.809, 14661 MiB, 100 %
2026/08/30 11:38:30.809, 14661 MiB, 39 %
2026/08/30 11:38:32.810, 14661 MiB, 98 %
2026/08/30 11:38:34.810, 14661 MiB, 52 %
2026/08/30 11:38:36.811, 14661 MiB, 98 %
2026/08/30 11:38:38.811, 14661 MiB, 100 %
2026/08/30 11:38:40.812, 14661 MiB, 100 %
2026/08/30 11:38:42.812, 14661 MiB, 100 %
2026/08/30 11:38:44.812, 14661 MiB, 100 %
2026/08/30 11:38:46.813, 14661 MiB, 100 %
2026/08/30 11:38:48.813, 14661 MiB, 100 %
2026/08/30 11:38:50.814, 14661 MiB, 100 %
2026/08/30 11:38:52.814, 14661 MiB, 70 %
2026/08/30 11:38:54.815, 14661 MiB, 98 %
2026/08/30 11:38:56.815, 14661 MiB, 72 %
2026/08/30 11:38:58.816, 14661 MiB, 100 %
2026/08/30 11:39:00.816, 14661 MiB, 100 %
2026/08/30 11:39:02.817, 14661 MiB, 100 %
2026/08/30 11:39:04.817, 14661 MiB, 100 %
2026/08/30 11:39:06.818, 14661 MiB, 98 %
2026/08/30 11:39:08.819, 14661 MiB, 100 %
2026/08/30 11:39:10.819, 14661 MiB, 56 %
2026/08/30 11:39:12.819, 14661 MiB, 98 %
2026/08/30 11:39:14.820, 14661 MiB, 100 %
2026/08/30 11:39:16.820, 14661 MiB, 100 %
2026/08/30 11:39:18.820, 14661 MiB, 100 %
2026/08/30 11:39:20.821, 14661 MiB, 100 %
2026/08/30 11:39:22.821, 14661 MiB, 100 %
2026/08/30 11:39:24.822, 14661 MiB, 100 %
2026/08/30 11:39:26.822, 14661 MiB, 100 %
2026/08/30 11:39:28.822, 14661 MiB, 95 %
2026/08/30 11:39:30.823, 14661 MiB, 100 %
2026/08/30 11:39:32.823, 14661 MiB, 38 %
2026/08/30 11:39:34.824, 14661 MiB, 98 %
2026/08/30 11:39:36.824, 14661 MiB, 89 %
2026/08/30 11:39:38.824, 14661 MiB, 100 %
2026/08/30 11:39:40.825, 14661 MiB, 100 %
2026/08/30 11:39:42.825, 14661 MiB, 100 %
2026/08/30 11:39:44.825, 14661 MiB, 100 %
2026/08/30 11:39:46.826, 14661 MiB, 100 %
2026/08/30 11:39:48.827, 14661 MiB, 100 %
2026/08/30 11:39:50.827, 14661 MiB, 100 %
2026/08/30 11:39:52.827, 14661 MiB, 100 %
2026/08/30 11:39:54.828, 14661 MiB, 85 %
2026/08/30 11:39:56.828, 14661 MiB, 100 %
2026/08/30 11:39:58.828, 14661 MiB, 51 %
2026/08/30 11:40:00.829, 14661 MiB, 97 %
2026/08/30 11:40:02.829, 14661 MiB, 64 %
2026/08/30 11:40:04.829, 14661 MiB, 98 %
2026/08/30 11:40:06.830, 14661 MiB, 100 %
2026/08/30 11:40:08.830, 14661 MiB, 100 %
2026/08/30 11:40:10.830, 14661 MiB, 100 %
2026/08/30 11:40:12.831, 14661 MiB, 100 %
2026/08/30 11:40:14.831, 14661 MiB, 100 %
2026/08/30 11:40:16.831, 14661 MiB, 100 %
2026/08/30 11:40:18.832, 14661 MiB, 100 %
2026/08/30 11:40:20.832, 14661 MiB, 100 %
2026/08/30 11:40:22.832, 14661 MiB, 100 %
2026/08/30 11:40:24.833, 14661 MiB, 95 %
2026/08/30 11:40:26.833, 14661 MiB, 100 %
2026/08/30 11:40:28.834, 14661 MiB, 40 %
2026/08/30 11:40:30.834, 14661 MiB, 100 %
2026/08/30 11:40:32.834, 14661 MiB, 100 %
2026/08/30 11:40:34.835, 14661 MiB, 100 %
2026/08/30 11:40:36.835, 14661 MiB, 100 %
2026/08/30 11:40:38.835, 14661 MiB, 100 %
2026/08/30 11:40:40.836, 14661 MiB, 100 %
2026/08/30 11:40:42.836, 14661 MiB, 100 %
2026/08/30 11:40:44.837, 14661 MiB, 100 %
2026/08/30 11:40:46.837, 14661 MiB, 96 %
2026/08/30 11:40:48.837, 14661 MiB, 100 %
2026/08/30 11:40:50.838, 14661 MiB, 50 %
2026/08/30 11:40:52.838, 14661 MiB, 97 %
2026/08/30 11:40:54.838, 14661 MiB, 58 %
2026/08/30 11:40:56.839, 14661 MiB, 98 %
2026/08/30 11:40:58.839, 14661 MiB, 100 %
2026/08/30 11:41:00.839, 14661 MiB, 100 %
2026/08/30 11:41:02.840, 14661 MiB, 100 %
2026/08/30 11:41:04.840, 14661 MiB, 100 %
2026/08/30 11:41:06.840, 14661 MiB, 100 %
2026/08/30 11:41:08.841, 14661 MiB, 100 %
2026/08/30 11:41:10.841, 14661 MiB, 100 %
2026/08/30 11:41:12.841, 14661 MiB, 82 %
2026/08/30 11:41:14.842, 14661 MiB, 100 %
2026/08/30 11:41:16.842, 14661 MiB, 47 %
2026/08/30 11:41:18.842, 14661 MiB, 97 %
2026/08/30 11:41:20.843, 14661 MiB, 100 %
2026/08/30 11:41:22.843, 14661 MiB, 100 %
2026/08/30 11:41:24.844, 14661 MiB, 100 %
2026/08/30 11:41:26.844, 14661 MiB, 100 %
2026/08/30 11:41:28.844, 14661 MiB, 100 %
2026/08/30 11:41:30.845, 14661 MiB, 100 %
2026/08/30 11:41:32.845, 14661 MiB, 100 %
2026/08/30 11:41:34.846, 14661 MiB, 63 %
2026/08/30 11:41:36.846, 14661 MiB, 98 %
2026/08/30 11:41:38.847, 14661 MiB, 60 %
2026/08/30 11:41:40.848, 14661 MiB, 98 %
2026/08/30 11:41:42.848, 14661 MiB, 2 %
2026/08/30 11:41:44.848, 14661 MiB, 98 %
2026/08/30 11:41:46.849, 14661 MiB, 69 %
2026/08/30 11:41:48.849, 14661 MiB, 100 %
2026/08/30 11:41:50.849, 14661 MiB, 100 %
2026/08/30 11:41:52.850, 14661 MiB, 100 %
2026/08/30 11:41:54.850, 14661 MiB, 100 %
2026/08/30 11:41:56.850, 14661 MiB, 100 %
2026/08/30 11:41:58.851, 14661 MiB, 100 %
2026/08/30 11:42:00.851, 14661 MiB, 72 %
2026/08/30 11:42:02.852, 14661 MiB, 98 %
2026/08/30 11:42:04.852, 14661 MiB, 63 %
2026/08/30 11:42:06.852, 14661 MiB, 98 %
2026/08/30 11:42:08.853, 14661 MiB, 100 %
2026/08/30 11:42:10.854, 14661 MiB, 100 %
2026/08/30 11:42:12.854, 14661 MiB, 100 %
2026/08/30 11:42:14.854, 14661 MiB, 100 %
2026/08/30 11:42:16.855, 14661 MiB, 100 %
2026/08/30 11:42:18.855, 14661 MiB, 100 %
2026/08/30 11:42:20.856, 14661 MiB, 100 %
2026/08/30 11:42:22.856, 14661 MiB, 100 %
2026/08/30 11:42:24.856, 14661 MiB, 100 %
2026/08/30 11:42:26.857, 14661 MiB, 71 %
2026/08/30 11:42:28.857, 14661 MiB, 100 %
2026/08/30 11:42:30.858, 14661 MiB, 41 %
2026/08/30 11:42:32.858, 14661 MiB, 98 %
2026/08/30 11:42:34.858, 14661 MiB, 76 %
2026/08/30 11:42:36.859, 14661 MiB, 100 %
2026/08/30 11:42:38.859, 14661 MiB, 100 %
2026/08/30 11:42:40.860, 14661 MiB, 100 %
2026/08/30 11:42:42.860, 14661 MiB, 100 %
2026/08/30 11:42:44.860, 14661 MiB, 100 %
2026/08/30 11:42:46.861, 14661 MiB, 100 %
2026/08/30 11:42:48.862, 14661 MiB, 100 %
2026/08/30 11:42:50.862, 14661 MiB, 100 %
2026/08/30 11:42:52.863, 14661 MiB, 42 %
2026/08/30 11:42:54.863, 14661 MiB, 98 %
2026/08/30 11:42:56.863, 14661 MiB, 83 %
2026/08/30 11:42:58.864, 14661 MiB, 100 %
2026/08/30 11:43:00.865, 14661 MiB, 100 %
2026/08/30 11:43:02.865, 14661 MiB, 100 %
2026/08/30 11:43:04.865, 14661 MiB, 100 %
2026/08/30 11:43:06.866, 14661 MiB, 100 %
2026/08/30 11:43:08.866, 14661 MiB, 100 %
2026/08/30 11:43:10.866, 14661 MiB, 49 %
2026/08/30 11:43:12.867, 14661 MiB, 98 %
2026/08/30 11:43:14.867, 14661 MiB, 63 %
2026/08/30 11:43:16.868, 14661 MiB, 100 %
2026/08/30 11:43:18.868, 14661 MiB, 100 %
2026/08/30 11:43:20.868, 14661 MiB, 100 %
2026/08/30 11:43:22.869, 14661 MiB, 100 %
2026/08/30 11:43:24.869, 14661 MiB, 100 %
2026/08/30 11:43:26.870, 14661 MiB, 100 %
2026/08/30 11:43:28.870, 14661 MiB, 100 %
2026/08/30 11:43:30.870, 14661 MiB, 100 %
2026/08/30 11:43:32.871, 14661 MiB, 75 %
2026/08/30 11:43:34.871, 14661 MiB, 98 %
2026/08/30 11:43:36.872, 14661 MiB, 40 %
2026/08/30 11:43:38.872, 14661 MiB, 98 %
2026/08/30 11:43:40.872, 14661 MiB, 88 %
2026/08/30 11:43:42.873, 14661 MiB, 100 %
2026/08/30 11:43:44.873, 14661 MiB, 100 %
2026/08/30 11:43:46.874, 14661 MiB, 100 %
2026/08/30 11:43:48.874, 14661 MiB, 100 %
2026/08/30 11:43:50.874, 14661 MiB, 100 %
2026/08/30 11:43:52.875, 14661 MiB, 100 %
2026/08/30 11:43:54.875, 14661 MiB, 100 %
2026/08/30 11:43:56.876, 14661 MiB, 100 %
2026/08/30 11:43:58.876, 14661 MiB, 58 %
2026/08/30 11:44:00.876, 14661 MiB, 98 %
2026/08/30 11:44:02.877, 14661 MiB, 62 %
2026/08/30 11:44:04.877, 14661 MiB, 100 %
2026/08/30 11:44:06.877, 14661 MiB, 100 %
2026/08/30 11:44:08.879, 14661 MiB, 100 %
2026/08/30 11:44:10.879, 14661 MiB, 100 %
2026/08/30 11:44:12.879, 14661 MiB, 100 %
2026/08/30 11:44:14.880, 14661 MiB, 100 %
2026/08/30 11:44:16.880, 14661 MiB, 54 %
2026/08/30 11:44:18.880, 14661 MiB, 96 %
2026/08/30 11:44:20.881, 14661 MiB, 58 %
2026/08/30 11:44:22.881, 14661 MiB, 98 %
2026/08/30 11:44:24.881, 14661 MiB, 100 %
2026/08/30 11:44:26.882, 14661 MiB, 100 %
2026/08/30 11:44:28.882, 14661 MiB, 100 %
2026/08/30 11:44:30.883, 14661 MiB, 100 %
2026/08/30 11:44:32.883, 14661 MiB, 100 %
2026/08/30 11:44:34.883, 14661 MiB, 87 %
2026/08/30 11:44:36.884, 14661 MiB, 100 %
2026/08/30 11:44:38.884, 14661 MiB, 55 %
2026/08/30 11:44:40.884, 14661 MiB, 98 %
2026/08/30 11:44:42.885, 14661 MiB, 100 %
2026/08/30 11:44:44.885, 14661 MiB, 100 %
2026/08/30 11:44:46.886, 14661 MiB, 100 %
2026/08/30 11:44:48.886, 14661 MiB, 100 %
2026/08/30 11:44:50.886, 14661 MiB, 100 %
2026/08/30 11:44:52.887, 14661 MiB, 100 %
2026/08/30 11:44:54.887, 14661 MiB, 100 %
2026/08/30 11:44:56.888, 14661 MiB, 77 %
2026/08/30 11:44:58.888, 14661 MiB, 98 %
2026/08/30 11:45:00.888, 14661 MiB, 42 %
2026/08/30 11:45:02.889, 14661 MiB, 100 %
2026/08/30 11:45:04.889, 14661 MiB, 100 %
2026/08/30 11:45:06.890, 14661 MiB, 100 %
2026/08/30 11:45:08.890, 14661 MiB, 100 %
2026/08/30 11:45:10.890, 14661 MiB, 100 %
2026/08/30 11:45:12.891, 14661 MiB, 100 %
2026/08/30 11:45:14.891, 14661 MiB, 94 %
2026/08/30 11:45:16.892, 14661 MiB, 100 %
2026/08/30 11:45:18.892, 14661 MiB, 53 %
2026/08/30 11:45:20.892, 14661 MiB, 98 %
2026/08/30 11:45:22.893, 14661 MiB, 54 %
2026/08/30 11:45:24.893, 14661 MiB, 97 %
2026/08/30 11:45:26.893, 14661 MiB, 100 %
2026/08/30 11:45:28.894, 14661 MiB, 100 %
2026/08/30 11:45:30.894, 14661 MiB, 100 %
2026/08/30 11:45:32.894, 14661 MiB, 100 %
2026/08/30 11:45:34.895, 14661 MiB, 100 %
2026/08/30 11:45:36.895, 14661 MiB, 100 %
2026/08/30 11:45:38.896, 14661 MiB, 100 %
2026/08/30 11:45:40.896, 14661 MiB, 74 %
2026/08/30 11:45:42.897, 14661 MiB, 100 %
2026/08/30 11:45:44.897, 14661 MiB, 39 %
2026/08/30 11:45:46.897, 14661 MiB, 98 %
2026/08/30 11:45:48.898, 14661 MiB, 62 %
2026/08/30 11:45:50.898, 14661 MiB, 98 %
2026/08/30 11:45:52.899, 14661 MiB, 86 %
2026/08/30 11:45:54.899, 14661 MiB, 100 %
2026/08/30 11:45:56.899, 14661 MiB, 100 %
2026/08/30 11:45:58.900, 14661 MiB, 100 %
2026/08/30 11:46:00.900, 14661 MiB, 100 %
2026/08/30 11:46:02.901, 14661 MiB, 100 %
2026/08/30 11:46:04.901, 14661 MiB, 100 %
2026/08/30 11:46:06.902, 14661 MiB, 100 %
2026/08/30 11:46:08.902, 14661 MiB, 100 %
2026/08/30 11:46:10.902, 14661 MiB, 77 %
2026/08/30 11:46:12.903, 14661 MiB, 99 %
2026/08/30 11:46:14.903, 14661 MiB, 44 %
2026/08/30 11:46:16.904, 14661 MiB, 98 %
2026/08/30 11:46:18.904, 14661 MiB, 100 %
2026/08/30 11:46:20.905, 14661 MiB, 100 %
2026/08/30 11:46:22.905, 14661 MiB, 100 %
2026/08/30 11:46:24.906, 14661 MiB, 100 %
2026/08/30 11:46:26.906, 14661 MiB, 100 %
2026/08/30 11:46:28.906, 14661 MiB, 100 %
2026/08/30 11:46:30.907, 14661 MiB, 100 %
2026/08/30 11:46:32.907, 14661 MiB, 100 %
2026/08/30 11:46:34.908, 14661 MiB, 100 %
2026/08/30 11:46:36.908, 14661 MiB, 49 %
2026/08/30 11:46:38.908, 14661 MiB, 98 %
2026/08/30 11:46:40.909, 14661 MiB, 72 %
2026/08/30 11:46:42.909, 14661 MiB, 100 %
2026/08/30 11:46:44.910, 14661 MiB, 100 %
2026/08/30 11:46:46.910, 14661 MiB, 100 %
2026/08/30 11:46:48.910, 14661 MiB, 100 %
2026/08/30 11:46:50.911, 14661 MiB, 100 %
2026/08/30 11:46:52.911, 14661 MiB, 100 %
2026/08/30 11:46:54.912, 14661 MiB, 49 %
2026/08/30 11:46:56.912, 14661 MiB, 98 %
2026/08/30 11:46:58.912, 14661 MiB, 80 %
2026/08/30 11:47:00.913, 14661 MiB, 100 %
2026/08/30 11:47:02.913, 14661 MiB, 100 %
2026/08/30 11:47:04.914, 14661 MiB, 100 %
2026/08/30 11:47:06.914, 14661 MiB, 100 %
2026/08/30 11:47:08.914, 14661 MiB, 94 %
2026/08/30 11:47:10.915, 14661 MiB, 100 %
2026/08/30 11:47:12.915, 14661 MiB, 49 %
2026/08/30 11:47:14.915, 14661 MiB, 98 %
2026/08/30 11:47:16.916, 14661 MiB, 43 %
2026/08/30 11:47:18.916, 14661 MiB, 98 %
2026/08/30 11:47:20.917, 14661 MiB, 82 %
2026/08/30 11:47:22.917, 14661 MiB, 100 %
2026/08/30 11:47:24.917, 14661 MiB, 100 %
2026/08/30 11:47:26.918, 14661 MiB, 100 %
2026/08/30 11:47:28.918, 14661 MiB, 100 %
2026/08/30 11:47:30.918, 14661 MiB, 100 %
2026/08/30 11:47:32.919, 14661 MiB, 100 %
2026/08/30 11:47:34.919, 14661 MiB, 72 %
2026/08/30 11:47:36.919, 14661 MiB, 98 %
2026/08/30 11:47:38.920, 14661 MiB, 51 %
2026/08/30 11:47:40.920, 14661 MiB, 98 %
2026/08/30 11:47:42.921, 14661 MiB, 100 %
2026/08/30 11:47:44.921, 14661 MiB, 100 %
2026/08/30 11:47:46.921, 14661 MiB, 100 %
2026/08/30 11:47:48.922, 14661 MiB, 100 %
2026/08/30 11:47:50.922, 14661 MiB, 100 %
2026/08/30 11:47:52.922, 14661 MiB, 100 %
2026/08/30 11:47:54.923, 14661 MiB, 100 %
2026/08/30 11:47:56.923, 14661 MiB, 63 %
2026/08/30 11:47:58.924, 14661 MiB, 98 %
2026/08/30 11:48:00.924, 14661 MiB, 57 %
2026/08/30 11:48:02.924, 14661 MiB, 97 %
2026/08/30 11:48:04.925, 14661 MiB, 100 %
2026/08/30 11:48:06.925, 14661 MiB, 100 %
2026/08/30 11:48:08.925, 14661 MiB, 100 %
2026/08/30 11:48:10.926, 14661 MiB, 100 %
2026/08/30 11:48:12.926, 14661 MiB, 100 %
2026/08/30 11:48:14.926, 14661 MiB, 100 %
2026/08/30 11:48:16.927, 14661 MiB, 100 %
2026/08/30 11:48:18.927, 14661 MiB, 78 %
2026/08/30 11:48:20.927, 14661 MiB, 98 %
2026/08/30 11:48:22.928, 14661 MiB, 29 %
2026/08/30 11:48:24.928, 14661 MiB, 98 %
2026/08/30 11:48:26.929, 14661 MiB, 81 %
2026/08/30 11:48:28.929, 14661 MiB, 100 %
2026/08/30 11:48:30.929, 14661 MiB, 100 %
2026/08/30 11:48:32.930, 14661 MiB, 100 %
2026/08/30 11:48:34.930, 14661 MiB, 100 %
2026/08/30 11:48:36.930, 14661 MiB, 100 %
2026/08/30 11:48:38.931, 14661 MiB, 100 %
2026/08/30 11:48:40.931, 14661 MiB, 98 %
2026/08/30 11:48:42.932, 14661 MiB, 100 %
2026/08/30 11:48:44.932, 14661 MiB, 46 %
2026/08/30 11:48:46.932, 14661 MiB, 98 %
2026/08/30 11:48:48.933, 14661 MiB, 66 %
2026/08/30 11:48:50.933, 14661 MiB, 100 %
2026/08/30 11:48:52.933, 14661 MiB, 100 %
2026/08/30 11:48:54.934, 14661 MiB, 100 %
2026/08/30 11:48:56.934, 14661 MiB, 100 %
2026/08/30 11:48:58.935, 14661 MiB, 100 %
2026/08/30 11:49:00.935, 14661 MiB, 100 %
2026/08/30 11:49:02.935, 14661 MiB, 55 %
2026/08/30 11:49:04.936, 14661 MiB, 97 %
2026/08/30 11:49:06.936, 14661 MiB, 91 %
2026/08/30 11:49:08.937, 14661 MiB, 100 %
2026/08/30 11:49:10.937, 14661 MiB, 100 %
2026/08/30 11:49:12.937, 14661 MiB, 100 %
2026/08/30 11:49:14.938, 14661 MiB, 100 %
2026/08/30 11:49:16.938, 14661 MiB, 100 %
2026/08/30 11:49:18.938, 14661 MiB, 100 %
2026/08/30 11:49:20.939, 14661 MiB, 62 %
2026/08/30 11:49:22.939, 14661 MiB, 98 %
2026/08/30 11:49:24.939, 14661 MiB, 36 %
2026/08/30 11:49:26.940, 14661 MiB, 97 %
2026/08/30 11:49:28.940, 14661 MiB, 66 %
2026/08/30 11:49:30.940, 14661 MiB, 100 %
2026/08/30 11:49:32.941, 14661 MiB, 100 %
2026/08/30 11:49:34.941, 14661 MiB, 100 %
2026/08/30 11:49:36.942, 14661 MiB, 100 %
2026/08/30 11:49:38.942, 14661 MiB, 100 %
2026/08/30 11:49:40.942, 14661 MiB, 100 %
2026/08/30 11:49:42.943, 14661 MiB, 47 %
2026/08/30 11:49:44.943, 14661 MiB, 98 %
2026/08/30 11:49:46.943, 14661 MiB, 73 %
2026/08/30 11:49:48.944, 14661 MiB, 100 %
2026/08/30 11:49:50.944, 14661 MiB, 100 %
2026/08/30 11:49:52.944, 14661 MiB, 100 %
2026/08/30 11:49:54.945, 14661 MiB, 100 %
2026/08/30 11:49:56.945, 14661 MiB, 100 %
2026/08/30 11:49:58.946, 14661 MiB, 100 %
2026/08/30 11:50:00.946, 14661 MiB, 100 %
2026/08/30 11:50:02.946, 14661 MiB, 100 %
2026/08/30 11:50:04.947, 14661 MiB, 94 %
2026/08/30 11:50:06.947, 14661 MiB, 100 %
2026/08/30 11:50:08.948, 14661 MiB, 40 %
2026/08/30 11:50:10.948, 14661 MiB, 97 %
2026/08/30 11:50:12.948, 14661 MiB, 34 %
2026/08/30 11:50:14.949, 14661 MiB, 98 %
2026/08/30 11:50:16.949, 14661 MiB, 74 %
2026/08/30 11:50:18.949, 14661 MiB, 100 %
2026/08/30 11:50:20.950, 14661 MiB, 100 %
2026/08/30 11:50:22.950, 14661 MiB, 100 %
2026/08/30 11:50:24.951, 14661 MiB, 100 %
2026/08/30 11:50:26.951, 14661 MiB, 100 %
2026/08/30 11:50:28.951, 14661 MiB, 100 %
2026/08/30 11:50:30.952, 14661 MiB, 100 %
2026/08/30 11:50:32.952, 14661 MiB, 100 %
2026/08/30 11:50:34.953, 14661 MiB, 77 %
2026/08/30 11:50:36.953, 14661 MiB, 100 %
2026/08/30 11:50:38.953, 14661 MiB, 36 %
2026/08/30 11:50:40.954, 14661 MiB, 98 %
2026/08/30 11:50:42.954, 14661 MiB, 84 %
2026/08/30 11:50:44.955, 14661 MiB, 100 %
2026/08/30 11:50:46.955, 14661 MiB, 100 %
2026/08/30 11:50:48.955, 14661 MiB, 100 %
2026/08/30 11:50:50.956, 14661 MiB, 100 %
2026/08/30 11:50:52.956, 14661 MiB, 100 %
2026/08/30 11:50:54.957, 14661 MiB, 100 %
2026/08/30 11:50:56.957, 14661 MiB, 89 %
2026/08/30 11:50:58.957, 14661 MiB, 100 %
2026/08/30 11:51:00.958, 14661 MiB, 44 %
2026/08/30 11:51:02.958, 14661 MiB, 97 %
2026/08/30 11:51:04.959, 14661 MiB, 100 %
2026/08/30 11:51:06.959, 14661 MiB, 100 %
2026/08/30 11:51:08.959, 14661 MiB, 100 %
2026/08/30 11:51:10.960, 14661 MiB, 100 %
2026/08/30 11:51:12.960, 14661 MiB, 100 %
2026/08/30 11:51:14.961, 14661 MiB, 87 %
2026/08/30 11:51:16.961, 14661 MiB, 98 %
2026/08/30 11:51:18.961, 14661 MiB, 72 %
2026/08/30 11:51:20.962, 14661 MiB, 100 %
2026/08/30 11:51:22.962, 14661 MiB, 100 %
2026/08/30 11:51:24.963, 14661 MiB, 100 %
2026/08/30 11:51:26.963, 14661 MiB, 100 %
2026/08/30 11:51:28.963, 14661 MiB, 100 %
2026/08/30 11:51:30.964, 14661 MiB, 100 %
2026/08/30 11:51:32.964, 14661 MiB, 74 %
2026/08/30 11:51:34.965, 14661 MiB, 99 %
2026/08/30 11:51:36.965, 14661 MiB, 24 %
2026/08/30 11:51:38.965, 14661 MiB, 98 %
2026/08/30 11:51:40.966, 14661 MiB, 57 %
2026/08/30 11:51:42.966, 14661 MiB, 96 %
2026/08/30 11:51:44.966, 14661 MiB, 86 %
2026/08/30 11:51:46.967, 14661 MiB, 100 %
2026/08/30 11:51:48.967, 14661 MiB, 100 %
2026/08/30 11:51:50.968, 14661 MiB, 100 %
2026/08/30 11:51:52.968, 14661 MiB, 100 %
2026/08/30 11:51:54.968, 14661 MiB, 100 %
2026/08/30 11:51:56.969, 14661 MiB, 100 %
2026/08/30 11:51:58.969, 14661 MiB, 100 %
2026/08/30 11:52:00.970, 14661 MiB, 100 %
2026/08/30 11:52:02.970, 14661 MiB, 46 %
2026/08/30 11:52:04.970, 14661 MiB, 98 %
2026/08/30 11:52:06.971, 14661 MiB, 62 %
2026/08/30 11:52:08.971, 14661 MiB, 98 %
2026/08/30 11:52:10.971, 14661 MiB, 100 %
2026/08/30 11:52:12.972, 14661 MiB, 100 %
2026/08/30 11:52:14.972, 14661 MiB, 100 %
2026/08/30 11:52:16.972, 14661 MiB, 100 %
2026/08/30 11:52:18.973, 14661 MiB, 100 %
2026/08/30 11:52:20.973, 14661 MiB, 100 %
2026/08/30 11:52:22.973, 14661 MiB, 100 %
2026/08/30 11:52:24.974, 14661 MiB, 41 %
2026/08/30 11:52:26.974, 14661 MiB, 98 %
2026/08/30 11:52:28.974, 14661 MiB, 55 %
2026/08/30 11:52:30.975, 14661 MiB, 98 %
2026/08/30 11:52:32.975, 14661 MiB, 100 %
2026/08/30 11:52:34.975, 14661 MiB, 100 %
2026/08/30 11:52:36.976, 14661 MiB, 100 %
2026/08/30 11:52:38.976, 14661 MiB, 100 %
2026/08/30 11:52:40.977, 14661 MiB, 100 %
2026/08/30 11:52:42.977, 14661 MiB, 100 %
2026/08/30 11:52:44.977, 14661 MiB, 100 %
2026/08/30 11:52:46.978, 14661 MiB, 62 %
2026/08/30 11:52:48.978, 14661 MiB, 98 %
2026/08/30 11:52:50.979, 14661 MiB, 53 %
2026/08/30 11:52:52.979, 14661 MiB, 98 %
2026/08/30 11:52:54.979, 14661 MiB, 100 %
2026/08/30 11:52:56.980, 14661 MiB, 100 %
2026/08/30 11:52:58.980, 14661 MiB, 100 %
2026/08/30 11:53:00.980, 14661 MiB, 100 %
2026/08/30 11:53:02.981, 14661 MiB, 100 %
2026/08/30 11:53:04.981, 14661 MiB, 100 %
2026/08/30 11:53:06.982, 14661 MiB, 100 %
2026/08/30 11:53:08.982, 14661 MiB, 89 %
2026/08/30 11:53:10.982, 14661 MiB, 100 %
2026/08/30 11:53:12.983, 14661 MiB, 42 %
2026/08/30 11:53:14.983, 14661 MiB, 93 %
2026/08/30 11:53:16.984, 14661 MiB, 72 %
2026/08/30 11:53:18.984, 14661 MiB, 95 %
2026/08/30 11:53:20.984, 14661 MiB, 100 %
2026/08/30 11:53:22.985, 14661 MiB, 100 %
2026/08/30 11:53:24.985, 14661 MiB, 100 %
2026/08/30 11:53:26.985, 14661 MiB, 100 %
2026/08/30 11:53:28.986, 14661 MiB, 100 %
2026/08/30 11:53:30.986, 14661 MiB, 100 %
2026/08/30 11:53:32.986, 14661 MiB, 100 %
2026/08/30 11:53:34.987, 14661 MiB, 49 %
2026/08/30 11:53:36.987, 14661 MiB, 97 %
2026/08/30 11:53:38.988, 14661 MiB, 31 %
2026/08/30 11:53:40.988, 14661 MiB, 96 %
2026/08/30 11:53:42.988, 14661 MiB, 76 %
2026/08/30 11:53:44.989, 14661 MiB, 100 %
2026/08/30 11:53:46.989, 14661 MiB, 100 %
2026/08/30 11:53:48.990, 14661 MiB, 100 %
2026/08/30 11:53:50.990, 14661 MiB, 100 %
2026/08/30 11:53:52.991, 14661 MiB, 88 %
2026/08/30 11:53:54.991, 14661 MiB, 100 %
2026/08/30 11:53:56.991, 14661 MiB, 39 %
2026/08/30 11:53:58.992, 14661 MiB, 98 %
2026/08/30 11:54:00.992, 14661 MiB, 83 %
2026/08/30 11:54:02.993, 14661 MiB, 100 %
2026/08/30 11:54:04.993, 14661 MiB, 100 %
2026/08/30 11:54:06.993, 14661 MiB, 100 %
2026/08/30 11:54:08.994, 14661 MiB, 100 %
2026/08/30 11:54:10.994, 14661 MiB, 100 %
2026/08/30 11:54:12.994, 14661 MiB, 100 %
2026/08/30 11:54:14.995, 14661 MiB, 95 %
2026/08/30 11:54:16.995, 14661 MiB, 100 %
2026/08/30 11:54:18.996, 14661 MiB, 60 %
2026/08/30 11:54:20.996, 14661 MiB, 98 %
2026/08/30 11:54:22.996, 14661 MiB, 69 %
2026/08/30 11:54:24.997, 14661 MiB, 100 %
2026/08/30 11:54:26.997, 14661 MiB, 100 %
2026/08/30 11:54:28.998, 14661 MiB, 100 %
2026/08/30 11:54:30.998, 14661 MiB, 100 %
2026/08/30 11:54:32.999, 14661 MiB, 100 %
2026/08/30 11:54:34.999, 14661 MiB, 100 %
2026/08/30 11:54:36.999, 14661 MiB, 100 %
2026/08/30 11:54:39.000, 14661 MiB, 100 %
2026/08/30 11:54:41.000, 14661 MiB, 74 %
2026/08/30 11:54:43.000, 14661 MiB, 98 %
2026/08/30 11:54:45.001, 14661 MiB, 45 %
2026/08/30 11:54:47.001, 14661 MiB, 98 %
2026/08/30 11:54:49.002, 14661 MiB, 100 %
2026/08/30 11:54:51.002, 14661 MiB, 100 %
2026/08/30 11:54:53.003, 14661 MiB, 100 %
2026/08/30 11:54:55.003, 14661 MiB, 100 %
2026/08/30 11:54:57.003, 14661 MiB, 100 %
2026/08/30 11:54:59.004, 14661 MiB, 100 %
2026/08/30 11:55:01.004, 14661 MiB, 100 %
2026/08/30 11:55:03.004, 14661 MiB, 41 %
2026/08/30 11:55:05.005, 14661 MiB, 98 %
2026/08/30 11:55:07.005, 14661 MiB, 87 %
2026/08/30 11:55:09.005, 14661 MiB, 100 %
2026/08/30 11:55:11.006, 14661 MiB, 100 %
2026/08/30 11:55:13.006, 14661 MiB, 100 %
2026/08/30 11:55:15.007, 14661 MiB, 100 %
2026/08/30 11:55:17.007, 14661 MiB, 100 %
2026/08/30 11:55:19.007, 14661 MiB, 100 %
2026/08/30 11:55:21.008, 14661 MiB, 96 %
2026/08/30 11:55:23.008, 14661 MiB, 100 %
2026/08/30 11:55:25.008, 14661 MiB, 60 %
2026/08/30 11:55:27.009, 14661 MiB, 97 %
2026/08/30 11:55:29.009, 14661 MiB, 51 %
2026/08/30 11:55:31.010, 14661 MiB, 98 %
2026/08/30 11:55:33.010, 14661 MiB, 100 %
2026/08/30 11:55:35.010, 14661 MiB, 100 %
2026/08/30 11:55:37.011, 14661 MiB, 100 %
2026/08/30 11:55:39.011, 14661 MiB, 100 %
2026/08/30 11:55:41.012, 14661 MiB, 100 %
2026/08/30 11:55:43.012, 14661 MiB, 100 %
2026/08/30 11:55:45.012, 14661 MiB, 100 %
2026/08/30 11:55:47.013, 14661 MiB, 44 %
2026/08/30 11:55:49.013, 14661 MiB, 97 %
2026/08/30 11:55:51.014, 14661 MiB, 64 %
2026/08/30 11:55:53.014, 14661 MiB, 99 %
2026/08/30 11:55:55.014, 14661 MiB, 100 %
2026/08/30 11:55:57.015, 14661 MiB, 100 %
2026/08/30 11:55:59.015, 14661 MiB, 100 %
2026/08/30 11:56:01.016, 14661 MiB, 100 %
2026/08/30 11:56:03.016, 14661 MiB, 100 %
2026/08/30 11:56:05.016, 14661 MiB, 100 %
2026/08/30 11:56:07.017, 14661 MiB, 100 %
2026/08/30 11:56:09.017, 14661 MiB, 46 %
2026/08/30 11:56:11.018, 14661 MiB, 98 %
2026/08/30 11:56:13.018, 14661 MiB, 75 %
2026/08/30 11:56:15.018, 14661 MiB, 100 %
2026/08/30 11:56:17.019, 14661 MiB, 100 %
2026/08/30 11:56:19.019, 14661 MiB, 100 %
2026/08/30 11:56:21.019, 14661 MiB, 100 %
2026/08/30 11:56:23.020, 14661 MiB, 100 %
2026/08/30 11:56:25.020, 14661 MiB, 100 %
2026/08/30 11:56:27.021, 14661 MiB, 60 %
2026/08/30 11:56:29.021, 14661 MiB, 98 %
2026/08/30 11:56:31.021, 14661 MiB, 69 %
2026/08/30 11:56:33.022, 14661 MiB, 100 %
2026/08/30 11:56:35.022, 14661 MiB, 100 %
2026/08/30 11:56:37.022, 14661 MiB, 100 %
2026/08/30 11:56:39.023, 14661 MiB, 100 %
2026/08/30 11:56:41.023, 14661 MiB, 100 %
2026/08/30 11:56:43.024, 14661 MiB, 100 %
2026/08/30 11:56:45.024, 14661 MiB, 96 %
2026/08/30 11:56:47.024, 14661 MiB, 100 %
2026/08/30 11:56:49.025, 14661 MiB, 47 %
2026/08/30 11:56:51.025, 14661 MiB, 98 %
2026/08/30 11:56:53.026, 14661 MiB, 62 %
2026/08/30 11:56:55.026, 14661 MiB, 98 %
2026/08/30 11:56:57.026, 14661 MiB, 100 %
2026/08/30 11:56:59.027, 14661 MiB, 100 %
2026/08/30 11:57:01.027, 14661 MiB, 100 %
2026/08/30 11:57:03.027, 14661 MiB, 100 %
2026/08/30 11:57:05.028, 14661 MiB, 100 %
2026/08/30 11:57:07.028, 14661 MiB, 100 %
2026/08/30 11:57:09.029, 14661 MiB, 100 %
2026/08/30 11:57:11.029, 14661 MiB, 100 %
2026/08/30 11:57:13.029, 14661 MiB, 100 %
2026/08/30 11:57:15.030, 14661 MiB, 45 %
2026/08/30 11:57:17.030, 14661 MiB, 97 %
2026/08/30 11:57:19.030, 14661 MiB, 62 %
2026/08/30 11:57:21.031, 14661 MiB, 98 %
2026/08/30 11:57:23.031, 14661 MiB, 100 %
2026/08/30 11:57:25.031, 14661 MiB, 100 %
2026/08/30 11:57:27.032, 14661 MiB, 100 %
2026/08/30 11:57:29.032, 14661 MiB, 100 %
2026/08/30 11:57:31.032, 14661 MiB, 100 %
2026/08/30 11:57:33.033, 14661 MiB, 100 %
2026/08/30 11:57:35.033, 14661 MiB, 100 %
2026/08/30 11:57:37.033, 14661 MiB, 49 %
2026/08/30 11:57:39.034, 14661 MiB, 98 %
2026/08/30 11:57:41.034, 14661 MiB, 81 %
2026/08/30 11:57:43.034, 14661 MiB, 100 %
2026/08/30 11:57:45.035, 14661 MiB, 100 %
2026/08/30 11:57:47.035, 14661 MiB, 100 %
2026/08/30 11:57:49.035, 14661 MiB, 100 %
2026/08/30 11:57:51.036, 14661 MiB, 54 %
2026/08/30 11:57:53.036, 14661 MiB, 98 %
2026/08/30 11:57:55.036, 14661 MiB, 67 %
2026/08/30 11:57:57.037, 14661 MiB, 100 %
2026/08/30 11:57:59.037, 14661 MiB, 100 %
2026/08/30 11:58:01.038, 14661 MiB, 100 %
2026/08/30 11:58:03.038, 14661 MiB, 100 %
2026/08/30 11:58:05.038, 14661 MiB, 100 %
2026/08/30 11:58:07.039, 14661 MiB, 100 %
2026/08/30 11:58:09.039, 14661 MiB, 64 %
2026/08/30 11:58:11.040, 14661 MiB, 98 %
2026/08/30 11:58:13.040, 14661 MiB, 100 %
2026/08/30 11:58:15.040, 14661 MiB, 100 %
2026/08/30 11:58:17.041, 14661 MiB, 100 %
2026/08/30 11:58:19.041, 14661 MiB, 100 %
2026/08/30 11:58:21.041, 14661 MiB, 100 %
2026/08/30 11:58:23.042, 14661 MiB, 69 %
2026/08/30 11:58:25.042, 14661 MiB, 98 %
2026/08/30 11:58:27.042, 14661 MiB, 59 %
2026/08/30 11:58:29.043, 14661 MiB, 100 %
2026/08/30 11:58:31.043, 14661 MiB, 100 %
2026/08/30 11:58:33.044, 14661 MiB, 100 %
2026/08/30 11:58:35.044, 14661 MiB, 100 %
2026/08/30 11:58:37.044, 14661 MiB, 100 %
2026/08/30 11:58:39.045, 14661 MiB, 100 %
2026/08/30 11:58:41.045, 14661 MiB, 88 %
2026/08/30 11:58:43.046, 14661 MiB, 100 %
2026/08/30 11:58:45.046, 14661 MiB, 38 %
2026/08/30 11:58:47.046, 14661 MiB, 97 %
2026/08/30 11:58:49.047, 14661 MiB, 96 %
2026/08/30 11:58:51.047, 14661 MiB, 100 %
2026/08/30 11:58:53.047, 14661 MiB, 100 %
2026/08/30 11:58:55.048, 14661 MiB, 100 %
2026/08/30 11:58:57.048, 14661 MiB, 100 %
2026/08/30 11:58:59.049, 14661 MiB, 100 %
2026/08/30 11:59:01.049, 14661 MiB, 100 %
2026/08/30 11:59:03.049, 14661 MiB, 39 %
2026/08/30 11:59:05.050, 14661 MiB, 98 %
2026/08/30 11:59:07.050, 14661 MiB, 95 %
2026/08/30 11:59:09.050, 14661 MiB, 100 %
2026/08/30 11:59:11.051, 14661 MiB, 100 %
2026/08/30 11:59:13.052, 14661 MiB, 100 %
2026/08/30 11:59:15.052, 14661 MiB, 100 %
2026/08/30 11:59:17.053, 14661 MiB, 100 %
2026/08/30 11:59:19.053, 14661 MiB, 100 %
2026/08/30 11:59:21.053, 14661 MiB, 61 %
2026/08/30 11:59:23.054, 14661 MiB, 97 %
2026/08/30 11:59:25.054, 14661 MiB, 29 %
2026/08/30 11:59:27.054, 14661 MiB, 98 %
2026/08/30 11:59:29.055, 14661 MiB, 100 %
2026/08/30 11:59:31.055, 14661 MiB, 100 %
2026/08/30 11:59:33.055, 14661 MiB, 100 %
2026/08/30 11:59:35.056, 14661 MiB, 100 %
2026/08/30 11:59:37.056, 14661 MiB, 100 %
2026/08/30 11:59:39.056, 14661 MiB, 100 %
2026/08/30 11:59:41.057, 14661 MiB, 100 %
2026/08/30 11:59:43.057, 14661 MiB, 40 %
2026/08/30 11:59:45.057, 14661 MiB, 98 %
2026/08/30 11:59:47.058, 14661 MiB, 66 %
2026/08/30 11:59:49.058, 14661 MiB, 98 %
2026/08/30 11:59:51.059, 14661 MiB, 100 %
2026/08/30 11:59:53.059, 14661 MiB, 100 %
2026/08/30 11:59:55.059, 14661 MiB, 100 %
2026/08/30 11:59:57.060, 14661 MiB, 100 %
2026/08/30 11:59:59.060, 14661 MiB, 100 %
2026/08/30 12:00:01.060, 14661 MiB, 100 %
2026/08/30 12:00:03.061, 14661 MiB, 100 %
2026/08/30 12:00:05.061, 14661 MiB, 76 %
2026/08/30 12:00:07.061, 14661 MiB, 97 %
2026/08/30 12:00:09.062, 14661 MiB, 48 %
2026/08/30 12:00:11.062, 14661 MiB, 98 %
2026/08/30 12:00:13.063, 14661 MiB, 94 %
2026/08/30 12:00:15.063, 14661 MiB, 100 %
2026/08/30 12:00:17.063, 14661 MiB, 100 %
2026/08/30 12:00:19.064, 14661 MiB, 100 %
2026/08/30 12:00:21.064, 14661 MiB, 100 %
2026/08/30 12:00:23.064, 14661 MiB, 100 %
2026/08/30 12:00:25.065, 14661 MiB, 100 %
2026/08/30 12:00:27.065, 14661 MiB, 98 %
2026/08/30 12:00:29.065, 14661 MiB, 100 %
2026/08/30 12:00:31.066, 14661 MiB, 38 %
2026/08/30 12:00:33.066, 14661 MiB, 98 %
2026/08/30 12:00:35.066, 14661 MiB, 86 %
2026/08/30 12:00:37.067, 14661 MiB, 100 %
2026/08/30 12:00:39.067, 14661 MiB, 100 %
2026/08/30 12:00:41.068, 14661 MiB, 100 %
2026/08/30 12:00:43.068, 14661 MiB, 100 %
2026/08/30 12:00:45.068, 14661 MiB, 100 %
2026/08/30 12:00:47.069, 14661 MiB, 100 %
2026/08/30 12:00:49.069, 14661 MiB, 47 %
2026/08/30 12:00:51.069, 14661 MiB, 97 %
2026/08/30 12:00:53.070, 14661 MiB, 100 %
2026/08/30 12:00:55.070, 14661 MiB, 100 %
2026/08/30 12:00:57.070, 14661 MiB, 100 %
2026/08/30 12:00:59.071, 14661 MiB, 100 %
2026/08/30 12:01:01.071, 14661 MiB, 100 %
2026/08/30 12:01:03.072, 14661 MiB, 60 %
2026/08/30 12:01:05.072, 14661 MiB, 98 %
2026/08/30 12:01:07.072, 14661 MiB, 82 %
2026/08/30 12:01:09.073, 14661 MiB, 100 %
2026/08/30 12:01:11.073, 14661 MiB, 100 %
2026/08/30 12:01:13.074, 14661 MiB, 100 %
2026/08/30 12:01:15.074, 14661 MiB, 100 %
2026/08/30 12:01:17.074, 14661 MiB, 100 %
2026/08/30 12:01:19.075, 14661 MiB, 100 %
2026/08/30 12:01:21.075, 14661 MiB, 48 %
2026/08/30 12:01:23.076, 14661 MiB, 98 %
2026/08/30 12:01:25.076, 14661 MiB, 96 %
2026/08/30 12:01:27.076, 14661 MiB, 100 %
2026/08/30 12:01:29.077, 14661 MiB, 100 %
2026/08/30 12:01:31.077, 14661 MiB, 100 %
2026/08/30 12:01:33.077, 14661 MiB, 100 %
2026/08/30 12:01:35.078, 14661 MiB, 100 %
2026/08/30 12:01:37.078, 14661 MiB, 100 %
2026/08/30 12:01:39.079, 14661 MiB, 55 %
2026/08/30 12:01:41.079, 14661 MiB, 98 %
2026/08/30 12:01:43.079, 14661 MiB, 57 %
2026/08/30 12:01:45.080, 14661 MiB, 97 %
2026/08/30 12:01:47.080, 14661 MiB, 100 %
2026/08/30 12:01:49.080, 14661 MiB, 100 %
2026/08/30 12:01:51.081, 14661 MiB, 100 %
2026/08/30 12:01:53.081, 14661 MiB, 100 %
2026/08/30 12:01:55.081, 14661 MiB, 98 %
2026/08/30 12:01:57.082, 14661 MiB, 56 %
2026/08/30 12:01:59.082, 14661 MiB, 98 %
2026/08/30 12:02:01.083, 14661 MiB, 100 %
2026/08/30 12:02:03.083, 14661 MiB, 100 %
2026/08/30 12:02:05.083, 14661 MiB, 100 %
2026/08/30 12:02:07.084, 14661 MiB, 100 %
2026/08/30 12:02:09.084, 14661 MiB, 100 %
2026/08/30 12:02:11.084, 14661 MiB, 100 %
2026/08/30 12:02:13.085, 14661 MiB, 100 %
2026/08/30 12:02:15.085, 14661 MiB, 93 %
2026/08/30 12:02:17.085, 14661 MiB, 100 %
2026/08/30 12:02:19.086, 14661 MiB, 41 %
2026/08/30 12:02:21.086, 14661 MiB, 98 %
2026/08/30 12:02:23.087, 14661 MiB, 82 %
2026/08/30 12:02:25.087, 14661 MiB, 100 %
2026/08/30 12:02:27.087, 14661 MiB, 100 %
2026/08/30 12:02:29.088, 14661 MiB, 100 %
2026/08/30 12:02:31.088, 14661 MiB, 100 %
2026/08/30 12:02:33.088, 14661 MiB, 100 %
2026/08/30 12:02:35.089, 14661 MiB, 100 %
2026/08/30 12:02:37.089, 14661 MiB, 87 %
2026/08/30 12:02:39.090, 14661 MiB, 98 %
2026/08/30 12:02:41.090, 14661 MiB, 50 %
2026/08/30 12:02:43.090, 14661 MiB, 98 %
2026/08/30 12:02:45.091, 14661 MiB, 100 %
2026/08/30 12:02:47.091, 14661 MiB, 100 %
2026/08/30 12:02:49.091, 14661 MiB, 100 %
2026/08/30 12:02:51.092, 14661 MiB, 100 %
2026/08/30 12:02:53.092, 14661 MiB, 100 %
2026/08/30 12:02:55.092, 14661 MiB, 50 %
2026/08/30 12:02:57.093, 14661 MiB, 98 %
2026/08/30 12:02:59.093, 14661 MiB, 91 %
2026/08/30 12:03:01.093, 14661 MiB, 100 %
2026/08/30 12:03:03.094, 14661 MiB, 100 %
2026/08/30 12:03:05.094, 14661 MiB, 100 %
2026/08/30 12:03:07.095, 14661 MiB, 100 %
2026/08/30 12:03:09.095, 14661 MiB, 90 %
2026/08/30 12:03:11.095, 14661 MiB, 100 %
2026/08/30 12:03:13.096, 14661 MiB, 56 %
2026/08/30 12:03:15.096, 14661 MiB, 98 %
2026/08/30 12:03:17.097, 14661 MiB, 100 %
2026/08/30 12:03:19.097, 14661 MiB, 100 %
2026/08/30 12:03:21.097, 14661 MiB, 100 %
2026/08/30 12:03:23.098, 14661 MiB, 100 %
2026/08/30 12:03:25.098, 14661 MiB, 100 %
2026/08/30 12:03:27.098, 14661 MiB, 47 %
2026/08/30 12:03:29.099, 14661 MiB, 98 %
2026/08/30 12:03:31.099, 14661 MiB, 100 %
2026/08/30 12:03:33.099, 14661 MiB, 100 %
2026/08/30 12:03:35.100, 14661 MiB, 100 %
2026/08/30 12:03:37.100, 14661 MiB, 100 %
2026/08/30 12:03:39.100, 14661 MiB, 100 %
2026/08/30 12:03:41.101, 14661 MiB, 46 %
2026/08/30 12:03:43.101, 14661 MiB, 98 %
2026/08/30 12:03:45.102, 14661 MiB, 100 %
2026/08/30 12:03:47.102, 14661 MiB, 100 %
2026/08/30 12:03:49.103, 14661 MiB, 100 %
2026/08/30 12:03:51.103, 14661 MiB, 100 %
2026/08/30 12:03:53.103, 14661 MiB, 100 %
2026/08/30 12:03:55.104, 14661 MiB, 48 %
2026/08/30 12:03:57.104, 14661 MiB, 98 %
2026/08/30 12:03:59.104, 14661 MiB, 100 %
2026/08/30 12:04:01.105, 14661 MiB, 100 %
2026/08/30 12:04:03.105, 14661 MiB, 100 %
2026/08/30 12:04:05.106, 14661 MiB, 100 %
2026/08/30 12:04:07.106, 14661 MiB, 100 %
2026/08/30 12:04:09.106, 14661 MiB, 100 %
2026/08/30 12:04:11.107, 14661 MiB, 100 %
2026/08/30 12:04:13.107, 14661 MiB, 71 %
2026/08/30 12:04:15.107, 14661 MiB, 98 %
2026/08/30 12:04:17.108, 14661 MiB, 61 %
2026/08/30 12:04:19.108, 14661 MiB, 98 %
2026/08/30 12:04:21.108, 14661 MiB, 100 %
2026/08/30 12:04:23.109, 14661 MiB, 100 %
2026/08/30 12:04:25.109, 14661 MiB, 100 %
2026/08/30 12:04:27.110, 14661 MiB, 100 %
2026/08/30 12:04:29.110, 14661 MiB, 100 %
2026/08/30 12:04:31.110, 14661 MiB, 88 %
2026/08/30 12:04:33.111, 14661 MiB, 100 %
2026/08/30 12:04:35.111, 14661 MiB, 43 %
2026/08/30 12:04:37.111, 14661 MiB, 98 %
2026/08/30 12:04:39.112, 14661 MiB, 100 %
2026/08/30 12:04:41.112, 14661 MiB, 100 %
2026/08/30 12:04:43.112, 14661 MiB, 100 %
2026/08/30 12:04:45.113, 14661 MiB, 100 %
2026/08/30 12:04:47.113, 14661 MiB, 100 %
2026/08/30 12:04:49.114, 14661 MiB, 78 %
2026/08/30 12:04:51.114, 14661 MiB, 98 %
2026/08/30 12:04:53.114, 14661 MiB, 65 %
2026/08/30 12:04:55.115, 14661 MiB, 100 %
2026/08/30 12:04:57.115, 14661 MiB, 100 %
2026/08/30 12:04:59.115, 14661 MiB, 100 %
2026/08/30 12:05:01.116, 14661 MiB, 100 %
2026/08/30 12:05:03.116, 14661 MiB, 100 %
2026/08/30 12:05:05.116, 14661 MiB, 100 %
2026/08/30 12:05:07.117, 14661 MiB, 76 %
2026/08/30 12:05:09.117, 14661 MiB, 97 %
2026/08/30 12:05:11.117, 14661 MiB, 39 %
2026/08/30 12:05:13.118, 14661 MiB, 98 %
2026/08/30 12:05:15.118, 14661 MiB, 100 %
2026/08/30 12:05:17.119, 14661 MiB, 100 %
2026/08/30 12:05:19.119, 14661 MiB, 100 %
2026/08/30 12:05:21.119, 14661 MiB, 100 %
2026/08/30 12:05:23.120, 14661 MiB, 100 %
2026/08/30 12:05:25.120, 14661 MiB, 100 %
2026/08/30 12:05:27.121, 14661 MiB, 100 %
2026/08/30 12:05:29.121, 14661 MiB, 48 %
2026/08/30 12:05:31.121, 14661 MiB, 98 %
2026/08/30 12:05:33.122, 14661 MiB, 100 %
2026/08/30 12:05:35.122, 14661 MiB, 100 %
2026/08/30 12:05:37.122, 14661 MiB, 100 %
2026/08/30 12:05:39.123, 14661 MiB, 100 %
2026/08/30 12:05:41.123, 14661 MiB, 100 %
2026/08/30 12:05:43.123, 14661 MiB, 59 %
2026/08/30 12:05:45.124, 14661 MiB, 98 %
2026/08/30 12:05:47.124, 14661 MiB, 91 %
2026/08/30 12:05:49.124, 14661 MiB, 100 %
2026/08/30 12:05:51.125, 14661 MiB, 100 %
2026/08/30 12:05:53.125, 14661 MiB, 100 %
2026/08/30 12:05:55.125, 14661 MiB, 100 %
2026/08/30 12:05:57.126, 14661 MiB, 75 %
2026/08/30 12:05:59.126, 14661 MiB, 100 %
2026/08/30 12:06:01.127, 14661 MiB, 100 %
2026/08/30 12:06:03.127, 14661 MiB, 100 %
2026/08/30 12:06:05.127, 14661 MiB, 100 %
2026/08/30 12:06:07.128, 14661 MiB, 95 %
2026/08/30 12:06:09.128, 14661 MiB, 98 %
2026/08/30 12:06:11.128, 14661 MiB, 59 %
2026/08/30 12:06:13.129, 14661 MiB, 100 %
2026/08/30 12:06:15.129, 14661 MiB, 100 %
2026/08/30 12:06:17.130, 14661 MiB, 100 %
2026/08/30 12:06:19.130, 14661 MiB, 100 %
2026/08/30 12:06:21.130, 14661 MiB, 80 %
2026/08/30 12:06:23.131, 14661 MiB, 98 %
2026/08/30 12:06:25.131, 14661 MiB, 71 %
2026/08/30 12:06:27.131, 14661 MiB, 100 %
2026/08/30 12:06:29.132, 14661 MiB, 100 %
2026/08/30 12:06:31.132, 14661 MiB, 100 %
2026/08/30 12:06:33.133, 14661 MiB, 100 %
2026/08/30 12:06:35.133, 14661 MiB, 100 %
2026/08/30 12:06:37.133, 14661 MiB, 100 %
2026/08/30 12:06:39.134, 14661 MiB, 45 %
2026/08/30 12:06:41.134, 14661 MiB, 97 %
2026/08/30 12:06:43.134, 14661 MiB, 77 %
2026/08/30 12:06:45.135, 14661 MiB, 100 %
2026/08/30 12:06:47.135, 14661 MiB, 100 %
2026/08/30 12:06:49.135, 14661 MiB, 100 %
2026/08/30 12:06:51.136, 14661 MiB, 100 %
2026/08/30 12:06:53.136, 14661 MiB, 97 %
2026/08/30 12:06:55.136, 14661 MiB, 100 %
2026/08/30 12:06:57.137, 14661 MiB, 45 %
2026/08/30 12:06:59.137, 14661 MiB, 98 %
2026/08/30 12:07:01.137, 14661 MiB, 100 %
2026/08/30 12:07:03.138, 14661 MiB, 100 %
2026/08/30 12:07:05.138, 14661 MiB, 100 %
2026/08/30 12:07:07.138, 14661 MiB, 100 %
2026/08/30 12:07:09.139, 14661 MiB, 100 %
2026/08/30 12:07:11.139, 14661 MiB, 100 %
2026/08/30 12:07:13.140, 14661 MiB, 100 %
2026/08/30 12:07:15.140, 14661 MiB, 93 %
2026/08/30 12:07:17.140, 14661 MiB, 100 %
2026/08/30 12:07:19.141, 14661 MiB, 41 %
2026/08/30 12:07:21.141, 14661 MiB, 98 %
2026/08/30 12:07:23.142, 14661 MiB, 100 %
2026/08/30 12:07:25.142, 14661 MiB, 100 %
2026/08/30 12:07:27.142, 14661 MiB, 100 %
2026/08/30 12:07:29.143, 14661 MiB, 100 %
2026/08/30 12:07:31.143, 14661 MiB, 100 %
2026/08/30 12:07:33.143, 14661 MiB, 100 %
2026/08/30 12:07:35.144, 14661 MiB, 100 %
2026/08/30 12:07:37.144, 14661 MiB, 47 %
2026/08/30 12:07:39.144, 14661 MiB, 98 %
2026/08/30 12:07:41.145, 14661 MiB, 100 %
2026/08/30 12:07:43.145, 14661 MiB, 100 %
2026/08/30 12:07:45.146, 14661 MiB, 100 %
2026/08/30 12:07:47.146, 14661 MiB, 100 %
2026/08/30 12:07:49.146, 14661 MiB, 100 %
2026/08/30 12:07:51.147, 14661 MiB, 100 %
2026/08/30 12:07:53.160, 14661 MiB, 100 %
2026/08/30 12:07:55.160, 14661 MiB, 41 %
2026/08/30 12:07:57.161, 14661 MiB, 98 %
2026/08/30 12:07:59.161, 14661 MiB, 86 %
2026/08/30 12:08:01.161, 14661 MiB, 100 %
2026/08/30 12:08:03.162, 14661 MiB, 100 %
2026/08/30 12:08:05.162, 14661 MiB, 100 %
2026/08/30 12:08:07.162, 14661 MiB, 100 %
2026/08/30 12:08:09.163, 14661 MiB, 100 %
2026/08/30 12:08:11.163, 14661 MiB, 100 %
2026/08/30 12:08:13.164, 14661 MiB, 42 %
2026/08/30 12:08:15.164, 14661 MiB, 98 %
2026/08/30 12:08:17.164, 14661 MiB, 90 %
2026/08/30 12:08:19.165, 14661 MiB, 100 %
2026/08/30 12:08:21.165, 14661 MiB, 100 %
2026/08/30 12:08:23.165, 14661 MiB, 100 %
2026/08/30 12:08:25.166, 14661 MiB, 100 %
2026/08/30 12:08:27.166, 14661 MiB, 100 %
2026/08/30 12:08:29.167, 14661 MiB, 100 %
2026/08/30 12:08:31.167, 14661 MiB, 55 %
2026/08/30 12:08:33.167, 14661 MiB, 98 %
2026/08/30 12:08:35.168, 14661 MiB, 66 %
2026/08/30 12:08:37.168, 14661 MiB, 100 %
2026/08/30 12:08:39.168, 14661 MiB, 100 %
2026/08/30 12:08:41.169, 14661 MiB, 100 %
2026/08/30 12:08:43.169, 14661 MiB, 100 %
2026/08/30 12:08:45.170, 14661 MiB, 100 %
2026/08/30 12:08:47.170, 14661 MiB, 100 %
2026/08/30 12:08:49.170, 14661 MiB, 59 %
2026/08/30 12:08:51.171, 14661 MiB, 98 %
2026/08/30 12:08:53.171, 14661 MiB, 88 %
2026/08/30 12:08:55.171, 14661 MiB, 100 %
2026/08/30 12:08:57.172, 14661 MiB, 100 %
2026/08/30 12:08:59.172, 14661 MiB, 100 %
2026/08/30 12:09:01.172, 14661 MiB, 100 %
2026/08/30 12:09:03.173, 14661 MiB, 100 %
2026/08/30 12:09:05.173, 14661 MiB, 100 %
2026/08/30 12:09:07.174, 14661 MiB, 42 %
2026/08/30 12:09:09.174, 14661 MiB, 98 %
2026/08/30 12:09:11.174, 14661 MiB, 100 %
2026/08/30 12:09:13.175, 14661 MiB, 100 %
2026/08/30 12:09:15.175, 14661 MiB, 100 %
2026/08/30 12:09:17.176, 14661 MiB, 100 %
2026/08/30 12:09:19.176, 14661 MiB, 100 %
2026/08/30 12:09:21.176, 14661 MiB, 100 %
2026/08/30 12:09:23.177, 14661 MiB, 100 %
2026/08/30 12:09:25.177, 14661 MiB, 64 %
2026/08/30 12:09:27.177, 14661 MiB, 98 %
2026/08/30 12:09:29.178, 14661 MiB, 53 %
2026/08/30 12:09:31.178, 14661 MiB, 98 %
2026/08/30 12:09:33.179, 14661 MiB, 100 %
2026/08/30 12:09:35.179, 14661 MiB, 100 %
2026/08/30 12:09:37.179, 14661 MiB, 100 %
2026/08/30 12:09:39.180, 14661 MiB, 100 %
2026/08/30 12:09:41.180, 14661 MiB, 100 %
2026/08/30 12:09:43.180, 14661 MiB, 100 %
2026/08/30 12:09:45.181, 14661 MiB, 100 %
2026/08/30 12:09:47.181, 14661 MiB, 70 %
2026/08/30 12:09:49.181, 14661 MiB, 98 %
2026/08/30 12:09:51.182, 14661 MiB, 71 %
2026/08/30 12:09:53.182, 14661 MiB, 100 %
2026/08/30 12:09:55.183, 14661 MiB, 100 %
2026/08/30 12:09:57.183, 14661 MiB, 100 %
2026/08/30 12:09:59.183, 14661 MiB, 100 %
2026/08/30 12:10:01.184, 14661 MiB, 100 %
2026/08/30 12:10:03.184, 14661 MiB, 100 %
2026/08/30 12:10:05.184, 14661 MiB, 75 %
2026/08/30 12:10:07.185, 14661 MiB, 98 %
2026/08/30 12:10:09.185, 14661 MiB, 71 %
2026/08/30 12:10:11.186, 14661 MiB, 98 %
2026/08/30 12:10:13.186, 14661 MiB, 100 %
2026/08/30 12:10:15.186, 14661 MiB, 100 %
2026/08/30 12:10:17.187, 14661 MiB, 100 %
2026/08/30 12:10:19.187, 14661 MiB, 100 %
2026/08/30 12:10:21.187, 14661 MiB, 100 %
2026/08/30 12:10:23.188, 14661 MiB, 89 %
2026/08/30 12:10:25.188, 14661 MiB, 100 %
2026/08/30 12:10:27.188, 14661 MiB, 44 %
2026/08/30 12:10:29.189, 14661 MiB, 100 %
2026/08/30 12:10:31.189, 14661 MiB, 100 %
2026/08/30 12:10:33.189, 14661 MiB, 100 %
2026/08/30 12:10:35.190, 14661 MiB, 100 %
2026/08/30 12:10:37.190, 14661 MiB, 89 %
2026/08/30 12:10:39.191, 14661 MiB, 100 %
2026/08/30 12:10:41.191, 14661 MiB, 42 %
2026/08/30 12:10:43.191, 14661 MiB, 97 %
2026/08/30 12:10:45.192, 14661 MiB, 71 %
2026/08/30 12:10:47.192, 14661 MiB, 100 %
2026/08/30 12:10:49.193, 14661 MiB, 100 %
2026/08/30 12:10:51.193, 14661 MiB, 100 %
2026/08/30 12:10:53.193, 14661 MiB, 100 %
2026/08/30 12:10:55.194, 14661 MiB, 100 %
2026/08/30 12:10:57.194, 14661 MiB, 100 %
2026/08/30 12:10:59.194, 14661 MiB, 50 %
2026/08/30 12:11:01.195, 14661 MiB, 98 %
2026/08/30 12:11:03.195, 14661 MiB, 100 %
2026/08/30 12:11:05.195, 14661 MiB, 100 %
2026/08/30 12:11:07.196, 14661 MiB, 100 %
2026/08/30 12:11:09.196, 14661 MiB, 100 %
2026/08/30 12:11:11.196, 14661 MiB, 100 %
2026/08/30 12:11:13.197, 14661 MiB, 45 %
2026/08/30 12:11:15.197, 14661 MiB, 98 %
2026/08/30 12:11:17.197, 14661 MiB, 97 %
2026/08/30 12:11:19.198, 14661 MiB, 100 %
2026/08/30 12:11:21.198, 14661 MiB, 100 %
2026/08/30 12:11:23.199, 14661 MiB, 100 %
2026/08/30 12:11:25.199, 14661 MiB, 100 %
2026/08/30 12:11:27.199, 14661 MiB, 92 %
2026/08/30 12:11:29.200, 14661 MiB, 99 %
2026/08/30 12:11:31.200, 14661 MiB, 60 %
2026/08/30 12:11:33.200, 14661 MiB, 100 %
2026/08/30 12:11:35.201, 14661 MiB, 100 %
2026/08/30 12:11:37.201, 14661 MiB, 100 %
2026/08/30 12:11:39.201, 14661 MiB, 100 %
2026/08/30 12:11:41.202, 14661 MiB, 100 %
2026/08/30 12:11:43.202, 14661 MiB, 100 %
2026/08/30 12:11:45.202, 14661 MiB, 68 %
2026/08/30 12:11:47.203, 14661 MiB, 97 %
2026/08/30 12:11:49.203, 14661 MiB, 65 %
2026/08/30 12:11:51.204, 14661 MiB, 100 %
2026/08/30 12:11:53.204, 14661 MiB, 100 %
2026/08/30 12:11:55.204, 14661 MiB, 100 %
2026/08/30 12:11:57.205, 14661 MiB, 100 %
2026/08/30 12:11:59.205, 14661 MiB, 100 %
2026/08/30 12:12:01.205, 14661 MiB, 100 %
2026/08/30 12:12:03.206, 14661 MiB, 73 %
2026/08/30 12:12:05.206, 14661 MiB, 98 %
2026/08/30 12:12:07.206, 14661 MiB, 75 %
2026/08/30 12:12:09.207, 14661 MiB, 100 %
2026/08/30 12:12:11.207, 14661 MiB, 100 %
2026/08/30 12:12:13.208, 14661 MiB, 100 %
2026/08/30 12:12:15.208, 14661 MiB, 100 %
2026/08/30 12:12:17.208, 14661 MiB, 100 %
2026/08/30 12:12:19.209, 14661 MiB, 100 %
2026/08/30 12:12:21.209, 14661 MiB, 50 %
2026/08/30 12:12:23.209, 14661 MiB, 98 %
2026/08/30 12:12:25.210, 14661 MiB, 89 %
2026/08/30 12:12:27.210, 14661 MiB, 100 %
2026/08/30 12:12:29.210, 14661 MiB, 100 %
2026/08/30 12:12:31.211, 14661 MiB, 100 %
2026/08/30 12:12:33.211, 14661 MiB, 100 %
2026/08/30 12:12:35.211, 14661 MiB, 100 %
2026/08/30 12:12:37.212, 14661 MiB, 100 %
2026/08/30 12:12:39.212, 14661 MiB, 54 %
2026/08/30 12:12:41.212, 14661 MiB, 97 %
2026/08/30 12:12:43.213, 14661 MiB, 95 %
2026/08/30 12:12:45.213, 14661 MiB, 100 %
2026/08/30 12:12:47.213, 14661 MiB, 100 %
2026/08/30 12:12:49.214, 14661 MiB, 100 %
2026/08/30 12:12:51.214, 14661 MiB, 100 %
2026/08/30 12:12:53.215, 14661 MiB, 73 %
2026/08/30 12:12:55.215, 14661 MiB, 97 %
2026/08/30 12:12:57.215, 14661 MiB, 61 %
2026/08/30 12:12:59.216, 14661 MiB, 98 %
2026/08/30 12:13:01.216, 14661 MiB, 100 %
2026/08/30 12:13:03.216, 14661 MiB, 100 %
2026/08/30 12:13:05.217, 14661 MiB, 100 %
2026/08/30 12:13:07.217, 14661 MiB, 100 %
2026/08/30 12:13:09.217, 14661 MiB, 100 %
2026/08/30 12:13:11.218, 14661 MiB, 94 %
2026/08/30 12:13:13.218, 14661 MiB, 100 %
2026/08/30 12:13:15.218, 14661 MiB, 43 %
2026/08/30 12:13:17.219, 14661 MiB, 98 %
2026/08/30 12:13:19.219, 14661 MiB, 97 %
2026/08/30 12:13:21.219, 14661 MiB, 100 %
2026/08/30 12:13:23.220, 14661 MiB, 100 %
2026/08/30 12:13:25.220, 14661 MiB, 100 %
2026/08/30 12:13:27.221, 14661 MiB, 100 %
2026/08/30 12:13:29.221, 14661 MiB, 100 %
2026/08/30 12:13:31.221, 14661 MiB, 100 %
2026/08/30 12:13:33.222, 14661 MiB, 44 %
2026/08/30 12:13:35.222, 14661 MiB, 98 %
2026/08/30 12:13:37.222, 14661 MiB, 97 %
2026/08/30 12:13:39.223, 14661 MiB, 100 %
2026/08/30 12:13:41.223, 14661 MiB, 100 %
2026/08/30 12:13:43.224, 14661 MiB, 100 %
2026/08/30 12:13:45.224, 14661 MiB, 100 %
2026/08/30 12:13:47.224, 14661 MiB, 76 %
2026/08/30 12:13:49.225, 14661 MiB, 98 %
2026/08/30 12:13:51.225, 14661 MiB, 70 %
2026/08/30 12:13:53.226, 14661 MiB, 100 %
2026/08/30 12:13:55.226, 14661 MiB, 100 %
2026/08/30 12:13:57.227, 14661 MiB, 100 %
2026/08/30 12:13:59.227, 14661 MiB, 100 %
2026/08/30 12:14:01.227, 14661 MiB, 100 %
2026/08/30 12:14:03.228, 14661 MiB, 100 %
2026/08/30 12:14:05.228, 14661 MiB, 49 %
2026/08/30 12:14:07.228, 14661 MiB, 98 %
2026/08/30 12:14:09.229, 14661 MiB, 87 %
2026/08/30 12:14:11.229, 14661 MiB, 100 %
2026/08/30 12:14:13.230, 14661 MiB, 100 %
2026/08/30 12:14:15.230, 14661 MiB, 100 %
2026/08/30 12:14:17.230, 14661 MiB, 100 %
2026/08/30 12:14:19.231, 14661 MiB, 100 %
2026/08/30 12:14:21.231, 14661 MiB, 100 %
2026/08/30 12:14:23.231, 14661 MiB, 45 %
2026/08/30 12:14:25.232, 14661 MiB, 98 %
2026/08/30 12:14:27.232, 14661 MiB, 79 %
2026/08/30 12:14:29.233, 14661 MiB, 100 %
2026/08/30 12:14:31.233, 14661 MiB, 100 %
2026/08/30 12:14:33.233, 14661 MiB, 100 %
2026/08/30 12:14:35.234, 14661 MiB, 100 %
2026/08/30 12:14:37.234, 14661 MiB, 100 %
2026/08/30 12:14:39.234, 14661 MiB, 100 %
2026/08/30 12:14:41.235, 14661 MiB, 64 %
2026/08/30 12:14:43.235, 14661 MiB, 98 %
2026/08/30 12:14:45.236, 14661 MiB, 70 %
2026/08/30 12:14:47.236, 14661 MiB, 100 %
2026/08/30 12:14:49.237, 14661 MiB, 100 %
2026/08/30 12:14:51.237, 14661 MiB, 100 %
2026/08/30 12:14:53.237, 14661 MiB, 100 %
2026/08/30 12:14:55.238, 14661 MiB, 100 %
2026/08/30 12:14:57.238, 14661 MiB, 100 %
2026/08/30 12:14:59.238, 14661 MiB, 49 %
2026/08/30 12:15:01.239, 14661 MiB, 98 %
2026/08/30 12:15:03.239, 14661 MiB, 100 %
2026/08/30 12:15:05.240, 14661 MiB, 100 %
2026/08/30 12:15:07.240, 14661 MiB, 100 %
2026/08/30 12:15:09.240, 14661 MiB, 73 %
2026/08/30 12:15:11.241, 14661 MiB, 98 %
2026/08/30 12:15:13.241, 14661 MiB, 73 %
2026/08/30 12:15:15.241, 14661 MiB, 100 %
2026/08/30 12:15:17.242, 14661 MiB, 100 %
2026/08/30 12:15:19.242, 14661 MiB, 100 %
2026/08/30 12:15:21.242, 14661 MiB, 100 %
2026/08/30 12:15:23.243, 14661 MiB, 100 %
2026/08/30 12:15:25.243, 14661 MiB, 100 %
2026/08/30 12:15:27.244, 14661 MiB, 46 %
2026/08/30 12:15:29.244, 14661 MiB, 98 %
2026/08/30 12:15:31.245, 14661 MiB, 93 %
2026/08/30 12:15:33.245, 14661 MiB, 100 %
2026/08/30 12:15:35.245, 14661 MiB, 100 %
2026/08/30 12:15:37.246, 14661 MiB, 100 %
2026/08/30 12:15:39.246, 14661 MiB, 100 %
2026/08/30 12:15:41.246, 14661 MiB, 100 %
2026/08/30 12:15:43.247, 14661 MiB, 100 %
2026/08/30 12:15:45.247, 14661 MiB, 52 %
2026/08/30 12:15:47.247, 14661 MiB, 98 %
2026/08/30 12:15:49.248, 14661 MiB, 89 %
2026/08/30 12:15:51.248, 14661 MiB, 100 %
2026/08/30 12:15:53.248, 14661 MiB, 100 %
2026/08/30 12:15:55.249, 14661 MiB, 100 %
2026/08/30 12:15:57.249, 14661 MiB, 100 %
2026/08/30 12:15:59.250, 14661 MiB, 89 %
2026/08/30 12:16:01.250, 14661 MiB, 98 %
2026/08/30 12:16:03.250, 14661 MiB, 58 %
2026/08/30 12:16:05.251, 14661 MiB, 100 %
2026/08/30 12:16:07.251, 14661 MiB, 100 %
2026/08/30 12:16:09.251, 14661 MiB, 100 %
2026/08/30 12:16:11.252, 14661 MiB, 100 %
2026/08/30 12:16:13.252, 14661 MiB, 100 %
2026/08/30 12:16:15.252, 14661 MiB, 100 %
2026/08/30 12:16:17.253, 14661 MiB, 47 %
2026/08/30 12:16:19.253, 14661 MiB, 98 %
2026/08/30 12:16:21.254, 14661 MiB, 100 %
2026/08/30 12:16:23.254, 14661 MiB, 100 %
2026/08/30 12:16:25.254, 14661 MiB, 100 %
2026/08/30 12:16:27.255, 14661 MiB, 100 %
2026/08/30 12:16:29.255, 14661 MiB, 100 %
2026/08/30 12:16:31.255, 14661 MiB, 58 %
2026/08/30 12:16:33.256, 14661 MiB, 98 %
2026/08/30 12:16:35.256, 14661 MiB, 91 %
2026/08/30 12:16:37.257, 14661 MiB, 100 %
2026/08/30 12:16:39.257, 14661 MiB, 100 %
2026/08/30 12:16:41.257, 14661 MiB, 100 %
2026/08/30 12:16:43.258, 14661 MiB, 100 %
2026/08/30 12:16:45.258, 14661 MiB, 80 %
2026/08/30 12:16:47.258, 14661 MiB, 98 %
2026/08/30 12:16:49.259, 14661 MiB, 75 %
2026/08/30 12:16:51.259, 14661 MiB, 100 %
2026/08/30 12:16:53.259, 14661 MiB, 100 %
2026/08/30 12:16:55.260, 14661 MiB, 100 %
2026/08/30 12:16:57.260, 14661 MiB, 100 %
2026/08/30 12:16:59.261, 14661 MiB, 100 %
2026/08/30 12:17:01.261, 14661 MiB, 100 %
2026/08/30 12:17:03.261, 14661 MiB, 50 %
2026/08/30 12:17:05.262, 14661 MiB, 98 %
2026/08/30 12:17:07.262, 14661 MiB, 100 %
2026/08/30 12:17:09.262, 14661 MiB, 100 %
2026/08/30 12:17:11.263, 14661 MiB, 100 %
2026/08/30 12:17:13.263, 14661 MiB, 100 %
2026/08/30 12:17:15.264, 14661 MiB, 100 %
2026/08/30 12:17:17.264, 14661 MiB, 56 %
2026/08/30 12:17:19.264, 14661 MiB, 98 %
2026/08/30 12:17:21.265, 14661 MiB, 95 %
2026/08/30 12:17:23.265, 14661 MiB, 100 %
2026/08/30 12:17:25.265, 14661 MiB, 100 %
2026/08/30 12:17:27.266, 14661 MiB, 100 %
2026/08/30 12:17:29.282, 14661 MiB, 100 %
2026/08/30 12:17:31.282, 14661 MiB, 74 %
2026/08/30 12:17:33.283, 14661 MiB, 98 %
2026/08/30 12:17:35.283, 14661 MiB, 74 %
2026/08/30 12:17:37.283, 14661 MiB, 100 %
2026/08/30 12:17:39.284, 14661 MiB, 100 %
2026/08/30 12:17:41.284, 14661 MiB, 100 %
2026/08/30 12:17:43.284, 14661 MiB, 100 %
2026/08/30 12:17:45.285, 14661 MiB, 94 %
2026/08/30 12:17:47.285, 14661 MiB, 99 %
2026/08/30 12:17:49.286, 14661 MiB, 63 %
2026/08/30 12:17:51.286, 14661 MiB, 100 %
2026/08/30 12:17:53.286, 14661 MiB, 100 %
2026/08/30 12:17:55.287, 14661 MiB, 100 %
2026/08/30 12:17:57.287, 14661 MiB, 100 %
2026/08/30 12:17:59.287, 14661 MiB, 81 %
2026/08/30 12:18:01.288, 14661 MiB, 98 %
2026/08/30 12:18:03.288, 14661 MiB, 72 %
2026/08/30 12:18:05.289, 14661 MiB, 100 %
2026/08/30 12:18:07.289, 14661 MiB, 100 %
2026/08/30 12:18:09.289, 14661 MiB, 100 %
2026/08/30 12:18:11.290, 14661 MiB, 100 %
2026/08/30 12:18:13.290, 14661 MiB, 88 %
2026/08/30 12:18:15.290, 14661 MiB, 98 %
2026/08/30 12:18:17.291, 14661 MiB, 60 %
2026/08/30 12:18:19.291, 14661 MiB, 100 %
2026/08/30 12:18:21.292, 14661 MiB, 100 %
2026/08/30 12:18:23.292, 14661 MiB, 100 %
2026/08/30 12:18:25.292, 14661 MiB, 100 %
2026/08/30 12:18:27.293, 14661 MiB, 100 %
2026/08/30 12:18:29.293, 14661 MiB, 100 %
2026/08/30 12:18:31.294, 14661 MiB, 49 %
2026/08/30 12:18:33.294, 14661 MiB, 98 %
2026/08/30 12:18:35.294, 14661 MiB, 100 %
2026/08/30 12:18:37.295, 14661 MiB, 100 %
2026/08/30 12:18:39.295, 14661 MiB, 100 %
2026/08/30 12:18:41.295, 14661 MiB, 100 %
2026/08/30 12:18:43.296, 14661 MiB, 100 %
2026/08/30 12:18:45.296, 14661 MiB, 96 %
2026/08/30 12:18:47.296, 14661 MiB, 100 %
2026/08/30 12:18:49.297, 14661 MiB, 46 %
2026/08/30 12:18:51.297, 14661 MiB, 97 %
2026/08/30 12:18:53.298, 14661 MiB, 96 %
2026/08/30 12:18:55.298, 14661 MiB, 100 %
2026/08/30 12:18:57.298, 14661 MiB, 100 %
2026/08/30 12:18:59.299, 14661 MiB, 100 %
2026/08/30 12:19:01.299, 14661 MiB, 100 %
2026/08/30 12:19:03.299, 14661 MiB, 98 %
2026/08/30 12:19:05.300, 14661 MiB, 100 %
2026/08/30 12:19:07.300, 14661 MiB, 50 %
2026/08/30 12:19:09.301, 14661 MiB, 97 %
2026/08/30 12:19:11.301, 14661 MiB, 100 %
2026/08/30 12:19:13.301, 14661 MiB, 100 %
2026/08/30 12:19:15.302, 14661 MiB, 100 %
2026/08/30 12:19:17.302, 14661 MiB, 100 %
2026/08/30 12:19:19.303, 14661 MiB, 100 %
2026/08/30 12:19:21.303, 14661 MiB, 100 %
2026/08/30 12:19:23.304, 14661 MiB, 100 %
2026/08/30 12:19:25.304, 14661 MiB, 43 %
2026/08/30 12:19:27.304, 14661 MiB, 98 %
2026/08/30 12:19:29.305, 14661 MiB, 100 %
2026/08/30 12:19:31.305, 14661 MiB, 100 %
2026/08/30 12:19:33.306, 14661 MiB, 100 %
2026/08/30 12:19:35.306, 14661 MiB, 81 %
2026/08/30 12:19:37.306, 14661 MiB, 98 %
2026/08/30 12:19:39.307, 14661 MiB, 55 %
2026/08/30 12:19:41.307, 14661 MiB, 98 %
2026/08/30 12:19:43.308, 14661 MiB, 100 %
2026/08/30 12:19:45.308, 14661 MiB, 100 %
2026/08/30 12:19:47.308, 14661 MiB, 100 %
2026/08/30 12:19:49.309, 14661 MiB, 100 %
2026/08/30 12:19:51.309, 14661 MiB, 100 %
2026/08/30 12:19:53.309, 14661 MiB, 84 %
2026/08/30 12:19:55.310, 14661 MiB, 98 %
2026/08/30 12:19:57.310, 14661 MiB, 60 %
2026/08/30 12:19:59.310, 14661 MiB, 98 %
2026/08/30 12:20:01.311, 14661 MiB, 100 %
2026/08/30 12:20:03.311, 14661 MiB, 100 %
2026/08/30 12:20:05.312, 14661 MiB, 100 %
2026/08/30 12:20:07.312, 14661 MiB, 100 %
2026/08/30 12:20:09.312, 14661 MiB, 100 %
2026/08/30 12:20:11.313, 14661 MiB, 100 %
2026/08/30 12:20:13.313, 14661 MiB, 100 %
2026/08/30 12:20:15.313, 14661 MiB, 50 %
2026/08/30 12:20:17.314, 14661 MiB, 98 %
2026/08/30 12:20:19.314, 14661 MiB, 100 %
2026/08/30 12:20:21.314, 14661 MiB, 100 %
2026/08/30 12:20:23.315, 14661 MiB, 100 %
2026/08/30 12:20:25.315, 14661 MiB, 100 %
2026/08/30 12:20:27.315, 14661 MiB, 100 %
2026/08/30 12:20:29.316, 14661 MiB, 76 %
2026/08/30 12:20:31.316, 14661 MiB, 97 %
2026/08/30 12:20:33.317, 14661 MiB, 64 %
2026/08/30 12:20:35.317, 14661 MiB, 100 %
2026/08/30 12:20:37.317, 14661 MiB, 100 %
2026/08/30 12:20:39.318, 14661 MiB, 100 %
2026/08/30 12:20:41.318, 14661 MiB, 100 %
2026/08/30 12:20:43.318, 14661 MiB, 100 %
2026/08/30 12:20:45.319, 14661 MiB, 100 %
2026/08/30 12:20:47.319, 14661 MiB, 48 %
2026/08/30 12:20:49.320, 14661 MiB, 98 %
2026/08/30 12:20:51.320, 14661 MiB, 100 %
2026/08/30 12:20:53.320, 14661 MiB, 100 %
2026/08/30 12:20:55.321, 14661 MiB, 100 %
2026/08/30 12:20:57.321, 14661 MiB, 100 %
2026/08/30 12:20:59.321, 14661 MiB, 100 %
2026/08/30 12:21:01.322, 14661 MiB, 64 %
2026/08/30 12:21:03.322, 14661 MiB, 98 %
2026/08/30 12:21:05.323, 14661 MiB, 87 %
2026/08/30 12:21:07.323, 14661 MiB, 100 %
2026/08/30 12:21:09.323, 14661 MiB, 100 %
2026/08/30 12:21:11.324, 14661 MiB, 100 %
2026/08/30 12:21:13.324, 14661 MiB, 100 %
2026/08/30 12:21:15.324, 14661 MiB, 100 %
2026/08/30 12:21:17.325, 14661 MiB, 100 %
2026/08/30 12:21:19.325, 14661 MiB, 48 %
2026/08/30 12:21:21.325, 14661 MiB, 98 %
2026/08/30 12:21:23.326, 14661 MiB, 100 %
2026/08/30 12:21:25.326, 14661 MiB, 100 %
2026/08/30 12:21:27.326, 14661 MiB, 100 %
2026/08/30 12:21:29.327, 14661 MiB, 100 %
2026/08/30 12:21:31.327, 14661 MiB, 100 %
2026/08/30 12:21:33.327, 14661 MiB, 79 %
2026/08/30 12:21:35.328, 14661 MiB, 98 %
2026/08/30 12:21:37.328, 14661 MiB, 68 %
2026/08/30 12:21:39.329, 14661 MiB, 100 %
2026/08/30 12:21:41.329, 14661 MiB, 100 %
2026/08/30 12:21:43.329, 14661 MiB, 100 %
2026/08/30 12:21:45.330, 14661 MiB, 100 %
2026/08/30 12:21:47.330, 14661 MiB, 100 %
2026/08/30 12:21:49.330, 14661 MiB, 100 %
2026/08/30 12:21:51.331, 14661 MiB, 49 %
2026/08/30 12:21:53.331, 14661 MiB, 98 %
2026/08/30 12:21:55.331, 14661 MiB, 100 %
2026/08/30 12:21:57.332, 14661 MiB, 100 %
2026/08/30 12:21:59.332, 14661 MiB, 100 %
2026/08/30 12:22:01.333, 14661 MiB, 100 %
2026/08/30 12:22:03.333, 14661 MiB, 100 %
2026/08/30 12:22:05.333, 14661 MiB, 74 %
2026/08/30 12:22:07.334, 14661 MiB, 98 %
2026/08/30 12:22:09.334, 14661 MiB, 69 %
2026/08/30 12:22:11.334, 14661 MiB, 100 %
2026/08/30 12:22:13.335, 14661 MiB, 100 %
2026/08/30 12:22:15.335, 14661 MiB, 100 %
2026/08/30 12:22:17.335, 14661 MiB, 100 %
2026/08/30 12:22:19.336, 14661 MiB, 100 %
2026/08/30 12:22:21.336, 14661 MiB, 100 %
2026/08/30 12:22:23.336, 14661 MiB, 51 %
2026/08/30 12:22:25.337, 14661 MiB, 98 %
2026/08/30 12:22:27.337, 14661 MiB, 100 %
2026/08/30 12:22:29.338, 14661 MiB, 100 %
2026/08/30 12:22:31.338, 14661 MiB, 100 %
2026/08/30 12:22:33.338, 14661 MiB, 100 %
2026/08/30 12:22:35.339, 14661 MiB, 100 %
2026/08/30 12:22:37.339, 14661 MiB, 49 %
2026/08/30 12:22:39.339, 14661 MiB, 98 %
2026/08/30 12:22:41.340, 14661 MiB, 100 %
2026/08/30 12:22:43.340, 14661 MiB, 100 %
2026/08/30 12:22:45.340, 14661 MiB, 100 %
2026/08/30 12:22:47.341, 14661 MiB, 100 %
2026/08/30 12:22:49.341, 14661 MiB, 100 %
2026/08/30 12:22:51.342, 14661 MiB, 50 %
2026/08/30 12:22:53.342, 14661 MiB, 98 %
2026/08/30 12:22:55.342, 14661 MiB, 100 %
2026/08/30 12:22:57.343, 14661 MiB, 100 %
2026/08/30 12:22:59.343, 14661 MiB, 100 %
2026/08/30 12:23:01.343, 14661 MiB, 100 %
2026/08/30 12:23:03.344, 14661 MiB, 100 %
2026/08/30 12:23:05.344, 14661 MiB, 50 %
2026/08/30 12:23:07.344, 14661 MiB, 98 %
2026/08/30 12:23:09.345, 14661 MiB, 100 %
2026/08/30 12:23:11.345, 14661 MiB, 100 %
2026/08/30 12:23:13.345, 14661 MiB, 100 %
2026/08/30 12:23:15.346, 14661 MiB, 100 %
2026/08/30 12:23:17.346, 14661 MiB, 100 %
2026/08/30 12:23:19.347, 14661 MiB, 53 %
2026/08/30 12:23:21.347, 14661 MiB, 98 %
2026/08/30 12:23:23.347, 14661 MiB, 99 %
2026/08/30 12:23:25.348, 14661 MiB, 100 %
2026/08/30 12:23:27.348, 14661 MiB, 100 %
2026/08/30 12:23:29.348, 14661 MiB, 100 %
2026/08/30 12:23:31.349, 14661 MiB, 100 %
2026/08/30 12:23:33.349, 14661 MiB, 69 %
2026/08/30 12:23:35.349, 14661 MiB, 98 %
2026/08/30 12:23:37.350, 14661 MiB, 75 %
2026/08/30 12:23:39.350, 14661 MiB, 100 %
2026/08/30 12:23:41.350, 14661 MiB, 100 %
2026/08/30 12:23:43.351, 14661 MiB, 100 %
2026/08/30 12:23:45.351, 14661 MiB, 100 %
2026/08/30 12:23:47.351, 14661 MiB, 98 %
2026/08/30 12:23:49.352, 14661 MiB, 100 %
2026/08/30 12:23:51.352, 14661 MiB, 43 %
2026/08/30 12:23:53.352, 14661 MiB, 98 %
2026/08/30 12:23:55.353, 14661 MiB, 100 %
2026/08/30 12:23:57.353, 14661 MiB, 100 %
2026/08/30 12:23:59.353, 14661 MiB, 100 %
2026/08/30 12:24:01.354, 14661 MiB, 100 %
2026/08/30 12:24:03.354, 14661 MiB, 100 %
2026/08/30 12:24:05.354, 14661 MiB, 50 %
2026/08/30 12:24:07.355, 14661 MiB, 98 %
2026/08/30 12:24:09.355, 14661 MiB, 100 %
2026/08/30 12:24:11.356, 14661 MiB, 100 %
2026/08/30 12:24:13.356, 14661 MiB, 100 %
2026/08/30 12:24:15.357, 14661 MiB, 64 %
2026/08/30 12:24:17.357, 14661 MiB, 98 %
2026/08/30 12:24:19.358, 14661 MiB, 91 %
2026/08/30 12:24:21.358, 14661 MiB, 100 %
2026/08/30 12:24:23.358, 14661 MiB, 100 %
2026/08/30 12:24:25.359, 14661 MiB, 100 %
2026/08/30 12:24:27.359, 14661 MiB, 100 %
2026/08/30 12:24:29.359, 14661 MiB, 75 %
2026/08/30 12:24:31.360, 14661 MiB, 98 %
2026/08/30 12:24:33.360, 14661 MiB, 78 %
2026/08/30 12:24:35.361, 14661 MiB, 100 %
2026/08/30 12:24:37.361, 14661 MiB, 100 %
2026/08/30 12:24:39.361, 14661 MiB, 100 %
2026/08/30 12:24:41.362, 14661 MiB, 100 %
2026/08/30 12:24:43.362, 14661 MiB, 89 %
2026/08/30 12:24:45.362, 14661 MiB, 98 %
2026/08/30 12:24:47.363, 14661 MiB, 68 %
2026/08/30 12:24:49.363, 14661 MiB, 100 %
2026/08/30 12:24:51.363, 14661 MiB, 100 %
2026/08/30 12:24:53.364, 14661 MiB, 100 %
2026/08/30 12:24:55.364, 14661 MiB, 100 %
2026/08/30 12:24:57.364, 14661 MiB, 100 %
2026/08/30 12:24:59.365, 14661 MiB, 100 %
2026/08/30 12:25:01.365, 14661 MiB, 52 %
2026/08/30 12:25:03.365, 14661 MiB, 98 %
2026/08/30 12:25:05.366, 14661 MiB, 100 %
2026/08/30 12:25:07.366, 14661 MiB, 100 %
2026/08/30 12:25:09.366, 14661 MiB, 100 %
2026/08/30 12:25:11.367, 14661 MiB, 100 %
2026/08/30 12:25:13.367, 14661 MiB, 100 %
2026/08/30 12:25:15.368, 14661 MiB, 49 %
2026/08/30 12:25:17.368, 14661 MiB, 98 %
2026/08/30 12:25:19.368, 14661 MiB, 100 %
2026/08/30 12:25:21.369, 14661 MiB, 100 %
2026/08/30 12:25:23.369, 14661 MiB, 100 %
2026/08/30 12:25:25.370, 14661 MiB, 100 %
2026/08/30 12:25:27.370, 14661 MiB, 100 %
2026/08/30 12:25:29.370, 14661 MiB, 68 %
2026/08/30 12:25:31.371, 14661 MiB, 98 %
2026/08/30 12:25:33.371, 14661 MiB, 90 %
2026/08/30 12:25:35.371, 14661 MiB, 100 %
2026/08/30 12:25:37.372, 14661 MiB, 100 %
2026/08/30 12:25:39.372, 14661 MiB, 100 %
2026/08/30 12:25:41.373, 14661 MiB, 100 %
2026/08/30 12:25:43.373, 14661 MiB, 100 %
2026/08/30 12:25:45.373, 14661 MiB, 100 %
2026/08/30 12:25:47.374, 14661 MiB, 48 %
2026/08/30 12:25:49.374, 14661 MiB, 98 %
2026/08/30 12:25:51.374, 14661 MiB, 100 %
2026/08/30 12:25:53.375, 14661 MiB, 100 %
2026/08/30 12:25:55.375, 14661 MiB, 100 %
2026/08/30 12:25:57.376, 14661 MiB, 100 %
2026/08/30 12:25:59.376, 14661 MiB, 100 %
2026/08/30 12:26:01.376, 14661 MiB, 51 %
2026/08/30 12:26:03.385, 14661 MiB, 98 %
2026/08/30 12:26:05.385, 14661 MiB, 97 %
2026/08/30 12:26:07.386, 14661 MiB, 100 %
2026/08/30 12:26:09.386, 14661 MiB, 100 %
2026/08/30 12:26:11.387, 14661 MiB, 100 %
2026/08/30 12:26:13.387, 14661 MiB, 100 %
2026/08/30 12:26:15.387, 14661 MiB, 77 %
2026/08/30 12:26:17.388, 14661 MiB, 98 %
2026/08/30 12:26:19.388, 14661 MiB, 73 %
2026/08/30 12:26:21.388, 14661 MiB, 100 %
2026/08/30 12:26:23.389, 14661 MiB, 100 %
2026/08/30 12:26:25.389, 14661 MiB, 100 %
2026/08/30 12:26:27.389, 14661 MiB, 100 %
2026/08/30 12:26:29.390, 14661 MiB, 100 %
2026/08/30 12:26:31.390, 14661 MiB, 100 %
2026/08/30 12:26:33.391, 14661 MiB, 48 %
2026/08/30 12:26:35.391, 14661 MiB, 98 %
2026/08/30 12:26:37.391, 14661 MiB, 100 %
2026/08/30 12:26:39.392, 14661 MiB, 100 %
2026/08/30 12:26:41.392, 14661 MiB, 100 %
2026/08/30 12:26:43.392, 14661 MiB, 100 %
2026/08/30 12:26:45.393, 14661 MiB, 100 %
2026/08/30 12:26:47.393, 14661 MiB, 58 %
2026/08/30 12:26:49.393, 14661 MiB, 98 %
2026/08/30 12:26:51.394, 14661 MiB, 85 %
2026/08/30 12:26:53.394, 14661 MiB, 100 %
2026/08/30 12:26:55.395, 14661 MiB, 100 %
2026/08/30 12:26:57.395, 14661 MiB, 100 %
2026/08/30 12:26:59.395, 14661 MiB, 100 %
2026/08/30 12:27:01.396, 14661 MiB, 91 %
2026/08/30 12:27:03.396, 14661 MiB, 98 %
2026/08/30 12:27:05.396, 14661 MiB, 59 %
2026/08/30 12:27:07.397, 14661 MiB, 98 %
2026/08/30 12:27:09.397, 14661 MiB, 100 %
2026/08/30 12:27:11.397, 14661 MiB, 100 %
2026/08/30 12:27:13.398, 14661 MiB, 100 %
2026/08/30 12:27:15.398, 14661 MiB, 100 %
2026/08/30 12:27:17.398, 14661 MiB, 100 %
2026/08/30 12:27:19.399, 14661 MiB, 47 %
2026/08/30 12:27:21.399, 14661 MiB, 98 %
2026/08/30 12:27:23.400, 14661 MiB, 100 %
2026/08/30 12:27:25.400, 14661 MiB, 100 %
2026/08/30 12:27:27.400, 14661 MiB, 100 %
2026/08/30 12:27:29.401, 14661 MiB, 100 %
2026/08/30 12:27:31.401, 14661 MiB, 100 %
2026/08/30 12:27:33.401, 14661 MiB, 74 %
2026/08/30 12:27:35.402, 14661 MiB, 98 %
2026/08/30 12:27:37.402, 14661 MiB, 77 %
2026/08/30 12:27:39.402, 14661 MiB, 100 %
2026/08/30 12:27:41.403, 14661 MiB, 100 %
2026/08/30 12:27:43.403, 14661 MiB, 100 %
2026/08/30 12:27:45.403, 14661 MiB, 100 %
2026/08/30 12:27:47.404, 14661 MiB, 89 %
2026/08/30 12:27:49.404, 14661 MiB, 98 %
2026/08/30 12:27:51.404, 14661 MiB, 59 %
2026/08/30 12:27:53.405, 14661 MiB, 98 %
2026/08/30 12:27:55.405, 14661 MiB, 100 %
2026/08/30 12:27:57.405, 14661 MiB, 100 %
2026/08/30 12:27:59.406, 14661 MiB, 100 %
2026/08/30 12:28:01.406, 14661 MiB, 100 %
2026/08/30 12:28:03.407, 14661 MiB, 100 %
2026/08/30 12:28:05.407, 14661 MiB, 49 %
2026/08/30 12:28:07.407, 14661 MiB, 98 %
2026/08/30 12:28:09.408, 14661 MiB, 100 %
2026/08/30 12:28:11.408, 14661 MiB, 100 %
2026/08/30 12:28:13.408, 14661 MiB, 100 %
2026/08/30 12:28:15.409, 14661 MiB, 100 %
2026/08/30 12:28:17.409, 14661 MiB, 100 %
2026/08/30 12:28:19.409, 14661 MiB, 56 %
2026/08/30 12:28:21.410, 14661 MiB, 98 %
2026/08/30 12:28:23.410, 14661 MiB, 91 %
2026/08/30 12:28:25.410, 14661 MiB, 100 %
2026/08/30 12:28:27.411, 14661 MiB, 100 %
2026/08/30 12:28:29.411, 14661 MiB, 100 %
2026/08/30 12:28:31.411, 14661 MiB, 100 %
2026/08/30 12:28:33.412, 14661 MiB, 88 %
2026/08/30 12:28:35.412, 14661 MiB, 98 %
2026/08/30 12:28:37.412, 14661 MiB, 66 %
2026/08/30 12:28:39.413, 14661 MiB, 100 %
2026/08/30 12:28:41.413, 14661 MiB, 100 %
2026/08/30 12:28:43.414, 14661 MiB, 100 %
2026/08/30 12:28:45.414, 14661 MiB, 100 %
2026/08/30 12:28:47.414, 14661 MiB, 46 %
2026/08/30 12:28:49.415, 14661 MiB, 98 %
2026/08/30 12:28:51.415, 14661 MiB, 100 %
2026/08/30 12:28:53.415, 14661 MiB, 100 %
2026/08/30 12:28:55.416, 14661 MiB, 100 %
2026/08/30 12:28:57.416, 14661 MiB, 100 %
2026/08/30 12:28:59.416, 14661 MiB, 100 %
2026/08/30 12:29:01.418, 14661 MiB, 50 %
2026/08/30 12:29:03.418, 14661 MiB, 98 %
2026/08/30 12:29:05.418, 14661 MiB, 100 %
2026/08/30 12:29:07.419, 14661 MiB, 100 %
2026/08/30 12:29:09.419, 14661 MiB, 100 %
2026/08/30 12:29:11.419, 14661 MiB, 100 %
2026/08/30 12:29:13.420, 14661 MiB, 100 %
2026/08/30 12:29:15.420, 14661 MiB, 48 %
2026/08/30 12:29:17.421, 14661 MiB, 98 %
2026/08/30 12:29:19.421, 14661 MiB, 100 %
2026/08/30 12:29:21.421, 14661 MiB, 100 %
2026/08/30 12:29:23.422, 14661 MiB, 100 %
2026/08/30 12:29:25.422, 14661 MiB, 100 %
2026/08/30 12:29:27.423, 14661 MiB, 100 %
2026/08/30 12:29:29.423, 14661 MiB, 50 %
2026/08/30 12:29:31.423, 14661 MiB, 98 %
2026/08/30 12:29:33.424, 14661 MiB, 100 %
2026/08/30 12:29:35.424, 14661 MiB, 100 %
2026/08/30 12:29:37.424, 14661 MiB, 100 %
2026/08/30 12:29:39.425, 14661 MiB, 100 %
2026/08/30 12:29:41.425, 14661 MiB, 100 %
2026/08/30 12:29:43.426, 14661 MiB, 49 %
2026/08/30 12:29:45.426, 14661 MiB, 98 %
2026/08/30 12:29:47.426, 14661 MiB, 100 %
2026/08/30 12:29:49.427, 14661 MiB, 100 %
2026/08/30 12:29:51.427, 14661 MiB, 100 %
2026/08/30 12:29:53.428, 14661 MiB, 100 %
2026/08/30 12:29:55.428, 14661 MiB, 100 %
2026/08/30 12:29:57.428, 14661 MiB, 52 %
2026/08/30 12:29:59.429, 14661 MiB, 98 %
2026/08/30 12:30:01.429, 14661 MiB, 100 %
2026/08/30 12:30:03.430, 14661 MiB, 100 %
2026/08/30 12:30:05.430, 14661 MiB, 100 %
2026/08/30 12:30:07.430, 14661 MiB, 83 %
2026/08/30 12:30:09.431, 14661 MiB, 98 %
2026/08/30 12:30:11.431, 14661 MiB, 82 %
2026/08/30 12:30:13.431, 14661 MiB, 100 %
2026/08/30 12:30:15.432, 14661 MiB, 100 %
2026/08/30 12:30:17.432, 14661 MiB, 100 %
2026/08/30 12:30:19.433, 14661 MiB, 100 %
2026/08/30 12:30:21.433, 14661 MiB, 85 %
2026/08/30 12:30:23.433, 14661 MiB, 98 %
2026/08/30 12:30:25.434, 14661 MiB, 78 %
2026/08/30 12:30:27.434, 14661 MiB, 100 %
2026/08/30 12:30:29.434, 14661 MiB, 100 %
2026/08/30 12:30:31.435, 14661 MiB, 100 %
2026/08/30 12:30:33.435, 14661 MiB, 100 %
2026/08/30 12:30:35.436, 14661 MiB, 68 %
2026/08/30 12:30:37.436, 14661 MiB, 98 %
2026/08/30 12:30:39.436, 14661 MiB, 97 %
2026/08/30 12:30:41.437, 14661 MiB, 100 %
2026/08/30 12:30:43.437, 14661 MiB, 100 %
2026/08/30 12:30:45.438, 14661 MiB, 100 %
2026/08/30 12:30:47.438, 14661 MiB, 100 %
2026/08/30 12:30:49.438, 14661 MiB, 48 %
2026/08/30 12:30:51.439, 14661 MiB, 98 %
2026/08/30 12:30:53.439, 14661 MiB, 100 %
2026/08/30 12:30:55.439, 14661 MiB, 100 %
2026/08/30 12:30:57.440, 14661 MiB, 100 %
2026/08/30 12:30:59.440, 14661 MiB, 100 %
2026/08/30 12:31:01.441, 14661 MiB, 100 %
2026/08/30 12:31:03.441, 14661 MiB, 51 %
2026/08/30 12:31:05.441, 14661 MiB, 98 %
2026/08/30 12:31:07.442, 14661 MiB, 100 %
2026/08/30 12:31:09.442, 14661 MiB, 100 %
2026/08/30 12:31:11.442, 14661 MiB, 100 %
2026/08/30 12:31:13.443, 14661 MiB, 100 %
2026/08/30 12:31:15.443, 14661 MiB, 100 %
2026/08/30 12:31:17.443, 14661 MiB, 50 %
2026/08/30 12:31:19.444, 14661 MiB, 98 %
2026/08/30 12:31:21.444, 14661 MiB, 100 %
2026/08/30 12:31:23.444, 14661 MiB, 100 %
2026/08/30 12:31:25.445, 14661 MiB, 100 %
2026/08/30 12:31:27.445, 14661 MiB, 100 %
2026/08/30 12:31:29.446, 14661 MiB, 100 %
2026/08/30 12:31:31.446, 14661 MiB, 55 %
2026/08/30 12:31:33.446, 14661 MiB, 98 %
2026/08/30 12:31:35.447, 14661 MiB, 100 %
2026/08/30 12:31:37.447, 14661 MiB, 100 %
2026/08/30 12:31:39.447, 14661 MiB, 100 %
2026/08/30 12:31:41.448, 14661 MiB, 100 %
2026/08/30 12:31:43.448, 14661 MiB, 100 %
2026/08/30 12:31:45.448, 14661 MiB, 51 %
2026/08/30 12:31:47.449, 14661 MiB, 98 %
2026/08/30 12:31:49.449, 14661 MiB, 100 %
2026/08/30 12:31:51.450, 14661 MiB, 100 %
2026/08/30 12:31:53.450, 14661 MiB, 100 %
2026/08/30 12:31:55.450, 14661 MiB, 100 %
2026/08/30 12:31:57.451, 14661 MiB, 100 %
2026/08/30 12:31:59.451, 14661 MiB, 47 %
2026/08/30 12:32:01.451, 14661 MiB, 98 %
2026/08/30 12:32:03.452, 14661 MiB, 100 %
2026/08/30 12:32:05.452, 14661 MiB, 100 %
2026/08/30 12:32:07.452, 14661 MiB, 100 %
2026/08/30 12:32:09.453, 14661 MiB, 100 %
2026/08/30 12:32:11.453, 14661 MiB, 100 %
2026/08/30 12:32:13.453, 14661 MiB, 47 %
2026/08/30 12:32:15.454, 14661 MiB, 98 %
2026/08/30 12:32:17.454, 14661 MiB, 100 %
2026/08/30 12:32:19.454, 14661 MiB, 100 %
2026/08/30 12:32:21.455, 14661 MiB, 100 %
2026/08/30 12:32:23.455, 14661 MiB, 100 %
2026/08/30 12:32:25.455, 14661 MiB, 100 %
2026/08/30 12:32:27.456, 14661 MiB, 49 %
2026/08/30 12:32:29.456, 14661 MiB, 98 %
2026/08/30 12:32:31.456, 14661 MiB, 100 %
2026/08/30 12:32:33.457, 14661 MiB, 100 %
2026/08/30 12:32:35.457, 14661 MiB, 100 %
2026/08/30 12:32:37.458, 14661 MiB, 100 %
2026/08/30 12:32:39.458, 14661 MiB, 100 %
2026/08/30 12:32:41.458, 14661 MiB, 48 %
2026/08/30 12:32:43.459, 14661 MiB, 98 %
2026/08/30 12:32:45.459, 14661 MiB, 100 %
2026/08/30 12:32:47.459, 14661 MiB, 100 %
2026/08/30 12:32:49.460, 14661 MiB, 100 %
2026/08/30 12:32:51.460, 14661 MiB, 100 %
2026/08/30 12:32:53.461, 14661 MiB, 100 %
2026/08/30 12:32:55.461, 14661 MiB, 49 %
2026/08/30 12:32:57.461, 14661 MiB, 98 %
2026/08/30 12:32:59.462, 14661 MiB, 100 %
2026/08/30 12:33:01.462, 14661 MiB, 100 %
2026/08/30 12:33:03.463, 14661 MiB, 100 %
2026/08/30 12:33:05.463, 14661 MiB, 100 %
2026/08/30 12:33:07.463, 14661 MiB, 100 %
2026/08/30 12:33:09.464, 14661 MiB, 49 %
2026/08/30 12:33:11.464, 14661 MiB, 97 %
2026/08/30 12:33:13.464, 14661 MiB, 100 %
2026/08/30 12:33:15.465, 14661 MiB, 100 %
2026/08/30 12:33:17.465, 14661 MiB, 100 %
2026/08/30 12:33:19.465, 14661 MiB, 48 %
2026/08/30 12:33:21.466, 14661 MiB, 98 %
2026/08/30 12:33:23.466, 14661 MiB, 100 %
2026/08/30 12:33:25.467, 14661 MiB, 100 %
2026/08/30 12:33:27.467, 14661 MiB, 100 %
2026/08/30 12:33:29.467, 14661 MiB, 100 %
2026/08/30 12:33:31.468, 14661 MiB, 100 %
2026/08/30 12:33:33.468, 14661 MiB, 47 %
2026/08/30 12:33:35.468, 14661 MiB, 98 %
2026/08/30 12:33:37.469, 14661 MiB, 100 %
2026/08/30 12:33:39.469, 14661 MiB, 100 %
2026/08/30 12:33:41.470, 14661 MiB, 100 %
2026/08/30 12:33:43.470, 14661 MiB, 100 %
2026/08/30 12:33:45.470, 14661 MiB, 100 %
2026/08/30 12:33:47.471, 14661 MiB, 57 %
2026/08/30 12:33:49.471, 14661 MiB, 98 %
2026/08/30 12:33:51.471, 14661 MiB, 100 %
2026/08/30 12:33:53.472, 14661 MiB, 100 %
2026/08/30 12:33:55.472, 14661 MiB, 100 %
2026/08/30 12:33:57.472, 14661 MiB, 100 %
2026/08/30 12:33:59.473, 14661 MiB, 100 %
2026/08/30 12:34:01.473, 14661 MiB, 49 %
2026/08/30 12:34:03.473, 14661 MiB, 98 %
2026/08/30 12:34:05.474, 14661 MiB, 100 %
2026/08/30 12:34:07.474, 14661 MiB, 100 %
2026/08/30 12:34:09.475, 14661 MiB, 100 %
2026/08/30 12:34:11.475, 14661 MiB, 100 %
2026/08/30 12:34:13.475, 14661 MiB, 100 %
2026/08/30 12:34:15.476, 14661 MiB, 50 %
2026/08/30 12:34:17.476, 14661 MiB, 98 %
2026/08/30 12:34:19.477, 14661 MiB, 100 %
2026/08/30 12:34:21.477, 14661 MiB, 100 %
2026/08/30 12:34:23.477, 14661 MiB, 100 %
2026/08/30 12:34:25.478, 14661 MiB, 100 %
2026/08/30 12:34:27.478, 14661 MiB, 100 %
2026/08/30 12:34:29.478, 14661 MiB, 48 %
2026/08/30 12:34:31.479, 14661 MiB, 98 %
2026/08/30 12:34:33.479, 14661 MiB, 100 %
2026/08/30 12:34:35.479, 14661 MiB, 100 %
2026/08/30 12:34:37.480, 14661 MiB, 100 %
2026/08/30 12:34:39.480, 14661 MiB, 100 %
2026/08/30 12:34:41.481, 14661 MiB, 100 %
2026/08/30 12:34:43.481, 14661 MiB, 51 %
2026/08/30 12:34:45.481, 14661 MiB, 98 %
2026/08/30 12:34:47.485, 14661 MiB, 100 %
2026/08/30 12:34:49.485, 14661 MiB, 100 %
2026/08/30 12:34:51.485, 14661 MiB, 100 %
2026/08/30 12:34:53.486, 14661 MiB, 100 %
2026/08/30 12:34:55.486, 14661 MiB, 100 %
2026/08/30 12:34:57.486, 14661 MiB, 49 %
2026/08/30 12:34:59.487, 14661 MiB, 98 %
2026/08/30 12:35:01.487, 14661 MiB, 100 %
2026/08/30 12:35:03.487, 14661 MiB, 100 %
2026/08/30 12:35:05.488, 14661 MiB, 100 %
2026/08/30 12:35:07.488, 14661 MiB, 97 %
2026/08/30 12:35:09.489, 14661 MiB, 98 %
2026/08/30 12:35:11.489, 14661 MiB, 71 %
2026/08/30 12:35:13.489, 14661 MiB, 100 %
2026/08/30 12:35:15.490, 14661 MiB, 100 %
2026/08/30 12:35:17.490, 14661 MiB, 100 %
2026/08/30 12:35:19.490, 14661 MiB, 100 %
2026/08/30 12:35:21.491, 14661 MiB, 64 %
2026/08/30 12:35:23.491, 14661 MiB, 98 %
2026/08/30 12:35:25.491, 14661 MiB, 99 %
2026/08/30 12:35:27.492, 14661 MiB, 100 %
2026/08/30 12:35:29.492, 14661 MiB, 100 %
2026/08/30 12:35:31.493, 14661 MiB, 100 %
2026/08/30 12:35:33.493, 14661 MiB, 100 %
2026/08/30 12:35:35.493, 14661 MiB, 67 %
2026/08/30 12:35:37.494, 14661 MiB, 98 %
2026/08/30 12:35:39.494, 14661 MiB, 89 %
2026/08/30 12:35:41.494, 14661 MiB, 100 %
2026/08/30 12:35:43.495, 14661 MiB, 100 %
2026/08/30 12:35:45.495, 14661 MiB, 100 %
2026/08/30 12:35:47.495, 14661 MiB, 100 %
2026/08/30 12:35:49.496, 14661 MiB, 75 %
2026/08/30 12:35:51.496, 14661 MiB, 98 %
2026/08/30 12:35:53.496, 14661 MiB, 80 %
2026/08/30 12:35:55.497, 14661 MiB, 100 %
2026/08/30 12:35:57.497, 14661 MiB, 100 %
2026/08/30 12:35:59.498, 14661 MiB, 100 %
2026/08/30 12:36:01.498, 14661 MiB, 100 %
2026/08/30 12:36:03.498, 14661 MiB, 74 %
2026/08/30 12:36:05.499, 14661 MiB, 98 %
2026/08/30 12:36:07.499, 14661 MiB, 86 %
2026/08/30 12:36:09.500, 14661 MiB, 100 %
2026/08/30 12:36:11.500, 14661 MiB, 100 %
2026/08/30 12:36:13.500, 14661 MiB, 100 %
2026/08/30 12:36:15.501, 14661 MiB, 100 %
2026/08/30 12:36:17.501, 14661 MiB, 74 %
2026/08/30 12:36:19.502, 14661 MiB, 98 %
2026/08/30 12:36:21.502, 14661 MiB, 82 %
2026/08/30 12:36:23.502, 14661 MiB, 100 %
2026/08/30 12:36:25.503, 14661 MiB, 100 %
2026/08/30 12:36:27.503, 14661 MiB, 100 %
2026/08/30 12:36:29.503, 14661 MiB, 100 %
2026/08/30 12:36:31.504, 14661 MiB, 64 %
2026/08/30 12:36:33.504, 14661 MiB, 97 %
2026/08/30 12:36:35.504, 14661 MiB, 95 %
2026/08/30 12:36:37.505, 14661 MiB, 100 %
2026/08/30 12:36:39.505, 14661 MiB, 100 %
2026/08/30 12:36:41.506, 14661 MiB, 100 %
2026/08/30 12:36:43.506, 14661 MiB, 100 %
2026/08/30 12:36:45.506, 14661 MiB, 61 %
2026/08/30 12:36:47.507, 14661 MiB, 98 %
2026/08/30 12:36:49.507, 14661 MiB, 100 %
2026/08/30 12:36:51.507, 14661 MiB, 100 %
2026/08/30 12:36:53.508, 14661 MiB, 100 %
2026/08/30 12:36:55.508, 14661 MiB, 100 %
2026/08/30 12:36:57.508, 14661 MiB, 100 %
2026/08/30 12:36:59.509, 14661 MiB, 49 %
2026/08/30 12:37:01.509, 14661 MiB, 98 %
2026/08/30 12:37:03.510, 14661 MiB, 100 %
2026/08/30 12:37:05.510, 14661 MiB, 100 %
2026/08/30 12:37:07.510, 14661 MiB, 100 %
2026/08/30 12:37:09.511, 14661 MiB, 100 %
2026/08/30 12:37:11.511, 14661 MiB, 100 %
2026/08/30 12:37:13.511, 14661 MiB, 49 %
2026/08/30 12:37:15.512, 14661 MiB, 98 %
2026/08/30 12:37:17.512, 14661 MiB, 100 %
2026/08/30 12:37:19.513, 14661 MiB, 100 %
2026/08/30 12:37:21.513, 14661 MiB, 100 %
2026/08/30 12:37:23.513, 14661 MiB, 100 %
2026/08/30 12:37:25.514, 14661 MiB, 100 %
2026/08/30 12:37:27.514, 14661 MiB, 49 %
2026/08/30 12:37:29.515, 14661 MiB, 98 %
2026/08/30 12:37:31.515, 14661 MiB, 100 %
2026/08/30 12:37:33.515, 14661 MiB, 100 %
2026/08/30 12:37:35.516, 14661 MiB, 100 %
2026/08/30 12:37:37.516, 14661 MiB, 100 %
2026/08/30 12:37:39.517, 14661 MiB, 100 %
2026/08/30 12:37:41.517, 14661 MiB, 50 %
2026/08/30 12:37:43.517, 14661 MiB, 99 %
2026/08/30 12:37:45.518, 14661 MiB, 100 %
2026/08/30 12:37:47.518, 14661 MiB, 100 %
2026/08/30 12:37:49.533, 14661 MiB, 100 %
2026/08/30 12:37:51.534, 14661 MiB, 65 %
2026/08/30 12:37:53.534, 14661 MiB, 100 %
2026/08/30 12:37:55.534, 14661 MiB, 100 %
2026/08/30 12:37:57.535, 14661 MiB, 100 %
2026/08/30 12:37:59.535, 14661 MiB, 100 %
2026/08/30 12:38:01.535, 14661 MiB, 76 %
2026/08/30 12:38:03.536, 14661 MiB, 98 %
2026/08/30 12:38:05.536, 14661 MiB, 84 %
2026/08/30 12:38:07.537, 14661 MiB, 100 %
2026/08/30 12:38:09.537, 14661 MiB, 100 %
2026/08/30 12:38:11.537, 14661 MiB, 100 %
2026/08/30 12:38:13.538, 14661 MiB, 100 %
2026/08/30 12:38:15.538, 14661 MiB, 83 %
2026/08/30 12:38:17.538, 14661 MiB, 98 %
2026/08/30 12:38:19.539, 14661 MiB, 76 %
2026/08/30 12:38:21.539, 14661 MiB, 100 %
2026/08/30 12:38:23.540, 14661 MiB, 100 %
2026/08/30 12:38:25.540, 14661 MiB, 100 %
2026/08/30 12:38:27.540, 14661 MiB, 100 %
2026/08/30 12:38:29.541, 14661 MiB, 74 %
2026/08/30 12:38:31.541, 14661 MiB, 98 %
2026/08/30 12:38:33.542, 14661 MiB, 0 %
2026/08/30 12:38:35.542, 14661 MiB, 100 %
2026/08/30 12:38:37.542, 14661 MiB, 50 %
2026/08/30 12:38:39.543, 14661 MiB, 99 %
2026/08/30 12:38:41.543, 14661 MiB, 100 %
2026/08/30 12:38:43.543, 14661 MiB, 100 %
2026/08/30 12:38:45.544, 14661 MiB, 100 %
2026/08/30 12:38:47.544, 14661 MiB, 78 %
2026/08/30 12:38:49.545, 14661 MiB, 98 %
2026/08/30 12:38:51.545, 14661 MiB, 85 %
2026/08/30 12:38:53.545, 14661 MiB, 100 %
2026/08/30 12:38:55.546, 14661 MiB, 100 %
2026/08/30 12:38:57.546, 14661 MiB, 100 %
2026/08/30 12:38:59.546, 14661 MiB, 100 %
2026/08/30 12:39:01.547, 14661 MiB, 56 %
2026/08/30 12:39:03.547, 14661 MiB, 98 %
2026/08/30 12:39:05.548, 14661 MiB, 100 %
2026/08/30 12:39:07.548, 14661 MiB, 100 %
2026/08/30 12:39:09.548, 14661 MiB, 100 %
2026/08/30 12:39:11.549, 14661 MiB, 100 %
2026/08/30 12:39:13.549, 14661 MiB, 100 %
2026/08/30 12:39:15.550, 14661 MiB, 58 %
2026/08/30 12:39:17.550, 14661 MiB, 97 %
2026/08/30 12:39:19.550, 14661 MiB, 100 %
2026/08/30 12:39:21.551, 14661 MiB, 100 %
2026/08/30 12:39:23.551, 14661 MiB, 100 %
2026/08/30 12:39:25.552, 14661 MiB, 100 %
2026/08/30 12:39:27.552, 14661 MiB, 100 %
2026/08/30 12:39:29.553, 14661 MiB, 50 %
2026/08/30 12:39:31.553, 14661 MiB, 98 %
2026/08/30 12:39:33.554, 14661 MiB, 100 %
2026/08/30 12:39:35.554, 14661 MiB, 100 %
2026/08/30 12:39:37.554, 14661 MiB, 100 %
2026/08/30 12:39:39.555, 14661 MiB, 100 %
2026/08/30 12:39:41.555, 14661 MiB, 100 %
2026/08/30 12:39:43.556, 14661 MiB, 46 %
2026/08/30 12:39:45.556, 14661 MiB, 98 %
2026/08/30 12:39:47.556, 14661 MiB, 100 %
2026/08/30 12:39:49.557, 14661 MiB, 100 %
2026/08/30 12:39:51.557, 14661 MiB, 100 %
2026/08/30 12:39:53.558, 14661 MiB, 100 %
2026/08/30 12:39:55.558, 14661 MiB, 100 %
2026/08/30 12:39:57.558, 14661 MiB, 48 %
2026/08/30 12:39:59.559, 14661 MiB, 98 %
2026/08/30 12:40:01.559, 14661 MiB, 100 %
2026/08/30 12:40:03.559, 14661 MiB, 100 %
2026/08/30 12:40:05.560, 14661 MiB, 100 %
2026/08/30 12:40:07.560, 14661 MiB, 100 %
2026/08/30 12:40:09.560, 14661 MiB, 100 %
2026/08/30 12:40:11.561, 14661 MiB, 54 %
2026/08/30 12:40:13.561, 14661 MiB, 100 %
2026/08/30 12:40:15.562, 14661 MiB, 100 %
2026/08/30 12:40:17.562, 14661 MiB, 100 %
2026/08/30 12:40:19.562, 14661 MiB, 100 %
2026/08/30 12:40:21.563, 14661 MiB, 95 %
2026/08/30 12:40:23.563, 14661 MiB, 98 %
2026/08/30 12:40:25.563, 14661 MiB, 64 %
2026/08/30 12:40:27.564, 14661 MiB, 100 %
2026/08/30 12:40:29.564, 14661 MiB, 100 %
2026/08/30 12:40:31.565, 14661 MiB, 100 %
2026/08/30 12:40:33.565, 14661 MiB, 100 %
2026/08/30 12:40:35.565, 14661 MiB, 79 %
2026/08/30 12:40:37.566, 14661 MiB, 98 %
2026/08/30 12:40:39.566, 14661 MiB, 84 %
2026/08/30 12:40:41.567, 14661 MiB, 100 %
2026/08/30 12:40:43.567, 14661 MiB, 100 %
2026/08/30 12:40:45.567, 14661 MiB, 100 %
2026/08/30 12:40:47.568, 14661 MiB, 100 %
2026/08/30 12:40:49.568, 14661 MiB, 59 %
2026/08/30 12:40:51.569, 14661 MiB, 98 %
2026/08/30 12:40:53.569, 14661 MiB, 100 %
2026/08/30 12:40:55.569, 14661 MiB, 100 %
2026/08/30 12:40:57.570, 14661 MiB, 100 %
2026/08/30 12:40:59.570, 14661 MiB, 100 %
2026/08/30 12:41:01.571, 14661 MiB, 100 %
2026/08/30 12:41:03.571, 14661 MiB, 42 %
2026/08/30 12:41:05.571, 14661 MiB, 98 %
2026/08/30 12:41:07.572, 14661 MiB, 100 %
2026/08/30 12:41:09.572, 14661 MiB, 100 %
2026/08/30 12:41:11.573, 14661 MiB, 100 %
2026/08/30 12:41:13.573, 14661 MiB, 100 %
2026/08/30 12:41:15.573, 14661 MiB, 100 %
2026/08/30 12:41:17.574, 14661 MiB, 50 %
2026/08/30 12:41:19.574, 14661 MiB, 98 %
2026/08/30 12:41:21.574, 14661 MiB, 100 %
2026/08/30 12:41:23.575, 14661 MiB, 100 %
2026/08/30 12:41:25.575, 14661 MiB, 100 %
2026/08/30 12:41:27.575, 14661 MiB, 96 %
2026/08/30 12:41:29.576, 14661 MiB, 100 %
2026/08/30 12:41:31.576, 14661 MiB, 60 %
2026/08/30 12:41:33.576, 14661 MiB, 100 %
2026/08/30 12:41:35.577, 14661 MiB, 100 %
2026/08/30 12:41:37.577, 14661 MiB, 100 %
2026/08/30 12:41:39.577, 14661 MiB, 100 %
2026/08/30 12:41:41.578, 14661 MiB, 89 %
2026/08/30 12:41:43.578, 14661 MiB, 98 %
2026/08/30 12:41:45.579, 14661 MiB, 71 %
2026/08/30 12:41:47.579, 14661 MiB, 100 %
2026/08/30 12:41:49.579, 14661 MiB, 100 %
2026/08/30 12:41:51.580, 14661 MiB, 100 %
2026/08/30 12:41:53.580, 14661 MiB, 100 %
2026/08/30 12:41:55.580, 14661 MiB, 82 %
2026/08/30 12:41:57.581, 14661 MiB, 98 %
2026/08/30 12:41:59.581, 14661 MiB, 77 %
2026/08/30 12:42:01.582, 14661 MiB, 100 %
2026/08/30 12:42:03.582, 14661 MiB, 100 %
2026/08/30 12:42:05.582, 14661 MiB, 100 %
2026/08/30 12:42:07.583, 14661 MiB, 100 %
2026/08/30 12:42:09.583, 14661 MiB, 74 %
2026/08/30 12:42:11.583, 14661 MiB, 97 %
2026/08/30 12:42:13.584, 14661 MiB, 77 %
2026/08/30 12:42:15.584, 14661 MiB, 100 %
2026/08/30 12:42:17.585, 14661 MiB, 100 %
2026/08/30 12:42:19.585, 14661 MiB, 100 %
2026/08/30 12:42:21.586, 14661 MiB, 100 %
2026/08/30 12:42:23.586, 14661 MiB, 56 %
2026/08/30 12:42:25.586, 14661 MiB, 98 %
2026/08/30 12:42:27.587, 14661 MiB, 100 %
2026/08/30 12:42:29.587, 14661 MiB, 100 %
2026/08/30 12:42:31.587, 14661 MiB, 100 %
2026/08/30 12:42:33.588, 14661 MiB, 51 %
2026/08/30 12:42:35.588, 14661 MiB, 98 %
2026/08/30 12:42:37.588, 14661 MiB, 100 %
2026/08/30 12:42:39.589, 14661 MiB, 100 %
2026/08/30 12:42:41.589, 14661 MiB, 100 %
2026/08/30 12:42:43.590, 14661 MiB, 100 %
2026/08/30 12:42:45.590, 14661 MiB, 100 %
2026/08/30 12:42:47.590, 14661 MiB, 46 %
2026/08/30 12:42:49.591, 14661 MiB, 98 %
2026/08/30 12:42:51.591, 14661 MiB, 100 %
2026/08/30 12:42:53.591, 14661 MiB, 100 %
2026/08/30 12:42:55.592, 14661 MiB, 100 %
2026/08/30 12:42:57.592, 14661 MiB, 100 %
2026/08/30 12:42:59.592, 14661 MiB, 100 %
2026/08/30 12:43:01.593, 14661 MiB, 61 %
2026/08/30 12:43:03.593, 14661 MiB, 100 %
2026/08/30 12:43:05.593, 14661 MiB, 100 %
2026/08/30 12:43:07.594, 14661 MiB, 100 %
2026/08/30 12:43:09.594, 14661 MiB, 100 %
2026/08/30 12:43:11.595, 14661 MiB, 88 %
2026/08/30 12:43:13.595, 14661 MiB, 98 %
2026/08/30 12:43:15.595, 14661 MiB, 69 %
2026/08/30 12:43:17.596, 14661 MiB, 100 %
2026/08/30 12:43:19.596, 14661 MiB, 100 %
2026/08/30 12:43:21.596, 14661 MiB, 100 %
2026/08/30 12:43:23.597, 14661 MiB, 100 %
2026/08/30 12:43:25.597, 14661 MiB, 72 %
2026/08/30 12:43:27.597, 14661 MiB, 98 %
2026/08/30 12:43:29.598, 14661 MiB, 93 %
2026/08/30 12:43:31.598, 14661 MiB, 100 %
2026/08/30 12:43:33.599, 14661 MiB, 100 %
2026/08/30 12:43:35.599, 14661 MiB, 100 %
2026/08/30 12:43:37.599, 14661 MiB, 100 %
2026/08/30 12:43:39.600, 14661 MiB, 49 %
2026/08/30 12:43:41.600, 14661 MiB, 98 %
2026/08/30 12:43:43.600, 14661 MiB, 100 %
2026/08/30 12:43:45.601, 14661 MiB, 100 %
2026/08/30 12:43:47.601, 14661 MiB, 100 %
2026/08/30 12:43:49.601, 14661 MiB, 100 %
2026/08/30 12:43:51.602, 14661 MiB, 100 %
2026/08/30 12:43:53.615, 14661 MiB, 49 %
2026/08/30 12:43:55.615, 14661 MiB, 98 %
2026/08/30 12:43:57.615, 14661 MiB, 100 %
2026/08/30 12:43:59.616, 14661 MiB, 100 %
2026/08/30 12:44:01.616, 14661 MiB, 100 %
2026/08/30 12:44:03.617, 14661 MiB, 100 %
2026/08/30 12:44:05.617, 14661 MiB, 100 %
2026/08/30 12:44:07.617, 14661 MiB, 55 %
2026/08/30 12:44:09.618, 14661 MiB, 100 %
2026/08/30 12:44:11.618, 14661 MiB, 100 %
2026/08/30 12:44:13.618, 14661 MiB, 100 %
2026/08/30 12:44:15.619, 14661 MiB, 100 %
2026/08/30 12:44:17.619, 14661 MiB, 79 %
2026/08/30 12:44:19.620, 14661 MiB, 98 %
2026/08/30 12:44:21.620, 14661 MiB, 92 %
2026/08/30 12:44:23.620, 14661 MiB, 100 %
2026/08/30 12:44:25.621, 14661 MiB, 100 %
2026/08/30 12:44:27.621, 14661 MiB, 100 %
2026/08/30 12:44:29.622, 14661 MiB, 100 %
2026/08/30 12:44:31.622, 14661 MiB, 49 %
2026/08/30 12:44:33.622, 14661 MiB, 98 %
2026/08/30 12:44:35.623, 14661 MiB, 100 %
2026/08/30 12:44:37.623, 14661 MiB, 100 %
2026/08/30 12:44:39.623, 14661 MiB, 100 %
2026/08/30 12:44:41.624, 14661 MiB, 100 %
2026/08/30 12:44:43.624, 14661 MiB, 100 %
2026/08/30 12:44:45.624, 14661 MiB, 60 %
2026/08/30 12:44:47.625, 14661 MiB, 100 %
2026/08/30 12:44:49.625, 14661 MiB, 100 %
2026/08/30 12:44:51.626, 14661 MiB, 100 %
2026/08/30 12:44:53.626, 14661 MiB, 100 %
2026/08/30 12:44:55.626, 14661 MiB, 75 %
2026/08/30 12:44:57.627, 14661 MiB, 97 %
2026/08/30 12:44:59.627, 14661 MiB, 86 %
2026/08/30 12:45:01.627, 14661 MiB, 100 %
2026/08/30 12:45:03.628, 14661 MiB, 100 %
2026/08/30 12:45:05.628, 14661 MiB, 100 %
2026/08/30 12:45:07.629, 14661 MiB, 100 %
2026/08/30 12:45:09.629, 14661 MiB, 49 %
2026/08/30 12:45:11.629, 14661 MiB, 98 %
2026/08/30 12:45:13.630, 14661 MiB, 100 %
2026/08/30 12:45:15.630, 14661 MiB, 100 %
2026/08/30 12:45:17.630, 14661 MiB, 100 %
2026/08/30 12:45:19.631, 14661 MiB, 100 %
2026/08/30 12:45:21.631, 14661 MiB, 100 %
2026/08/30 12:45:23.632, 14661 MiB, 68 %
2026/08/30 12:45:25.632, 14661 MiB, 100 %
2026/08/30 12:45:27.632, 14661 MiB, 100 %
2026/08/30 12:45:29.633, 14661 MiB, 100 %
2026/08/30 12:45:31.633, 14661 MiB, 100 %
2026/08/30 12:45:33.633, 14661 MiB, 52 %
2026/08/30 12:45:35.634, 14661 MiB, 98 %
2026/08/30 12:45:37.634, 14661 MiB, 100 %
2026/08/30 12:45:39.635, 14661 MiB, 100 %
2026/08/30 12:45:41.635, 14661 MiB, 100 %
2026/08/30 12:45:43.635, 14661 MiB, 66 %
2026/08/30 12:45:45.636, 14661 MiB, 98 %
2026/08/30 12:45:47.636, 14661 MiB, 100 %
2026/08/30 12:45:49.636, 14661 MiB, 100 %
2026/08/30 12:45:51.637, 14661 MiB, 100 %
2026/08/30 12:45:53.637, 14661 MiB, 96 %
2026/08/30 12:45:55.637, 14661 MiB, 98 %
2026/08/30 12:45:57.638, 14661 MiB, 81 %
2026/08/30 12:45:59.638, 14661 MiB, 100 %
2026/08/30 12:46:01.639, 14661 MiB, 100 %
2026/08/30 12:46:03.639, 14661 MiB, 100 %
2026/08/30 12:46:05.639, 14661 MiB, 100 %
2026/08/30 12:46:07.640, 14661 MiB, 49 %
2026/08/30 12:46:09.640, 14661 MiB, 98 %
2026/08/30 12:46:11.640, 14661 MiB, 100 %
2026/08/30 12:46:13.641, 14661 MiB, 100 %
2026/08/30 12:46:15.641, 14661 MiB, 100 %
2026/08/30 12:46:17.641, 14661 MiB, 90 %
2026/08/30 12:46:19.642, 14661 MiB, 98 %
2026/08/30 12:46:21.642, 14661 MiB, 66 %
2026/08/30 12:46:23.643, 14661 MiB, 100 %
2026/08/30 12:46:25.643, 14661 MiB, 100 %
2026/08/30 12:46:27.643, 14661 MiB, 100 %
2026/08/30 12:46:29.644, 14661 MiB, 100 %
2026/08/30 12:46:31.644, 14661 MiB, 72 %
2026/08/30 12:46:33.644, 14661 MiB, 98 %
2026/08/30 12:46:35.645, 14661 MiB, 97 %
2026/08/30 12:46:37.645, 14661 MiB, 100 %
2026/08/30 12:46:39.645, 14661 MiB, 100 %
2026/08/30 12:46:41.646, 14661 MiB, 100 %
2026/08/30 12:46:43.646, 14661 MiB, 100 %
2026/08/30 12:46:45.646, 14661 MiB, 50 %
2026/08/30 12:46:47.647, 14661 MiB, 98 %
2026/08/30 12:46:49.647, 14661 MiB, 100 %
2026/08/30 12:46:51.648, 14661 MiB, 100 %
2026/08/30 12:46:53.648, 14661 MiB, 100 %
2026/08/30 12:46:55.648, 14661 MiB, 94 %
2026/08/30 12:46:57.649, 14661 MiB, 98 %
2026/08/30 12:46:59.649, 14661 MiB, 76 %
2026/08/30 12:47:01.649, 14661 MiB, 100 %
2026/08/30 12:47:03.650, 14661 MiB, 100 %
2026/08/30 12:47:05.650, 14661 MiB, 66 %
2026/08/30 12:47:07.651, 14661 MiB, 98 %
2026/08/30 12:47:09.651, 14661 MiB, 100 %
2026/08/30 12:47:11.652, 14661 MiB, 100 %
2026/08/30 12:47:13.652, 14661 MiB, 100 %
2026/08/30 12:47:15.652, 14661 MiB, 100 %
2026/08/30 12:47:17.653, 14661 MiB, 98 %
2026/08/30 12:47:19.653, 14661 MiB, 73 %
2026/08/30 12:47:21.654, 14661 MiB, 100 %
2026/08/30 12:47:23.654, 14661 MiB, 100 %
2026/08/30 12:47:25.654, 14661 MiB, 100 %
2026/08/30 12:47:27.655, 14661 MiB, 100 %
2026/08/30 12:47:29.655, 14661 MiB, 51 %
2026/08/30 12:47:31.656, 14661 MiB, 98 %
2026/08/30 12:47:33.656, 14661 MiB, 100 %
2026/08/30 12:47:35.656, 14661 MiB, 100 %
2026/08/30 12:47:37.657, 14661 MiB, 100 %
2026/08/30 12:47:39.657, 14661 MiB, 100 %
2026/08/30 12:47:41.657, 14661 MiB, 98 %
2026/08/30 12:47:43.658, 14661 MiB, 73 %
2026/08/30 12:47:45.658, 14661 MiB, 100 %
2026/08/30 12:47:47.659, 14661 MiB, 100 %
2026/08/30 12:47:49.659, 14661 MiB, 100 %
2026/08/30 12:47:51.659, 14661 MiB, 100 %
2026/08/30 12:47:53.660, 14661 MiB, 57 %
2026/08/30 12:47:55.660, 14661 MiB, 98 %
2026/08/30 12:47:57.660, 14661 MiB, 100 %
2026/08/30 12:47:59.661, 14661 MiB, 100 %
2026/08/30 12:48:01.661, 14661 MiB, 100 %
2026/08/30 12:48:03.662, 14661 MiB, 100 %
2026/08/30 12:48:05.662, 14661 MiB, 98 %
2026/08/30 12:48:07.663, 14661 MiB, 76 %
2026/08/30 12:48:09.663, 14661 MiB, 100 %
2026/08/30 12:48:11.664, 14661 MiB, 100 %
2026/08/30 12:48:13.664, 14661 MiB, 100 %
2026/08/30 12:48:15.664, 14661 MiB, 100 %
2026/08/30 12:48:17.665, 14661 MiB, 50 %
2026/08/30 12:48:19.665, 14661 MiB, 98 %
2026/08/30 12:48:21.665, 14661 MiB, 100 %
2026/08/30 12:48:23.666, 14661 MiB, 100 %
2026/08/30 12:48:25.666, 14661 MiB, 100 %
2026/08/30 12:48:27.666, 14661 MiB, 79 %
2026/08/30 12:48:29.667, 14661 MiB, 98 %
2026/08/30 12:48:31.667, 14661 MiB, 95 %
2026/08/30 12:48:33.667, 14661 MiB, 100 %
2026/08/30 12:48:35.668, 14661 MiB, 100 %
2026/08/30 12:48:37.668, 14661 MiB, 100 %
2026/08/30 12:48:39.668, 14661 MiB, 100 %
2026/08/30 12:48:41.669, 14661 MiB, 49 %
2026/08/30 12:48:43.669, 14661 MiB, 98 %
2026/08/30 12:48:45.670, 14661 MiB, 100 %
2026/08/30 12:48:47.670, 14661 MiB, 100 %
2026/08/30 12:48:49.670, 14661 MiB, 100 %
2026/08/30 12:48:51.671, 14661 MiB, 80 %
2026/08/30 12:48:53.671, 14661 MiB, 98 %
2026/08/30 12:48:55.672, 14661 MiB, 93 %
2026/08/30 12:48:57.672, 14661 MiB, 100 %
2026/08/30 12:48:59.672, 14661 MiB, 100 %
2026/08/30 12:49:01.673, 14661 MiB, 100 %
2026/08/30 12:49:03.673, 14661 MiB, 100 %
2026/08/30 12:49:05.673, 14661 MiB, 48 %
2026/08/30 12:49:07.674, 14661 MiB, 98 %
2026/08/30 12:49:09.674, 14661 MiB, 100 %
2026/08/30 12:49:11.675, 14661 MiB, 100 %
2026/08/30 12:49:13.675, 14661 MiB, 100 %
2026/08/30 12:49:15.675, 14661 MiB, 73 %
2026/08/30 12:49:17.676, 14661 MiB, 98 %
2026/08/30 12:49:19.676, 14661 MiB, 99 %
2026/08/30 12:49:21.677, 14661 MiB, 100 %
2026/08/30 12:49:23.677, 14661 MiB, 100 %
2026/08/30 12:49:25.677, 14661 MiB, 100 %
2026/08/30 12:49:27.678, 14661 MiB, 100 %
2026/08/30 12:49:29.678, 14661 MiB, 48 %
2026/08/30 12:49:31.679, 14661 MiB, 98 %
2026/08/30 12:49:33.679, 14661 MiB, 100 %
2026/08/30 12:49:35.679, 14661 MiB, 100 %
2026/08/30 12:49:37.680, 14661 MiB, 100 %
2026/08/30 12:49:39.680, 14661 MiB, 96 %
2026/08/30 12:49:41.681, 14661 MiB, 98 %
2026/08/30 12:49:43.681, 14661 MiB, 81 %
2026/08/30 12:49:45.681, 14661 MiB, 100 %
2026/08/30 12:49:47.682, 14661 MiB, 100 %
2026/08/30 12:49:49.682, 14661 MiB, 100 %
2026/08/30 12:49:51.683, 14661 MiB, 100 %
2026/08/30 12:49:53.683, 14661 MiB, 50 %
2026/08/30 12:49:55.683, 14661 MiB, 98 %
2026/08/30 12:49:57.684, 14661 MiB, 100 %
2026/08/30 12:49:59.684, 14661 MiB, 100 %
2026/08/30 12:50:01.684, 14661 MiB, 100 %
2026/08/30 12:50:03.685, 14661 MiB, 81 %
2026/08/30 12:50:05.685, 14661 MiB, 98 %
2026/08/30 12:50:07.686, 14661 MiB, 87 %
2026/08/30 12:50:09.686, 14661 MiB, 100 %
2026/08/30 12:50:11.686, 14661 MiB, 100 %
2026/08/30 12:50:13.687, 14661 MiB, 100 %
2026/08/30 12:50:15.687, 14661 MiB, 100 %
2026/08/30 12:50:17.688, 14661 MiB, 52 %
2026/08/30 12:50:19.688, 14661 MiB, 98 %
2026/08/30 12:50:21.688, 14661 MiB, 100 %
2026/08/30 12:50:23.689, 14661 MiB, 100 %
2026/08/30 12:50:25.689, 14661 MiB, 100 %
2026/08/30 12:50:27.689, 14661 MiB, 100 %
2026/08/30 12:50:29.690, 14661 MiB, 100 %
2026/08/30 12:50:31.690, 14661 MiB, 62 %
2026/08/30 12:50:33.691, 14661 MiB, 100 %
2026/08/30 12:50:35.691, 14661 MiB, 100 %
2026/08/30 12:50:37.691, 14661 MiB, 100 %
2026/08/30 12:50:39.692, 14661 MiB, 100 %
2026/08/30 12:50:41.692, 14661 MiB, 83 %
2026/08/30 12:50:43.692, 14661 MiB, 98 %
2026/08/30 12:50:45.746, 14661 MiB, 88 %
2026/08/30 12:50:47.746, 14661 MiB, 100 %
2026/08/30 12:50:49.747, 14661 MiB, 100 %
2026/08/30 12:50:51.747, 14661 MiB, 100 %
2026/08/30 12:50:53.748, 14661 MiB, 100 %
2026/08/30 12:50:55.748, 14661 MiB, 47 %
2026/08/30 12:50:57.748, 14661 MiB, 98 %
2026/08/30 12:50:59.749, 14661 MiB, 100 %
2026/08/30 12:51:01.749, 14661 MiB, 100 %
2026/08/30 12:51:03.749, 14661 MiB, 100 %
2026/08/30 12:51:05.750, 14661 MiB, 100 %
2026/08/30 12:51:07.750, 14661 MiB, 100 %
2026/08/30 12:51:09.751, 14661 MiB, 49 %
2026/08/30 12:51:11.751, 14661 MiB, 98 %
2026/08/30 12:51:13.751, 14661 MiB, 100 %
2026/08/30 12:51:15.752, 14661 MiB, 100 %
2026/08/30 12:51:17.752, 14661 MiB, 100 %
2026/08/30 12:51:19.753, 14661 MiB, 89 %
2026/08/30 12:51:21.753, 14661 MiB, 98 %
2026/08/30 12:51:23.753, 14661 MiB, 83 %
2026/08/30 12:51:25.754, 14661 MiB, 100 %
2026/08/30 12:51:27.754, 14661 MiB, 100 %
2026/08/30 12:51:29.755, 14661 MiB, 0 %
2026/08/30 12:51:31.755, 14661 MiB, 100 %
2026/08/30 12:51:33.755, 14661 MiB, 100 %
2026/08/30 12:51:35.756, 14661 MiB, 98 %
2026/08/30 12:51:37.756, 14661 MiB, 100 %
2026/08/30 12:51:39.757, 14661 MiB, 100 %
2026/08/30 12:51:41.757, 14661 MiB, 100 %
2026/08/30 12:51:43.757, 14661 MiB, 90 %
2026/08/30 12:51:45.758, 14661 MiB, 98 %
2026/08/30 12:51:47.758, 14661 MiB, 69 %
2026/08/30 12:51:49.758, 14661 MiB, 100 %
2026/08/30 12:51:51.759, 14661 MiB, 100 %
2026/08/30 12:51:53.759, 14661 MiB, 100 %
2026/08/30 12:51:55.760, 14661 MiB, 100 %
2026/08/30 12:51:57.760, 14661 MiB, 71 %
2026/08/30 12:51:59.761, 14661 MiB, 98 %
2026/08/30 12:52:01.761, 14661 MiB, 92 %
2026/08/30 12:52:03.761, 14661 MiB, 100 %
2026/08/30 12:52:05.762, 14661 MiB, 100 %
2026/08/30 12:52:07.762, 14661 MiB, 100 %
2026/08/30 12:52:09.762, 14661 MiB, 100 %
2026/08/30 12:52:11.763, 14661 MiB, 50 %
2026/08/30 12:52:13.763, 14661 MiB, 98 %
2026/08/30 12:52:15.764, 14661 MiB, 100 %
2026/08/30 12:52:17.764, 14661 MiB, 100 %
2026/08/30 12:52:19.764, 14661 MiB, 100 %
2026/08/30 12:52:21.765, 14661 MiB, 89 %
2026/08/30 12:52:23.765, 14661 MiB, 98 %
2026/08/30 12:52:25.766, 14661 MiB, 81 %
2026/08/30 12:52:27.766, 14661 MiB, 100 %
2026/08/30 12:52:29.766, 14661 MiB, 100 %
2026/08/30 12:52:31.767, 14661 MiB, 100 %
2026/08/30 12:52:33.767, 14661 MiB, 100 %
2026/08/30 12:52:35.767, 14661 MiB, 62 %
2026/08/30 12:52:37.768, 14661 MiB, 98 %
2026/08/30 12:52:39.768, 14661 MiB, 100 %
2026/08/30 12:52:41.769, 14661 MiB, 100 %
2026/08/30 12:52:43.769, 14661 MiB, 100 %
2026/08/30 12:52:45.769, 14661 MiB, 100 %
2026/08/30 12:52:47.770, 14661 MiB, 100 %
2026/08/30 12:52:49.770, 14661 MiB, 49 %
2026/08/30 12:52:51.787, 14661 MiB, 97 %
2026/08/30 12:52:53.787, 14661 MiB, 100 %
2026/08/30 12:52:55.787, 14661 MiB, 100 %
2026/08/30 12:52:57.788, 14661 MiB, 100 %
2026/08/30 12:52:59.788, 14661 MiB, 96 %
2026/08/30 12:53:01.788, 14661 MiB, 98 %
2026/08/30 12:53:03.789, 14661 MiB, 61 %
2026/08/30 12:53:05.789, 14661 MiB, 100 %
2026/08/30 12:53:07.790, 14661 MiB, 100 %
2026/08/30 12:53:09.790, 14661 MiB, 100 %
2026/08/30 12:53:11.790, 14661 MiB, 100 %
2026/08/30 12:53:13.791, 14661 MiB, 73 %
2026/08/30 12:53:15.791, 14661 MiB, 98 %
2026/08/30 12:53:17.792, 14661 MiB, 97 %
2026/08/30 12:53:19.792, 14661 MiB, 100 %
2026/08/30 12:53:21.792, 14661 MiB, 100 %
2026/08/30 12:53:23.793, 14661 MiB, 100 %
2026/08/30 12:53:25.793, 14661 MiB, 100 %
2026/08/30 12:53:27.793, 14661 MiB, 57 %
2026/08/30 12:53:29.794, 14661 MiB, 97 %
2026/08/30 12:53:31.794, 14661 MiB, 100 %
2026/08/30 12:53:33.794, 14661 MiB, 100 %
2026/08/30 12:53:35.795, 14661 MiB, 100 %
2026/08/30 12:53:37.795, 14661 MiB, 100 %
2026/08/30 12:53:39.796, 14661 MiB, 100 %
2026/08/30 12:53:41.796, 14661 MiB, 49 %
2026/08/30 12:53:43.797, 14661 MiB, 98 %
2026/08/30 12:53:45.797, 14661 MiB, 100 %
2026/08/30 12:53:47.797, 14661 MiB, 100 %
2026/08/30 12:53:49.798, 14661 MiB, 100 %
2026/08/30 12:53:51.798, 14661 MiB, 85 %
2026/08/30 12:53:53.798, 14661 MiB, 99 %
2026/08/30 12:53:55.799, 14661 MiB, 89 %
2026/08/30 12:53:57.799, 14661 MiB, 100 %
2026/08/30 12:53:59.800, 14661 MiB, 100 %
2026/08/30 12:54:01.800, 14661 MiB, 100 %
2026/08/30 12:54:03.800, 14661 MiB, 100 %
2026/08/30 12:54:05.801, 14661 MiB, 50 %
2026/08/30 12:54:07.801, 14661 MiB, 98 %
2026/08/30 12:54:09.801, 14661 MiB, 100 %
2026/08/30 12:54:11.802, 14661 MiB, 100 %
2026/08/30 12:54:13.802, 14661 MiB, 100 %
2026/08/30 12:54:15.802, 14661 MiB, 100 %
2026/08/30 12:54:17.803, 14661 MiB, 100 %
2026/08/30 12:54:19.803, 14661 MiB, 50 %
2026/08/30 12:54:21.803, 14661 MiB, 98 %
2026/08/30 12:54:23.804, 14661 MiB, 100 %
2026/08/30 12:54:25.804, 14661 MiB, 100 %
2026/08/30 12:54:27.804, 14661 MiB, 100 %
2026/08/30 12:54:29.805, 14661 MiB, 93 %
2026/08/30 12:54:31.805, 14661 MiB, 100 %
2026/08/30 12:54:33.806, 14661 MiB, 67 %
2026/08/30 12:54:35.806, 14661 MiB, 100 %
2026/08/30 12:54:37.806, 14661 MiB, 100 %
2026/08/30 12:54:39.807, 14661 MiB, 100 %
2026/08/30 12:54:41.807, 14661 MiB, 100 %
2026/08/30 12:54:43.807, 14661 MiB, 84 %
2026/08/30 12:54:45.808, 14661 MiB, 98 %
2026/08/30 12:54:47.808, 14661 MiB, 78 %
2026/08/30 12:54:49.808, 14661 MiB, 100 %
2026/08/30 12:54:51.809, 14661 MiB, 100 %
2026/08/30 12:54:53.809, 14661 MiB, 100 %
2026/08/30 12:54:55.810, 14661 MiB, 100 %
2026/08/30 12:54:57.810, 14661 MiB, 60 %
2026/08/30 12:54:59.810, 14661 MiB, 98 %
2026/08/30 12:55:01.811, 14661 MiB, 100 %
2026/08/30 12:55:03.811, 14661 MiB, 100 %
2026/08/30 12:55:05.811, 14661 MiB, 100 %
2026/08/30 12:55:07.812, 14661 MiB, 100 %
2026/08/30 12:55:09.812, 14661 MiB, 100 %
2026/08/30 12:55:11.813, 14661 MiB, 48 %
2026/08/30 12:55:13.813, 14661 MiB, 98 %
2026/08/30 12:55:15.813, 14661 MiB, 100 %
2026/08/30 12:55:17.814, 14661 MiB, 100 %
2026/08/30 12:55:19.814, 14661 MiB, 100 %
2026/08/30 12:55:21.815, 14661 MiB, 100 %
2026/08/30 12:55:23.815, 14661 MiB, 100 %
2026/08/30 12:55:25.815, 14661 MiB, 49 %
2026/08/30 12:55:27.816, 14661 MiB, 98 %
2026/08/30 12:55:29.816, 14661 MiB, 100 %
2026/08/30 12:55:31.816, 14661 MiB, 100 %
2026/08/30 12:55:33.817, 14661 MiB, 100 %
2026/08/30 12:55:35.817, 14661 MiB, 100 %
2026/08/30 12:55:37.817, 14661 MiB, 100 %
2026/08/30 12:55:39.818, 14661 MiB, 48 %
2026/08/30 12:55:41.818, 14661 MiB, 98 %
2026/08/30 12:55:43.819, 14661 MiB, 100 %
2026/08/30 12:55:45.819, 14661 MiB, 100 %
2026/08/30 12:55:47.819, 14661 MiB, 100 %
2026/08/30 12:55:49.820, 14661 MiB, 95 %
2026/08/30 12:55:51.820, 14661 MiB, 98 %
2026/08/30 12:55:53.821, 14661 MiB, 71 %
2026/08/30 12:55:55.821, 14661 MiB, 100 %
2026/08/30 12:55:57.821, 14661 MiB, 100 %
2026/08/30 12:55:59.822, 14661 MiB, 100 %
2026/08/30 12:56:01.822, 14661 MiB, 100 %
2026/08/30 12:56:03.823, 14661 MiB, 59 %
2026/08/30 12:56:05.823, 14661 MiB, 98 %
2026/08/30 12:56:07.823, 14661 MiB, 100 %
2026/08/30 12:56:09.824, 14661 MiB, 100 %
2026/08/30 12:56:11.824, 14661 MiB, 100 %
2026/08/30 12:56:13.824, 14661 MiB, 54 %
2026/08/30 12:56:15.825, 14661 MiB, 98 %
2026/08/30 12:56:17.825, 14661 MiB, 100 %
2026/08/30 12:56:19.826, 14661 MiB, 100 %
2026/08/30 12:56:21.826, 14661 MiB, 100 %
2026/08/30 12:56:23.826, 14661 MiB, 100 %
2026/08/30 12:56:25.827, 14661 MiB, 100 %
2026/08/30 12:56:27.827, 14661 MiB, 50 %
2026/08/30 12:56:29.827, 14661 MiB, 98 %
2026/08/30 12:56:31.828, 14661 MiB, 100 %
2026/08/30 12:56:33.828, 14661 MiB, 100 %
2026/08/30 12:56:35.828, 14661 MiB, 100 %
2026/08/30 12:56:37.829, 14661 MiB, 100 %
2026/08/30 12:56:39.829, 14661 MiB, 99 %
2026/08/30 12:56:41.830, 14661 MiB, 66 %
2026/08/30 12:56:43.830, 14661 MiB, 100 %
2026/08/30 12:56:45.830, 14661 MiB, 100 %
2026/08/30 12:56:47.831, 14661 MiB, 100 %
2026/08/30 12:56:49.831, 14661 MiB, 100 %
2026/08/30 12:56:51.831, 14661 MiB, 84 %
2026/08/30 12:56:53.832, 14661 MiB, 98 %
2026/08/30 12:56:55.832, 14661 MiB, 82 %
2026/08/30 12:56:57.833, 14661 MiB, 100 %
2026/08/30 12:56:59.833, 14661 MiB, 100 %
2026/08/30 12:57:01.833, 14661 MiB, 100 %
2026/08/30 12:57:03.834, 14661 MiB, 100 %
2026/08/30 12:57:05.834, 14661 MiB, 49 %
2026/08/30 12:57:07.835, 14661 MiB, 98 %
2026/08/30 12:57:09.835, 14661 MiB, 100 %
2026/08/30 12:57:11.835, 14661 MiB, 100 %
2026/08/30 12:57:13.836, 14661 MiB, 100 %
2026/08/30 12:57:15.836, 14661 MiB, 100 %
2026/08/30 12:57:17.836, 14661 MiB, 100 %
2026/08/30 12:57:19.837, 14661 MiB, 50 %
2026/08/30 12:57:21.837, 14661 MiB, 98 %
2026/08/30 12:57:23.837, 14661 MiB, 100 %
2026/08/30 12:57:25.838, 14661 MiB, 100 %
2026/08/30 12:57:27.838, 14661 MiB, 100 %
2026/08/30 12:57:29.838, 14661 MiB, 72 %
2026/08/30 12:57:31.839, 14661 MiB, 98 %
2026/08/30 12:57:33.839, 14661 MiB, 98 %
2026/08/30 12:57:35.840, 14661 MiB, 100 %
2026/08/30 12:57:37.840, 14661 MiB, 100 %
2026/08/30 12:57:39.840, 14661 MiB, 100 %
2026/08/30 12:57:41.841, 14661 MiB, 100 %
2026/08/30 12:57:43.841, 14661 MiB, 51 %
2026/08/30 12:57:45.841, 14661 MiB, 99 %
2026/08/30 12:57:47.842, 14661 MiB, 100 %
2026/08/30 12:57:49.842, 14661 MiB, 100 %
2026/08/30 12:57:51.842, 14661 MiB, 100 %
2026/08/30 12:57:53.843, 14661 MiB, 72 %
2026/08/30 12:57:55.843, 14661 MiB, 98 %
2026/08/30 12:57:57.843, 14661 MiB, 100 %
2026/08/30 12:57:59.844, 14661 MiB, 100 %
2026/08/30 12:58:01.844, 14661 MiB, 100 %
2026/08/30 12:58:03.844, 14661 MiB, 100 %
2026/08/30 12:58:05.845, 14661 MiB, 100 %
2026/08/30 12:58:07.845, 14661 MiB, 63 %
2026/08/30 12:58:09.845, 14661 MiB, 100 %
2026/08/30 12:58:11.846, 14661 MiB, 100 %
2026/08/30 12:58:13.846, 14661 MiB, 100 %
2026/08/30 12:58:15.846, 14661 MiB, 100 %
2026/08/30 12:58:17.847, 14661 MiB, 55 %
2026/08/30 12:58:19.847, 14661 MiB, 98 %
2026/08/30 12:58:21.847, 14661 MiB, 100 %
2026/08/30 12:58:23.848, 14661 MiB, 100 %
2026/08/30 12:58:25.848, 14661 MiB, 100 %
2026/08/30 12:58:27.848, 14661 MiB, 100 %
2026/08/30 12:58:29.849, 14661 MiB, 100 %
2026/08/30 12:58:31.849, 14661 MiB, 49 %
2026/08/30 12:58:33.849, 14661 MiB, 98 %
2026/08/30 12:58:35.850, 14661 MiB, 100 %
2026/08/30 12:58:37.850, 14661 MiB, 100 %
2026/08/30 12:58:39.850, 14661 MiB, 100 %
2026/08/30 12:58:41.851, 14661 MiB, 89 %
2026/08/30 12:58:43.851, 14661 MiB, 98 %
2026/08/30 12:58:45.851, 14661 MiB, 76 %
2026/08/30 12:58:47.852, 14661 MiB, 100 %
2026/08/30 12:58:49.852, 14661 MiB, 100 %
2026/08/30 12:58:51.853, 14661 MiB, 100 %
2026/08/30 12:58:53.853, 14661 MiB, 100 %
2026/08/30 12:58:55.853, 14661 MiB, 63 %
2026/08/30 12:58:57.854, 14661 MiB, 98 %
2026/08/30 12:58:59.854, 14661 MiB, 92 %
2026/08/30 12:59:01.854, 14661 MiB, 100 %
2026/08/30 12:59:03.855, 14661 MiB, 100 %
2026/08/30 12:59:05.855, 14661 MiB, 100 %
2026/08/30 12:59:07.856, 14661 MiB, 100 %
2026/08/30 12:59:09.856, 14661 MiB, 48 %
2026/08/30 12:59:11.856, 14661 MiB, 98 %
2026/08/30 12:59:13.857, 14661 MiB, 100 %
2026/08/30 12:59:15.857, 14661 MiB, 100 %
2026/08/30 12:59:17.858, 14661 MiB, 100 %
2026/08/30 12:59:19.858, 14661 MiB, 100 %
2026/08/30 12:59:21.858, 14661 MiB, 100 %
2026/08/30 12:59:23.859, 14661 MiB, 65 %
2026/08/30 12:59:25.859, 14661 MiB, 100 %
2026/08/30 12:59:27.859, 14661 MiB, 100 %
2026/08/30 12:59:29.860, 14661 MiB, 100 %
2026/08/30 12:59:31.860, 14661 MiB, 100 %
2026/08/30 12:59:33.860, 14661 MiB, 61 %
2026/08/30 12:59:35.861, 14661 MiB, 98 %
2026/08/30 12:59:37.861, 14661 MiB, 100 %
2026/08/30 12:59:39.861, 14661 MiB, 100 %
2026/08/30 12:59:41.862, 14661 MiB, 100 %
2026/08/30 12:59:43.862, 14661 MiB, 100 %
2026/08/30 12:59:45.862, 14661 MiB, 100 %
2026/08/30 12:59:47.863, 14661 MiB, 51 %
2026/08/30 12:59:49.863, 14661 MiB, 98 %
2026/08/30 12:59:51.863, 14661 MiB, 100 %
2026/08/30 12:59:53.864, 14661 MiB, 100 %
2026/08/30 12:59:55.864, 14661 MiB, 100 %
2026/08/30 12:59:57.864, 14661 MiB, 95 %
2026/08/30 12:59:59.865, 14661 MiB, 100 %
2026/08/30 13:00:01.865, 14661 MiB, 68 %
2026/08/30 13:00:03.865, 14661 MiB, 100 %
2026/08/30 13:00:05.866, 14661 MiB, 100 %
2026/08/30 13:00:07.866, 14661 MiB, 100 %
2026/08/30 13:00:09.866, 14661 MiB, 100 %
2026/08/30 13:00:11.867, 14661 MiB, 71 %
2026/08/30 13:00:13.867, 14661 MiB, 98 %
2026/08/30 13:00:15.867, 14661 MiB, 94 %
2026/08/30 13:00:17.868, 14661 MiB, 100 %
2026/08/30 13:00:19.868, 14661 MiB, 100 %
2026/08/30 13:00:21.868, 14661 MiB, 100 %
2026/08/30 13:00:23.869, 14661 MiB, 100 %
2026/08/30 13:00:25.869, 14661 MiB, 53 %
2026/08/30 13:00:27.870, 14661 MiB, 98 %
2026/08/30 13:00:29.870, 14661 MiB, 100 %
2026/08/30 13:00:31.871, 14661 MiB, 100 %
2026/08/30 13:00:33.871, 14661 MiB, 100 %
2026/08/30 13:00:35.871, 14661 MiB, 100 %
2026/08/30 13:00:37.872, 14661 MiB, 100 %
2026/08/30 13:00:39.872, 14661 MiB, 49 %
2026/08/30 13:00:41.872, 14661 MiB, 98 %
2026/08/30 13:00:43.873, 14661 MiB, 100 %
2026/08/30 13:00:45.873, 14661 MiB, 100 %
2026/08/30 13:00:47.874, 14661 MiB, 100 %
2026/08/30 13:00:49.874, 14661 MiB, 60 %
2026/08/30 13:00:51.874, 14661 MiB, 100 %
2026/08/30 13:00:53.875, 14661 MiB, 100 %
2026/08/30 13:00:55.875, 14661 MiB, 100 %
2026/08/30 13:00:57.875, 14661 MiB, 100 %
2026/08/30 13:00:59.876, 14661 MiB, 62 %
2026/08/30 13:01:01.876, 14661 MiB, 98 %
2026/08/30 13:01:03.876, 14661 MiB, 100 %
2026/08/30 13:01:05.877, 14661 MiB, 100 %
2026/08/30 13:01:07.877, 14661 MiB, 100 %
2026/08/30 13:01:09.877, 14661 MiB, 100 %
2026/08/30 13:01:11.878, 14661 MiB, 100 %
2026/08/30 13:01:13.878, 14661 MiB, 51 %
2026/08/30 13:01:15.878, 14661 MiB, 98 %
2026/08/30 13:01:17.879, 14661 MiB, 100 %
2026/08/30 13:01:19.879, 14661 MiB, 100 %
2026/08/30 13:01:21.880, 14661 MiB, 100 %
2026/08/30 13:01:23.880, 14661 MiB, 95 %
2026/08/30 13:01:25.880, 14661 MiB, 99 %
2026/08/30 13:01:27.881, 14661 MiB, 65 %
2026/08/30 13:01:29.881, 14661 MiB, 100 %
2026/08/30 13:01:31.881, 14661 MiB, 100 %
2026/08/30 13:01:33.882, 14661 MiB, 100 %
2026/08/30 13:01:35.882, 14661 MiB, 100 %
2026/08/30 13:01:37.882, 14661 MiB, 73 %
2026/08/30 13:01:39.883, 14661 MiB, 98 %
2026/08/30 13:01:41.883, 14661 MiB, 96 %
2026/08/30 13:01:43.884, 14661 MiB, 100 %
2026/08/30 13:01:45.884, 14661 MiB, 100 %
2026/08/30 13:01:47.884, 14661 MiB, 100 %
2026/08/30 13:01:49.885, 14661 MiB, 100 %
2026/08/30 13:01:51.885, 14661 MiB, 46 %
2026/08/30 13:01:53.885, 14661 MiB, 98 %
2026/08/30 13:01:55.886, 14661 MiB, 100 %
2026/08/30 13:01:57.886, 14661 MiB, 100 %
2026/08/30 13:01:59.886, 14661 MiB, 100 %
2026/08/30 13:02:01.887, 14661 MiB, 100 %
2026/08/30 13:02:03.887, 14661 MiB, 100 %
2026/08/30 13:02:05.888, 14661 MiB, 47 %
2026/08/30 13:02:07.888, 14661 MiB, 98 %
2026/08/30 13:02:09.888, 14661 MiB, 100 %
2026/08/30 13:02:11.889, 14661 MiB, 100 %
2026/08/30 13:02:13.889, 14661 MiB, 100 %
2026/08/30 13:02:15.889, 14661 MiB, 92 %
2026/08/30 13:02:17.890, 14661 MiB, 98 %
2026/08/30 13:02:19.890, 14661 MiB, 65 %
2026/08/30 13:02:21.890, 14661 MiB, 100 %
2026/08/30 13:02:23.891, 14661 MiB, 100 %
2026/08/30 13:02:25.891, 14661 MiB, 100 %
2026/08/30 13:02:27.892, 14661 MiB, 100 %
2026/08/30 13:02:29.892, 14661 MiB, 78 %
2026/08/30 13:02:31.892, 14661 MiB, 100 %
2026/08/30 13:02:33.893, 14661 MiB, 54 %
2026/08/30 13:02:35.893, 14661 MiB, 98 %
2026/08/30 13:02:37.893, 14661 MiB, 100 %
2026/08/30 13:02:39.894, 14661 MiB, 100 %
2026/08/30 13:02:41.894, 14661 MiB, 100 %
2026/08/30 13:02:43.895, 14661 MiB, 100 %
2026/08/30 13:02:45.895, 14661 MiB, 100 %
2026/08/30 13:02:47.895, 14661 MiB, 65 %
2026/08/30 13:02:49.896, 14661 MiB, 100 %
2026/08/30 13:02:51.896, 14661 MiB, 100 %
2026/08/30 13:02:53.896, 14661 MiB, 100 %
2026/08/30 13:02:55.897, 14661 MiB, 100 %
2026/08/30 13:02:57.897, 14661 MiB, 80 %
2026/08/30 13:02:59.897, 14661 MiB, 98 %
2026/08/30 13:03:01.898, 14661 MiB, 85 %
2026/08/30 13:03:03.898, 14661 MiB, 100 %
2026/08/30 13:03:05.899, 14661 MiB, 100 %
2026/08/30 13:03:07.899, 14661 MiB, 100 %
2026/08/30 13:03:09.899, 14661 MiB, 100 %
2026/08/30 13:03:11.900, 14661 MiB, 49 %
2026/08/30 13:03:13.900, 14661 MiB, 97 %
2026/08/30 13:03:15.900, 14661 MiB, 100 %
2026/08/30 13:03:17.901, 14661 MiB, 100 %
2026/08/30 13:03:19.901, 14661 MiB, 100 %
2026/08/30 13:03:21.902, 14661 MiB, 100 %
2026/08/30 13:03:23.902, 14661 MiB, 100 %
2026/08/30 13:03:25.903, 14661 MiB, 47 %
2026/08/30 13:03:27.903, 14661 MiB, 98 %
2026/08/30 13:03:29.903, 14661 MiB, 100 %
2026/08/30 13:03:31.904, 14661 MiB, 100 %
2026/08/30 13:03:33.904, 14661 MiB, 100 %
2026/08/30 13:03:35.905, 14661 MiB, 89 %
2026/08/30 13:03:37.905, 14661 MiB, 98 %
2026/08/30 13:03:39.905, 14661 MiB, 67 %
2026/08/30 13:03:41.906, 14661 MiB, 100 %
2026/08/30 13:03:43.907, 14661 MiB, 100 %
2026/08/30 13:03:45.907, 14661 MiB, 100 %
2026/08/30 13:03:47.907, 14661 MiB, 100 %
2026/08/30 13:03:49.908, 14661 MiB, 63 %
2026/08/30 13:03:51.908, 14661 MiB, 98 %
2026/08/30 13:03:53.908, 14661 MiB, 100 %
2026/08/30 13:03:55.909, 14661 MiB, 100 %
2026/08/30 13:03:57.909, 14661 MiB, 100 %
2026/08/30 13:03:59.909, 14661 MiB, 100 %
2026/08/30 13:04:01.910, 14661 MiB, 100 %
2026/08/30 13:04:03.910, 14661 MiB, 58 %
2026/08/30 13:04:05.910, 14661 MiB, 100 %
2026/08/30 13:04:07.911, 14661 MiB, 100 %
2026/08/30 13:04:09.911, 14661 MiB, 100 %
2026/08/30 13:04:11.911, 14661 MiB, 100 %
2026/08/30 13:04:13.912, 14661 MiB, 57 %
2026/08/30 13:04:15.912, 14661 MiB, 98 %
2026/08/30 13:04:17.913, 14661 MiB, 100 %
2026/08/30 13:04:19.913, 14661 MiB, 100 %
2026/08/30 13:04:21.913, 14661 MiB, 100 %
2026/08/30 13:04:23.914, 14661 MiB, 92 %
2026/08/30 13:04:25.914, 14661 MiB, 84 %
2026/08/30 13:04:27.914, 14661 MiB, 67 %
2026/08/30 13:04:29.915, 14661 MiB, 100 %
2026/08/30 13:04:31.915, 14661 MiB, 100 %
2026/08/30 13:04:33.915, 14661 MiB, 100 %
2026/08/30 13:04:35.916, 14661 MiB, 100 %
2026/08/30 13:04:37.916, 14661 MiB, 73 %
2026/08/30 13:04:39.916, 14661 MiB, 98 %
2026/08/30 13:04:41.917, 14661 MiB, 95 %
2026/08/30 13:04:43.917, 14661 MiB, 100 %
2026/08/30 13:04:45.918, 14661 MiB, 100 %
2026/08/30 13:04:47.918, 14661 MiB, 100 %
2026/08/30 13:04:49.918, 14661 MiB, 100 %
2026/08/30 13:04:51.919, 14661 MiB, 47 %
2026/08/30 13:04:53.919, 14661 MiB, 98 %
2026/08/30 13:04:55.919, 14661 MiB, 100 %
2026/08/30 13:04:57.920, 14661 MiB, 100 %
2026/08/30 13:04:59.920, 14661 MiB, 100 %
2026/08/30 13:05:01.920, 14661 MiB, 100 %
2026/08/30 13:05:03.921, 14661 MiB, 100 %
2026/08/30 13:05:05.921, 14661 MiB, 50 %
2026/08/30 13:05:07.921, 14661 MiB, 98 %
2026/08/30 13:05:09.922, 14661 MiB, 100 %
2026/08/30 13:05:11.922, 14661 MiB, 100 %
2026/08/30 13:05:13.923, 14661 MiB, 100 %
2026/08/30 13:05:15.923, 14661 MiB, 100 %
2026/08/30 13:05:17.923, 14661 MiB, 98 %
2026/08/30 13:05:19.924, 14661 MiB, 100 %
2026/08/30 13:05:21.924, 14661 MiB, 100 %
2026/08/30 13:05:23.925, 14661 MiB, 100 %
2026/08/30 13:05:25.925, 14661 MiB, 100 %
2026/08/30 13:05:27.925, 14661 MiB, 100 %
2026/08/30 13:05:29.926, 14661 MiB, 54 %
2026/08/30 13:05:31.926, 14661 MiB, 99 %
2026/08/30 13:05:33.926, 14661 MiB, 100 %
2026/08/30 13:05:35.927, 14661 MiB, 100 %
2026/08/30 13:05:37.927, 14661 MiB, 100 %
2026/08/30 13:05:39.927, 14661 MiB, 71 %
2026/08/30 13:05:41.928, 14661 MiB, 98 %
2026/08/30 13:05:43.928, 14661 MiB, 95 %
2026/08/30 13:05:45.928, 14661 MiB, 100 %
2026/08/30 13:05:47.929, 14661 MiB, 100 %
2026/08/30 13:05:49.929, 14661 MiB, 100 %
2026/08/30 13:05:51.929, 14661 MiB, 100 %
2026/08/30 13:05:53.930, 14661 MiB, 52 %
2026/08/30 13:05:55.930, 14661 MiB, 100 %
2026/08/30 13:05:57.931, 14661 MiB, 100 %
2026/08/30 13:05:59.931, 14661 MiB, 100 %
2026/08/30 13:06:01.931, 14661 MiB, 100 %
2026/08/30 13:06:03.932, 14661 MiB, 65 %
2026/08/30 13:06:05.932, 14661 MiB, 98 %
2026/08/30 13:06:07.932, 14661 MiB, 100 %
2026/08/30 13:06:09.933, 14661 MiB, 100 %
2026/08/30 13:06:11.933, 14661 MiB, 100 %
2026/08/30 13:06:13.933, 14661 MiB, 100 %
2026/08/30 13:06:15.934, 14661 MiB, 100 %
2026/08/30 13:06:17.934, 14661 MiB, 49 %
2026/08/30 13:06:19.934, 14661 MiB, 98 %
2026/08/30 13:06:21.935, 14661 MiB, 100 %
2026/08/30 13:06:23.935, 14661 MiB, 100 %
2026/08/30 13:06:25.935, 14661 MiB, 100 %
2026/08/30 13:06:27.936, 14661 MiB, 100 %
2026/08/30 13:06:29.936, 14661 MiB, 100 %
2026/08/30 13:06:31.937, 14661 MiB, 49 %
2026/08/30 13:06:33.937, 14661 MiB, 98 %
2026/08/30 13:06:35.937, 14661 MiB, 100 %
2026/08/30 13:06:37.938, 14661 MiB, 100 %
2026/08/30 13:06:39.938, 14661 MiB, 100 %
2026/08/30 13:06:41.938, 14661 MiB, 91 %
2026/08/30 13:06:43.939, 14661 MiB, 98 %
2026/08/30 13:06:45.939, 14661 MiB, 66 %
2026/08/30 13:06:47.940, 14661 MiB, 100 %
2026/08/30 13:06:49.940, 14661 MiB, 100 %
2026/08/30 13:06:51.940, 14661 MiB, 100 %
2026/08/30 13:06:53.941, 14661 MiB, 100 %
2026/08/30 13:06:55.941, 14661 MiB, 82 %
2026/08/30 13:06:57.942, 14661 MiB, 98 %
2026/08/30 13:06:59.942, 14661 MiB, 78 %
2026/08/30 13:07:01.942, 14661 MiB, 100 %
2026/08/30 13:07:03.943, 14661 MiB, 100 %
2026/08/30 13:07:05.943, 14661 MiB, 100 %
2026/08/30 13:07:07.943, 14661 MiB, 100 %
2026/08/30 13:07:09.944, 14661 MiB, 79 %
2026/08/30 13:07:11.944, 14661 MiB, 98 %
2026/08/30 13:07:13.945, 14661 MiB, 86 %
2026/08/30 13:07:15.945, 14661 MiB, 100 %
2026/08/30 13:07:17.945, 14661 MiB, 100 %
2026/08/30 13:07:19.946, 14661 MiB, 100 %
2026/08/30 13:07:21.946, 14661 MiB, 100 %
2026/08/30 13:07:23.947, 14661 MiB, 69 %
2026/08/30 13:07:25.947, 14661 MiB, 98 %
2026/08/30 13:07:27.947, 14661 MiB, 100 %
2026/08/30 13:07:29.948, 14661 MiB, 100 %
2026/08/30 13:07:31.948, 14661 MiB, 100 %
2026/08/30 13:07:33.948, 14661 MiB, 100 %
2026/08/30 13:07:35.949, 14661 MiB, 100 %
2026/08/30 13:07:37.949, 14661 MiB, 51 %
2026/08/30 13:07:39.950, 14661 MiB, 98 %
2026/08/30 13:07:41.950, 14661 MiB, 90 %
2026/08/30 13:07:43.950, 14661 MiB, 100 %
2026/08/30 13:07:45.951, 14661 MiB, 100 %
2026/08/30 13:07:47.951, 14661 MiB, 100 %
2026/08/30 13:07:49.951, 14661 MiB, 100 %
2026/08/30 13:07:51.952, 14661 MiB, 77 %
2026/08/30 13:07:53.952, 14661 MiB, 98 %
2026/08/30 13:07:55.952, 14661 MiB, 78 %
2026/08/30 13:07:57.953, 14661 MiB, 100 %
2026/08/30 13:07:59.953, 14661 MiB, 100 %
2026/08/30 13:08:01.954, 14661 MiB, 100 %
2026/08/30 13:08:03.954, 14661 MiB, 100 %
2026/08/30 13:08:05.954, 14661 MiB, 87 %
2026/08/30 13:08:07.955, 14661 MiB, 98 %
2026/08/30 13:08:09.955, 14661 MiB, 61 %
2026/08/30 13:08:11.955, 14661 MiB, 100 %
2026/08/30 13:08:13.956, 14661 MiB, 100 %
2026/08/30 13:08:15.956, 14661 MiB, 100 %
2026/08/30 13:08:17.956, 14661 MiB, 100 %
2026/08/30 13:08:19.957, 14661 MiB, 96 %
2026/08/30 13:08:21.957, 14661 MiB, 99 %
2026/08/30 13:08:23.958, 14661 MiB, 63 %
2026/08/30 13:08:25.958, 14661 MiB, 100 %
2026/08/30 13:08:27.958, 14661 MiB, 100 %
2026/08/30 13:08:29.959, 14661 MiB, 100 %
2026/08/30 13:08:31.959, 14661 MiB, 100 %
2026/08/30 13:08:33.960, 14661 MiB, 75 %
2026/08/30 13:08:35.960, 14661 MiB, 97 %
2026/08/30 13:08:37.960, 14661 MiB, 89 %
2026/08/30 13:08:39.961, 14661 MiB, 100 %
2026/08/30 13:08:41.961, 14661 MiB, 100 %
2026/08/30 13:08:43.962, 14661 MiB, 100 %
2026/08/30 13:08:45.962, 14661 MiB, 100 %
2026/08/30 13:08:47.962, 14661 MiB, 54 %
2026/08/30 13:08:49.963, 14661 MiB, 98 %
2026/08/30 13:08:51.963, 14661 MiB, 100 %
2026/08/30 13:08:53.963, 14661 MiB, 100 %
2026/08/30 13:08:55.964, 14661 MiB, 100 %
2026/08/30 13:08:57.964, 14661 MiB, 100 %
2026/08/30 13:08:59.965, 14661 MiB, 100 %
2026/08/30 13:09:01.965, 14661 MiB, 51 %
2026/08/30 13:09:03.965, 14661 MiB, 98 %
2026/08/30 13:09:05.966, 14661 MiB, 100 %
2026/08/30 13:09:07.966, 14661 MiB, 100 %
2026/08/30 13:09:09.966, 14661 MiB, 100 %
2026/08/30 13:09:11.967, 14661 MiB, 100 %
2026/08/30 13:09:13.967, 14661 MiB, 100 %
2026/08/30 13:09:15.967, 14661 MiB, 62 %
2026/08/30 13:09:17.968, 14661 MiB, 100 %
2026/08/30 13:09:19.968, 14661 MiB, 100 %
2026/08/30 13:09:21.969, 14661 MiB, 100 %
2026/08/30 13:09:23.969, 14661 MiB, 100 %
2026/08/30 13:09:25.969, 14661 MiB, 90 %
2026/08/30 13:09:27.970, 14661 MiB, 98 %
2026/08/30 13:09:29.970, 14661 MiB, 69 %
2026/08/30 13:09:31.970, 14661 MiB, 100 %
2026/08/30 13:09:33.971, 14661 MiB, 100 %
2026/08/30 13:09:35.971, 14661 MiB, 100 %
2026/08/30 13:09:37.973, 14661 MiB, 100 %
2026/08/30 13:09:39.973, 14661 MiB, 88 %
2026/08/30 13:09:41.973, 14661 MiB, 98 %
2026/08/30 13:09:43.974, 14661 MiB, 75 %
2026/08/30 13:09:45.974, 14661 MiB, 100 %
2026/08/30 13:09:47.974, 14661 MiB, 100 %
2026/08/30 13:09:49.975, 14661 MiB, 100 %
2026/08/30 13:09:51.975, 14661 MiB, 98 %
2026/08/30 13:09:53.975, 14661 MiB, 66 %
2026/08/30 13:09:55.976, 14661 MiB, 100 %
2026/08/30 13:09:57.976, 14661 MiB, 100 %
2026/08/30 13:09:59.977, 14661 MiB, 100 %
2026/08/30 13:10:01.977, 14661 MiB, 100 %
2026/08/30 13:10:03.977, 14661 MiB, 88 %
2026/08/30 13:10:05.978, 14661 MiB, 98 %
2026/08/30 13:10:07.978, 14661 MiB, 76 %
2026/08/30 13:10:09.978, 14661 MiB, 100 %
2026/08/30 13:10:11.979, 14661 MiB, 100 %
2026/08/30 13:10:13.979, 14661 MiB, 100 %
2026/08/30 13:10:15.979, 14661 MiB, 100 %
2026/08/30 13:10:17.980, 14661 MiB, 69 %
2026/08/30 13:10:19.980, 14661 MiB, 98 %
2026/08/30 13:10:21.981, 14661 MiB, 95 %
2026/08/30 13:10:23.981, 14661 MiB, 100 %
2026/08/30 13:10:25.981, 14661 MiB, 100 %
2026/08/30 13:10:27.982, 14661 MiB, 100 %
2026/08/30 13:10:29.982, 14661 MiB, 100 %
2026/08/30 13:10:31.983, 14661 MiB, 58 %
2026/08/30 13:10:33.983, 14661 MiB, 98 %
2026/08/30 13:10:35.983, 14661 MiB, 92 %
2026/08/30 13:10:37.984, 14661 MiB, 100 %
2026/08/30 13:10:39.984, 14661 MiB, 100 %
2026/08/30 13:10:41.984, 14661 MiB, 100 %
2026/08/30 13:10:43.985, 14661 MiB, 100 %
2026/08/30 13:10:45.985, 14661 MiB, 73 %
2026/08/30 13:10:47.985, 14661 MiB, 98 %
2026/08/30 13:10:49.986, 14661 MiB, 81 %
2026/08/30 13:10:51.986, 14661 MiB, 100 %
2026/08/30 13:10:53.987, 14661 MiB, 100 %
2026/08/30 13:10:55.987, 14661 MiB, 100 %
2026/08/30 13:10:57.987, 14661 MiB, 100 %
2026/08/30 13:10:59.988, 14661 MiB, 94 %
2026/08/30 13:11:01.988, 14661 MiB, 99 %
2026/08/30 13:11:03.988, 14661 MiB, 59 %
2026/08/30 13:11:05.989, 14661 MiB, 100 %
2026/08/30 13:11:07.989, 14661 MiB, 100 %
2026/08/30 13:11:09.990, 14661 MiB, 100 %
2026/08/30 13:11:11.990, 14661 MiB, 100 %
2026/08/30 13:11:13.990, 14661 MiB, 89 %
2026/08/30 13:11:15.991, 14661 MiB, 98 %
2026/08/30 13:11:17.991, 14661 MiB, 75 %
2026/08/30 13:11:19.991, 14661 MiB, 100 %
2026/08/30 13:11:21.992, 14661 MiB, 100 %
2026/08/30 13:11:23.992, 14661 MiB, 100 %
2026/08/30 13:11:25.993, 14661 MiB, 100 %
2026/08/30 13:11:27.993, 14661 MiB, 74 %
2026/08/30 13:11:29.993, 14661 MiB, 98 %
2026/08/30 13:11:31.994, 14661 MiB, 93 %
2026/08/30 13:11:33.994, 14661 MiB, 100 %
2026/08/30 13:11:35.994, 14661 MiB, 100 %
2026/08/30 13:11:37.995, 14661 MiB, 100 %
2026/08/30 13:11:39.995, 14661 MiB, 100 %
2026/08/30 13:11:41.996, 14661 MiB, 62 %
2026/08/30 13:11:43.996, 14661 MiB, 98 %
2026/08/30 13:11:45.996, 14661 MiB, 91 %
2026/08/30 13:11:47.997, 14661 MiB, 100 %
2026/08/30 13:11:49.997, 14661 MiB, 100 %
2026/08/30 13:11:51.998, 14661 MiB, 100 %
2026/08/30 13:11:53.998, 14661 MiB, 100 %
2026/08/30 13:11:55.998, 14661 MiB, 61 %
2026/08/30 13:11:57.999, 14661 MiB, 98 %
2026/08/30 13:11:59.999, 14661 MiB, 97 %
2026/08/30 13:12:01.999, 14661 MiB, 100 %
2026/08/30 13:12:04.000, 14661 MiB, 100 %
2026/08/30 13:12:06.000, 14661 MiB, 100 %
2026/08/30 13:12:08.000, 14661 MiB, 100 %
2026/08/30 13:12:10.001, 14661 MiB, 70 %
2026/08/30 13:12:12.001, 14661 MiB, 98 %
2026/08/30 13:12:14.002, 14661 MiB, 82 %
2026/08/30 13:12:16.002, 14661 MiB, 100 %
2026/08/30 13:12:18.002, 14661 MiB, 100 %
2026/08/30 13:12:20.003, 14661 MiB, 100 %
2026/08/30 13:12:22.003, 14661 MiB, 100 %
2026/08/30 13:12:24.003, 14661 MiB, 85 %
2026/08/30 13:12:26.004, 14661 MiB, 98 %
2026/08/30 13:12:28.004, 14661 MiB, 61 %
2026/08/30 13:12:30.004, 14661 MiB, 100 %
2026/08/30 13:12:32.005, 14661 MiB, 100 %
2026/08/30 13:12:34.005, 14661 MiB, 100 %
2026/08/30 13:12:36.006, 14661 MiB, 100 %
2026/08/30 13:12:38.006, 14661 MiB, 100 %
2026/08/30 13:12:40.006, 14661 MiB, 100 %
2026/08/30 13:12:42.007, 14661 MiB, 49 %
2026/08/30 13:12:44.007, 14661 MiB, 98 %
2026/08/30 13:12:46.007, 14661 MiB, 100 %
2026/08/30 13:12:48.008, 14661 MiB, 100 %
2026/08/30 13:12:50.008, 14661 MiB, 100 %
2026/08/30 13:12:52.009, 14661 MiB, 100 %
2026/08/30 13:12:54.009, 14661 MiB, 100 %
2026/08/30 13:12:56.009, 14661 MiB, 49 %
2026/08/30 13:12:58.010, 14661 MiB, 98 %
2026/08/30 13:13:00.010, 14661 MiB, 100 %
2026/08/30 13:13:02.011, 14661 MiB, 100 %
2026/08/30 13:13:04.011, 14661 MiB, 100 %
2026/08/30 13:13:06.011, 14661 MiB, 100 %
2026/08/30 13:13:08.012, 14661 MiB, 100 %
2026/08/30 13:13:10.012, 14661 MiB, 66 %
2026/08/30 13:13:12.012, 14661 MiB, 98 %
2026/08/30 13:13:14.013, 14661 MiB, 92 %
2026/08/30 13:13:16.013, 14661 MiB, 100 %
2026/08/30 13:13:18.013, 14661 MiB, 100 %
2026/08/30 13:13:20.014, 14661 MiB, 100 %
2026/08/30 13:13:22.014, 14661 MiB, 100 %
2026/08/30 13:13:24.015, 14661 MiB, 73 %
2026/08/30 13:13:26.015, 14661 MiB, 98 %
2026/08/30 13:13:28.016, 14661 MiB, 83 %
2026/08/30 13:13:30.016, 14661 MiB, 100 %
2026/08/30 13:13:32.016, 14661 MiB, 100 %
2026/08/30 13:13:34.017, 14661 MiB, 100 %
2026/08/30 13:13:36.017, 14661 MiB, 100 %
2026/08/30 13:13:38.017, 14661 MiB, 89 %
2026/08/30 13:13:40.018, 14661 MiB, 98 %
2026/08/30 13:13:42.018, 14661 MiB, 63 %
2026/08/30 13:13:44.020, 14661 MiB, 100 %
2026/08/30 13:13:46.020, 14661 MiB, 100 %
2026/08/30 13:13:48.020, 14661 MiB, 100 %
2026/08/30 13:13:50.021, 14661 MiB, 100 %
2026/08/30 13:13:52.021, 14661 MiB, 100 %
2026/08/30 13:13:54.022, 14661 MiB, 100 %
2026/08/30 13:13:56.022, 14661 MiB, 48 %
2026/08/30 13:13:58.023, 14661 MiB, 98 %
2026/08/30 13:14:00.023, 14661 MiB, 100 %
2026/08/30 13:14:02.023, 14661 MiB, 100 %
2026/08/30 13:14:04.024, 14661 MiB, 100 %
2026/08/30 13:14:06.024, 14661 MiB, 100 %
2026/08/30 13:14:08.025, 14661 MiB, 100 %
2026/08/30 13:14:10.025, 14661 MiB, 53 %
2026/08/30 13:14:12.025, 14661 MiB, 98 %
2026/08/30 13:14:14.026, 14661 MiB, 92 %
2026/08/30 13:14:16.026, 14661 MiB, 100 %
2026/08/30 13:14:18.026, 14661 MiB, 100 %
2026/08/30 13:14:20.027, 14661 MiB, 100 %
2026/08/30 13:14:22.027, 14661 MiB, 100 %
2026/08/30 13:14:24.028, 14661 MiB, 71 %
2026/08/30 13:14:26.028, 14661 MiB, 98 %
2026/08/30 13:14:28.028, 14661 MiB, 100 %
2026/08/30 13:14:30.029, 14661 MiB, 100 %
2026/08/30 13:14:32.029, 14661 MiB, 100 %
2026/08/30 13:14:34.029, 14661 MiB, 80 %
2026/08/30 13:14:36.030, 14661 MiB, 98 %
2026/08/30 13:14:38.030, 14661 MiB, 67 %
2026/08/30 13:14:40.031, 14661 MiB, 100 %
2026/08/30 13:14:42.031, 14661 MiB, 100 %
2026/08/30 13:14:44.031, 14661 MiB, 100 %
2026/08/30 13:14:46.032, 14661 MiB, 100 %
2026/08/30 13:14:48.032, 14661 MiB, 95 %
2026/08/30 13:14:50.032, 14661 MiB, 100 %
2026/08/30 13:14:52.033, 14661 MiB, 55 %
2026/08/30 13:14:54.033, 14661 MiB, 100 %
2026/08/30 13:14:56.034, 14661 MiB, 100 %
2026/08/30 13:14:58.034, 14661 MiB, 100 %
2026/08/30 13:15:00.034, 14661 MiB, 100 %
2026/08/30 13:15:02.035, 14661 MiB, 100 %
2026/08/30 13:15:04.035, 14661 MiB, 100 %
2026/08/30 13:15:06.036, 14661 MiB, 62 %
2026/08/30 13:15:08.036, 14661 MiB, 100 %
2026/08/30 13:15:10.036, 14661 MiB, 100 %
2026/08/30 13:15:12.037, 14661 MiB, 100 %
2026/08/30 13:15:14.037, 14661 MiB, 100 %
2026/08/30 13:15:16.037, 14661 MiB, 81 %
2026/08/30 13:15:18.038, 14661 MiB, 98 %
2026/08/30 13:15:20.038, 14661 MiB, 74 %
2026/08/30 13:15:22.039, 14661 MiB, 100 %
2026/08/30 13:15:24.039, 14661 MiB, 100 %
2026/08/30 13:15:26.039, 14661 MiB, 100 %
2026/08/30 13:15:28.040, 14661 MiB, 100 %
2026/08/30 13:15:30.040, 14661 MiB, 74 %
2026/08/30 13:15:32.040, 14661 MiB, 98 %
2026/08/30 13:15:34.041, 14661 MiB, 72 %
2026/08/30 13:15:36.042, 14661 MiB, 100 %
2026/08/30 13:15:38.042, 14661 MiB, 100 %
2026/08/30 13:15:40.042, 14661 MiB, 100 %
2026/08/30 13:15:42.043, 14661 MiB, 100 %
2026/08/30 13:15:44.043, 14661 MiB, 100 %
2026/08/30 13:15:46.043, 14661 MiB, 100 %
2026/08/30 13:15:48.044, 14661 MiB, 50 %
2026/08/30 13:15:50.044, 14661 MiB, 98 %
2026/08/30 13:15:52.045, 14661 MiB, 100 %
2026/08/30 13:15:54.045, 14661 MiB, 100 %
2026/08/30 13:15:56.045, 14661 MiB, 100 %
2026/08/30 13:15:58.046, 14661 MiB, 100 %
2026/08/30 13:16:00.046, 14661 MiB, 100 %
2026/08/30 13:16:02.046, 14661 MiB, 50 %
2026/08/30 13:16:04.047, 14661 MiB, 98 %
2026/08/30 13:16:06.047, 14661 MiB, 100 %
2026/08/30 13:16:08.047, 14661 MiB, 100 %
2026/08/30 13:16:10.048, 14661 MiB, 100 %
2026/08/30 13:16:12.048, 14661 MiB, 100 %
2026/08/30 13:16:14.049, 14661 MiB, 100 %
2026/08/30 13:16:16.049, 14661 MiB, 49 %
2026/08/30 13:16:18.049, 14661 MiB, 98 %
2026/08/30 13:16:20.050, 14661 MiB, 100 %
2026/08/30 13:16:22.050, 14661 MiB, 100 %
2026/08/30 13:16:24.050, 14661 MiB, 100 %
2026/08/30 13:16:26.051, 14661 MiB, 100 %
2026/08/30 13:16:28.051, 14661 MiB, 100 %
2026/08/30 13:16:30.052, 14661 MiB, 58 %
2026/08/30 13:16:32.052, 14661 MiB, 98 %
2026/08/30 13:16:34.052, 14661 MiB, 100 %
2026/08/30 13:16:36.053, 14661 MiB, 100 %
2026/08/30 13:16:38.053, 14661 MiB, 100 %
2026/08/30 13:16:40.053, 14661 MiB, 100 %
2026/08/30 13:16:42.054, 14661 MiB, 100 %
2026/08/30 13:16:44.054, 14661 MiB, 60 %
2026/08/30 13:16:46.055, 14661 MiB, 98 %
2026/08/30 13:16:48.055, 14661 MiB, 96 %
2026/08/30 13:16:50.055, 14661 MiB, 100 %
2026/08/30 13:16:52.056, 14661 MiB, 100 %
2026/08/30 13:16:54.056, 14661 MiB, 100 %
2026/08/30 13:16:56.057, 14661 MiB, 100 %
2026/08/30 13:16:58.057, 14661 MiB, 58 %
2026/08/30 13:17:00.057, 14661 MiB, 98 %
2026/08/30 13:17:02.058, 14661 MiB, 99 %
2026/08/30 13:17:04.058, 14661 MiB, 100 %
2026/08/30 13:17:06.058, 14661 MiB, 100 %
2026/08/30 13:17:08.059, 14661 MiB, 100 %
2026/08/30 13:17:10.059, 14661 MiB, 100 %
2026/08/30 13:17:12.059, 14661 MiB, 56 %
2026/08/30 13:17:14.060, 14661 MiB, 98 %
2026/08/30 13:17:16.060, 14661 MiB, 100 %
2026/08/30 13:17:18.061, 14661 MiB, 100 %
2026/08/30 13:17:20.061, 14661 MiB, 100 %
2026/08/30 13:17:22.062, 14661 MiB, 100 %
2026/08/30 13:17:24.062, 14661 MiB, 100 %
2026/08/30 13:17:26.062, 14661 MiB, 100 %
2026/08/30 13:17:28.063, 14661 MiB, 100 %
2026/08/30 13:17:30.063, 14661 MiB, 60 %
2026/08/30 13:17:32.063, 14661 MiB, 100 %
2026/08/30 13:17:34.064, 14661 MiB, 100 %
2026/08/30 13:17:36.064, 14661 MiB, 100 %
2026/08/30 13:17:38.064, 14661 MiB, 100 %
2026/08/30 13:17:40.065, 14661 MiB, 100 %
2026/08/30 13:17:42.065, 14661 MiB, 100 %
2026/08/30 13:17:44.065, 14661 MiB, 49 %
2026/08/30 13:17:46.066, 14661 MiB, 98 %
2026/08/30 13:17:48.066, 14661 MiB, 100 %
2026/08/30 13:17:50.066, 14661 MiB, 100 %
2026/08/30 13:17:52.067, 14661 MiB, 100 %
2026/08/30 13:17:54.067, 14661 MiB, 100 %
2026/08/30 13:17:56.067, 14661 MiB, 100 %
2026/08/30 13:17:58.068, 14661 MiB, 53 %
2026/08/30 13:18:00.068, 14661 MiB, 99 %
2026/08/30 13:18:02.068, 14661 MiB, 100 %
2026/08/30 13:18:04.069, 14661 MiB, 100 %
2026/08/30 13:18:06.069, 14661 MiB, 100 %
2026/08/30 13:18:08.069, 14661 MiB, 95 %
2026/08/30 13:18:10.070, 14661 MiB, 100 %
2026/08/30 13:18:12.070, 14661 MiB, 59 %
2026/08/30 13:18:14.070, 14661 MiB, 100 %
2026/08/30 13:18:16.071, 14661 MiB, 100 %
2026/08/30 13:18:18.071, 14661 MiB, 100 %
2026/08/30 13:18:20.071, 14661 MiB, 100 %
2026/08/30 13:18:22.072, 14661 MiB, 100 %
2026/08/30 13:18:24.072, 14661 MiB, 100 %
2026/08/30 13:18:26.072, 14661 MiB, 48 %
2026/08/30 13:18:28.073, 14661 MiB, 97 %
2026/08/30 13:18:30.073, 14661 MiB, 100 %
2026/08/30 13:18:32.073, 14661 MiB, 100 %
2026/08/30 13:18:34.074, 14661 MiB, 100 %
2026/08/30 13:18:36.074, 14661 MiB, 100 %
2026/08/30 13:18:38.075, 14661 MiB, 100 %
2026/08/30 13:18:40.075, 14661 MiB, 60 %
2026/08/30 13:18:42.075, 14661 MiB, 100 %
2026/08/30 13:18:44.076, 14661 MiB, 100 %
2026/08/30 13:18:46.076, 14661 MiB, 100 %
2026/08/30 13:18:48.076, 14661 MiB, 100 %
2026/08/30 13:18:50.077, 14661 MiB, 71 %
2026/08/30 13:18:52.077, 14661 MiB, 98 %
2026/08/30 13:18:54.077, 14661 MiB, 95 %
2026/08/30 13:18:56.078, 14661 MiB, 100 %
2026/08/30 13:18:58.078, 14661 MiB, 100 %
2026/08/30 13:19:00.079, 14661 MiB, 100 %
2026/08/30 13:19:02.079, 14661 MiB, 98 %
2026/08/30 13:19:04.079, 14661 MiB, 95 %
2026/08/30 13:19:06.080, 14661 MiB, 100 %
2026/08/30 13:19:08.080, 14661 MiB, 100 %
2026/08/30 13:19:10.081, 14661 MiB, 100 %
2026/08/30 13:19:12.081, 14661 MiB, 100 %
2026/08/30 13:19:14.081, 14661 MiB, 51 %
2026/08/30 13:19:16.082, 14661 MiB, 98 %
2026/08/30 13:19:18.082, 14661 MiB, 100 %
2026/08/30 13:19:20.082, 14661 MiB, 100 %
2026/08/30 13:19:22.083, 14661 MiB, 100 %
2026/08/30 13:19:24.083, 14661 MiB, 100 %
2026/08/30 13:19:26.083, 14661 MiB, 100 %
2026/08/30 13:19:28.084, 14661 MiB, 60 %
2026/08/30 13:19:30.084, 14661 MiB, 100 %
2026/08/30 13:19:32.084, 14661 MiB, 100 %
2026/08/30 13:19:34.085, 14661 MiB, 100 %
2026/08/30 13:19:36.085, 14661 MiB, 100 %
2026/08/30 13:19:38.086, 14661 MiB, 79 %
2026/08/30 13:19:40.086, 14661 MiB, 98 %
2026/08/30 13:19:42.086, 14661 MiB, 78 %
2026/08/30 13:19:44.087, 14661 MiB, 100 %
2026/08/30 13:19:46.087, 14661 MiB, 100 %
2026/08/30 13:19:48.087, 14661 MiB, 100 %
2026/08/30 13:19:50.088, 14661 MiB, 100 %
2026/08/30 13:19:52.088, 14661 MiB, 57 %
2026/08/30 13:19:54.089, 14661 MiB, 97 %
2026/08/30 13:19:56.089, 14661 MiB, 100 %
2026/08/30 13:19:58.089, 14661 MiB, 100 %
2026/08/30 13:20:00.090, 14661 MiB, 100 %
2026/08/30 13:20:02.090, 14661 MiB, 100 %
2026/08/30 13:20:04.090, 14661 MiB, 100 %
2026/08/30 13:20:06.091, 14661 MiB, 48 %
2026/08/30 13:20:08.091, 14661 MiB, 98 %
2026/08/30 13:20:10.092, 14661 MiB, 100 %
2026/08/30 13:20:12.092, 14661 MiB, 100 %
2026/08/30 13:20:14.092, 14661 MiB, 100 %
2026/08/30 13:20:16.093, 14661 MiB, 100 %
2026/08/30 13:20:18.093, 14661 MiB, 100 %
2026/08/30 13:20:20.093, 14661 MiB, 52 %
2026/08/30 13:20:22.094, 14661 MiB, 98 %
2026/08/30 13:20:24.094, 14661 MiB, 100 %
2026/08/30 13:20:26.094, 14661 MiB, 100 %
2026/08/30 13:20:28.095, 14661 MiB, 100 %
2026/08/30 13:20:30.095, 14661 MiB, 100 %
2026/08/30 13:20:32.095, 14661 MiB, 100 %
2026/08/30 13:20:34.096, 14661 MiB, 49 %
2026/08/30 13:20:36.096, 14661 MiB, 98 %
2026/08/30 13:20:38.096, 14661 MiB, 100 %
2026/08/30 13:20:40.097, 14661 MiB, 100 %
2026/08/30 13:20:42.097, 14661 MiB, 100 %
2026/08/30 13:20:44.098, 14661 MiB, 100 %
2026/08/30 13:20:46.098, 14661 MiB, 100 %
2026/08/30 13:20:48.098, 14661 MiB, 50 %
2026/08/30 13:20:50.099, 14661 MiB, 98 %
2026/08/30 13:20:52.099, 14661 MiB, 100 %
2026/08/30 13:20:54.099, 14661 MiB, 100 %
2026/08/30 13:20:56.100, 14661 MiB, 100 %
2026/08/30 13:20:58.100, 14661 MiB, 100 %
2026/08/30 13:21:00.100, 14661 MiB, 100 %
2026/08/30 13:21:02.101, 14661 MiB, 63 %
2026/08/30 13:21:04.101, 14661 MiB, 100 %
2026/08/30 13:21:06.102, 14661 MiB, 100 %
2026/08/30 13:21:08.102, 14661 MiB, 100 %
2026/08/30 13:21:10.102, 14661 MiB, 100 %
2026/08/30 13:21:12.103, 14661 MiB, 74 %
2026/08/30 13:21:14.103, 14661 MiB, 98 %
2026/08/30 13:21:16.104, 14661 MiB, 99 %
2026/08/30 13:21:18.104, 14661 MiB, 100 %
2026/08/30 13:21:20.104, 14661 MiB, 100 %
2026/08/30 13:21:22.105, 14661 MiB, 100 %
2026/08/30 13:21:24.105, 14661 MiB, 100 %
2026/08/30 13:21:26.105, 14661 MiB, 51 %
2026/08/30 13:21:28.106, 14661 MiB, 98 %
2026/08/30 13:21:30.106, 14661 MiB, 100 %
2026/08/30 13:21:32.106, 14661 MiB, 100 %
2026/08/30 13:21:34.107, 14661 MiB, 100 %
2026/08/30 13:21:36.107, 14661 MiB, 99 %
2026/08/30 13:21:38.107, 14661 MiB, 100 %
2026/08/30 13:21:40.108, 14661 MiB, 52 %
2026/08/30 13:21:42.108, 14661 MiB, 98 %
2026/08/30 13:21:44.108, 14661 MiB, 100 %
2026/08/30 13:21:46.109, 14661 MiB, 100 %
2026/08/30 13:21:48.109, 14661 MiB, 100 %
2026/08/30 13:21:50.109, 14661 MiB, 100 %
2026/08/30 13:21:52.110, 14661 MiB, 100 %
2026/08/30 13:21:54.110, 14661 MiB, 57 %
2026/08/30 13:21:56.111, 14661 MiB, 100 %
2026/08/30 13:21:58.111, 14661 MiB, 100 %
2026/08/30 13:22:00.111, 14661 MiB, 100 %
2026/08/30 13:22:02.112, 14661 MiB, 100 %
2026/08/30 13:22:04.112, 14661 MiB, 92 %
2026/08/30 13:22:06.112, 14661 MiB, 100 %
2026/08/30 13:22:08.113, 14661 MiB, 62 %
2026/08/30 13:22:10.113, 14661 MiB, 100 %
2026/08/30 13:22:12.114, 14661 MiB, 100 %
2026/08/30 13:22:14.114, 14661 MiB, 100 %
2026/08/30 13:22:16.114, 14661 MiB, 100 %
2026/08/30 13:22:18.115, 14661 MiB, 91 %
2026/08/30 13:22:20.115, 14661 MiB, 98 %
2026/08/30 13:22:22.115, 14661 MiB, 68 %
2026/08/30 13:22:24.116, 14661 MiB, 100 %
2026/08/30 13:22:26.116, 14661 MiB, 100 %
2026/08/30 13:22:28.116, 14661 MiB, 100 %
2026/08/30 13:22:30.117, 14661 MiB, 100 %
2026/08/30 13:22:32.117, 14661 MiB, 85 %
2026/08/30 13:22:34.118, 14661 MiB, 98 %
2026/08/30 13:22:36.118, 14661 MiB, 71 %
2026/08/30 13:22:38.118, 14661 MiB, 100 %
2026/08/30 13:22:40.119, 14661 MiB, 100 %
2026/08/30 13:22:42.119, 14661 MiB, 100 %
2026/08/30 13:22:44.119, 14661 MiB, 100 %
2026/08/30 13:22:46.120, 14661 MiB, 79 %
2026/08/30 13:22:48.120, 14661 MiB, 98 %
2026/08/30 13:22:50.120, 14661 MiB, 80 %
2026/08/30 13:22:52.121, 14661 MiB, 100 %
2026/08/30 13:22:54.121, 14661 MiB, 100 %
2026/08/30 13:22:56.122, 14661 MiB, 100 %
2026/08/30 13:22:58.122, 14661 MiB, 100 %
2026/08/30 13:23:00.122, 14661 MiB, 74 %
2026/08/30 13:23:02.123, 14661 MiB, 98 %
2026/08/30 13:23:04.123, 14661 MiB, 89 %
2026/08/30 13:23:06.123, 14661 MiB, 100 %
2026/08/30 13:23:08.124, 14661 MiB, 100 %
2026/08/30 13:23:10.124, 14661 MiB, 100 %
2026/08/30 13:23:12.124, 14661 MiB, 100 %
2026/08/30 13:23:14.125, 14661 MiB, 54 %
2026/08/30 13:23:16.125, 14661 MiB, 98 %
2026/08/30 13:23:18.125, 14661 MiB, 100 %
2026/08/30 13:23:20.126, 14661 MiB, 100 %
2026/08/30 13:23:22.126, 14661 MiB, 100 %
2026/08/30 13:23:24.126, 14661 MiB, 100 %
2026/08/30 13:23:26.127, 14661 MiB, 100 %
2026/08/30 13:23:28.127, 14661 MiB, 50 %
2026/08/30 13:23:30.127, 14661 MiB, 98 %
2026/08/30 13:23:32.128, 14661 MiB, 100 %
2026/08/30 13:23:34.128, 14661 MiB, 100 %
2026/08/30 13:23:36.129, 14661 MiB, 100 %
2026/08/30 13:23:38.129, 14661 MiB, 49 %
2026/08/30 13:23:40.129, 14661 MiB, 98 %
2026/08/30 13:23:42.130, 14661 MiB, 100 %
2026/08/30 13:23:44.130, 14661 MiB, 100 %
2026/08/30 13:23:46.131, 14661 MiB, 100 %
2026/08/30 13:23:48.131, 14661 MiB, 100 %
2026/08/30 13:23:50.131, 14661 MiB, 100 %
2026/08/30 13:23:52.132, 14661 MiB, 47 %
2026/08/30 13:23:54.132, 14661 MiB, 98 %
2026/08/30 13:23:56.133, 14661 MiB, 100 %
2026/08/30 13:23:58.133, 14661 MiB, 100 %
2026/08/30 13:24:00.133, 14661 MiB, 100 %
2026/08/30 13:24:02.134, 14661 MiB, 100 %
2026/08/30 13:24:04.134, 14661 MiB, 100 %
2026/08/30 13:24:06.134, 14661 MiB, 52 %
2026/08/30 13:24:08.135, 14661 MiB, 98 %
2026/08/30 13:24:10.135, 14661 MiB, 100 %
2026/08/30 13:24:12.136, 14661 MiB, 100 %
2026/08/30 13:24:14.136, 14661 MiB, 100 %
2026/08/30 13:24:16.136, 14661 MiB, 79 %
2026/08/30 13:24:18.137, 14661 MiB, 98 %
2026/08/30 13:24:20.137, 14661 MiB, 92 %
2026/08/30 13:24:22.137, 14661 MiB, 100 %
2026/08/30 13:24:24.138, 14661 MiB, 100 %
2026/08/30 13:24:26.138, 14661 MiB, 100 %
2026/08/30 13:24:28.139, 14661 MiB, 100 %
2026/08/30 13:24:30.139, 14661 MiB, 54 %
2026/08/30 13:24:32.139, 14661 MiB, 98 %
2026/08/30 13:24:34.140, 14661 MiB, 100 %
2026/08/30 13:24:36.140, 14661 MiB, 100 %
2026/08/30 13:24:38.141, 14661 MiB, 100 %
2026/08/30 13:24:40.141, 14661 MiB, 100 %
2026/08/30 13:24:42.141, 14661 MiB, 100 %
2026/08/30 13:24:44.142, 14661 MiB, 49 %
2026/08/30 13:24:46.142, 14661 MiB, 98 %
2026/08/30 13:24:48.143, 14661 MiB, 100 %
2026/08/30 13:24:50.143, 14661 MiB, 100 %
2026/08/30 13:24:52.143, 14661 MiB, 100 %
2026/08/30 13:24:54.144, 14661 MiB, 100 %
2026/08/30 13:24:56.144, 14661 MiB, 100 %
2026/08/30 13:24:58.144, 14661 MiB, 49 %
2026/08/30 13:25:00.145, 14661 MiB, 98 %
2026/08/30 13:25:02.145, 14661 MiB, 100 %
2026/08/30 13:25:04.145, 14661 MiB, 100 %
2026/08/30 13:25:06.146, 14661 MiB, 100 %
2026/08/30 13:25:08.146, 14661 MiB, 100 %
2026/08/30 13:25:10.147, 14661 MiB, 100 %
2026/08/30 13:25:12.147, 14661 MiB, 48 %
2026/08/30 13:25:14.147, 14661 MiB, 98 %
2026/08/30 13:25:16.148, 14661 MiB, 100 %
2026/08/30 13:25:18.148, 14661 MiB, 100 %
2026/08/30 13:25:20.148, 14661 MiB, 100 %
2026/08/30 13:25:22.149, 14661 MiB, 100 %
2026/08/30 13:25:24.149, 14661 MiB, 100 %
2026/08/30 13:25:26.149, 14661 MiB, 51 %
2026/08/30 13:25:28.150, 14661 MiB, 98 %
2026/08/30 13:25:30.150, 14661 MiB, 100 %
2026/08/30 13:25:32.150, 14661 MiB, 100 %
2026/08/30 13:25:34.151, 14661 MiB, 100 %
2026/08/30 13:25:36.151, 14661 MiB, 100 %
2026/08/30 13:25:38.152, 14661 MiB, 100 %
2026/08/30 13:25:40.152, 14661 MiB, 71 %
2026/08/30 13:25:42.152, 14661 MiB, 98 %
2026/08/30 13:25:44.153, 14661 MiB, 89 %
2026/08/30 13:25:46.153, 14661 MiB, 100 %
2026/08/30 13:25:48.154, 14661 MiB, 100 %
2026/08/30 13:25:50.154, 14661 MiB, 100 %
2026/08/30 13:25:52.154, 14661 MiB, 100 %
2026/08/30 13:25:54.155, 14661 MiB, 73 %
2026/08/30 13:25:56.155, 14661 MiB, 98 %
2026/08/30 13:25:58.155, 14661 MiB, 92 %
2026/08/30 13:26:00.156, 14661 MiB, 100 %
2026/08/30 13:26:02.156, 14661 MiB, 100 %
2026/08/30 13:26:04.157, 14661 MiB, 100 %
2026/08/30 13:26:06.157, 14661 MiB, 100 %
2026/08/30 13:26:08.157, 14661 MiB, 64 %
2026/08/30 13:26:10.158, 14661 MiB, 98 %
2026/08/30 13:26:12.158, 14661 MiB, 99 %
2026/08/30 13:26:14.158, 14661 MiB, 100 %
2026/08/30 13:26:16.159, 14661 MiB, 100 %
2026/08/30 13:26:18.159, 14661 MiB, 100 %
2026/08/30 13:26:20.160, 14661 MiB, 100 %
2026/08/30 13:26:22.160, 14661 MiB, 54 %
2026/08/30 13:26:24.160, 14661 MiB, 98 %
2026/08/30 13:26:26.161, 14661 MiB, 98 %
2026/08/30 13:26:28.161, 14661 MiB, 100 %
2026/08/30 13:26:30.161, 14661 MiB, 100 %
2026/08/30 13:26:32.162, 14661 MiB, 100 %
2026/08/30 13:26:34.162, 14661 MiB, 100 %
2026/08/30 13:26:36.163, 14661 MiB, 52 %
2026/08/30 13:26:38.163, 14661 MiB, 98 %
2026/08/30 13:26:40.163, 14661 MiB, 100 %
2026/08/30 13:26:42.164, 14661 MiB, 100 %
2026/08/30 13:26:44.164, 14661 MiB, 100 %
2026/08/30 13:26:46.165, 14661 MiB, 100 %
2026/08/30 13:26:48.165, 14661 MiB, 100 %
2026/08/30 13:26:50.165, 14661 MiB, 49 %
2026/08/30 13:26:52.166, 14661 MiB, 98 %
2026/08/30 13:26:54.166, 14661 MiB, 100 %
2026/08/30 13:26:56.167, 14661 MiB, 100 %
2026/08/30 13:26:58.167, 14661 MiB, 100 %
2026/08/30 13:27:00.168, 14661 MiB, 100 %
2026/08/30 13:27:02.168, 14661 MiB, 100 %
2026/08/30 13:27:04.168, 14661 MiB, 51 %
2026/08/30 13:27:06.169, 14661 MiB, 100 %
2026/08/30 13:27:08.169, 14661 MiB, 100 %
2026/08/30 13:27:10.169, 14661 MiB, 100 %
2026/08/30 13:27:12.170, 14661 MiB, 100 %
2026/08/30 13:27:14.170, 14661 MiB, 96 %
2026/08/30 13:27:16.171, 14661 MiB, 100 %
2026/08/30 13:27:18.171, 14661 MiB, 64 %
2026/08/30 13:27:20.171, 14661 MiB, 100 %
2026/08/30 13:27:22.172, 14661 MiB, 100 %
2026/08/30 13:27:24.172, 14661 MiB, 100 %
2026/08/30 13:27:26.172, 14661 MiB, 100 %
2026/08/30 13:27:28.173, 14661 MiB, 76 %
2026/08/30 13:27:30.173, 14661 MiB, 98 %
2026/08/30 13:27:32.173, 14661 MiB, 89 %
2026/08/30 13:27:34.174, 14661 MiB, 65 %
2026/08/30 13:27:36.174, 14661 MiB, 98 %
2026/08/30 13:27:38.175, 14661 MiB, 100 %
2026/08/30 13:27:40.175, 14661 MiB, 100 %
2026/08/30 13:27:42.175, 14661 MiB, 100 %
2026/08/30 13:27:44.176, 14661 MiB, 100 %
2026/08/30 13:27:46.176, 14661 MiB, 100 %
2026/08/30 13:27:48.176, 14661 MiB, 53 %
2026/08/30 13:27:50.177, 14661 MiB, 100 %
2026/08/30 13:27:52.177, 14661 MiB, 100 %
2026/08/30 13:27:54.177, 14661 MiB, 100 %
2026/08/30 13:27:56.178, 14661 MiB, 100 %
2026/08/30 13:27:58.178, 14661 MiB, 78 %
2026/08/30 13:28:00.178, 14661 MiB, 98 %
2026/08/30 13:28:02.179, 14661 MiB, 94 %
2026/08/30 13:28:04.179, 14661 MiB, 100 %
2026/08/30 13:28:06.179, 14661 MiB, 100 %
2026/08/30 13:28:08.180, 14661 MiB, 100 %
2026/08/30 13:28:10.180, 14661 MiB, 98 %
2026/08/30 13:28:12.180, 14661 MiB, 100 %
2026/08/30 13:28:14.181, 14661 MiB, 100 %
2026/08/30 13:28:16.181, 14661 MiB, 100 %
2026/08/30 13:28:18.182, 14661 MiB, 100 %
2026/08/30 13:28:20.182, 14661 MiB, 100 %
2026/08/30 13:28:22.182, 14661 MiB, 57 %
2026/08/30 13:28:24.183, 14661 MiB, 100 %
2026/08/30 13:28:26.183, 14661 MiB, 100 %
2026/08/30 13:28:28.183, 14661 MiB, 100 %
2026/08/30 13:28:30.184, 14661 MiB, 100 %
2026/08/30 13:28:32.184, 14661 MiB, 80 %
2026/08/30 13:28:34.184, 14661 MiB, 97 %
2026/08/30 13:28:36.185, 14661 MiB, 74 %
2026/08/30 13:28:38.185, 14661 MiB, 100 %
2026/08/30 13:28:40.186, 14661 MiB, 100 %
2026/08/30 13:28:42.186, 14661 MiB, 100 %
2026/08/30 13:28:44.186, 14661 MiB, 100 %
2026/08/30 13:28:46.187, 14661 MiB, 69 %
2026/08/30 13:28:48.187, 14661 MiB, 98 %
2026/08/30 13:28:50.188, 14661 MiB, 98 %
2026/08/30 13:28:52.188, 14661 MiB, 100 %
2026/08/30 13:28:54.188, 14661 MiB, 100 %
2026/08/30 13:28:56.189, 14661 MiB, 100 %
2026/08/30 13:28:58.189, 14661 MiB, 100 %
2026/08/30 13:29:00.189, 14661 MiB, 49 %
2026/08/30 13:29:02.190, 14661 MiB, 98 %
2026/08/30 13:29:04.190, 14661 MiB, 100 %
2026/08/30 13:29:06.191, 14661 MiB, 100 %
2026/08/30 13:29:08.191, 14661 MiB, 100 %
2026/08/30 13:29:10.191, 14661 MiB, 100 %
2026/08/30 13:29:12.192, 14661 MiB, 100 %
2026/08/30 13:29:14.192, 14661 MiB, 48 %
2026/08/30 13:29:16.192, 14661 MiB, 98 %
2026/08/30 13:29:18.193, 14661 MiB, 100 %
2026/08/30 13:29:20.193, 14661 MiB, 100 %
2026/08/30 13:29:22.194, 14661 MiB, 100 %
2026/08/30 13:29:24.194, 14661 MiB, 100 %
2026/08/30 13:29:26.194, 14661 MiB, 100 %
2026/08/30 13:29:28.195, 14661 MiB, 56 %
2026/08/30 13:29:30.195, 14661 MiB, 100 %
2026/08/30 13:29:32.195, 14661 MiB, 100 %
2026/08/30 13:29:34.196, 14661 MiB, 100 %
2026/08/30 13:29:36.196, 14661 MiB, 100 %
2026/08/30 13:29:38.197, 14661 MiB, 83 %
2026/08/30 13:29:40.197, 14661 MiB, 98 %
2026/08/30 13:29:42.197, 14661 MiB, 80 %
2026/08/30 13:29:44.198, 14661 MiB, 100 %
2026/08/30 13:29:46.198, 14661 MiB, 100 %
2026/08/30 13:29:48.198, 14661 MiB, 100 %
2026/08/30 13:29:50.199, 14661 MiB, 100 %
2026/08/30 13:29:52.199, 14661 MiB, 59 %
2026/08/30 13:29:54.199, 14661 MiB, 98 %
2026/08/30 13:29:56.200, 14661 MiB, 100 %
2026/08/30 13:29:58.200, 14661 MiB, 100 %
2026/08/30 13:30:00.201, 14661 MiB, 100 %
2026/08/30 13:30:02.201, 14661 MiB, 100 %
2026/08/30 13:30:04.201, 14661 MiB, 100 %
2026/08/30 13:30:06.202, 14661 MiB, 49 %
2026/08/30 13:30:08.202, 14661 MiB, 98 %
2026/08/30 13:30:10.202, 14661 MiB, 100 %
2026/08/30 13:30:12.203, 14661 MiB, 100 %
2026/08/30 13:30:14.203, 14661 MiB, 100 %
2026/08/30 13:30:16.204, 14661 MiB, 97 %
2026/08/30 13:30:18.204, 14661 MiB, 100 %
2026/08/30 13:30:20.204, 14661 MiB, 70 %
2026/08/30 13:30:22.205, 14661 MiB, 98 %
2026/08/30 13:30:24.205, 14661 MiB, 100 %
2026/08/30 13:30:26.206, 14661 MiB, 100 %
2026/08/30 13:30:28.206, 14661 MiB, 100 %
2026/08/30 13:30:30.206, 14661 MiB, 74 %
2026/08/30 13:30:32.207, 14661 MiB, 98 %
2026/08/30 13:30:34.207, 14661 MiB, 96 %
2026/08/30 13:30:36.207, 14661 MiB, 100 %
2026/08/30 13:30:38.208, 14661 MiB, 100 %
2026/08/30 13:30:40.208, 14661 MiB, 100 %
2026/08/30 13:30:42.209, 14661 MiB, 100 %
2026/08/30 13:30:44.209, 14661 MiB, 51 %
2026/08/30 13:30:46.209, 14661 MiB, 98 %
2026/08/30 13:30:48.210, 14661 MiB, 100 %
2026/08/30 13:30:50.210, 14661 MiB, 100 %
2026/08/30 13:30:52.211, 14661 MiB, 100 %
2026/08/30 13:30:54.211, 14661 MiB, 100 %
2026/08/30 13:30:56.211, 14661 MiB, 100 %
2026/08/30 13:30:58.212, 14661 MiB, 57 %
2026/08/30 13:31:00.212, 14661 MiB, 100 %
2026/08/30 13:31:02.212, 14661 MiB, 100 %
2026/08/30 13:31:04.213, 14661 MiB, 100 %
2026/08/30 13:31:06.213, 14661 MiB, 100 %
2026/08/30 13:31:08.213, 14661 MiB, 81 %
2026/08/30 13:31:10.214, 14661 MiB, 98 %
2026/08/30 13:31:12.214, 14661 MiB, 93 %
2026/08/30 13:31:14.214, 14661 MiB, 100 %
2026/08/30 13:31:16.215, 14661 MiB, 100 %
2026/08/30 13:31:18.215, 14661 MiB, 100 %
2026/08/30 13:31:20.216, 14661 MiB, 100 %
2026/08/30 13:31:22.216, 14661 MiB, 50 %
2026/08/30 13:31:24.216, 14661 MiB, 97 %
2026/08/30 13:31:26.216, 14661 MiB, 100 %
2026/08/30 13:31:28.217, 14661 MiB, 100 %
2026/08/30 13:31:30.217, 14661 MiB, 100 %
2026/08/30 13:31:32.218, 14661 MiB, 100 %
2026/08/30 13:31:34.218, 14661 MiB, 100 %
2026/08/30 13:31:36.218, 14661 MiB, 54 %
2026/08/30 13:31:38.219, 14661 MiB, 100 %
2026/08/30 13:31:40.219, 14661 MiB, 100 %
2026/08/30 13:31:42.219, 14661 MiB, 100 %
2026/08/30 13:31:44.220, 14661 MiB, 100 %
2026/08/30 13:31:46.220, 14661 MiB, 85 %
2026/08/30 13:31:48.220, 14661 MiB, 98 %
2026/08/30 13:31:50.221, 14661 MiB, 78 %
2026/08/30 13:31:52.221, 14661 MiB, 100 %
2026/08/30 13:31:54.221, 14661 MiB, 100 %
2026/08/30 13:31:56.222, 14661 MiB, 100 %
2026/08/30 13:31:58.222, 14661 MiB, 100 %
2026/08/30 13:32:00.223, 14661 MiB, 71 %
2026/08/30 13:32:02.223, 14661 MiB, 98 %
2026/08/30 13:32:04.223, 14661 MiB, 92 %
2026/08/30 13:32:06.224, 14661 MiB, 100 %
2026/08/30 13:32:08.224, 14661 MiB, 100 %
2026/08/30 13:32:10.224, 14661 MiB, 100 %
2026/08/30 13:32:12.225, 14661 MiB, 100 %
2026/08/30 13:32:14.225, 14661 MiB, 50 %
2026/08/30 13:32:16.225, 14661 MiB, 98 %
2026/08/30 13:32:18.226, 14661 MiB, 100 %
2026/08/30 13:32:20.226, 14661 MiB, 100 %
2026/08/30 13:32:22.226, 14661 MiB, 100 %
2026/08/30 13:32:24.227, 14661 MiB, 84 %
2026/08/30 13:32:26.227, 14661 MiB, 98 %
2026/08/30 13:32:28.228, 14661 MiB, 93 %
2026/08/30 13:32:30.228, 14661 MiB, 100 %
2026/08/30 13:32:32.228, 14661 MiB, 100 %
2026/08/30 13:32:34.229, 14661 MiB, 100 %
2026/08/30 13:32:36.229, 14661 MiB, 100 %
2026/08/30 13:32:38.229, 14661 MiB, 49 %
2026/08/30 13:32:40.230, 14661 MiB, 98 %
2026/08/30 13:32:42.230, 14661 MiB, 100 %
2026/08/30 13:32:44.231, 14661 MiB, 100 %
2026/08/30 13:32:46.231, 14661 MiB, 100 %
2026/08/30 13:32:48.231, 14661 MiB, 68 %
2026/08/30 13:32:50.232, 14661 MiB, 100 %
2026/08/30 13:32:52.232, 14661 MiB, 100 %
2026/08/30 13:32:54.232, 14661 MiB, 100 %
2026/08/30 13:32:56.233, 14661 MiB, 100 %
2026/08/30 13:32:58.233, 14661 MiB, 51 %
2026/08/30 13:33:00.233, 14661 MiB, 98 %
2026/08/30 13:33:02.234, 14661 MiB, 100 %
2026/08/30 13:33:04.234, 14661 MiB, 100 %
2026/08/30 13:33:06.234, 14661 MiB, 100 %
2026/08/30 13:33:08.235, 14661 MiB, 100 %
2026/08/30 13:33:10.235, 14661 MiB, 100 %
2026/08/30 13:33:12.235, 14661 MiB, 61 %
2026/08/30 13:33:14.236, 14661 MiB, 100 %
2026/08/30 13:33:16.236, 14661 MiB, 100 %
2026/08/30 13:33:18.237, 14661 MiB, 100 %
2026/08/30 13:33:20.238, 14661 MiB, 100 %
2026/08/30 13:33:22.239, 14661 MiB, 86 %
2026/08/30 13:33:24.239, 14661 MiB, 98 %
2026/08/30 13:33:26.240, 14661 MiB, 76 %
2026/08/30 13:33:28.240, 14661 MiB, 100 %
2026/08/30 13:33:30.240, 14661 MiB, 100 %
2026/08/30 13:33:32.241, 14661 MiB, 100 %
2026/08/30 13:33:34.241, 14661 MiB, 100 %
2026/08/30 13:33:36.241, 14661 MiB, 80 %
2026/08/30 13:33:38.242, 14661 MiB, 98 %
2026/08/30 13:33:40.242, 14661 MiB, 83 %
2026/08/30 13:33:42.242, 14661 MiB, 100 %
2026/08/30 13:33:44.243, 14661 MiB, 100 %
2026/08/30 13:33:46.243, 14661 MiB, 100 %
2026/08/30 13:33:48.243, 14661 MiB, 100 %
2026/08/30 13:33:50.244, 14661 MiB, 64 %
2026/08/30 13:33:52.244, 14661 MiB, 98 %
2026/08/30 13:33:54.244, 14661 MiB, 99 %
2026/08/30 13:33:56.245, 14661 MiB, 100 %
2026/08/30 13:33:58.245, 14661 MiB, 100 %
2026/08/30 13:34:00.245, 14661 MiB, 100 %
2026/08/30 13:34:02.246, 14661 MiB, 100 %
2026/08/30 13:34:04.246, 14661 MiB, 58 %
2026/08/30 13:34:06.246, 14661 MiB, 98 %
2026/08/30 13:34:08.247, 14661 MiB, 95 %
2026/08/30 13:34:10.247, 14661 MiB, 100 %
2026/08/30 13:34:12.247, 14661 MiB, 100 %
2026/08/30 13:34:14.248, 14661 MiB, 100 %
2026/08/30 13:34:16.248, 14661 MiB, 100 %
2026/08/30 13:34:18.248, 14661 MiB, 51 %
2026/08/30 13:34:20.249, 14661 MiB, 98 %
2026/08/30 13:34:22.249, 14661 MiB, 100 %
2026/08/30 13:34:24.249, 14661 MiB, 100 %
2026/08/30 13:34:26.250, 14661 MiB, 100 %
2026/08/30 13:34:28.250, 14661 MiB, 100 %
2026/08/30 13:34:30.250, 14661 MiB, 100 %
2026/08/30 13:34:32.251, 14661 MiB, 52 %
2026/08/30 13:34:34.251, 14661 MiB, 98 %
2026/08/30 13:34:36.251, 14661 MiB, 100 %
2026/08/30 13:34:38.252, 14661 MiB, 100 %
2026/08/30 13:34:40.252, 14661 MiB, 100 %
2026/08/30 13:34:42.252, 14661 MiB, 100 %
2026/08/30 13:34:44.253, 14661 MiB, 100 %
2026/08/30 13:34:46.253, 14661 MiB, 69 %
2026/08/30 13:34:48.253, 14661 MiB, 98 %
2026/08/30 13:34:50.254, 14661 MiB, 92 %
2026/08/30 13:34:52.254, 14661 MiB, 100 %
2026/08/30 13:34:54.254, 14661 MiB, 100 %
2026/08/30 13:34:56.255, 14661 MiB, 100 %
2026/08/30 13:34:58.255, 14661 MiB, 100 %
2026/08/30 13:35:00.256, 14661 MiB, 56 %
2026/08/30 13:35:02.256, 14661 MiB, 98 %
2026/08/30 13:35:04.256, 14661 MiB, 100 %
2026/08/30 13:35:06.257, 14661 MiB, 100 %
2026/08/30 13:35:08.257, 14661 MiB, 100 %
2026/08/30 13:35:10.258, 14661 MiB, 100 %
2026/08/30 13:35:12.258, 14661 MiB, 98 %
2026/08/30 13:35:14.258, 14661 MiB, 100 %
2026/08/30 13:35:16.259, 14661 MiB, 100 %
2026/08/30 13:35:18.259, 14661 MiB, 100 %
2026/08/30 13:35:20.259, 14661 MiB, 100 %
2026/08/30 13:35:22.260, 14661 MiB, 51 %
2026/08/30 13:35:24.260, 14661 MiB, 98 %
2026/08/30 13:35:26.261, 14661 MiB, 100 %
2026/08/30 13:35:28.261, 14661 MiB, 100 %
2026/08/30 13:35:30.261, 14661 MiB, 100 %
2026/08/30 13:35:32.262, 14661 MiB, 100 %
2026/08/30 13:35:34.262, 14661 MiB, 100 %
2026/08/30 13:35:36.263, 14661 MiB, 49 %
2026/08/30 13:35:38.263, 14661 MiB, 98 %
2026/08/30 13:35:40.263, 14661 MiB, 100 %
2026/08/30 13:35:42.264, 14661 MiB, 100 %
2026/08/30 13:35:44.264, 14661 MiB, 100 %
2026/08/30 13:35:46.265, 14661 MiB, 100 %
2026/08/30 13:35:48.265, 14661 MiB, 100 %
2026/08/30 13:35:50.265, 14661 MiB, 49 %
2026/08/30 13:35:52.266, 14661 MiB, 98 %
2026/08/30 13:35:54.266, 14661 MiB, 100 %
2026/08/30 13:35:56.267, 14661 MiB, 100 %
2026/08/30 13:35:58.267, 14661 MiB, 100 %
2026/08/30 13:36:00.267, 14661 MiB, 100 %
2026/08/30 13:36:02.268, 14661 MiB, 100 %
2026/08/30 13:36:04.268, 14661 MiB, 55 %
2026/08/30 13:36:06.268, 14661 MiB, 100 %
2026/08/30 13:36:08.269, 14661 MiB, 100 %
2026/08/30 13:36:10.269, 14661 MiB, 100 %
2026/08/30 13:36:12.269, 14661 MiB, 100 %
2026/08/30 13:36:14.270, 14661 MiB, 89 %
2026/08/30 13:36:16.270, 14661 MiB, 97 %
2026/08/30 13:36:18.271, 14661 MiB, 70 %
2026/08/30 13:36:20.271, 14661 MiB, 100 %
2026/08/30 13:36:22.271, 14661 MiB, 100 %
2026/08/30 13:36:24.272, 14661 MiB, 100 %
2026/08/30 13:36:26.272, 14661 MiB, 100 %
2026/08/30 13:36:28.272, 14661 MiB, 84 %
2026/08/30 13:36:30.273, 14661 MiB, 100 %
2026/08/30 13:36:32.273, 14661 MiB, 45 %
2026/08/30 13:36:34.273, 14661 MiB, 98 %
2026/08/30 13:36:36.274, 14661 MiB, 100 %
2026/08/30 13:36:38.274, 14661 MiB, 100 %
2026/08/30 13:36:40.275, 14661 MiB, 100 %
2026/08/30 13:36:42.275, 14661 MiB, 100 %
2026/08/30 13:36:44.275, 14661 MiB, 100 %
2026/08/30 13:36:46.276, 14661 MiB, 49 %
2026/08/30 13:36:48.276, 14661 MiB, 98 %
2026/08/30 13:36:50.276, 14661 MiB, 100 %
2026/08/30 13:36:52.277, 14661 MiB, 100 %
2026/08/30 13:36:54.277, 14661 MiB, 100 %
2026/08/30 13:36:56.278, 14661 MiB, 100 %
2026/08/30 13:36:58.278, 14661 MiB, 100 %
2026/08/30 13:37:00.278, 14661 MiB, 59 %
2026/08/30 13:37:02.279, 14661 MiB, 100 %
2026/08/30 13:37:04.279, 14661 MiB, 100 %
2026/08/30 13:37:06.279, 14661 MiB, 100 %
2026/08/30 13:37:08.280, 14661 MiB, 100 %
2026/08/30 13:37:10.280, 14661 MiB, 88 %
2026/08/30 13:37:12.280, 14661 MiB, 100 %
2026/08/30 13:37:14.281, 14661 MiB, 63 %
2026/08/30 13:37:16.281, 14661 MiB, 100 %
2026/08/30 13:37:18.281, 14661 MiB, 100 %
2026/08/30 13:37:20.282, 14661 MiB, 100 %
2026/08/30 13:37:22.282, 14661 MiB, 100 %
2026/08/30 13:37:24.283, 14661 MiB, 53 %
2026/08/30 13:37:26.283, 14661 MiB, 98 %
2026/08/30 13:37:28.283, 14661 MiB, 100 %
2026/08/30 13:37:30.284, 14661 MiB, 100 %
2026/08/30 13:37:32.284, 14661 MiB, 100 %
2026/08/30 13:37:34.284, 14661 MiB, 98 %
2026/08/30 13:37:36.285, 14661 MiB, 100 %
2026/08/30 13:37:38.285, 14661 MiB, 57 %
2026/08/30 13:37:40.285, 14661 MiB, 99 %
2026/08/30 13:37:42.286, 14661 MiB, 100 %
2026/08/30 13:37:44.286, 14661 MiB, 100 %
2026/08/30 13:37:46.286, 14661 MiB, 100 %
2026/08/30 13:37:48.287, 14661 MiB, 96 %
2026/08/30 13:37:50.287, 14661 MiB, 100 %
2026/08/30 13:37:52.287, 14661 MiB, 61 %
2026/08/30 13:37:54.288, 14661 MiB, 100 %
2026/08/30 13:37:56.288, 14661 MiB, 100 %
2026/08/30 13:37:58.289, 14661 MiB, 100 %
2026/08/30 13:38:00.289, 14661 MiB, 100 %
2026/08/30 13:38:02.289, 14661 MiB, 94 %
2026/08/30 13:38:04.290, 14661 MiB, 99 %
2026/08/30 13:38:06.290, 14661 MiB, 66 %
2026/08/30 13:38:08.290, 14661 MiB, 100 %
2026/08/30 13:38:10.291, 14661 MiB, 100 %
2026/08/30 13:38:12.291, 14661 MiB, 100 %
2026/08/30 13:38:14.291, 14661 MiB, 100 %
2026/08/30 13:38:16.292, 14661 MiB, 87 %
2026/08/30 13:38:18.292, 14661 MiB, 98 %
2026/08/30 13:38:20.293, 14661 MiB, 71 %
2026/08/30 13:38:22.293, 14661 MiB, 100 %
2026/08/30 13:38:24.293, 14661 MiB, 100 %
2026/08/30 13:38:26.294, 14661 MiB, 100 %
2026/08/30 13:38:28.294, 14661 MiB, 100 %
2026/08/30 13:38:30.294, 14661 MiB, 72 %
2026/08/30 13:38:32.295, 14661 MiB, 98 %
2026/08/30 13:38:34.295, 14661 MiB, 91 %
2026/08/30 13:38:36.295, 14661 MiB, 100 %
2026/08/30 13:38:38.296, 14661 MiB, 100 %
2026/08/30 13:38:40.296, 14661 MiB, 100 %
2026/08/30 13:38:42.296, 14661 MiB, 100 %
2026/08/30 13:38:44.298, 14661 MiB, 50 %
2026/08/30 13:38:46.298, 14661 MiB, 98 %
2026/08/30 13:38:48.299, 14661 MiB, 100 %
2026/08/30 13:38:50.299, 14661 MiB, 100 %
2026/08/30 13:38:52.299, 14661 MiB, 100 %
2026/08/30 13:38:54.300, 14661 MiB, 100 %
2026/08/30 13:38:56.300, 14661 MiB, 100 %
2026/08/30 13:38:58.301, 14661 MiB, 66 %
2026/08/30 13:39:00.301, 14661 MiB, 100 %
2026/08/30 13:39:02.302, 14661 MiB, 100 %
2026/08/30 13:39:04.302, 14661 MiB, 100 %
2026/08/30 13:39:06.302, 14661 MiB, 100 %
2026/08/30 13:39:08.303, 14661 MiB, 67 %
2026/08/30 13:39:10.303, 14661 MiB, 98 %
2026/08/30 13:39:12.303, 14661 MiB, 100 %
2026/08/30 13:39:14.304, 14661 MiB, 100 %
2026/08/30 13:39:16.304, 14661 MiB, 100 %
2026/08/30 13:39:18.304, 14661 MiB, 100 %
2026/08/30 13:39:20.305, 14661 MiB, 100 %
2026/08/30 13:39:22.305, 14661 MiB, 49 %
2026/08/30 13:39:24.305, 14661 MiB, 98 %
2026/08/30 13:39:26.306, 14661 MiB, 100 %
2026/08/30 13:39:28.306, 14661 MiB, 100 %
2026/08/30 13:39:30.307, 14661 MiB, 100 %
2026/08/30 13:39:32.307, 14661 MiB, 93 %
2026/08/30 13:39:34.307, 14661 MiB, 98 %
2026/08/30 13:39:36.308, 14661 MiB, 74 %
2026/08/30 13:39:38.308, 14661 MiB, 100 %
2026/08/30 13:39:40.309, 14661 MiB, 100 %
2026/08/30 13:39:42.309, 14661 MiB, 100 %
2026/08/30 13:39:44.309, 14661 MiB, 100 %
2026/08/30 13:39:46.310, 14661 MiB, 62 %
2026/08/30 13:39:48.310, 14661 MiB, 98 %
2026/08/30 13:39:50.310, 14661 MiB, 100 %
2026/08/30 13:39:52.311, 14661 MiB, 100 %
2026/08/30 13:39:54.311, 14661 MiB, 100 %
2026/08/30 13:39:56.311, 14661 MiB, 100 %
2026/08/30 13:39:58.312, 14661 MiB, 100 %
2026/08/30 13:40:00.312, 14661 MiB, 55 %
2026/08/30 13:40:02.312, 14661 MiB, 100 %
2026/08/30 13:40:04.313, 14661 MiB, 100 %
2026/08/30 13:40:06.313, 14661 MiB, 100 %
2026/08/30 13:40:08.314, 14661 MiB, 100 %
2026/08/30 13:40:10.314, 14661 MiB, 89 %
2026/08/30 13:40:12.314, 14661 MiB, 98 %
2026/08/30 13:40:14.315, 14661 MiB, 78 %
2026/08/30 13:40:16.315, 14661 MiB, 100 %
2026/08/30 13:40:18.315, 14661 MiB, 100 %
2026/08/30 13:40:20.316, 14661 MiB, 100 %
2026/08/30 13:40:22.316, 14661 MiB, 100 %
2026/08/30 13:40:24.316, 14661 MiB, 50 %
2026/08/30 13:40:26.317, 14661 MiB, 98 %
2026/08/30 13:40:28.317, 14661 MiB, 100 %
2026/08/30 13:40:30.317, 14661 MiB, 100 %
2026/08/30 13:40:32.318, 14661 MiB, 100 %
2026/08/30 13:40:34.318, 14661 MiB, 100 %
2026/08/30 13:40:36.319, 14661 MiB, 100 %
2026/08/30 13:40:38.319, 14661 MiB, 62 %
2026/08/30 13:40:40.319, 14661 MiB, 100 %
2026/08/30 13:40:42.320, 14661 MiB, 100 %
2026/08/30 13:40:44.320, 14661 MiB, 100 %
2026/08/30 13:40:46.320, 14661 MiB, 100 %
2026/08/30 13:40:48.321, 14661 MiB, 79 %
2026/08/30 13:40:50.321, 14661 MiB, 98 %
2026/08/30 13:40:52.321, 14661 MiB, 90 %
2026/08/30 13:40:54.322, 14661 MiB, 100 %
2026/08/30 13:40:56.322, 14661 MiB, 100 %
2026/08/30 13:40:58.322, 14661 MiB, 100 %
2026/08/30 13:41:00.323, 14661 MiB, 100 %
2026/08/30 13:41:02.323, 14661 MiB, 50 %
2026/08/30 13:41:04.323, 14661 MiB, 98 %
2026/08/30 13:41:06.324, 14661 MiB, 100 %
2026/08/30 13:41:08.324, 14661 MiB, 100 %
2026/08/30 13:41:10.325, 14661 MiB, 100 %
2026/08/30 13:41:12.325, 14661 MiB, 97 %
2026/08/30 13:41:14.325, 14661 MiB, 98 %
2026/08/30 13:41:16.326, 14661 MiB, 66 %
2026/08/30 13:41:18.326, 14661 MiB, 100 %
2026/08/30 13:41:20.327, 14661 MiB, 100 %
2026/08/30 13:41:22.327, 14661 MiB, 100 %
2026/08/30 13:41:24.327, 14661 MiB, 100 %
2026/08/30 13:41:26.328, 14661 MiB, 55 %
2026/08/30 13:41:28.328, 14661 MiB, 98 %
2026/08/30 13:41:30.328, 14661 MiB, 100 %
2026/08/30 13:41:32.329, 14661 MiB, 100 %
2026/08/30 13:41:34.329, 14661 MiB, 100 %
2026/08/30 13:41:36.329, 14661 MiB, 100 %
2026/08/30 13:41:38.330, 14661 MiB, 100 %
2026/08/30 13:41:40.330, 14661 MiB, 54 %
2026/08/30 13:41:42.330, 14661 MiB, 100 %
2026/08/30 13:41:44.331, 14661 MiB, 100 %
2026/08/30 13:41:46.331, 14661 MiB, 100 %
2026/08/30 13:41:48.331, 14661 MiB, 100 %
2026/08/30 13:41:50.332, 14661 MiB, 66 %
2026/08/30 13:41:52.332, 14661 MiB, 100 %
2026/08/30 13:41:54.332, 14661 MiB, 100 %
2026/08/30 13:41:56.333, 14661 MiB, 100 %
2026/08/30 13:41:58.333, 14661 MiB, 100 %
2026/08/30 13:42:00.334, 14661 MiB, 60 %
2026/08/30 13:42:02.334, 14661 MiB, 98 %
2026/08/30 13:42:04.334, 14661 MiB, 100 %
2026/08/30 13:42:06.335, 14661 MiB, 100 %
2026/08/30 13:42:08.335, 14661 MiB, 100 %
2026/08/30 13:42:10.335, 14661 MiB, 100 %
2026/08/30 13:42:12.336, 14661 MiB, 100 %
2026/08/30 13:42:14.336, 14661 MiB, 50 %
2026/08/30 13:42:16.337, 14661 MiB, 98 %
2026/08/30 13:42:18.337, 14661 MiB, 100 %
2026/08/30 13:42:20.337, 14661 MiB, 100 %
2026/08/30 13:42:22.338, 14661 MiB, 100 %
2026/08/30 13:42:24.338, 14661 MiB, 85 %
2026/08/30 13:42:26.338, 14661 MiB, 98 %
2026/08/30 13:42:28.339, 14661 MiB, 87 %
2026/08/30 13:42:30.339, 14661 MiB, 100 %
2026/08/30 13:42:32.339, 14661 MiB, 100 %
2026/08/30 13:42:34.340, 14661 MiB, 100 %
2026/08/30 13:42:36.340, 14661 MiB, 100 %
2026/08/30 13:42:38.340, 14661 MiB, 57 %
2026/08/30 13:42:40.341, 14661 MiB, 98 %
2026/08/30 13:42:42.341, 14661 MiB, 100 %
2026/08/30 13:42:44.341, 14661 MiB, 100 %
2026/08/30 13:42:46.342, 14661 MiB, 100 %
2026/08/30 13:42:48.342, 14661 MiB, 100 %
2026/08/30 13:42:50.343, 14661 MiB, 100 %
2026/08/30 13:42:52.343, 14661 MiB, 45 %
2026/08/30 13:42:54.343, 14661 MiB, 98 %
2026/08/30 13:42:56.344, 14661 MiB, 100 %
2026/08/30 13:42:58.344, 14661 MiB, 100 %
2026/08/30 13:43:00.344, 14661 MiB, 100 %
2026/08/30 13:43:02.345, 14661 MiB, 100 %
2026/08/30 13:43:04.345, 14661 MiB, 100 %
2026/08/30 13:43:06.345, 14661 MiB, 49 %
2026/08/30 13:43:08.346, 14661 MiB, 98 %
2026/08/30 13:43:10.346, 14661 MiB, 100 %
2026/08/30 13:43:12.347, 14661 MiB, 100 %
2026/08/30 13:43:14.347, 14661 MiB, 100 %
2026/08/30 13:43:16.347, 14661 MiB, 100 %
2026/08/30 13:43:18.348, 14661 MiB, 0 %
2026/08/30 13:43:20.348, 14661 MiB, 64 %
2026/08/30 13:43:22.349, 14661 MiB, 100 %
2026/08/30 13:43:24.349, 14661 MiB, 100 %
2026/08/30 13:43:26.349, 14661 MiB, 88 %
2026/08/30 13:43:28.350, 14661 MiB, 100 %
2026/08/30 13:43:30.350, 14661 MiB, 75 %
2026/08/30 13:43:32.350, 14661 MiB, 100 %
2026/08/30 13:43:34.351, 14661 MiB, 100 %
2026/08/30 13:43:36.351, 14661 MiB, 50 %
2026/08/30 13:43:38.352, 14661 MiB, 100 %
2026/08/30 13:43:40.352, 14661 MiB, 100 %
2026/08/30 13:43:42.352, 14661 MiB, 90 %
2026/08/30 13:43:44.353, 14661 MiB, 100 %
2026/08/30 13:43:46.353, 14661 MiB, 76 %
2026/08/30 13:43:48.353, 14661 MiB, 100 %
2026/08/30 13:43:50.354, 14661 MiB, 100 %
2026/08/30 13:43:52.354, 14661 MiB, 70 %
2026/08/30 13:43:54.355, 14661 MiB, 100 %
2026/08/30 13:43:56.355, 14661 MiB, 92 %
2026/08/30 13:43:58.355, 14661 MiB, 100 %
2026/08/30 13:44:00.356, 14661 MiB, 100 %
2026/08/30 13:44:02.356, 14661 MiB, 65 %
2026/08/30 13:44:04.356, 14661 MiB, 100 %
2026/08/30 13:44:06.357, 14661 MiB, 100 %
2026/08/30 13:44:08.357, 14661 MiB, 65 %
2026/08/30 13:44:10.357, 14661 MiB, 100 %
2026/08/30 13:44:12.358, 14661 MiB, 100 %
2026/08/30 13:44:14.358, 14661 MiB, 79 %
2026/08/30 13:44:16.358, 14661 MiB, 100 %
2026/08/30 13:44:18.359, 14661 MiB, 76 %
2026/08/30 13:44:20.359, 14661 MiB, 100 %
2026/08/30 13:44:22.359, 14661 MiB, 100 %
2026/08/30 13:44:24.360, 14661 MiB, 62 %
2026/08/30 13:44:26.360, 14661 MiB, 100 %
2026/08/30 13:44:28.361, 14661 MiB, 100 %
2026/08/30 13:44:30.361, 14661 MiB, 86 %
2026/08/30 13:44:32.361, 14661 MiB, 100 %
2026/08/30 13:44:34.362, 14661 MiB, 67 %
2026/08/30 13:44:36.362, 14661 MiB, 100 %
2026/08/30 13:44:38.362, 14661 MiB, 100 %
2026/08/30 13:44:40.363, 14661 MiB, 73 %
2026/08/30 13:44:42.363, 14661 MiB, 100 %
2026/08/30 13:44:44.364, 14661 MiB, 91 %
2026/08/30 13:44:46.364, 14661 MiB, 100 %
2026/08/30 13:44:48.364, 14661 MiB, 100 %
2026/08/30 13:44:50.365, 14661 MiB, 56 %
2026/08/30 13:44:52.365, 14661 MiB, 100 %
2026/08/30 13:44:54.365, 14661 MiB, 100 %
2026/08/30 13:44:56.366, 14661 MiB, 92 %
2026/08/30 13:44:58.366, 14661 MiB, 100 %
2026/08/30 13:45:00.367, 14661 MiB, 79 %
2026/08/30 13:45:02.367, 14661 MiB, 100 %
2026/08/30 13:45:04.367, 14661 MiB, 100 %
2026/08/30 13:45:06.368, 14661 MiB, 57 %
2026/08/30 13:45:08.368, 14661 MiB, 100 %
2026/08/30 13:45:10.368, 14661 MiB, 100 %
2026/08/30 13:45:12.369, 14661 MiB, 73 %
2026/08/30 13:45:14.369, 14661 MiB, 100 %
2026/08/30 13:45:16.369, 14661 MiB, 84 %
2026/08/30 13:45:18.370, 14661 MiB, 100 %
2026/08/30 13:45:20.370, 14661 MiB, 100 %
2026/08/30 13:45:22.370, 14661 MiB, 54 %
2026/08/30 13:45:24.371, 14661 MiB, 100 %
2026/08/30 13:45:26.371, 14661 MiB, 100 %
2026/08/30 13:45:28.372, 14661 MiB, 90 %
2026/08/30 13:45:30.372, 14661 MiB, 100 %
2026/08/30 13:45:32.372, 14661 MiB, 67 %
2026/08/30 13:45:34.373, 14661 MiB, 100 %
2026/08/30 13:45:36.373, 14661 MiB, 100 %
2026/08/30 13:45:38.373, 14661 MiB, 65 %
2026/08/30 13:45:40.374, 14661 MiB, 100 %
2026/08/30 13:45:42.374, 14661 MiB, 100 %
2026/08/30 13:45:44.374, 14661 MiB, 91 %
2026/08/30 13:45:46.375, 14661 MiB, 100 %
2026/08/30 13:45:48.375, 14661 MiB, 70 %
2026/08/30 13:45:50.376, 14661 MiB, 100 %
2026/08/30 13:45:52.376, 14661 MiB, 100 %
2026/08/30 13:45:54.376, 14661 MiB, 67 %
2026/08/30 13:45:56.377, 14661 MiB, 100 %
2026/08/30 13:45:58.377, 14661 MiB, 92 %
2026/08/30 13:46:00.377, 14661 MiB, 100 %
2026/08/30 13:46:02.378, 14661 MiB, 100 %
2026/08/30 13:46:04.378, 14661 MiB, 68 %
2026/08/30 13:46:06.379, 14661 MiB, 100 %
2026/08/30 13:46:08.379, 14661 MiB, 100 %
2026/08/30 13:46:10.379, 14661 MiB, 97 %
2026/08/30 13:46:12.380, 14661 MiB, 100 %
2026/08/30 13:46:14.380, 14661 MiB, 74 %
2026/08/30 13:46:16.380, 14661 MiB, 100 %
2026/08/30 13:46:18.381, 14661 MiB, 100 %
2026/08/30 13:46:20.381, 14661 MiB, 100 %
2026/08/30 13:46:22.381, 14661 MiB, 100 %
2026/08/30 13:46:24.382, 14661 MiB, 73 %
2026/08/30 13:46:26.382, 14661 MiB, 100 %
2026/08/30 13:46:28.382, 14661 MiB, 82 %
2026/08/30 13:46:30.383, 14661 MiB, 100 %
2026/08/30 13:46:32.383, 14661 MiB, 100 %
2026/08/30 13:46:34.384, 14661 MiB, 65 %
2026/08/30 13:46:36.384, 14661 MiB, 100 %
2026/08/30 13:46:38.384, 14661 MiB, 93 %
2026/08/30 13:46:40.385, 14661 MiB, 93 %
2026/08/30 13:46:42.385, 14661 MiB, 100 %
2026/08/30 13:46:44.385, 14661 MiB, 68 %
2026/08/30 13:46:46.386, 14661 MiB, 100 %
2026/08/30 13:46:48.386, 14661 MiB, 100 %
2026/08/30 13:46:50.386, 14661 MiB, 74 %
2026/08/30 13:46:52.387, 14661 MiB, 100 %
2026/08/30 13:46:54.387, 14661 MiB, 77 %
2026/08/30 13:46:56.388, 14661 MiB, 100 %
2026/08/30 13:46:58.388, 14661 MiB, 100 %
2026/08/30 13:47:00.389, 14661 MiB, 65 %
2026/08/30 13:47:02.389, 14661 MiB, 100 %
2026/08/30 13:47:04.389, 14661 MiB, 100 %
2026/08/30 13:47:06.390, 14661 MiB, 87 %
2026/08/30 13:47:08.390, 14661 MiB, 100 %
2026/08/30 13:47:10.390, 14661 MiB, 55 %
2026/08/30 13:47:12.391, 14661 MiB, 100 %
2026/08/30 13:47:14.391, 14661 MiB, 100 %
2026/08/30 13:47:16.391, 14661 MiB, 61 %
2026/08/30 13:47:18.392, 14661 MiB, 100 %
2026/08/30 13:47:20.392, 14661 MiB, 79 %
2026/08/30 13:47:22.392, 14661 MiB, 100 %
2026/08/30 13:47:24.393, 14661 MiB, 100 %
2026/08/30 13:47:26.393, 14661 MiB, 58 %
2026/08/30 13:47:28.394, 14661 MiB, 100 %
2026/08/30 13:47:30.394, 14661 MiB, 97 %
2026/08/30 13:47:32.394, 14661 MiB, 100 %
2026/08/30 13:47:34.395, 14661 MiB, 100 %
2026/08/30 13:47:36.395, 14661 MiB, 52 %
2026/08/30 13:47:38.395, 14661 MiB, 100 %
2026/08/30 13:47:40.396, 14661 MiB, 100 %
2026/08/30 13:47:42.396, 14661 MiB, 88 %
2026/08/30 13:47:44.397, 14661 MiB, 100 %
2026/08/30 13:47:46.397, 14661 MiB, 75 %
2026/08/30 13:47:48.397, 14661 MiB, 100 %
2026/08/30 13:47:50.398, 14661 MiB, 100 %
2026/08/30 13:47:52.398, 14661 MiB, 66 %
2026/08/30 13:47:54.398, 14661 MiB, 100 %
2026/08/30 13:47:56.399, 14661 MiB, 100 %
2026/08/30 13:47:58.399, 14661 MiB, 67 %
2026/08/30 13:48:00.400, 14661 MiB, 100 %
2026/08/30 13:48:02.400, 14661 MiB, 100 %
2026/08/30 13:48:04.400, 14661 MiB, 90 %
2026/08/30 13:48:06.401, 14661 MiB, 100 %
2026/08/30 13:48:08.401, 14661 MiB, 72 %
2026/08/30 13:48:10.401, 14661 MiB, 100 %
2026/08/30 13:48:12.402, 14661 MiB, 100 %
2026/08/30 13:48:14.402, 14661 MiB, 64 %
2026/08/30 13:48:16.402, 14661 MiB, 100 %
2026/08/30 13:48:18.403, 14661 MiB, 100 %
2026/08/30 13:48:20.403, 14661 MiB, 76 %
2026/08/30 13:48:22.404, 14661 MiB, 100 %
2026/08/30 13:48:24.404, 14661 MiB, 74 %
2026/08/30 13:48:26.404, 14661 MiB, 100 %
2026/08/30 13:48:28.405, 14661 MiB, 100 %
2026/08/30 13:48:30.405, 14661 MiB, 75 %
2026/08/30 13:48:32.405, 14661 MiB, 100 %
2026/08/30 13:48:34.406, 14661 MiB, 78 %
2026/08/30 13:48:36.406, 14661 MiB, 100 %
2026/08/30 13:48:38.406, 14661 MiB, 100 %
2026/08/30 13:48:40.407, 14661 MiB, 66 %
2026/08/30 13:48:42.407, 14661 MiB, 100 %
2026/08/30 13:48:44.408, 14661 MiB, 88 %
2026/08/30 13:48:46.408, 14661 MiB, 100 %
2026/08/30 13:48:48.408, 14661 MiB, 100 %
2026/08/30 13:48:50.409, 14661 MiB, 67 %
2026/08/30 13:48:52.409, 14661 MiB, 100 %
2026/08/30 13:48:54.410, 14661 MiB, 93 %
2026/08/30 13:48:56.410, 14661 MiB, 100 %
2026/08/30 13:48:58.410, 14661 MiB, 100 %
2026/08/30 13:49:00.411, 14661 MiB, 66 %
2026/08/30 13:49:02.411, 14661 MiB, 100 %
2026/08/30 13:49:04.411, 14661 MiB, 89 %
2026/08/30 13:49:06.412, 14661 MiB, 100 %
2026/08/30 13:49:08.412, 14661 MiB, 100 %
2026/08/30 13:49:10.413, 14661 MiB, 59 %
2026/08/30 13:49:12.413, 14661 MiB, 100 %
2026/08/30 13:49:14.413, 14661 MiB, 96 %
2026/08/30 13:49:16.414, 14661 MiB, 100 %
2026/08/30 13:49:18.414, 14661 MiB, 100 %
2026/08/30 13:49:20.414, 14661 MiB, 65 %
2026/08/30 13:49:22.415, 14661 MiB, 100 %
2026/08/30 13:49:24.415, 14661 MiB, 100 %
2026/08/30 13:49:26.415, 14661 MiB, 86 %
2026/08/30 13:49:28.416, 14661 MiB, 100 %
2026/08/30 13:49:30.416, 14661 MiB, 8 %
2026/08/30 13:49:32.417, 14781 MiB, 0 %
2026/08/30 13:49:34.417, 14785 MiB, 65 %
2026/08/30 13:49:36.417, 14785 MiB, 100 %
2026/08/30 13:49:38.418, 14785 MiB, 100 %
2026/08/30 13:49:40.418, 14785 MiB, 72 %
2026/08/30 13:49:42.418, 14785 MiB, 100 %
2026/08/30 13:49:44.419, 14785 MiB, 100 %
2026/08/30 13:49:46.419, 14785 MiB, 71 %
2026/08/30 13:49:48.419, 14785 MiB, 100 %
2026/08/30 13:49:50.420, 14785 MiB, 97 %
2026/08/30 13:49:52.420, 14785 MiB, 98 %
2026/08/30 13:49:54.420, 14785 MiB, 100 %
2026/08/30 13:49:56.421, 14785 MiB, 66 %
2026/08/30 13:49:58.421, 14785 MiB, 100 %
2026/08/30 13:50:00.422, 14785 MiB, 88 %
2026/08/30 13:50:02.422, 14785 MiB, 97 %
2026/08/30 13:50:04.423, 14785 MiB, 100 %
2026/08/30 13:50:06.423, 14785 MiB, 65 %
2026/08/30 13:50:08.423, 14785 MiB, 100 %
2026/08/30 13:50:10.424, 14785 MiB, 100 %
2026/08/30 13:50:12.424, 14785 MiB, 80 %
2026/08/30 13:50:14.424, 14785 MiB, 100 %
2026/08/30 13:50:16.425, 14785 MiB, 88 %
2026/08/30 13:50:18.425, 14785 MiB, 100 %
2026/08/30 13:50:20.425, 14785 MiB, 100 %
2026/08/30 13:50:22.426, 14785 MiB, 66 %
2026/08/30 13:50:24.426, 14785 MiB, 100 %
2026/08/30 13:50:26.427, 14785 MiB, 100 %
2026/08/30 13:50:28.427, 14785 MiB, 77 %
2026/08/30 13:50:30.427, 14785 MiB, 100 %
2026/08/30 13:50:32.428, 14785 MiB, 89 %
2026/08/30 13:50:34.428, 14785 MiB, 100 %
2026/08/30 13:50:36.428, 14785 MiB, 100 %
2026/08/30 13:50:38.429, 14785 MiB, 55 %
2026/08/30 13:50:40.429, 14785 MiB, 100 %
2026/08/30 13:50:42.429, 14785 MiB, 100 %
2026/08/30 13:50:44.430, 14785 MiB, 87 %
2026/08/30 13:50:46.430, 14785 MiB, 100 %
2026/08/30 13:50:48.430, 14785 MiB, 91 %
2026/08/30 13:50:50.431, 14785 MiB, 98 %
2026/08/30 13:50:52.431, 14785 MiB, 100 %
2026/08/30 13:50:54.432, 14785 MiB, 100 %
2026/08/30 13:50:56.432, 14785 MiB, 100 %
2026/08/30 13:50:58.432, 14785 MiB, 67 %
2026/08/30 13:51:00.433, 14785 MiB, 100 %
2026/08/30 13:51:02.433, 14785 MiB, 100 %
2026/08/30 13:51:04.433, 14785 MiB, 67 %
2026/08/30 13:51:06.434, 14785 MiB, 100 %
2026/08/30 13:51:08.434, 14785 MiB, 84 %
2026/08/30 13:51:10.434, 14785 MiB, 100 %
2026/08/30 13:51:12.435, 14785 MiB, 100 %
2026/08/30 13:51:14.435, 14785 MiB, 67 %
2026/08/30 13:51:16.436, 14785 MiB, 100 %
2026/08/30 13:51:18.436, 14785 MiB, 100 %
2026/08/30 13:51:20.436, 14785 MiB, 100 %
2026/08/30 13:51:22.437, 14785 MiB, 100 %
2026/08/30 13:51:24.437, 14785 MiB, 66 %
2026/08/30 13:51:26.437, 14785 MiB, 100 %
2026/08/30 13:51:28.438, 14785 MiB, 100 %
2026/08/30 13:51:30.438, 14785 MiB, 94 %
2026/08/30 13:51:32.439, 14785 MiB, 100 %
2026/08/30 13:51:34.439, 14785 MiB, 67 %
2026/08/30 13:51:36.439, 14785 MiB, 100 %
2026/08/30 13:51:38.440, 14785 MiB, 100 %
2026/08/30 13:51:40.440, 14785 MiB, 90 %
2026/08/30 13:51:42.440, 14785 MiB, 100 %
2026/08/30 13:51:44.441, 14785 MiB, 66 %
2026/08/30 13:51:46.441, 14785 MiB, 100 %
2026/08/30 13:51:48.442, 14785 MiB, 100 %
2026/08/30 13:51:50.442, 14785 MiB, 86 %
2026/08/30 13:51:52.442, 14785 MiB, 100 %
2026/08/30 13:51:54.443, 14785 MiB, 85 %
2026/08/30 13:51:56.443, 14785 MiB, 99 %
2026/08/30 13:51:58.443, 14785 MiB, 100 %
2026/08/30 13:52:00.444, 14785 MiB, 67 %
2026/08/30 13:52:02.444, 14785 MiB, 100 %
2026/08/30 13:52:04.444, 14785 MiB, 94 %
2026/08/30 13:52:06.445, 14785 MiB, 100 %
2026/08/30 13:52:08.445, 14785 MiB, 100 %
2026/08/30 13:52:10.446, 14785 MiB, 61 %
2026/08/30 13:52:12.446, 14785 MiB, 100 %
2026/08/30 13:52:14.446, 14785 MiB, 100 %
2026/08/30 13:52:16.447, 14785 MiB, 67 %
2026/08/30 13:52:18.447, 14785 MiB, 100 %
2026/08/30 13:52:20.447, 14785 MiB, 100 %
2026/08/30 13:52:22.448, 14785 MiB, 78 %
2026/08/30 13:52:24.448, 14785 MiB, 100 %
2026/08/30 13:52:26.448, 14785 MiB, 88 %
2026/08/30 13:52:28.449, 14785 MiB, 100 %
2026/08/30 13:52:30.449, 14785 MiB, 100 %
2026/08/30 13:52:32.449, 14785 MiB, 65 %
2026/08/30 13:52:34.450, 14785 MiB, 100 %
2026/08/30 13:52:36.450, 14785 MiB, 100 %
2026/08/30 13:52:38.450, 14785 MiB, 65 %
2026/08/30 13:52:40.451, 14785 MiB, 100 %
2026/08/30 13:52:42.451, 14785 MiB, 95 %
2026/08/30 13:52:44.452, 14785 MiB, 81 %
2026/08/30 13:52:46.452, 14785 MiB, 100 %
2026/08/30 13:52:48.452, 14785 MiB, 100 %
2026/08/30 13:52:50.453, 14785 MiB, 79 %
2026/08/30 13:52:52.453, 14785 MiB, 100 %
2026/08/30 13:52:54.453, 14785 MiB, 69 %
2026/08/30 13:52:56.454, 14785 MiB, 100 %
2026/08/30 13:52:58.454, 14785 MiB, 100 %
2026/08/30 13:53:00.454, 14785 MiB, 60 %
2026/08/30 13:53:02.455, 14785 MiB, 100 %
2026/08/30 13:53:04.455, 14785 MiB, 100 %
2026/08/30 13:53:06.456, 14785 MiB, 67 %
2026/08/30 13:53:08.456, 14785 MiB, 100 %
2026/08/30 13:53:10.456, 14785 MiB, 100 %
2026/08/30 13:53:12.457, 14785 MiB, 94 %
2026/08/30 13:53:14.457, 14785 MiB, 100 %
2026/08/30 13:53:16.457, 14785 MiB, 64 %
2026/08/30 13:53:18.458, 14785 MiB, 100 %
2026/08/30 13:53:20.458, 14785 MiB, 100 %
2026/08/30 13:53:22.459, 14785 MiB, 65 %
2026/08/30 13:53:24.459, 14785 MiB, 100 %
2026/08/30 13:53:26.459, 14785 MiB, 100 %
2026/08/30 13:53:28.460, 14785 MiB, 61 %
2026/08/30 13:53:30.460, 14785 MiB, 100 %
2026/08/30 13:53:32.460, 14785 MiB, 100 %
2026/08/30 13:53:34.461, 14785 MiB, 63 %
2026/08/30 13:53:36.461, 14785 MiB, 100 %
2026/08/30 13:53:38.461, 14785 MiB, 96 %
2026/08/30 13:53:40.462, 14785 MiB, 100 %
2026/08/30 13:53:42.462, 14785 MiB, 100 %
2026/08/30 13:53:44.463, 14785 MiB, 63 %
2026/08/30 13:53:46.463, 14785 MiB, 100 %
2026/08/30 13:53:48.463, 14785 MiB, 100 %
2026/08/30 13:53:50.464, 14785 MiB, 65 %
2026/08/30 13:53:52.464, 14785 MiB, 100 %
2026/08/30 13:53:54.464, 14785 MiB, 100 %
2026/08/30 13:53:56.465, 14785 MiB, 90 %
2026/08/30 13:53:58.465, 14785 MiB, 100 %
2026/08/30 13:54:00.465, 14785 MiB, 68 %
2026/08/30 13:54:02.466, 14785 MiB, 100 %
2026/08/30 13:54:04.466, 14785 MiB, 100 %
2026/08/30 13:54:06.467, 14785 MiB, 77 %
2026/08/30 13:54:08.467, 14785 MiB, 100 %
2026/08/30 13:54:10.467, 14785 MiB, 96 %
2026/08/30 13:54:12.468, 14785 MiB, 98 %
2026/08/30 13:54:14.468, 14785 MiB, 100 %
2026/08/30 13:54:16.468, 14785 MiB, 75 %
2026/08/30 13:54:18.469, 14785 MiB, 94 %
2026/08/30 13:54:20.469, 14785 MiB, 100 %
2026/08/30 13:54:22.470, 14785 MiB, 73 %
2026/08/30 13:54:24.470, 14785 MiB, 100 %
2026/08/30 13:54:26.470, 14785 MiB, 100 %
2026/08/30 13:54:28.471, 14785 MiB, 67 %
2026/08/30 13:54:30.471, 14785 MiB, 100 %
2026/08/30 13:54:32.471, 14785 MiB, 100 %
2026/08/30 13:54:34.472, 14785 MiB, 92 %
2026/08/30 13:54:36.472, 14785 MiB, 100 %
2026/08/30 13:54:38.472, 14785 MiB, 65 %
2026/08/30 13:54:40.473, 14785 MiB, 100 %
2026/08/30 13:54:42.473, 14785 MiB, 100 %
2026/08/30 13:54:44.473, 14785 MiB, 65 %
2026/08/30 13:54:46.474, 14785 MiB, 100 %
2026/08/30 13:54:48.474, 14785 MiB, 100 %
2026/08/30 13:54:50.474, 14785 MiB, 98 %
2026/08/30 13:54:52.475, 14785 MiB, 100 %
2026/08/30 13:54:54.475, 14785 MiB, 77 %
2026/08/30 13:54:56.476, 14785 MiB, 100 %
2026/08/30 13:54:58.476, 14785 MiB, 100 %
2026/08/30 13:55:00.476, 14785 MiB, 74 %
2026/08/30 13:55:02.477, 14785 MiB, 100 %
2026/08/30 13:55:04.477, 14785 MiB, 75 %
2026/08/30 13:55:06.477, 14785 MiB, 100 %
2026/08/30 13:55:08.478, 14785 MiB, 100 %
2026/08/30 13:55:10.478, 14785 MiB, 71 %
2026/08/30 13:55:12.479, 14785 MiB, 100 %
2026/08/30 13:55:14.479, 14785 MiB, 90 %
2026/08/30 13:55:16.479, 14785 MiB, 100 %
2026/08/30 13:55:18.480, 14785 MiB, 100 %
2026/08/30 13:55:20.480, 14785 MiB, 66 %
2026/08/30 13:55:22.481, 14785 MiB, 100 %
2026/08/30 13:55:24.481, 14785 MiB, 100 %
2026/08/30 13:55:26.481, 14785 MiB, 63 %
2026/08/30 13:55:28.482, 14785 MiB, 100 %
2026/08/30 13:55:30.482, 14785 MiB, 95 %
2026/08/30 13:55:32.483, 14785 MiB, 100 %
2026/08/30 13:55:34.483, 14785 MiB, 95 %
2026/08/30 13:55:36.483, 14785 MiB, 97 %
2026/08/30 13:55:38.484, 14785 MiB, 100 %
2026/08/30 13:55:40.484, 14785 MiB, 83 %
2026/08/30 13:55:42.484, 14785 MiB, 100 %
2026/08/30 13:55:44.485, 14785 MiB, 100 %
2026/08/30 13:55:46.485, 14785 MiB, 60 %
2026/08/30 13:55:48.486, 14785 MiB, 100 %
2026/08/30 13:55:50.486, 14785 MiB, 91 %
2026/08/30 13:55:52.486, 14785 MiB, 94 %
2026/08/30 13:55:54.487, 14785 MiB, 100 %
2026/08/30 13:55:56.487, 14785 MiB, 62 %
2026/08/30 13:55:58.487, 14785 MiB, 100 %
2026/08/30 13:56:00.488, 14785 MiB, 100 %
2026/08/30 13:56:02.488, 14785 MiB, 80 %
2026/08/30 13:56:04.488, 14785 MiB, 100 %
2026/08/30 13:56:06.489, 14785 MiB, 74 %
2026/08/30 13:56:08.489, 14785 MiB, 100 %
2026/08/30 13:56:10.489, 14785 MiB, 100 %
2026/08/30 13:56:12.490, 14785 MiB, 68 %
2026/08/30 13:56:14.490, 14785 MiB, 100 %
2026/08/30 13:56:16.491, 14785 MiB, 100 %
2026/08/30 13:56:18.491, 14785 MiB, 92 %
2026/08/30 13:56:20.491, 14785 MiB, 100 %
2026/08/30 13:56:22.492, 14785 MiB, 65 %
2026/08/30 13:56:24.492, 14785 MiB, 100 %
2026/08/30 13:56:26.492, 14785 MiB, 100 %
2026/08/30 13:56:28.493, 14785 MiB, 68 %
2026/08/30 13:56:30.493, 14785 MiB, 100 %
2026/08/30 13:56:32.494, 14785 MiB, 100 %
2026/08/30 13:56:34.494, 14785 MiB, 62 %
2026/08/30 13:56:36.494, 14785 MiB, 100 %
2026/08/30 13:56:38.497, 14785 MiB, 100 %
2026/08/30 13:56:40.497, 14785 MiB, 53 %
2026/08/30 13:56:42.498, 14785 MiB, 100 %
2026/08/30 13:56:44.498, 14785 MiB, 100 %
2026/08/30 13:56:46.498, 14785 MiB, 82 %
2026/08/30 13:56:48.499, 14785 MiB, 100 %
2026/08/30 13:56:50.499, 14785 MiB, 76 %
2026/08/30 13:56:52.499, 14785 MiB, 100 %
2026/08/30 13:56:54.500, 14785 MiB, 100 %
2026/08/30 13:56:56.500, 14785 MiB, 57 %
2026/08/30 13:56:58.501, 14785 MiB, 100 %
2026/08/30 13:57:00.501, 14785 MiB, 97 %
2026/08/30 13:57:02.501, 14785 MiB, 89 %
2026/08/30 13:57:04.502, 14785 MiB, 100 %
2026/08/30 13:57:06.502, 14785 MiB, 68 %
2026/08/30 13:57:08.502, 14785 MiB, 100 %
2026/08/30 13:57:10.503, 14785 MiB, 100 %
2026/08/30 13:57:12.503, 14785 MiB, 74 %
2026/08/30 13:57:14.504, 14785 MiB, 100 %
2026/08/30 13:57:16.504, 14785 MiB, 90 %
2026/08/30 13:57:18.504, 14785 MiB, 100 %
2026/08/30 13:57:20.505, 14785 MiB, 100 %
2026/08/30 13:57:22.505, 14785 MiB, 67 %
2026/08/30 13:57:24.505, 14785 MiB, 100 %
2026/08/30 13:57:26.506, 14785 MiB, 86 %
2026/08/30 13:57:28.506, 14785 MiB, 100 %
2026/08/30 13:57:30.507, 14785 MiB, 100 %
2026/08/30 13:57:32.507, 14785 MiB, 60 %
2026/08/30 13:57:34.507, 14785 MiB, 100 %
2026/08/30 13:57:36.508, 14785 MiB, 100 %
2026/08/30 13:57:38.508, 14785 MiB, 97 %
2026/08/30 13:57:40.508, 14785 MiB, 100 %
2026/08/30 13:57:42.509, 14785 MiB, 71 %
2026/08/30 13:57:44.509, 14785 MiB, 100 %
2026/08/30 13:57:46.509, 14785 MiB, 100 %
2026/08/30 13:57:48.510, 14785 MiB, 62 %
2026/08/30 13:57:50.510, 14785 MiB, 100 %
2026/08/30 13:57:52.511, 14785 MiB, 100 %
2026/08/30 13:57:54.511, 14785 MiB, 93 %
2026/08/30 13:57:56.511, 14785 MiB, 100 %
2026/08/30 13:57:58.512, 14785 MiB, 91 %
2026/08/30 13:58:00.512, 14785 MiB, 97 %
2026/08/30 13:58:02.512, 14785 MiB, 100 %
2026/08/30 13:58:04.513, 14785 MiB, 61 %
2026/08/30 13:58:06.513, 14785 MiB, 100 %
2026/08/30 13:58:08.514, 14785 MiB, 100 %
2026/08/30 13:58:10.514, 14785 MiB, 71 %
2026/08/30 13:58:12.514, 14785 MiB, 100 %
2026/08/30 13:58:14.515, 14785 MiB, 97 %
2026/08/30 13:58:16.515, 14785 MiB, 100 %
2026/08/30 13:58:18.516, 14785 MiB, 100 %
2026/08/30 13:58:20.516, 14785 MiB, 65 %
2026/08/30 13:58:22.516, 14785 MiB, 100 %
2026/08/30 13:58:24.517, 14785 MiB, 100 %
2026/08/30 13:58:26.517, 14785 MiB, 90 %
2026/08/30 13:58:28.517, 14785 MiB, 100 %
2026/08/30 13:58:30.518, 14785 MiB, 68 %
2026/08/30 13:58:32.518, 14785 MiB, 100 %
2026/08/30 13:58:34.519, 14785 MiB, 100 %
2026/08/30 13:58:36.519, 14785 MiB, 65 %
2026/08/30 13:58:38.519, 14785 MiB, 100 %
2026/08/30 13:58:40.520, 14785 MiB, 86 %
2026/08/30 13:58:42.520, 14785 MiB, 100 %
2026/08/30 13:58:44.522, 14785 MiB, 100 %
2026/08/30 13:58:46.522, 14785 MiB, 66 %
2026/08/30 13:58:48.522, 14785 MiB, 100 %
2026/08/30 13:58:50.523, 14785 MiB, 99 %
2026/08/30 13:58:52.523, 14785 MiB, 98 %
2026/08/30 13:58:54.524, 14785 MiB, 100 %
2026/08/30 13:58:56.524, 14785 MiB, 67 %
2026/08/30 13:58:58.524, 14785 MiB, 100 %
2026/08/30 13:59:00.525, 14785 MiB, 100 %
2026/08/30 13:59:02.525, 14785 MiB, 65 %
2026/08/30 13:59:04.525, 14785 MiB, 100 %
2026/08/30 13:59:06.526, 14785 MiB, 100 %
2026/08/30 13:59:08.526, 14785 MiB, 84 %
2026/08/30 13:59:10.526, 14785 MiB, 100 %
2026/08/30 13:59:12.527, 14785 MiB, 65 %
2026/08/30 13:59:14.527, 14785 MiB, 100 %
2026/08/30 13:59:16.527, 14785 MiB, 100 %
2026/08/30 13:59:18.528, 14785 MiB, 70 %
2026/08/30 13:59:20.528, 14785 MiB, 100 %
2026/08/30 13:59:22.528, 14785 MiB, 87 %
2026/08/30 13:59:24.529, 14785 MiB, 100 %
2026/08/30 13:59:26.529, 14785 MiB, 100 %
2026/08/30 13:59:28.530, 14785 MiB, 64 %
2026/08/30 13:59:30.530, 14785 MiB, 100 %
2026/08/30 13:59:32.530, 14785 MiB, 100 %
2026/08/30 13:59:34.531, 14785 MiB, 90 %
2026/08/30 13:59:36.531, 14785 MiB, 100 %
2026/08/30 13:59:38.531, 14785 MiB, 69 %
2026/08/30 13:59:40.532, 14785 MiB, 100 %
2026/08/30 13:59:42.532, 14785 MiB, 100 %
2026/08/30 13:59:44.534, 14785 MiB, 68 %
2026/08/30 13:59:46.535, 14785 MiB, 100 %
2026/08/30 13:59:48.535, 14785 MiB, 82 %
2026/08/30 13:59:50.535, 14785 MiB, 100 %
2026/08/30 13:59:52.536, 14785 MiB, 100 %
2026/08/30 13:59:54.536, 14785 MiB, 63 %
2026/08/30 13:59:56.536, 14785 MiB, 100 %
2026/08/30 13:59:58.537, 14785 MiB, 100 %
2026/08/30 14:00:00.537, 14785 MiB, 87 %
2026/08/30 14:00:02.538, 14785 MiB, 100 %
2026/08/30 14:00:04.538, 14785 MiB, 97 %
2026/08/30 14:00:06.538, 14785 MiB, 95 %
2026/08/30 14:00:08.539, 14785 MiB, 100 %
2026/08/30 14:00:10.539, 14785 MiB, 100 %
2026/08/30 14:00:12.539, 14785 MiB, 100 %
2026/08/30 14:00:14.540, 14785 MiB, 67 %
2026/08/30 14:00:16.540, 14785 MiB, 100 %
2026/08/30 14:00:18.541, 14785 MiB, 89 %
2026/08/30 14:00:20.541, 14785 MiB, 100 %
2026/08/30 14:00:22.541, 14785 MiB, 100 %
2026/08/30 14:00:24.542, 14785 MiB, 66 %
2026/08/30 14:00:26.542, 14785 MiB, 100 %
2026/08/30 14:00:28.542, 14785 MiB, 91 %
2026/08/30 14:00:30.543, 14785 MiB, 100 %
2026/08/30 14:00:32.543, 14785 MiB, 100 %
2026/08/30 14:00:34.543, 14785 MiB, 66 %
2026/08/30 14:00:36.544, 14785 MiB, 100 %
2026/08/30 14:00:38.544, 14785 MiB, 100 %
2026/08/30 14:00:40.545, 14785 MiB, 79 %
2026/08/30 14:00:42.545, 14785 MiB, 100 %
2026/08/30 14:00:44.546, 14785 MiB, 81 %
2026/08/30 14:00:46.546, 14785 MiB, 100 %
2026/08/30 14:00:48.546, 14785 MiB, 100 %
2026/08/30 14:00:50.547, 14785 MiB, 59 %
2026/08/30 14:00:52.547, 14785 MiB, 100 %
2026/08/30 14:00:54.547, 14785 MiB, 100 %
2026/08/30 14:00:56.548, 14785 MiB, 97 %
2026/08/30 14:00:58.548, 14785 MiB, 100 %
2026/08/30 14:01:00.548, 14785 MiB, 83 %
2026/08/30 14:01:02.549, 14785 MiB, 100 %
2026/08/30 14:01:04.549, 14785 MiB, 100 %
2026/08/30 14:01:06.550, 14785 MiB, 65 %
2026/08/30 14:01:08.550, 14785 MiB, 100 %
2026/08/30 14:01:10.550, 14785 MiB, 100 %
2026/08/30 14:01:12.551, 14785 MiB, 65 %
2026/08/30 14:01:14.551, 14785 MiB, 100 %
2026/08/30 14:01:16.551, 14785 MiB, 94 %
2026/08/30 14:01:18.552, 14785 MiB, 100 %
2026/08/30 14:01:20.552, 14785 MiB, 100 %
2026/08/30 14:01:22.553, 14785 MiB, 64 %
2026/08/30 14:01:24.553, 14785 MiB, 100 %
2026/08/30 14:01:26.553, 14785 MiB, 100 %
2026/08/30 14:01:28.554, 14785 MiB, 67 %
2026/08/30 14:01:30.554, 14785 MiB, 100 %
2026/08/30 14:01:32.554, 14785 MiB, 100 %
2026/08/30 14:01:34.555, 14785 MiB, 93 %
2026/08/30 14:01:36.555, 14785 MiB, 100 %
2026/08/30 14:01:38.555, 14785 MiB, 62 %
2026/08/30 14:01:40.556, 14785 MiB, 100 %
2026/08/30 14:01:42.556, 14785 MiB, 100 %
2026/08/30 14:01:44.557, 14785 MiB, 63 %
2026/08/30 14:01:46.557, 14785 MiB, 100 %
2026/08/30 14:01:48.557, 14785 MiB, 100 %
2026/08/30 14:01:50.558, 14785 MiB, 64 %
2026/08/30 14:01:52.558, 14785 MiB, 100 %
2026/08/30 14:01:54.558, 14785 MiB, 87 %
2026/08/30 14:01:56.559, 14785 MiB, 100 %
2026/08/30 14:01:58.559, 14785 MiB, 100 %
2026/08/30 14:02:00.559, 14785 MiB, 66 %
2026/08/30 14:02:02.560, 14785 MiB, 100 %
2026/08/30 14:02:04.560, 14785 MiB, 100 %
2026/08/30 14:02:06.561, 14785 MiB, 71 %
2026/08/30 14:02:08.561, 14785 MiB, 100 %
2026/08/30 14:02:10.561, 14785 MiB, 81 %
2026/08/30 14:02:12.562, 14785 MiB, 100 %
2026/08/30 14:02:14.562, 14785 MiB, 100 %
2026/08/30 14:02:16.562, 14785 MiB, 56 %
2026/08/30 14:02:18.563, 14785 MiB, 100 %
2026/08/30 14:02:20.563, 14785 MiB, 100 %
2026/08/30 14:02:22.563, 14785 MiB, 65 %
2026/08/30 14:02:24.564, 14785 MiB, 100 %
2026/08/30 14:02:26.564, 14785 MiB, 81 %
2026/08/30 14:02:28.565, 14785 MiB, 100 %
2026/08/30 14:02:30.565, 14785 MiB, 100 %
2026/08/30 14:02:32.565, 14785 MiB, 68 %
2026/08/30 14:02:34.566, 14785 MiB, 100 %
2026/08/30 14:02:36.566, 14785 MiB, 76 %
2026/08/30 14:02:38.566, 14785 MiB, 100 %
2026/08/30 14:02:40.567, 14785 MiB, 100 %
2026/08/30 14:02:42.567, 14785 MiB, 67 %
2026/08/30 14:02:44.568, 14785 MiB, 100 %
2026/08/30 14:02:46.568, 14785 MiB, 78 %
2026/08/30 14:02:48.568, 14785 MiB, 100 %
2026/08/30 14:02:50.569, 14785 MiB, 100 %
2026/08/30 14:02:52.569, 14785 MiB, 64 %
2026/08/30 14:02:54.569, 14785 MiB, 100 %
2026/08/30 14:02:56.570, 14785 MiB, 100 %
2026/08/30 14:02:58.570, 14785 MiB, 65 %
2026/08/30 14:03:00.570, 14785 MiB, 100 %
2026/08/30 14:03:02.571, 14785 MiB, 82 %
2026/08/30 14:03:04.571, 14785 MiB, 100 %
2026/08/30 14:03:06.571, 14785 MiB, 100 %
2026/08/30 14:03:08.572, 14785 MiB, 57 %
2026/08/30 14:03:10.572, 14785 MiB, 100 %
2026/08/30 14:03:12.573, 14785 MiB, 100 %
2026/08/30 14:03:14.573, 14785 MiB, 77 %
2026/08/30 14:03:16.573, 14785 MiB, 100 %
2026/08/30 14:03:18.574, 14785 MiB, 62 %
2026/08/30 14:03:20.574, 14785 MiB, 100 %
2026/08/30 14:03:22.574, 14785 MiB, 100 %
2026/08/30 14:03:24.575, 14785 MiB, 66 %
2026/08/30 14:03:26.575, 14785 MiB, 100 %
2026/08/30 14:03:28.576, 14785 MiB, 81 %
2026/08/30 14:03:30.576, 14785 MiB, 100 %
2026/08/30 14:03:32.576, 14785 MiB, 100 %
2026/08/30 14:03:34.577, 14785 MiB, 56 %
2026/08/30 14:03:36.577, 14785 MiB, 100 %
2026/08/30 14:03:38.577, 14785 MiB, 100 %
2026/08/30 14:03:40.578, 14785 MiB, 79 %
2026/08/30 14:03:42.578, 14785 MiB, 100 %
2026/08/30 14:03:44.579, 14785 MiB, 73 %
2026/08/30 14:03:46.579, 14785 MiB, 100 %
2026/08/30 14:03:48.580, 14785 MiB, 100 %
2026/08/30 14:03:50.583, 14785 MiB, 57 %
2026/08/30 14:03:52.583, 14785 MiB, 100 %
2026/08/30 14:03:54.584, 14785 MiB, 100 %
2026/08/30 14:03:56.584, 14785 MiB, 82 %
2026/08/30 14:03:58.584, 14785 MiB, 100 %
2026/08/30 14:04:00.585, 14785 MiB, 60 %
2026/08/30 14:04:02.585, 14785 MiB, 100 %
2026/08/30 14:04:04.585, 14785 MiB, 100 %
2026/08/30 14:04:06.586, 14785 MiB, 68 %
2026/08/30 14:04:08.586, 14785 MiB, 100 %
2026/08/30 14:04:10.586, 14785 MiB, 100 %
2026/08/30 14:04:12.587, 14785 MiB, 79 %
2026/08/30 14:04:14.587, 14785 MiB, 100 %
2026/08/30 14:04:16.587, 14785 MiB, 77 %
2026/08/30 14:04:18.588, 14785 MiB, 100 %
2026/08/30 14:04:20.588, 14785 MiB, 100 %
2026/08/30 14:04:22.589, 14785 MiB, 65 %
2026/08/30 14:04:24.589, 14785 MiB, 100 %
2026/08/30 14:04:26.589, 14785 MiB, 81 %
2026/08/30 14:04:28.590, 14785 MiB, 100 %
2026/08/30 14:04:30.590, 14785 MiB, 100 %
2026/08/30 14:04:32.590, 14785 MiB, 67 %
2026/08/30 14:04:34.591, 14785 MiB, 100 %
2026/08/30 14:04:36.591, 14785 MiB, 82 %
2026/08/30 14:04:38.591, 14785 MiB, 100 %
2026/08/30 14:04:40.592, 14785 MiB, 100 %
2026/08/30 14:04:42.592, 14785 MiB, 70 %
2026/08/30 14:04:44.593, 14785 MiB, 100 %
2026/08/30 14:04:46.593, 14785 MiB, 80 %
2026/08/30 14:04:48.593, 14785 MiB, 100 %
2026/08/30 14:04:50.594, 14785 MiB, 73 %
2026/08/30 14:04:52.594, 14785 MiB, 98 %
2026/08/30 14:04:54.594, 14785 MiB, 100 %
2026/08/30 14:04:56.595, 14785 MiB, 61 %
2026/08/30 14:04:58.595, 14785 MiB, 100 %
2026/08/30 14:05:00.596, 14785 MiB, 100 %
2026/08/30 14:05:02.596, 14785 MiB, 61 %
2026/08/30 14:05:04.596, 14785 MiB, 100 %
2026/08/30 14:05:06.597, 14785 MiB, 88 %
2026/08/30 14:05:08.597, 14785 MiB, 100 %
2026/08/30 14:05:10.597, 14785 MiB, 100 %
2026/08/30 14:05:12.598, 14785 MiB, 66 %
2026/08/30 14:05:14.598, 14785 MiB, 100 %
2026/08/30 14:05:16.599, 14785 MiB, 85 %
2026/08/30 14:05:18.599, 14785 MiB, 100 %
2026/08/30 14:05:20.599, 14785 MiB, 100 %
2026/08/30 14:05:22.600, 14785 MiB, 72 %
2026/08/30 14:05:24.600, 14785 MiB, 100 %
2026/08/30 14:05:26.600, 14785 MiB, 70 %
2026/08/30 14:05:28.601, 14785 MiB, 100 %
2026/08/30 14:05:30.601, 14785 MiB, 100 %
2026/08/30 14:05:32.602, 14785 MiB, 69 %
2026/08/30 14:05:34.602, 14785 MiB, 100 %
2026/08/30 14:05:36.602, 14785 MiB, 78 %
2026/08/30 14:05:38.603, 14785 MiB, 100 %
2026/08/30 14:05:40.603, 14785 MiB, 100 %
2026/08/30 14:05:42.603, 14785 MiB, 76 %
2026/08/30 14:05:44.604, 14785 MiB, 100 %
2026/08/30 14:05:46.604, 14785 MiB, 67 %
2026/08/30 14:05:48.605, 14785 MiB, 100 %
2026/08/30 14:05:50.605, 14785 MiB, 100 %
2026/08/30 14:05:52.605, 14785 MiB, 64 %
2026/08/30 14:05:54.606, 14785 MiB, 100 %
2026/08/30 14:05:56.606, 14785 MiB, 74 %
2026/08/30 14:05:58.606, 14785 MiB, 100 %
2026/08/30 14:06:00.607, 14785 MiB, 100 %
2026/08/30 14:06:02.607, 14785 MiB, 70 %
2026/08/30 14:06:04.607, 14785 MiB, 100 %
2026/08/30 14:06:06.608, 14785 MiB, 89 %
2026/08/30 14:06:08.608, 14785 MiB, 99 %
2026/08/30 14:06:10.608, 14785 MiB, 100 %
2026/08/30 14:06:12.609, 14785 MiB, 68 %
2026/08/30 14:06:14.609, 14785 MiB, 100 %
2026/08/30 14:06:16.610, 14785 MiB, 100 %
2026/08/30 14:06:18.610, 14785 MiB, 52 %
2026/08/30 14:06:20.611, 14785 MiB, 100 %
2026/08/30 14:06:22.611, 14785 MiB, 88 %
2026/08/30 14:06:24.611, 14785 MiB, 100 %
2026/08/30 14:06:26.612, 14785 MiB, 100 %
2026/08/30 14:06:28.612, 14785 MiB, 55 %
2026/08/30 14:06:30.612, 14785 MiB, 100 %
2026/08/30 14:06:32.613, 14785 MiB, 100 %
2026/08/30 14:06:34.613, 14785 MiB, 100 %
2026/08/30 14:06:36.613, 14785 MiB, 100 %
2026/08/30 14:06:38.614, 14785 MiB, 69 %
2026/08/30 14:06:40.614, 14785 MiB, 100 %
2026/08/30 14:06:42.614, 14785 MiB, 74 %
2026/08/30 14:06:44.615, 14785 MiB, 100 %
2026/08/30 14:06:46.615, 14785 MiB, 100 %
2026/08/30 14:06:48.616, 14785 MiB, 67 %
2026/08/30 14:06:50.616, 14785 MiB, 100 %
2026/08/30 14:06:52.616, 14785 MiB, 100 %
2026/08/30 14:06:54.617, 14785 MiB, 80 %
2026/08/30 14:06:56.617, 14785 MiB, 100 %
2026/08/30 14:06:58.617, 14785 MiB, 86 %
2026/08/30 14:07:00.618, 14785 MiB, 100 %
2026/08/30 14:07:02.618, 14785 MiB, 100 %
2026/08/30 14:07:04.619, 14785 MiB, 65 %
2026/08/30 14:07:06.619, 14785 MiB, 100 %
2026/08/30 14:07:08.619, 14785 MiB, 75 %
2026/08/30 14:07:10.620, 14785 MiB, 100 %
2026/08/30 14:07:12.620, 14785 MiB, 100 %
2026/08/30 14:07:14.620, 14785 MiB, 69 %
2026/08/30 14:07:16.621, 14785 MiB, 100 %
2026/08/30 14:07:18.621, 14785 MiB, 80 %
2026/08/30 14:07:20.622, 14785 MiB, 100 %
2026/08/30 14:07:22.622, 14785 MiB, 100 %
2026/08/30 14:07:24.622, 14785 MiB, 59 %
2026/08/30 14:07:26.623, 14785 MiB, 100 %
2026/08/30 14:07:28.623, 14785 MiB, 100 %
2026/08/30 14:07:30.623, 14785 MiB, 99 %
2026/08/30 14:07:32.624, 14785 MiB, 100 %
2026/08/30 14:07:34.624, 14785 MiB, 56 %
2026/08/30 14:07:36.624, 14785 MiB, 100 %
2026/08/30 14:07:38.625, 14785 MiB, 72 %
2026/08/30 14:07:40.625, 14785 MiB, 100 %
2026/08/30 14:07:42.626, 14785 MiB, 100 %
2026/08/30 14:07:44.627, 14785 MiB, 80 %
2026/08/30 14:07:46.627, 14785 MiB, 100 %
2026/08/30 14:07:48.628, 14785 MiB, 66 %
2026/08/30 14:07:50.628, 14785 MiB, 100 %
2026/08/30 14:07:52.628, 14785 MiB, 100 %
2026/08/30 14:07:54.629, 14785 MiB, 100 %
2026/08/30 14:07:56.629, 14785 MiB, 100 %
2026/08/30 14:07:58.630, 14785 MiB, 65 %
2026/08/30 14:08:00.630, 14785 MiB, 100 %
2026/08/30 14:08:02.630, 14785 MiB, 94 %
2026/08/30 14:08:04.631, 14785 MiB, 100 %
2026/08/30 14:08:06.631, 14785 MiB, 100 %
2026/08/30 14:08:08.631, 14785 MiB, 78 %
2026/08/30 14:08:10.632, 14785 MiB, 100 %
2026/08/30 14:08:12.632, 14785 MiB, 70 %
2026/08/30 14:08:14.632, 14785 MiB, 100 %
2026/08/30 14:08:16.633, 14785 MiB, 100 %
2026/08/30 14:08:18.633, 14785 MiB, 69 %
2026/08/30 14:08:20.634, 14785 MiB, 100 %
2026/08/30 14:08:22.634, 14785 MiB, 67 %
2026/08/30 14:08:24.634, 14785 MiB, 100 %
2026/08/30 14:08:26.635, 14785 MiB, 100 %
2026/08/30 14:08:28.635, 14785 MiB, 75 %
2026/08/30 14:08:30.635, 14785 MiB, 100 %
2026/08/30 14:08:32.636, 14785 MiB, 69 %
2026/08/30 14:08:34.636, 14785 MiB, 100 %
2026/08/30 14:08:36.636, 14785 MiB, 100 %
2026/08/30 14:08:38.637, 14785 MiB, 93 %
2026/08/30 14:08:40.637, 14785 MiB, 100 %
2026/08/30 14:08:42.637, 14785 MiB, 67 %
2026/08/30 14:08:44.638, 14785 MiB, 100 %
2026/08/30 14:08:46.638, 14785 MiB, 100 %
2026/08/30 14:08:48.638, 14785 MiB, 94 %
2026/08/30 14:08:50.639, 14785 MiB, 100 %
2026/08/30 14:08:52.639, 14785 MiB, 63 %
2026/08/30 14:08:54.639, 14785 MiB, 100 %
2026/08/30 14:08:56.640, 14785 MiB, 100 %
2026/08/30 14:08:58.640, 14785 MiB, 81 %
2026/08/30 14:09:00.640, 14785 MiB, 100 %
2026/08/30 14:09:02.641, 14785 MiB, 66 %
2026/08/30 14:09:04.641, 14785 MiB, 100 %
2026/08/30 14:09:06.642, 14785 MiB, 100 %
2026/08/30 14:09:08.642, 14785 MiB, 79 %
2026/08/30 14:09:10.642, 14785 MiB, 100 %
2026/08/30 14:09:12.643, 14785 MiB, 70 %
2026/08/30 14:09:14.643, 14785 MiB, 100 %
2026/08/30 14:09:16.643, 14785 MiB, 100 %
2026/08/30 14:09:18.644, 14785 MiB, 81 %
2026/08/30 14:09:20.644, 14785 MiB, 100 %
2026/08/30 14:09:22.644, 14785 MiB, 66 %
2026/08/30 14:09:24.645, 14785 MiB, 100 %
2026/08/30 14:09:26.645, 14785 MiB, 64 %
2026/08/30 14:09:28.646, 14785 MiB, 100 %
2026/08/30 14:09:30.646, 14785 MiB, 85 %
2026/08/30 14:09:32.646, 14785 MiB, 100 %
2026/08/30 14:09:34.647, 14785 MiB, 100 %
2026/08/30 14:09:36.647, 14785 MiB, 60 %
2026/08/30 14:09:38.647, 14785 MiB, 100 %
2026/08/30 14:09:40.648, 14785 MiB, 96 %
2026/08/30 14:09:42.648, 14785 MiB, 100 %
2026/08/30 14:09:44.649, 14785 MiB, 100 %
2026/08/30 14:09:46.650, 14785 MiB, 68 %
2026/08/30 14:09:48.650, 14785 MiB, 100 %
2026/08/30 14:09:50.650, 14785 MiB, 85 %
2026/08/30 14:09:52.651, 14785 MiB, 100 %
2026/08/30 14:09:54.651, 14785 MiB, 100 %
2026/08/30 14:09:56.651, 14785 MiB, 63 %
2026/08/30 14:09:58.652, 14785 MiB, 100 %
2026/08/30 14:10:00.652, 14785 MiB, 75 %
2026/08/30 14:10:02.653, 14785 MiB, 100 %
2026/08/30 14:10:04.653, 14785 MiB, 100 %
2026/08/30 14:10:06.653, 14785 MiB, 97 %
2026/08/30 14:10:08.654, 14785 MiB, 100 %
2026/08/30 14:10:10.654, 14785 MiB, 64 %
2026/08/30 14:10:12.655, 14785 MiB, 100 %
2026/08/30 14:10:14.655, 14785 MiB, 100 %
2026/08/30 14:10:16.655, 14785 MiB, 82 %
2026/08/30 14:10:18.656, 14785 MiB, 100 %
2026/08/30 14:10:20.656, 14785 MiB, 68 %
2026/08/30 14:10:22.656, 14785 MiB, 100 %
2026/08/30 14:10:24.657, 14785 MiB, 93 %
2026/08/30 14:10:26.657, 14785 MiB, 100 %
2026/08/30 14:10:28.658, 14785 MiB, 100 %
2026/08/30 14:10:30.658, 14785 MiB, 71 %
2026/08/30 14:10:32.658, 14785 MiB, 100 %
2026/08/30 14:10:34.659, 14785 MiB, 69 %
2026/08/30 14:10:36.659, 14785 MiB, 100 %
2026/08/30 14:10:38.659, 14785 MiB, 100 %
2026/08/30 14:10:40.660, 14785 MiB, 82 %
2026/08/30 14:10:42.660, 14785 MiB, 100 %
2026/08/30 14:10:44.661, 14785 MiB, 54 %
2026/08/30 14:10:46.662, 14785 MiB, 100 %
2026/08/30 14:10:48.662, 14785 MiB, 100 %
2026/08/30 14:10:50.662, 14785 MiB, 53 %
2026/08/30 14:10:52.663, 14785 MiB, 100 %
2026/08/30 14:10:54.663, 14785 MiB, 74 %
2026/08/30 14:10:56.663, 14785 MiB, 100 %
2026/08/30 14:10:58.664, 14785 MiB, 100 %
2026/08/30 14:11:00.664, 14785 MiB, 66 %
2026/08/30 14:11:02.665, 14785 MiB, 100 %
2026/08/30 14:11:04.665, 14785 MiB, 71 %
2026/08/30 14:11:06.665, 14785 MiB, 100 %
2026/08/30 14:11:08.666, 14785 MiB, 100 %
2026/08/30 14:11:10.666, 14785 MiB, 66 %
2026/08/30 14:11:12.666, 14785 MiB, 100 %
2026/08/30 14:11:14.667, 14785 MiB, 88 %
2026/08/30 14:11:16.667, 14785 MiB, 100 %
2026/08/30 14:11:18.668, 14785 MiB, 100 %
2026/08/30 14:11:20.668, 14785 MiB, 59 %
2026/08/30 14:11:22.668, 14785 MiB, 100 %
2026/08/30 14:11:24.669, 14785 MiB, 93 %
2026/08/30 14:11:26.669, 14785 MiB, 98 %
2026/08/30 14:11:28.669, 14785 MiB, 100 %
2026/08/30 14:11:30.670, 14785 MiB, 67 %
2026/08/30 14:11:32.670, 14785 MiB, 100 %
2026/08/30 14:11:34.670, 14785 MiB, 100 %
2026/08/30 14:11:36.671, 14785 MiB, 83 %
2026/08/30 14:11:38.671, 14785 MiB, 100 %
2026/08/30 14:11:40.671, 14785 MiB, 62 %
2026/08/30 14:11:42.672, 14785 MiB, 100 %
2026/08/30 14:11:44.672, 14785 MiB, 100 %
2026/08/30 14:11:46.672, 14785 MiB, 65 %
2026/08/30 14:11:48.672, 14785 MiB, 100 %
2026/08/30 14:11:50.673, 14785 MiB, 93 %
2026/08/30 14:11:52.673, 14785 MiB, 84 %
2026/08/30 14:11:54.674, 14785 MiB, 100 %
2026/08/30 14:11:56.674, 14785 MiB, 72 %
2026/08/30 14:11:58.674, 14785 MiB, 100 %
2026/08/30 14:12:00.675, 14785 MiB, 100 %
2026/08/30 14:12:02.675, 14785 MiB, 71 %
2026/08/30 14:12:04.675, 14785 MiB, 100 %
2026/08/30 14:12:06.676, 14785 MiB, 97 %
2026/08/30 14:12:08.676, 14785 MiB, 92 %
2026/08/30 14:12:10.677, 14785 MiB, 100 %
2026/08/30 14:12:12.677, 14785 MiB, 89 %
2026/08/30 14:12:14.677, 14785 MiB, 92 %
2026/08/30 14:12:16.678, 14785 MiB, 100 %
2026/08/30 14:12:18.678, 14785 MiB, 76 %
2026/08/30 14:12:20.678, 14785 MiB, 100 %
2026/08/30 14:12:22.679, 14785 MiB, 100 %
2026/08/30 14:12:24.679, 14785 MiB, 70 %
2026/08/30 14:12:26.679, 14785 MiB, 100 %
2026/08/30 14:12:28.680, 14785 MiB, 100 %
2026/08/30 14:12:30.680, 14785 MiB, 66 %
2026/08/30 14:12:32.681, 14785 MiB, 100 %
2026/08/30 14:12:34.681, 14785 MiB, 82 %
2026/08/30 14:12:36.682, 14785 MiB, 100 %
2026/08/30 14:12:38.682, 14785 MiB, 100 %
2026/08/30 14:12:40.682, 14785 MiB, 81 %
2026/08/30 14:12:42.683, 14785 MiB, 100 %
2026/08/30 14:12:44.683, 14785 MiB, 77 %
2026/08/30 14:12:46.683, 14785 MiB, 100 %
2026/08/30 14:12:48.684, 14785 MiB, 100 %
2026/08/30 14:12:50.684, 14785 MiB, 67 %
2026/08/30 14:12:52.685, 14785 MiB, 100 %
2026/08/30 14:12:54.685, 14785 MiB, 98 %
2026/08/30 14:12:56.686, 14785 MiB, 100 %
2026/08/30 14:12:58.686, 14785 MiB, 100 %
2026/08/30 14:13:00.686, 14785 MiB, 63 %
2026/08/30 14:13:02.687, 14785 MiB, 100 %
2026/08/30 14:13:04.687, 14785 MiB, 100 %
2026/08/30 14:13:06.687, 14785 MiB, 75 %
2026/08/30 14:13:08.688, 14785 MiB, 100 %
2026/08/30 14:13:10.688, 14785 MiB, 75 %
2026/08/30 14:13:12.688, 14785 MiB, 100 %
2026/08/30 14:13:14.689, 14785 MiB, 100 %
2026/08/30 14:13:16.689, 14785 MiB, 64 %
2026/08/30 14:13:18.689, 14785 MiB, 100 %
2026/08/30 14:13:20.690, 14785 MiB, 96 %
2026/08/30 14:13:22.690, 14785 MiB, 87 %
2026/08/30 14:13:24.690, 14785 MiB, 100 %
2026/08/30 14:13:26.691, 14785 MiB, 74 %
2026/08/30 14:13:28.691, 14785 MiB, 100 %
2026/08/30 14:13:30.692, 14785 MiB, 100 %
2026/08/30 14:13:32.692, 14785 MiB, 72 %
2026/08/30 14:13:34.692, 14785 MiB, 100 %
2026/08/30 14:13:36.693, 14785 MiB, 90 %
2026/08/30 14:13:38.693, 14785 MiB, 97 %
2026/08/30 14:13:40.693, 14785 MiB, 100 %
2026/08/30 14:13:42.694, 14785 MiB, 63 %
2026/08/30 14:13:44.694, 14785 MiB, 100 %
2026/08/30 14:13:46.694, 14785 MiB, 100 %
2026/08/30 14:13:48.695, 14785 MiB, 73 %
2026/08/30 14:13:50.719, 14785 MiB, 100 %
2026/08/30 14:13:52.719, 14785 MiB, 87 %
2026/08/30 14:13:54.720, 14785 MiB, 100 %
2026/08/30 14:13:56.720, 14785 MiB, 100 %
2026/08/30 14:13:58.720, 14785 MiB, 67 %
2026/08/30 14:14:00.721, 14785 MiB, 100 %
2026/08/30 14:14:02.721, 14785 MiB, 100 %
2026/08/30 14:14:04.721, 14785 MiB, 100 %
2026/08/30 14:14:06.722, 14785 MiB, 100 %
2026/08/30 14:14:08.722, 14785 MiB, 77 %
2026/08/30 14:14:10.723, 14785 MiB, 100 %
2026/08/30 14:14:12.723, 14785 MiB, 69 %
2026/08/30 14:14:14.723, 14785 MiB, 100 %
2026/08/30 14:14:16.724, 14785 MiB, 100 %
2026/08/30 14:14:18.724, 14785 MiB, 65 %
2026/08/30 14:14:20.724, 14785 MiB, 100 %
2026/08/30 14:14:22.725, 14785 MiB, 97 %
2026/08/30 14:14:24.725, 14785 MiB, 94 %
2026/08/30 14:14:26.725, 14785 MiB, 100 %
2026/08/30 14:14:28.726, 14785 MiB, 80 %
2026/08/30 14:14:30.726, 14785 MiB, 100 %
2026/08/30 14:14:32.727, 14785 MiB, 100 %
2026/08/30 14:14:34.727, 14785 MiB, 57 %
2026/08/30 14:14:36.727, 14785 MiB, 100 %
2026/08/30 14:14:38.728, 14785 MiB, 100 %
2026/08/30 14:14:40.728, 14785 MiB, 62 %
2026/08/30 14:14:42.729, 14785 MiB, 100 %
2026/08/30 14:14:44.729, 14785 MiB, 100 %
2026/08/30 14:14:46.729, 14785 MiB, 88 %
2026/08/30 14:14:48.730, 14785 MiB, 100 %
2026/08/30 14:14:50.730, 14785 MiB, 67 %
2026/08/30 14:14:52.730, 14785 MiB, 100 %
2026/08/30 14:14:54.731, 14785 MiB, 100 %
2026/08/30 14:14:56.731, 14785 MiB, 66 %
2026/08/30 14:14:58.732, 14785 MiB, 100 %
2026/08/30 14:15:00.732, 14785 MiB, 89 %
2026/08/30 14:15:02.732, 14785 MiB, 86 %
2026/08/30 14:15:04.733, 14785 MiB, 100 %
2026/08/30 14:15:06.733, 14785 MiB, 69 %
2026/08/30 14:15:08.733, 14785 MiB, 100 %
2026/08/30 14:15:10.734, 14785 MiB, 100 %
2026/08/30 14:15:12.734, 14785 MiB, 57 %
2026/08/30 14:15:14.735, 14785 MiB, 100 %
2026/08/30 14:15:16.735, 14785 MiB, 100 %
2026/08/30 14:15:18.735, 14785 MiB, 82 %
2026/08/30 14:15:20.736, 14785 MiB, 100 %
2026/08/30 14:15:22.736, 14785 MiB, 66 %
2026/08/30 14:15:24.736, 14785 MiB, 100 %
2026/08/30 14:15:26.737, 14785 MiB, 100 %
2026/08/30 14:15:28.737, 14785 MiB, 67 %
2026/08/30 14:15:30.738, 14785 MiB, 100 %
2026/08/30 14:15:32.738, 14785 MiB, 100 %
2026/08/30 14:15:34.738, 14785 MiB, 85 %
2026/08/30 14:15:36.739, 14785 MiB, 100 %
2026/08/30 14:15:38.739, 14785 MiB, 83 %
2026/08/30 14:15:40.739, 14785 MiB, 91 %
2026/08/30 14:15:42.740, 14785 MiB, 100 %
2026/08/30 14:15:44.740, 14785 MiB, 72 %
2026/08/30 14:15:46.740, 14785 MiB, 100 %
2026/08/30 14:15:48.741, 14785 MiB, 100 %
2026/08/30 14:15:50.741, 14785 MiB, 59 %
2026/08/30 14:15:52.741, 14785 MiB, 100 %
2026/08/30 14:15:54.742, 14785 MiB, 100 %
2026/08/30 14:15:56.742, 14785 MiB, 60 %
2026/08/30 14:15:58.743, 14785 MiB, 100 %
2026/08/30 14:16:00.743, 14785 MiB, 100 %
2026/08/30 14:16:02.743, 14785 MiB, 86 %
2026/08/30 14:16:04.744, 14785 MiB, 100 %
2026/08/30 14:16:06.744, 14785 MiB, 79 %
2026/08/30 14:16:08.744, 14785 MiB, 100 %
2026/08/30 14:16:10.745, 14785 MiB, 100 %
2026/08/30 14:16:12.745, 14785 MiB, 66 %
2026/08/30 14:16:14.745, 14785 MiB, 100 %
2026/08/30 14:16:16.746, 14785 MiB, 100 %
2026/08/30 14:16:18.746, 14785 MiB, 77 %
2026/08/30 14:16:20.747, 14785 MiB, 100 %
2026/08/30 14:16:22.747, 14785 MiB, 74 %
2026/08/30 14:16:24.747, 14785 MiB, 100 %
2026/08/30 14:16:26.748, 14785 MiB, 100 %
2026/08/30 14:16:28.748, 14785 MiB, 62 %
2026/08/30 14:16:30.748, 14785 MiB, 100 %
2026/08/30 14:16:32.749, 14785 MiB, 100 %
2026/08/30 14:16:34.749, 14785 MiB, 84 %
2026/08/30 14:16:36.750, 14785 MiB, 100 %
2026/08/30 14:16:38.750, 14785 MiB, 73 %
2026/08/30 14:16:40.750, 14785 MiB, 100 %
2026/08/30 14:16:42.751, 14785 MiB, 100 %
2026/08/30 14:16:44.751, 14785 MiB, 55 %
2026/08/30 14:16:46.751, 14785 MiB, 100 %
2026/08/30 14:16:48.752, 14785 MiB, 100 %
2026/08/30 14:16:50.752, 14785 MiB, 75 %
2026/08/30 14:16:52.752, 14785 MiB, 100 %
2026/08/30 14:16:54.753, 14785 MiB, 92 %
2026/08/30 14:16:56.753, 14785 MiB, 100 %
2026/08/30 14:16:58.754, 14785 MiB, 100 %
2026/08/30 14:17:00.754, 14785 MiB, 67 %
2026/08/30 14:17:02.754, 14785 MiB, 100 %
2026/08/30 14:17:04.755, 14785 MiB, 100 %
2026/08/30 14:17:06.755, 14785 MiB, 76 %
2026/08/30 14:17:08.755, 14785 MiB, 100 %
2026/08/30 14:17:10.756, 14785 MiB, 97 %
2026/08/30 14:17:12.756, 14785 MiB, 89 %
2026/08/30 14:17:14.757, 14785 MiB, 100 %
2026/08/30 14:17:16.757, 14785 MiB, 82 %
2026/08/30 14:17:18.757, 14785 MiB, 100 %
2026/08/30 14:17:20.758, 14785 MiB, 100 %
2026/08/30 14:17:22.758, 14785 MiB, 67 %
2026/08/30 14:17:24.758, 14785 MiB, 100 %
2026/08/30 14:17:26.759, 14785 MiB, 100 %
2026/08/30 14:17:28.759, 14785 MiB, 62 %
2026/08/30 14:17:30.760, 14785 MiB, 100 %
2026/08/30 14:17:32.760, 14785 MiB, 90 %
2026/08/30 14:17:34.760, 14785 MiB, 100 %
2026/08/30 14:17:36.761, 14785 MiB, 100 %
2026/08/30 14:17:38.761, 14785 MiB, 68 %
2026/08/30 14:17:40.761, 14785 MiB, 100 %
2026/08/30 14:17:42.762, 14785 MiB, 100 %
2026/08/30 14:17:44.762, 14785 MiB, 85 %
2026/08/30 14:17:46.762, 14785 MiB, 100 %
2026/08/30 14:17:48.763, 14785 MiB, 67 %
2026/08/30 14:17:50.763, 14785 MiB, 100 %
2026/08/30 14:17:52.763, 14785 MiB, 100 %
2026/08/30 14:17:54.764, 14785 MiB, 66 %
2026/08/30 14:17:56.764, 14785 MiB, 100 %
2026/08/30 14:17:58.764, 14785 MiB, 100 %
2026/08/30 14:18:00.765, 14785 MiB, 71 %
2026/08/30 14:18:02.765, 14785 MiB, 100 %
2026/08/30 14:18:04.766, 14785 MiB, 100 %
2026/08/30 14:18:06.766, 14785 MiB, 63 %
2026/08/30 14:18:08.766, 14785 MiB, 100 %
2026/08/30 14:18:10.767, 14785 MiB, 100 %
2026/08/30 14:18:12.767, 14785 MiB, 76 %
2026/08/30 14:18:14.767, 14785 MiB, 100 %
2026/08/30 14:18:16.768, 14785 MiB, 85 %
2026/08/30 14:18:18.768, 14785 MiB, 98 %
2026/08/30 14:18:20.768, 14785 MiB, 100 %
2026/08/30 14:18:22.769, 14785 MiB, 68 %
2026/08/30 14:18:24.769, 14785 MiB, 100 %
2026/08/30 14:18:26.770, 14785 MiB, 100 %
2026/08/30 14:18:28.770, 14785 MiB, 66 %
2026/08/30 14:18:30.770, 14785 MiB, 100 %
2026/08/30 14:18:32.771, 14785 MiB, 100 %
2026/08/30 14:18:34.771, 14785 MiB, 78 %
2026/08/30 14:18:36.772, 14785 MiB, 100 %
2026/08/30 14:18:38.772, 14785 MiB, 89 %
2026/08/30 14:18:40.772, 14785 MiB, 98 %
2026/08/30 14:18:42.773, 14785 MiB, 100 %
2026/08/30 14:18:44.773, 14785 MiB, 60 %
2026/08/30 14:18:46.774, 14785 MiB, 100 %
2026/08/30 14:18:48.774, 14785 MiB, 66 %
2026/08/30 14:18:50.774, 14785 MiB, 100 %
2026/08/30 14:18:52.775, 14785 MiB, 100 %
2026/08/30 14:18:54.775, 14785 MiB, 62 %
2026/08/30 14:18:56.775, 14785 MiB, 100 %
2026/08/30 14:18:58.776, 14785 MiB, 100 %
2026/08/30 14:19:00.776, 14785 MiB, 66 %
2026/08/30 14:19:02.777, 14785 MiB, 100 %
2026/08/30 14:19:04.777, 14785 MiB, 100 %
2026/08/30 14:19:06.777, 14785 MiB, 68 %
2026/08/30 14:19:08.778, 14785 MiB, 100 %
2026/08/30 14:19:10.778, 14785 MiB, 100 %
2026/08/30 14:19:12.778, 14785 MiB, 55 %
2026/08/30 14:19:14.779, 14785 MiB, 100 %
2026/08/30 14:19:16.779, 14785 MiB, 100 %
2026/08/30 14:19:18.779, 14785 MiB, 72 %
2026/08/30 14:19:20.780, 14785 MiB, 100 %
2026/08/30 14:19:22.780, 14785 MiB, 85 %
2026/08/30 14:19:24.780, 14785 MiB, 100 %
2026/08/30 14:19:26.781, 14785 MiB, 100 %
2026/08/30 14:19:28.781, 14785 MiB, 66 %
2026/08/30 14:19:30.782, 14785 MiB, 100 %
2026/08/30 14:19:32.782, 14785 MiB, 100 %
2026/08/30 14:19:34.782, 14785 MiB, 71 %
2026/08/30 14:19:36.783, 14785 MiB, 100 %
2026/08/30 14:19:38.783, 14785 MiB, 89 %
2026/08/30 14:19:40.784, 14785 MiB, 96 %
2026/08/30 14:19:42.784, 14785 MiB, 100 %
2026/08/30 14:19:44.784, 14785 MiB, 68 %
2026/08/30 14:19:46.785, 14785 MiB, 100 %
2026/08/30 14:19:48.785, 14785 MiB, 100 %
2026/08/30 14:19:50.785, 14785 MiB, 73 %
2026/08/30 14:19:52.786, 14785 MiB, 100 %
2026/08/30 14:19:54.786, 14785 MiB, 69 %
2026/08/30 14:19:56.787, 14785 MiB, 100 %
2026/08/30 14:19:58.787, 14785 MiB, 100 %
2026/08/30 14:20:00.787, 14785 MiB, 65 %
2026/08/30 14:20:02.788, 14785 MiB, 100 %
2026/08/30 14:20:04.788, 14785 MiB, 100 %
2026/08/30 14:20:06.788, 14785 MiB, 66 %
2026/08/30 14:20:08.789, 14785 MiB, 100 %
2026/08/30 14:20:10.789, 14785 MiB, 100 %
2026/08/30 14:20:12.789, 14785 MiB, 71 %
2026/08/30 14:20:14.790, 14785 MiB, 100 %
2026/08/30 14:20:16.790, 14785 MiB, 83 %
2026/08/30 14:20:18.790, 14785 MiB, 100 %
2026/08/30 14:20:20.791, 14785 MiB, 100 %
2026/08/30 14:20:22.791, 14785 MiB, 72 %
2026/08/30 14:20:24.791, 14785 MiB, 100 %
2026/08/30 14:20:26.792, 14785 MiB, 100 %
2026/08/30 14:20:28.792, 14785 MiB, 65 %
2026/08/30 14:20:30.793, 14785 MiB, 100 %
2026/08/30 14:20:32.793, 14785 MiB, 100 %
2026/08/30 14:20:34.793, 14785 MiB, 77 %
2026/08/30 14:20:36.794, 14785 MiB, 100 %
2026/08/30 14:20:38.794, 14785 MiB, 100 %
2026/08/30 14:20:40.795, 14785 MiB, 65 %
2026/08/30 14:20:42.795, 14785 MiB, 100 %
2026/08/30 14:20:44.795, 14785 MiB, 99 %
2026/08/30 14:20:46.796, 14785 MiB, 91 %
2026/08/30 14:20:48.796, 14785 MiB, 100 %
2026/08/30 14:20:50.796, 14785 MiB, 81 %
2026/08/30 14:20:52.797, 14785 MiB, 100 %
2026/08/30 14:20:54.797, 14785 MiB, 100 %
2026/08/30 14:20:56.798, 14785 MiB, 67 %
2026/08/30 14:20:58.798, 14785 MiB, 100 %
2026/08/30 14:21:00.798, 14785 MiB, 100 %
2026/08/30 14:21:02.799, 14785 MiB, 69 %
2026/08/30 14:21:04.799, 14785 MiB, 100 %
2026/08/30 14:21:06.799, 14785 MiB, 100 %
2026/08/30 14:21:08.800, 14785 MiB, 100 %
2026/08/30 14:21:10.800, 14785 MiB, 100 %
2026/08/30 14:21:12.800, 14785 MiB, 68 %
2026/08/30 14:21:14.801, 14785 MiB, 100 %
2026/08/30 14:21:16.801, 14785 MiB, 100 %
2026/08/30 14:21:18.802, 14785 MiB, 66 %
2026/08/30 14:21:20.802, 14785 MiB, 100 %
2026/08/30 14:21:22.802, 14785 MiB, 78 %
2026/08/30 14:21:24.803, 14785 MiB, 100 %
2026/08/30 14:21:26.803, 14785 MiB, 100 %
2026/08/30 14:21:28.804, 14785 MiB, 68 %
2026/08/30 14:21:30.804, 14785 MiB, 100 %
2026/08/30 14:21:32.804, 14785 MiB, 83 %
2026/08/30 14:21:34.805, 14785 MiB, 97 %
2026/08/30 14:21:36.805, 14785 MiB, 100 %
2026/08/30 14:21:38.805, 14785 MiB, 68 %
2026/08/30 14:21:40.806, 14785 MiB, 100 %
2026/08/30 14:21:42.806, 14785 MiB, 100 %
2026/08/30 14:21:44.806, 14785 MiB, 69 %
2026/08/30 14:21:46.807, 14785 MiB, 100 %
2026/08/30 14:21:48.807, 14785 MiB, 91 %
2026/08/30 14:21:50.808, 14785 MiB, 93 %
2026/08/30 14:21:52.808, 14785 MiB, 100 %
2026/08/30 14:21:54.808, 14785 MiB, 79 %
2026/08/30 14:21:56.809, 14785 MiB, 100 %
2026/08/30 14:21:58.809, 14785 MiB, 100 %
2026/08/30 14:22:00.810, 14785 MiB, 67 %
2026/08/30 14:22:02.810, 14785 MiB, 100 %
2026/08/30 14:22:04.810, 14785 MiB, 100 %
2026/08/30 14:22:06.811, 14785 MiB, 70 %
2026/08/30 14:22:08.811, 14785 MiB, 100 %
2026/08/30 14:22:10.811, 14785 MiB, 89 %
2026/08/30 14:22:12.812, 14785 MiB, 100 %
2026/08/30 14:22:14.812, 14785 MiB, 100 %
2026/08/30 14:22:16.812, 14785 MiB, 68 %
2026/08/30 14:22:18.813, 14785 MiB, 100 %
2026/08/30 14:22:20.813, 14785 MiB, 100 %
2026/08/30 14:22:22.814, 14785 MiB, 93 %
2026/08/30 14:22:24.814, 14785 MiB, 100 %
2026/08/30 14:22:26.814, 14785 MiB, 59 %
2026/08/30 14:22:28.815, 14785 MiB, 100 %
2026/08/30 14:22:30.815, 14785 MiB, 100 %
2026/08/30 14:22:32.815, 14785 MiB, 59 %
2026/08/30 14:22:34.816, 14785 MiB, 100 %
2026/08/30 14:22:36.816, 14785 MiB, 100 %
2026/08/30 14:22:38.816, 14785 MiB, 88 %
2026/08/30 14:22:40.817, 14785 MiB, 100 %
2026/08/30 14:22:42.817, 14785 MiB, 67 %
2026/08/30 14:22:44.817, 14785 MiB, 100 %
2026/08/30 14:22:46.818, 14785 MiB, 100 %
2026/08/30 14:22:48.818, 14785 MiB, 75 %
2026/08/30 14:22:50.819, 14785 MiB, 100 %
2026/08/30 14:22:52.819, 14785 MiB, 75 %
2026/08/30 14:22:54.819, 14785 MiB, 100 %
2026/08/30 14:22:56.820, 14785 MiB, 100 %
2026/08/30 14:22:58.820, 14785 MiB, 61 %
2026/08/30 14:23:00.820, 14785 MiB, 100 %
2026/08/30 14:23:02.821, 14785 MiB, 89 %
2026/08/30 14:23:04.821, 14785 MiB, 100 %
2026/08/30 14:23:06.822, 14785 MiB, 100 %
2026/08/30 14:23:08.822, 14785 MiB, 65 %
2026/08/30 14:23:10.822, 14785 MiB, 100 %
2026/08/30 14:23:12.823, 14785 MiB, 100 %
2026/08/30 14:23:14.823, 14785 MiB, 90 %
2026/08/30 14:23:16.823, 14785 MiB, 100 %
2026/08/30 14:23:18.824, 14785 MiB, 75 %
2026/08/30 14:23:20.824, 14785 MiB, 100 %
2026/08/30 14:23:22.824, 14785 MiB, 100 %
2026/08/30 14:23:24.825, 14785 MiB, 67 %
2026/08/30 14:23:26.825, 14785 MiB, 100 %
2026/08/30 14:23:28.826, 14785 MiB, 100 %
2026/08/30 14:23:30.826, 14785 MiB, 66 %
2026/08/30 14:23:32.826, 14785 MiB, 100 %
2026/08/30 14:23:34.827, 14785 MiB, 69 %
2026/08/30 14:23:36.827, 14785 MiB, 100 %
2026/08/30 14:23:38.827, 14785 MiB, 100 %
2026/08/30 14:23:40.828, 14785 MiB, 75 %
2026/08/30 14:23:42.828, 14785 MiB, 100 %
2026/08/30 14:23:44.829, 14785 MiB, 78 %
2026/08/30 14:23:46.829, 14785 MiB, 100 %
2026/08/30 14:23:48.829, 14785 MiB, 100 %
2026/08/30 14:23:50.830, 14785 MiB, 51 %
2026/08/30 14:23:52.830, 14785 MiB, 100 %
2026/08/30 14:23:54.830, 14785 MiB, 100 %
2026/08/30 14:23:56.831, 14785 MiB, 64 %
2026/08/30 14:23:58.831, 14785 MiB, 100 %
2026/08/30 14:24:00.832, 14785 MiB, 100 %
2026/08/30 14:24:02.832, 14785 MiB, 67 %
2026/08/30 14:24:04.832, 14785 MiB, 100 %
2026/08/30 14:24:06.833, 14785 MiB, 100 %
2026/08/30 14:24:08.833, 14785 MiB, 75 %
2026/08/30 14:24:10.833, 14785 MiB, 100 %
2026/08/30 14:24:12.834, 14785 MiB, 86 %
2026/08/30 14:24:14.834, 14785 MiB, 100 %
2026/08/30 14:24:16.835, 14785 MiB, 100 %
2026/08/30 14:24:18.835, 14785 MiB, 68 %
2026/08/30 14:24:20.835, 14785 MiB, 100 %
2026/08/30 14:24:22.836, 14785 MiB, 100 %
2026/08/30 14:24:24.836, 14785 MiB, 84 %
2026/08/30 14:24:26.836, 14785 MiB, 100 %
2026/08/30 14:24:28.837, 14785 MiB, 74 %
2026/08/30 14:24:30.837, 14785 MiB, 100 %
2026/08/30 14:24:32.838, 14785 MiB, 100 %
2026/08/30 14:24:34.838, 14785 MiB, 54 %
2026/08/30 14:24:36.838, 14785 MiB, 100 %
2026/08/30 14:24:38.839, 14785 MiB, 100 %
2026/08/30 14:24:40.839, 14785 MiB, 75 %
2026/08/30 14:24:42.839, 14785 MiB, 100 %
2026/08/30 14:24:44.840, 14785 MiB, 94 %
2026/08/30 14:24:46.840, 14785 MiB, 100 %
2026/08/30 14:24:48.840, 14785 MiB, 100 %
2026/08/30 14:24:50.841, 14785 MiB, 67 %
2026/08/30 14:24:52.841, 14785 MiB, 100 %
2026/08/30 14:24:54.841, 14785 MiB, 100 %
2026/08/30 14:24:56.842, 14785 MiB, 67 %
2026/08/30 14:24:58.842, 14785 MiB, 100 %
2026/08/30 14:25:00.842, 14785 MiB, 100 %
2026/08/30 14:25:02.843, 14785 MiB, 92 %
2026/08/30 14:25:04.843, 14785 MiB, 100 %
2026/08/30 14:25:06.843, 14785 MiB, 54 %
2026/08/30 14:25:08.844, 14785 MiB, 100 %
2026/08/30 14:25:10.844, 14785 MiB, 100 %
2026/08/30 14:25:12.845, 14785 MiB, 61 %
2026/08/30 14:25:14.845, 14785 MiB, 100 %
2026/08/30 14:25:16.845, 14785 MiB, 100 %
2026/08/30 14:25:18.846, 14785 MiB, 72 %
2026/08/30 14:25:20.846, 14785 MiB, 100 %
2026/08/30 14:25:22.846, 14785 MiB, 87 %
2026/08/30 14:25:24.846, 14785 MiB, 100 %
2026/08/30 14:25:26.847, 14785 MiB, 100 %
2026/08/30 14:25:28.847, 14785 MiB, 71 %
2026/08/30 14:25:30.848, 14785 MiB, 100 %
2026/08/30 14:25:32.848, 14785 MiB, 100 %
2026/08/30 14:25:34.848, 14785 MiB, 53 %
2026/08/30 14:25:36.849, 14785 MiB, 100 %
2026/08/30 14:25:38.849, 14785 MiB, 100 %
2026/08/30 14:25:40.849, 14785 MiB, 72 %
2026/08/30 14:25:42.850, 14785 MiB, 100 %
2026/08/30 14:25:44.850, 14785 MiB, 74 %
2026/08/30 14:25:46.850, 14785 MiB, 100 %
2026/08/30 14:25:48.851, 14785 MiB, 100 %
2026/08/30 14:25:50.851, 14785 MiB, 66 %
2026/08/30 14:25:52.852, 14785 MiB, 100 %
2026/08/30 14:25:54.852, 14785 MiB, 100 %
2026/08/30 14:25:56.852, 14785 MiB, 56 %
2026/08/30 14:25:58.853, 14785 MiB, 100 %
2026/08/30 14:26:00.853, 14785 MiB, 100 %
2026/08/30 14:26:02.853, 14785 MiB, 66 %
2026/08/30 14:26:04.854, 14785 MiB, 100 %
2026/08/30 14:26:06.854, 14785 MiB, 100 %
2026/08/30 14:26:08.855, 14785 MiB, 79 %
2026/08/30 14:26:10.855, 14785 MiB, 100 %
2026/08/30 14:26:12.856, 14785 MiB, 91 %
2026/08/30 14:26:14.856, 14785 MiB, 83 %
2026/08/30 14:26:16.856, 14785 MiB, 100 %
2026/08/30 14:26:18.857, 14785 MiB, 70 %
2026/08/30 14:26:20.857, 14785 MiB, 100 %
2026/08/30 14:26:22.858, 14785 MiB, 100 %
2026/08/30 14:26:24.858, 14785 MiB, 68 %
2026/08/30 14:26:26.858, 14785 MiB, 100 %
2026/08/30 14:26:28.859, 14785 MiB, 100 %
2026/08/30 14:26:30.859, 14785 MiB, 86 %
2026/08/30 14:26:32.859, 14785 MiB, 100 %
2026/08/30 14:26:34.860, 14785 MiB, 87 %
2026/08/30 14:26:36.860, 14785 MiB, 99 %
2026/08/30 14:26:38.860, 14785 MiB, 100 %
2026/08/30 14:26:40.861, 14785 MiB, 74 %
2026/08/30 14:26:42.861, 14785 MiB, 100 %
2026/08/30 14:26:44.861, 14785 MiB, 100 %
2026/08/30 14:26:46.862, 14785 MiB, 68 %
2026/08/30 14:26:48.862, 14785 MiB, 100 %
2026/08/30 14:26:50.862, 14785 MiB, 100 %
2026/08/30 14:26:52.863, 14785 MiB, 84 %
2026/08/30 14:26:54.863, 14785 MiB, 100 %
2026/08/30 14:26:56.863, 14785 MiB, 95 %
2026/08/30 14:26:58.864, 14785 MiB, 83 %
2026/08/30 14:27:00.864, 14785 MiB, 100 %
2026/08/30 14:27:02.864, 14785 MiB, 65 %
2026/08/30 14:27:04.865, 14785 MiB, 100 %
2026/08/30 14:27:06.865, 14785 MiB, 100 %
2026/08/30 14:27:08.865, 14785 MiB, 68 %
2026/08/30 14:27:10.866, 14785 MiB, 100 %
2026/08/30 14:27:12.866, 14785 MiB, 98 %
2026/08/30 14:27:14.866, 14785 MiB, 99 %
2026/08/30 14:27:16.867, 14785 MiB, 100 %
2026/08/30 14:27:18.867, 14785 MiB, 67 %
2026/08/30 14:27:20.868, 14785 MiB, 100 %
2026/08/30 14:27:22.868, 14785 MiB, 100 %
2026/08/30 14:27:24.868, 14785 MiB, 63 %
2026/08/30 14:27:26.869, 14785 MiB, 100 %
2026/08/30 14:27:28.869, 14785 MiB, 100 %
2026/08/30 14:27:30.869, 14785 MiB, 79 %
2026/08/30 14:27:32.870, 14785 MiB, 100 %
2026/08/30 14:27:34.870, 14785 MiB, 68 %
2026/08/30 14:27:36.870, 14785 MiB, 100 %
2026/08/30 14:27:38.871, 14785 MiB, 100 %
2026/08/30 14:27:40.871, 14785 MiB, 58 %
2026/08/30 14:27:42.872, 14785 MiB, 100 %
2026/08/30 14:27:44.872, 14785 MiB, 100 %
2026/08/30 14:27:46.872, 14785 MiB, 74 %
2026/08/30 14:27:48.873, 14785 MiB, 100 %
2026/08/30 14:27:50.873, 14785 MiB, 95 %
2026/08/30 14:27:52.873, 14785 MiB, 97 %
2026/08/30 14:27:54.874, 14785 MiB, 100 %
2026/08/30 14:27:56.874, 14785 MiB, 66 %
2026/08/30 14:27:58.874, 14785 MiB, 100 %
2026/08/30 14:28:00.875, 14785 MiB, 100 %
2026/08/30 14:28:02.875, 14785 MiB, 55 %
2026/08/30 14:28:04.875, 14785 MiB, 100 %
2026/08/30 14:28:06.876, 14785 MiB, 100 %
2026/08/30 14:28:08.876, 14785 MiB, 72 %
2026/08/30 14:28:10.876, 14785 MiB, 100 %
2026/08/30 14:28:12.876, 14785 MiB, 83 %
2026/08/30 14:28:14.877, 14785 MiB, 100 %
2026/08/30 14:28:16.877, 14785 MiB, 86 %
2026/08/30 14:28:18.877, 14785 MiB, 100 %
2026/08/30 14:28:20.878, 14785 MiB, 100 %
2026/08/30 14:28:22.878, 14785 MiB, 67 %
2026/08/30 14:28:24.878, 14785 MiB, 100 %
2026/08/30 14:28:26.879, 14785 MiB, 100 %
2026/08/30 14:28:28.879, 14785 MiB, 91 %
2026/08/30 14:28:30.879, 14785 MiB, 100 %
2026/08/30 14:28:32.880, 14785 MiB, 68 %
2026/08/30 14:28:34.880, 14785 MiB, 100 %
2026/08/30 14:28:36.880, 14785 MiB, 100 %
2026/08/30 14:28:38.881, 14785 MiB, 67 %
2026/08/30 14:28:40.881, 14785 MiB, 100 %
2026/08/30 14:28:42.881, 14785 MiB, 100 %
2026/08/30 14:28:44.881, 14785 MiB, 66 %
2026/08/30 14:28:46.882, 14785 MiB, 100 %
2026/08/30 14:28:48.882, 14785 MiB, 100 %
2026/08/30 14:28:50.882, 14785 MiB, 90 %
2026/08/30 14:28:52.882, 14785 MiB, 100 %
2026/08/30 14:28:54.883, 14785 MiB, 88 %
2026/08/30 14:28:56.883, 14785 MiB, 100 %
2026/08/30 14:28:58.883, 14785 MiB, 100 %
2026/08/30 14:29:00.884, 14785 MiB, 65 %
2026/08/30 14:29:02.884, 14785 MiB, 100 %
2026/08/30 14:29:04.884, 14785 MiB, 100 %
2026/08/30 14:29:06.884, 14785 MiB, 69 %
2026/08/30 14:29:08.885, 14785 MiB, 100 %
2026/08/30 14:29:10.885, 14785 MiB, 93 %
2026/08/30 14:29:12.885, 14785 MiB, 100 %
2026/08/30 14:29:14.886, 14785 MiB, 100 %
2026/08/30 14:29:16.886, 14785 MiB, 57 %
2026/08/30 14:29:18.886, 14785 MiB, 100 %
2026/08/30 14:29:20.886, 14785 MiB, 100 %
2026/08/30 14:29:22.887, 14785 MiB, 66 %
2026/08/30 14:29:24.887, 14785 MiB, 100 %
2026/08/30 14:29:26.887, 14785 MiB, 100 %
2026/08/30 14:29:28.888, 14785 MiB, 81 %
2026/08/30 14:29:30.888, 14785 MiB, 100 %
2026/08/30 14:29:32.888, 14785 MiB, 81 %
2026/08/30 14:29:34.888, 14785 MiB, 100 %
2026/08/30 14:29:36.889, 14785 MiB, 100 %
2026/08/30 14:29:38.889, 14785 MiB, 67 %
2026/08/30 14:29:40.889, 14785 MiB, 100 %
2026/08/30 14:29:42.889, 14785 MiB, 100 %
2026/08/30 14:29:44.890, 14785 MiB, 66 %
2026/08/30 14:29:46.890, 14785 MiB, 100 %
2026/08/30 14:29:48.890, 14785 MiB, 95 %
2026/08/30 14:29:50.890, 14785 MiB, 93 %
2026/08/30 14:29:52.891, 14785 MiB, 100 %
2026/08/30 14:29:54.891, 14785 MiB, 68 %
2026/08/30 14:29:56.891, 14785 MiB, 100 %
2026/08/30 14:29:58.891, 14785 MiB, 100 %
2026/08/30 14:30:00.892, 14785 MiB, 55 %
2026/08/30 14:30:02.892, 14785 MiB, 100 %
2026/08/30 14:30:04.892, 14785 MiB, 100 %
2026/08/30 14:30:06.892, 14785 MiB, 58 %
2026/08/30 14:30:08.893, 14785 MiB, 100 %
2026/08/30 14:30:10.893, 14785 MiB, 100 %
2026/08/30 14:30:12.893, 14785 MiB, 91 %
2026/08/30 14:30:14.893, 14785 MiB, 100 %
2026/08/30 14:30:16.894, 14785 MiB, 66 %
2026/08/30 14:30:18.894, 14785 MiB, 100 %
2026/08/30 14:30:20.894, 14785 MiB, 100 %
2026/08/30 14:30:22.895, 14785 MiB, 65 %
2026/08/30 14:30:24.895, 14785 MiB, 100 %
2026/08/30 14:30:26.895, 14785 MiB, 100 %
2026/08/30 14:30:28.896, 14785 MiB, 79 %
2026/08/30 14:30:30.896, 14785 MiB, 100 %
2026/08/30 14:30:32.896, 14785 MiB, 90 %
2026/08/30 14:30:34.896, 14785 MiB, 100 %
2026/08/30 14:30:36.897, 14785 MiB, 100 %
2026/08/30 14:30:38.897, 14785 MiB, 78 %
2026/08/30 14:30:40.897, 14785 MiB, 100 %
2026/08/30 14:30:42.898, 14785 MiB, 100 %
2026/08/30 14:30:44.898, 14785 MiB, 67 %
2026/08/30 14:30:46.898, 14785 MiB, 100 %
2026/08/30 14:30:48.898, 14785 MiB, 100 %
2026/08/30 14:30:50.899, 14785 MiB, 90 %
2026/08/30 14:30:52.899, 14785 MiB, 100 %
2026/08/30 14:30:54.899, 14785 MiB, 72 %
2026/08/30 14:30:56.900, 14785 MiB, 100 %
2026/08/30 14:30:58.900, 14785 MiB, 100 %
2026/08/30 14:31:00.900, 14785 MiB, 66 %
2026/08/30 14:31:02.901, 14785 MiB, 100 %
2026/08/30 14:31:04.901, 14785 MiB, 100 %
2026/08/30 14:31:06.901, 14785 MiB, 68 %
2026/08/30 14:31:08.902, 14785 MiB, 100 %
2026/08/30 14:31:10.902, 14785 MiB, 95 %
2026/08/30 14:31:12.902, 14785 MiB, 94 %
2026/08/30 14:31:14.903, 14785 MiB, 100 %
2026/08/30 14:31:16.903, 14785 MiB, 72 %
2026/08/30 14:31:18.903, 14785 MiB, 100 %
2026/08/30 14:31:20.904, 14785 MiB, 100 %
2026/08/30 14:31:22.904, 14785 MiB, 67 %
2026/08/30 14:31:24.904, 14785 MiB, 100 %
2026/08/30 14:31:26.904, 14785 MiB, 97 %
2026/08/30 14:31:28.905, 14785 MiB, 99 %
2026/08/30 14:31:30.905, 14785 MiB, 100 %
2026/08/30 14:31:32.905, 14785 MiB, 70 %
2026/08/30 14:31:34.906, 14785 MiB, 100 %
2026/08/30 14:31:36.906, 14785 MiB, 100 %
2026/08/30 14:31:38.906, 14785 MiB, 67 %
2026/08/30 14:31:40.907, 14785 MiB, 100 %
2026/08/30 14:31:42.907, 14785 MiB, 100 %
2026/08/30 14:31:44.907, 14785 MiB, 79 %
2026/08/30 14:31:46.907, 14785 MiB, 100 %
2026/08/30 14:31:48.908, 14785 MiB, 75 %
2026/08/30 14:31:50.908, 14785 MiB, 100 %
2026/08/30 14:31:52.908, 14785 MiB, 100 %
2026/08/30 14:31:54.908, 14785 MiB, 63 %
2026/08/30 14:31:56.908, 14785 MiB, 100 %
2026/08/30 14:31:58.909, 14785 MiB, 100 %
2026/08/30 14:32:00.909, 14785 MiB, 93 %
2026/08/30 14:32:02.909, 14785 MiB, 100 %
2026/08/30 14:32:04.910, 14785 MiB, 75 %
2026/08/30 14:32:06.910, 14785 MiB, 100 %
2026/08/30 14:32:08.910, 14785 MiB, 100 %
2026/08/30 14:32:10.911, 14785 MiB, 65 %
2026/08/30 14:32:12.911, 14785 MiB, 100 %
2026/08/30 14:32:14.911, 14785 MiB, 100 %
2026/08/30 14:32:16.912, 14785 MiB, 70 %
2026/08/30 14:32:18.912, 14785 MiB, 100 %
2026/08/30 14:32:20.912, 14785 MiB, 87 %
2026/08/30 14:32:22.913, 14785 MiB, 99 %
2026/08/30 14:32:24.913, 14785 MiB, 100 %
2026/08/30 14:32:26.913, 14785 MiB, 68 %
2026/08/30 14:32:28.913, 14785 MiB, 100 %
2026/08/30 14:32:30.914, 14785 MiB, 100 %
2026/08/30 14:32:32.914, 14785 MiB, 64 %
2026/08/30 14:32:34.914, 14785 MiB, 100 %
2026/08/30 14:32:36.915, 14785 MiB, 100 %
2026/08/30 14:32:38.915, 14785 MiB, 54 %
2026/08/30 14:32:40.915, 14785 MiB, 100 %
2026/08/30 14:32:42.916, 14785 MiB, 100 %
2026/08/30 14:32:44.916, 14785 MiB, 62 %
2026/08/30 14:32:46.916, 14785 MiB, 100 %
2026/08/30 14:32:48.916, 14785 MiB, 100 %
2026/08/30 14:32:50.917, 14785 MiB, 83 %
2026/08/30 14:32:52.917, 14785 MiB, 100 %
2026/08/30 14:32:54.917, 14785 MiB, 100 %
2026/08/30 14:32:56.917, 14785 MiB, 100 %
2026/08/30 14:32:58.918, 14785 MiB, 100 %
2026/08/30 14:33:00.918, 14785 MiB, 68 %
2026/08/30 14:33:02.918, 14785 MiB, 100 %
2026/08/30 14:33:04.919, 14785 MiB, 100 %
2026/08/30 14:33:06.919, 14785 MiB, 82 %
2026/08/30 14:33:08.919, 14785 MiB, 100 %
2026/08/30 14:33:10.920, 14785 MiB, 71 %
2026/08/30 14:33:12.920, 14785 MiB, 100 %
2026/08/30 14:33:14.920, 14785 MiB, 100 %
2026/08/30 14:33:16.920, 14785 MiB, 67 %
2026/08/30 14:33:18.921, 14785 MiB, 100 %
2026/08/30 14:33:20.921, 14785 MiB, 100 %
2026/08/30 14:33:22.921, 14785 MiB, 82 %
2026/08/30 14:33:24.921, 14785 MiB, 100 %
2026/08/30 14:33:26.922, 14785 MiB, 79 %
2026/08/30 14:33:28.922, 14785 MiB, 100 %
2026/08/30 14:33:30.922, 14785 MiB, 100 %
2026/08/30 14:33:32.922, 14785 MiB, 55 %
2026/08/30 14:33:34.923, 14785 MiB, 100 %
2026/08/30 14:33:36.923, 14785 MiB, 100 %
2026/08/30 14:33:38.923, 14785 MiB, 62 %
2026/08/30 14:33:40.924, 14785 MiB, 100 %
2026/08/30 14:33:42.924, 14785 MiB, 100 %
2026/08/30 14:33:44.924, 14785 MiB, 99 %
2026/08/30 14:33:46.924, 14785 MiB, 100 %
2026/08/30 14:33:48.925, 14785 MiB, 65 %
2026/08/30 14:33:50.925, 14785 MiB, 100 %
2026/08/30 14:33:52.925, 14785 MiB, 100 %
2026/08/30 14:33:54.926, 14785 MiB, 67 %
2026/08/30 14:33:56.926, 14785 MiB, 100 %
2026/08/30 14:33:58.926, 14785 MiB, 100 %
2026/08/30 14:34:00.926, 14785 MiB, 100 %
2026/08/30 14:34:02.927, 14785 MiB, 100 %
2026/08/30 14:34:04.927, 14785 MiB, 64 %
2026/08/30 14:34:06.927, 14785 MiB, 100 %
2026/08/30 14:34:08.927, 14785 MiB, 100 %
2026/08/30 14:34:10.928, 14785 MiB, 66 %
2026/08/30 14:34:12.928, 14785 MiB, 100 %
2026/08/30 14:34:14.928, 14785 MiB, 87 %
2026/08/30 14:34:16.928, 14785 MiB, 100 %
2026/08/30 14:34:18.929, 14785 MiB, 100 %
2026/08/30 14:34:20.929, 14785 MiB, 60 %
2026/08/30 14:34:22.929, 14785 MiB, 100 %
2026/08/30 14:34:24.929, 14785 MiB, 100 %
2026/08/30 14:34:26.930, 14785 MiB, 77 %
2026/08/30 14:34:28.930, 14785 MiB, 100 %
2026/08/30 14:34:30.930, 14785 MiB, 84 %
2026/08/30 14:34:32.931, 14785 MiB, 95 %
2026/08/30 14:34:34.931, 14785 MiB, 100 %
2026/08/30 14:34:36.931, 14785 MiB, 62 %
2026/08/30 14:34:38.931, 14785 MiB, 100 %
2026/08/30 14:34:40.932, 14785 MiB, 100 %
2026/08/30 14:34:42.932, 14785 MiB, 69 %
2026/08/30 14:34:44.932, 14785 MiB, 100 %
2026/08/30 14:34:46.932, 14785 MiB, 90 %
2026/08/30 14:34:48.933, 14785 MiB, 98 %
2026/08/30 14:34:50.933, 14785 MiB, 100 %
2026/08/30 14:34:52.933, 14785 MiB, 63 %
2026/08/30 14:34:54.933, 14785 MiB, 100 %
2026/08/30 14:34:56.934, 14785 MiB, 100 %
2026/08/30 14:34:58.934, 14785 MiB, 98 %
2026/08/30 14:35:00.934, 14785 MiB, 100 %
2026/08/30 14:35:02.934, 14785 MiB, 64 %
2026/08/30 14:35:04.935, 14785 MiB, 100 %
2026/08/30 14:35:06.935, 14785 MiB, 100 %
2026/08/30 14:35:08.935, 14785 MiB, 66 %
2026/08/30 14:35:10.935, 14785 MiB, 100 %
2026/08/30 14:35:12.936, 14785 MiB, 93 %
2026/08/30 14:35:14.936, 14785 MiB, 100 %
2026/08/30 14:35:16.936, 14785 MiB, 100 %
2026/08/30 14:35:18.937, 14785 MiB, 65 %
2026/08/30 14:35:20.937, 14785 MiB, 100 %
2026/08/30 14:35:22.937, 14785 MiB, 100 %
2026/08/30 14:35:24.937, 14785 MiB, 66 %
2026/08/30 14:35:26.938, 14785 MiB, 100 %
2026/08/30 14:35:28.938, 14785 MiB, 100 %
2026/08/30 14:35:30.938, 14785 MiB, 64 %
2026/08/30 14:35:32.939, 14785 MiB, 100 %
2026/08/30 14:35:34.939, 14785 MiB, 100 %
2026/08/30 14:35:36.939, 14785 MiB, 81 %
2026/08/30 14:35:38.939, 14785 MiB, 100 %
2026/08/30 14:35:40.940, 14785 MiB, 69 %
2026/08/30 14:35:42.940, 14785 MiB, 100 %
2026/08/30 14:35:44.940, 14785 MiB, 100 %
2026/08/30 14:35:46.940, 14785 MiB, 68 %
2026/08/30 14:35:48.941, 14785 MiB, 100 %
2026/08/30 14:35:50.941, 14785 MiB, 100 %
2026/08/30 14:35:52.941, 14785 MiB, 58 %
2026/08/30 14:35:54.941, 14785 MiB, 100 %
2026/08/30 14:35:56.942, 14785 MiB, 100 %
2026/08/30 14:35:58.942, 14785 MiB, 69 %
2026/08/30 14:36:00.942, 14785 MiB, 100 %
2026/08/30 14:36:02.943, 14785 MiB, 92 %
2026/08/30 14:36:04.943, 14785 MiB, 100 %
2026/08/30 14:36:06.943, 14785 MiB, 100 %
2026/08/30 14:36:08.943, 14785 MiB, 59 %
2026/08/30 14:36:10.944, 14785 MiB, 100 %
2026/08/30 14:36:12.944, 14785 MiB, 100 %
2026/08/30 14:36:14.944, 14785 MiB, 68 %
2026/08/30 14:36:16.945, 14785 MiB, 100 %
2026/08/30 14:36:18.945, 14785 MiB, 86 %
2026/08/30 14:36:20.945, 14785 MiB, 100 %
2026/08/30 14:36:22.945, 14785 MiB, 100 %
2026/08/30 14:36:24.946, 14785 MiB, 68 %
2026/08/30 14:36:26.946, 14785 MiB, 100 %
2026/08/30 14:36:28.946, 14785 MiB, 100 %
2026/08/30 14:36:30.946, 14785 MiB, 68 %
2026/08/30 14:36:32.947, 14785 MiB, 100 %
2026/08/30 14:36:34.947, 14785 MiB, 92 %
2026/08/30 14:36:36.947, 14785 MiB, 90 %
2026/08/30 14:36:38.948, 14785 MiB, 100 %
2026/08/30 14:36:40.948, 14785 MiB, 78 %
2026/08/30 14:36:42.948, 14785 MiB, 100 %
2026/08/30 14:36:44.948, 14785 MiB, 100 %
2026/08/30 14:36:46.949, 14785 MiB, 66 %
2026/08/30 14:36:48.949, 14785 MiB, 100 %
2026/08/30 14:36:50.949, 14785 MiB, 100 %
2026/08/30 14:36:52.949, 14785 MiB, 73 %
2026/08/30 14:36:54.950, 14785 MiB, 100 %
2026/08/30 14:36:56.950, 14785 MiB, 100 %
2026/08/30 14:36:58.950, 14785 MiB, 86 %
2026/08/30 14:37:00.952, 14785 MiB, 100 %
2026/08/30 14:37:02.952, 14785 MiB, 87 %
2026/08/30 14:37:04.952, 14785 MiB, 100 %
2026/08/30 14:37:06.952, 14785 MiB, 100 %
2026/08/30 14:37:08.953, 14785 MiB, 64 %
2026/08/30 14:37:10.953, 14785 MiB, 100 %
2026/08/30 14:37:12.953, 14785 MiB, 100 %
2026/08/30 14:37:14.953, 14785 MiB, 94 %
2026/08/30 14:37:16.954, 14785 MiB, 100 %
2026/08/30 14:37:18.954, 14785 MiB, 76 %
2026/08/30 14:37:20.954, 14785 MiB, 100 %
2026/08/30 14:37:22.954, 14785 MiB, 100 %
2026/08/30 14:37:24.955, 14785 MiB, 65 %
2026/08/30 14:37:26.955, 14785 MiB, 100 %
2026/08/30 14:37:28.955, 14785 MiB, 100 %
2026/08/30 14:37:30.956, 14785 MiB, 63 %
2026/08/30 14:37:32.956, 14785 MiB, 100 %
2026/08/30 14:37:34.956, 14785 MiB, 84 %
2026/08/30 14:37:36.956, 14785 MiB, 100 %
2026/08/30 14:37:38.957, 14785 MiB, 67 %
2026/08/30 14:37:40.957, 14785 MiB, 100 %
2026/08/30 14:37:42.957, 14785 MiB, 100 %
2026/08/30 14:37:44.958, 14785 MiB, 91 %
2026/08/30 14:37:46.958, 14785 MiB, 100 %
2026/08/30 14:37:48.959, 14785 MiB, 75 %
2026/08/30 14:37:50.959, 14785 MiB, 100 %
2026/08/30 14:37:52.959, 14785 MiB, 100 %
2026/08/30 14:37:54.960, 14785 MiB, 64 %
2026/08/30 14:37:56.960, 14785 MiB, 100 %
2026/08/30 14:37:58.960, 14785 MiB, 100 %
2026/08/30 14:38:00.960, 14785 MiB, 70 %
2026/08/30 14:38:02.961, 14785 MiB, 100 %
2026/08/30 14:38:04.961, 14785 MiB, 94 %
2026/08/30 14:38:06.961, 14785 MiB, 100 %
2026/08/30 14:38:08.962, 14785 MiB, 100 %
2026/08/30 14:38:10.962, 14785 MiB, 67 %
2026/08/30 14:38:12.962, 14785 MiB, 100 %
2026/08/30 14:38:14.963, 14785 MiB, 100 %
2026/08/30 14:38:16.963, 14785 MiB, 63 %
2026/08/30 14:38:18.963, 14785 MiB, 100 %
2026/08/30 14:38:20.964, 14785 MiB, 100 %
2026/08/30 14:38:22.964, 14785 MiB, 99 %
2026/08/30 14:38:24.964, 14785 MiB, 100 %
2026/08/30 14:38:26.965, 14785 MiB, 63 %
2026/08/30 14:38:28.965, 14785 MiB, 100 %
2026/08/30 14:38:30.966, 14785 MiB, 100 %
2026/08/30 14:38:32.966, 14785 MiB, 66 %
2026/08/30 14:38:34.966, 14785 MiB, 100 %
2026/08/30 14:38:36.966, 14785 MiB, 100 %
2026/08/30 14:38:38.967, 14785 MiB, 90 %
2026/08/30 14:38:40.967, 14785 MiB, 100 %
2026/08/30 14:38:42.967, 14785 MiB, 67 %
2026/08/30 14:38:44.968, 14785 MiB, 100 %
2026/08/30 14:38:46.968, 14785 MiB, 100 %
2026/08/30 14:38:48.968, 14785 MiB, 67 %
2026/08/30 14:38:50.969, 14785 MiB, 100 %
2026/08/30 14:38:52.969, 14785 MiB, 100 %
2026/08/30 14:38:54.969, 14785 MiB, 69 %
2026/08/30 14:38:56.970, 14785 MiB, 100 %
2026/08/30 14:38:58.970, 14785 MiB, 100 %
2026/08/30 14:39:00.970, 14785 MiB, 57 %
2026/08/30 14:39:02.970, 14785 MiB, 100 %
2026/08/30 14:39:04.971, 14785 MiB, 86 %
2026/08/30 14:39:06.971, 14785 MiB, 85 %
2026/08/30 14:39:08.971, 14785 MiB, 100 %
2026/08/30 14:39:10.971, 14785 MiB, 82 %
2026/08/30 14:39:12.972, 14785 MiB, 100 %
2026/08/30 14:39:14.972, 14785 MiB, 100 %
2026/08/30 14:39:16.972, 14785 MiB, 66 %
2026/08/30 14:39:18.972, 14785 MiB, 100 %
2026/08/30 14:39:20.973, 14785 MiB, 100 %
2026/08/30 14:39:22.973, 14785 MiB, 67 %
2026/08/30 14:39:24.973, 14785 MiB, 100 %
2026/08/30 14:39:26.973, 14785 MiB, 86 %
2026/08/30 14:39:28.974, 14785 MiB, 100 %
2026/08/30 14:39:30.974, 14785 MiB, 100 %
2026/08/30 14:39:32.974, 14785 MiB, 68 %
2026/08/30 14:39:34.974, 14785 MiB, 100 %
2026/08/30 14:39:36.974, 14785 MiB, 100 %
2026/08/30 14:39:38.975, 14785 MiB, 57 %
2026/08/30 14:39:40.975, 14785 MiB, 100 %
2026/08/30 14:39:42.975, 14785 MiB, 96 %
2026/08/30 14:39:44.975, 14785 MiB, 98 %
2026/08/30 14:39:46.976, 14785 MiB, 100 %
2026/08/30 14:39:48.976, 14785 MiB, 84 %
2026/08/30 14:39:50.976, 14785 MiB, 100 %
2026/08/30 14:39:52.977, 14785 MiB, 100 %
2026/08/30 14:39:54.977, 14785 MiB, 66 %
2026/08/30 14:39:56.977, 14785 MiB, 100 %
2026/08/30 14:39:58.978, 14785 MiB, 100 %
2026/08/30 14:40:00.978, 14785 MiB, 75 %
2026/08/30 14:40:02.979, 14785 MiB, 100 %
2026/08/30 14:40:04.979, 14785 MiB, 83 %
2026/08/30 14:40:06.979, 14785 MiB, 100 %
2026/08/30 14:40:08.980, 14785 MiB, 100 %
2026/08/30 14:40:10.980, 14785 MiB, 65 %
2026/08/30 14:40:12.980, 14785 MiB, 100 %
2026/08/30 14:40:14.981, 14785 MiB, 100 %
2026/08/30 14:40:16.981, 14785 MiB, 100 %
2026/08/30 14:40:18.982, 14785 MiB, 100 %
2026/08/30 14:40:20.982, 14785 MiB, 65 %
2026/08/30 14:40:22.982, 14785 MiB, 100 %
2026/08/30 14:40:24.983, 14785 MiB, 100 %
2026/08/30 14:40:26.983, 14785 MiB, 90 %
2026/08/30 14:40:28.983, 14785 MiB, 100 %
2026/08/30 14:40:30.984, 14785 MiB, 66 %
2026/08/30 14:40:32.984, 14785 MiB, 100 %
2026/08/30 14:40:34.985, 14785 MiB, 100 %
2026/08/30 14:40:36.985, 14785 MiB, 66 %
2026/08/30 14:40:38.985, 14785 MiB, 100 %
2026/08/30 14:40:40.986, 14785 MiB, 100 %
2026/08/30 14:40:42.986, 14785 MiB, 72 %
2026/08/30 14:40:44.986, 14785 MiB, 100 %
2026/08/30 14:40:46.987, 14785 MiB, 88 %
2026/08/30 14:40:48.987, 14785 MiB, 100 %
2026/08/30 14:40:51.032, 14785 MiB, 100 %
2026/08/30 14:40:53.032, 14785 MiB, 66 %
2026/08/30 14:40:55.033, 14785 MiB, 100 %
2026/08/30 14:40:57.033, 14785 MiB, 100 %
2026/08/30 14:40:59.033, 14785 MiB, 80 %
2026/08/30 14:41:01.034, 14785 MiB, 100 %
2026/08/30 14:41:03.034, 14785 MiB, 95 %
2026/08/30 14:41:05.035, 14785 MiB, 100 %
2026/08/30 14:41:07.035, 14785 MiB, 100 %
2026/08/30 14:41:09.035, 14785 MiB, 66 %
2026/08/30 14:41:11.036, 14785 MiB, 100 %
2026/08/30 14:41:13.036, 14785 MiB, 100 %
2026/08/30 14:41:15.037, 14785 MiB, 71 %
2026/08/30 14:41:17.037, 14785 MiB, 100 %
2026/08/30 14:41:19.037, 14785 MiB, 93 %
2026/08/30 14:41:21.038, 14785 MiB, 86 %
2026/08/30 14:41:23.038, 14785 MiB, 100 %
2026/08/30 14:41:25.038, 14785 MiB, 100 %
2026/08/30 14:41:27.039, 14785 MiB, 93 %
2026/08/30 14:41:29.039, 14785 MiB, 100 %
2026/08/30 14:41:31.040, 14785 MiB, 80 %
2026/08/30 14:41:33.040, 14785 MiB, 100 %
2026/08/30 14:41:35.040, 14785 MiB, 100 %
2026/08/30 14:41:37.041, 14785 MiB, 51 %
2026/08/30 14:41:39.041, 14785 MiB, 100 %
2026/08/30 14:41:41.041, 14785 MiB, 100 %
2026/08/30 14:41:43.042, 14785 MiB, 78 %
2026/08/30 14:41:45.042, 14785 MiB, 100 %
2026/08/30 14:41:47.043, 14785 MiB, 80 %
2026/08/30 14:41:49.043, 14785 MiB, 100 %
2026/08/30 14:41:51.043, 14785 MiB, 100 %
2026/08/30 14:41:53.044, 14785 MiB, 66 %
2026/08/30 14:41:55.044, 14785 MiB, 100 %
2026/08/30 14:41:57.045, 14785 MiB, 85 %
2026/08/30 14:41:59.045, 14785 MiB, 100 %
2026/08/30 14:42:01.045, 14785 MiB, 100 %
2026/08/30 14:42:03.046, 14785 MiB, 66 %
2026/08/30 14:42:05.046, 14785 MiB, 100 %
2026/08/30 14:42:07.046, 14785 MiB, 100 %
2026/08/30 14:42:09.047, 14785 MiB, 66 %
2026/08/30 14:42:11.047, 14785 MiB, 100 %
2026/08/30 14:42:13.047, 14785 MiB, 90 %
2026/08/30 14:42:15.048, 14785 MiB, 100 %
2026/08/30 14:42:17.048, 14785 MiB, 85 %
2026/08/30 14:42:19.049, 14785 MiB, 100 %
2026/08/30 14:42:21.049, 14785 MiB, 100 %
2026/08/30 14:42:23.049, 14785 MiB, 68 %
2026/08/30 14:42:25.050, 14785 MiB, 100 %
2026/08/30 14:42:27.050, 14785 MiB, 92 %
2026/08/30 14:42:29.050, 14785 MiB, 100 %
2026/08/30 14:42:31.051, 14785 MiB, 100 %
2026/08/30 14:42:33.051, 14785 MiB, 58 %
2026/08/30 14:42:35.051, 14785 MiB, 100 %
2026/08/30 14:42:37.052, 14785 MiB, 100 %
2026/08/30 14:42:39.052, 14785 MiB, 85 %
2026/08/30 14:42:41.052, 14785 MiB, 100 %
2026/08/30 14:42:43.053, 14785 MiB, 61 %
2026/08/30 14:42:45.053, 14785 MiB, 100 %
2026/08/30 14:42:47.054, 14785 MiB, 97 %
2026/08/30 14:42:49.054, 14785 MiB, 94 %
2026/08/30 14:42:51.054, 14785 MiB, 100 %
2026/08/30 14:42:53.055, 14785 MiB, 65 %
2026/08/30 14:42:55.056, 14785 MiB, 100 %
2026/08/30 14:42:57.056, 14785 MiB, 100 %
2026/08/30 14:42:59.056, 14785 MiB, 90 %
2026/08/30 14:43:01.057, 14785 MiB, 100 %
2026/08/30 14:43:03.057, 14785 MiB, 71 %
2026/08/30 14:43:05.057, 14785 MiB, 100 %
2026/08/30 14:43:07.058, 14785 MiB, 100 %
2026/08/30 14:43:09.058, 14785 MiB, 71 %
2026/08/30 14:43:11.059, 14785 MiB, 100 %
2026/08/30 14:43:13.059, 14785 MiB, 86 %
2026/08/30 14:43:15.059, 14785 MiB, 100 %
2026/08/30 14:43:17.060, 14785 MiB, 100 %
2026/08/30 14:43:19.060, 14785 MiB, 66 %
2026/08/30 14:43:21.060, 14785 MiB, 100 %
2026/08/30 14:43:23.061, 14785 MiB, 100 %
2026/08/30 14:43:25.061, 14785 MiB, 80 %
2026/08/30 14:43:27.061, 14785 MiB, 100 %
2026/08/30 14:43:29.062, 14785 MiB, 79 %
2026/08/30 14:43:31.062, 14785 MiB, 100 %
2026/08/30 14:43:33.062, 14785 MiB, 100 %
2026/08/30 14:43:35.063, 14785 MiB, 68 %
2026/08/30 14:43:37.063, 14785 MiB, 100 %
2026/08/30 14:43:39.064, 14785 MiB, 76 %
2026/08/30 14:43:41.064, 14785 MiB, 100 %
2026/08/30 14:43:43.064, 14785 MiB, 100 %
2026/08/30 14:43:45.065, 14785 MiB, 65 %
2026/08/30 14:43:47.065, 14785 MiB, 100 %
2026/08/30 14:43:49.065, 14785 MiB, 97 %
2026/08/30 14:43:51.066, 14785 MiB, 96 %
2026/08/30 14:43:53.066, 14785 MiB, 100 %
2026/08/30 14:43:55.066, 14785 MiB, 55 %
2026/08/30 14:43:57.067, 14785 MiB, 100 %
2026/08/30 14:43:59.067, 14785 MiB, 100 %
2026/08/30 14:44:01.067, 14785 MiB, 65 %
2026/08/30 14:44:03.068, 14785 MiB, 100 %
2026/08/30 14:44:05.068, 14785 MiB, 100 %
2026/08/30 14:44:07.069, 14785 MiB, 62 %
2026/08/30 14:44:09.069, 14785 MiB, 100 %
2026/08/30 14:44:11.069, 14785 MiB, 84 %
2026/08/30 14:44:13.070, 14785 MiB, 100 %
2026/08/30 14:44:15.070, 14785 MiB, 100 %
2026/08/30 14:44:17.071, 14785 MiB, 69 %
2026/08/30 14:44:19.071, 14785 MiB, 100 %
2026/08/30 14:44:21.071, 14785 MiB, 87 %
2026/08/30 14:44:23.072, 14785 MiB, 100 %
2026/08/30 14:44:25.072, 14785 MiB, 100 %
2026/08/30 14:44:27.072, 14785 MiB, 64 %
2026/08/30 14:44:29.073, 14785 MiB, 100 %
2026/08/30 14:44:31.073, 14785 MiB, 100 %
2026/08/30 14:44:33.073, 14785 MiB, 82 %
2026/08/30 14:44:35.074, 14785 MiB, 100 %
2026/08/30 14:44:37.074, 14785 MiB, 73 %
2026/08/30 14:44:39.075, 14785 MiB, 100 %
2026/08/30 14:44:41.075, 14785 MiB, 100 %
2026/08/30 14:44:43.075, 14785 MiB, 82 %
2026/08/30 14:44:45.076, 14785 MiB, 100 %
2026/08/30 14:44:47.076, 14785 MiB, 68 %
2026/08/30 14:44:49.076, 14785 MiB, 100 %
2026/08/30 14:44:51.077, 14785 MiB, 89 %
2026/08/30 14:44:53.077, 14785 MiB, 100 %
2026/08/30 14:44:55.078, 14785 MiB, 100 %
2026/08/30 14:44:57.078, 14785 MiB, 68 %
2026/08/30 14:44:59.078, 14785 MiB, 100 %
2026/08/30 14:45:01.079, 14785 MiB, 94 %
2026/08/30 14:45:03.079, 14785 MiB, 96 %
2026/08/30 14:45:05.079, 14785 MiB, 100 %
2026/08/30 14:45:07.080, 14785 MiB, 66 %
2026/08/30 14:45:09.080, 14785 MiB, 100 %
2026/08/30 14:45:11.081, 14785 MiB, 100 %
2026/08/30 14:45:13.081, 14785 MiB, 61 %
2026/08/30 14:45:15.082, 14785 MiB, 100 %
2026/08/30 14:45:17.082, 14785 MiB, 93 %
2026/08/30 14:45:19.083, 14785 MiB, 100 %
2026/08/30 14:45:21.083, 14785 MiB, 100 %
2026/08/30 14:45:23.083, 14785 MiB, 67 %
2026/08/30 14:45:25.084, 14785 MiB, 100 %
2026/08/30 14:45:27.084, 14785 MiB, 100 %
2026/08/30 14:45:29.084, 14785 MiB, 86 %
2026/08/30 14:45:31.085, 14785 MiB, 100 %
2026/08/30 14:45:33.085, 14785 MiB, 88 %
2026/08/30 14:45:35.086, 14785 MiB, 100 %
2026/08/30 14:45:37.086, 14785 MiB, 100 %
2026/08/30 14:45:39.086, 14785 MiB, 66 %
2026/08/30 14:45:41.087, 14785 MiB, 100 %
2026/08/30 14:45:43.087, 14785 MiB, 100 %
2026/08/30 14:45:45.087, 14785 MiB, 74 %
2026/08/30 14:45:47.088, 14785 MiB, 100 %
2026/08/30 14:45:49.088, 14785 MiB, 68 %
2026/08/30 14:45:51.088, 14785 MiB, 100 %
2026/08/30 14:45:53.089, 14785 MiB, 100 %
2026/08/30 14:45:55.089, 14785 MiB, 92 %
2026/08/30 14:45:57.089, 14785 MiB, 100 %
2026/08/30 14:45:59.090, 14785 MiB, 67 %
2026/08/30 14:46:01.090, 14785 MiB, 100 %
2026/08/30 14:46:03.090, 14785 MiB, 89 %
2026/08/30 14:46:05.091, 14785 MiB, 100 %
2026/08/30 14:46:07.091, 14785 MiB, 100 %
2026/08/30 14:46:09.091, 14785 MiB, 69 %
2026/08/30 14:46:11.092, 14785 MiB, 100 %
2026/08/30 14:46:13.092, 14785 MiB, 78 %
2026/08/30 14:46:15.093, 14785 MiB, 100 %
2026/08/30 14:46:17.093, 14785 MiB, 100 %
2026/08/30 14:46:19.093, 14785 MiB, 69 %
2026/08/30 14:46:21.094, 14785 MiB, 100 %
2026/08/30 14:46:23.094, 14785 MiB, 63 %
2026/08/30 14:46:25.094, 14785 MiB, 100 %
2026/08/30 14:46:27.095, 14785 MiB, 100 %
2026/08/30 14:46:29.095, 14785 MiB, 100 %
2026/08/30 14:46:31.096, 14785 MiB, 100 %
2026/08/30 14:46:33.096, 14785 MiB, 79 %
2026/08/30 14:46:35.096, 14785 MiB, 100 %
2026/08/30 14:46:37.097, 14785 MiB, 54 %
2026/08/30 14:46:39.097, 14785 MiB, 100 %
2026/08/30 14:46:41.098, 14785 MiB, 100 %
2026/08/30 14:46:43.098, 14785 MiB, 100 %
2026/08/30 14:46:45.098, 14785 MiB, 100 %
2026/08/30 14:46:47.099, 14785 MiB, 89 %
2026/08/30 14:46:49.099, 14785 MiB, 100 %
2026/08/30 14:46:51.099, 14785 MiB, 100 %
2026/08/30 14:46:53.100, 14785 MiB, 100 %
2026/08/30 14:46:55.100, 14785 MiB, 69 %
2026/08/30 14:46:57.100, 14785 MiB, 100 %
2026/08/30 14:46:59.101, 14785 MiB, 88 %
2026/08/30 14:47:01.102, 14785 MiB, 100 %
2026/08/30 14:47:03.102, 14785 MiB, 100 %
2026/08/30 14:47:05.103, 14785 MiB, 60 %
2026/08/30 14:47:07.103, 14785 MiB, 100 %
2026/08/30 14:47:09.103, 14785 MiB, 68 %
2026/08/30 14:47:11.104, 14785 MiB, 100 %
2026/08/30 14:47:13.104, 14785 MiB, 100 %
2026/08/30 14:47:15.104, 14785 MiB, 92 %
2026/08/30 14:47:17.105, 14785 MiB, 100 %
2026/08/30 14:47:19.105, 14785 MiB, 60 %
2026/08/30 14:47:21.106, 14785 MiB, 100 %
2026/08/30 14:47:23.106, 14785 MiB, 100 %
2026/08/30 14:47:25.106, 14785 MiB, 74 %
2026/08/30 14:47:27.107, 14785 MiB, 100 %
2026/08/30 14:47:29.107, 14785 MiB, 97 %
2026/08/30 14:47:31.107, 14785 MiB, 100 %
2026/08/30 14:47:33.108, 14785 MiB, 100 %
2026/08/30 14:47:35.108, 14785 MiB, 66 %
2026/08/30 14:47:37.108, 14785 MiB, 100 %
2026/08/30 14:47:39.109, 14785 MiB, 100 %
2026/08/30 14:47:41.109, 14785 MiB, 96 %
2026/08/30 14:47:43.110, 14785 MiB, 100 %
2026/08/30 14:47:45.110, 14785 MiB, 68 %
2026/08/30 14:47:47.110, 14785 MiB, 100 %
2026/08/30 14:47:49.111, 14785 MiB, 100 %
2026/08/30 14:47:51.111, 14785 MiB, 70 %
2026/08/30 14:47:53.111, 14785 MiB, 100 %
2026/08/30 14:47:55.112, 14785 MiB, 75 %
2026/08/30 14:47:57.112, 14785 MiB, 100 %
2026/08/30 14:47:59.112, 14785 MiB, 100 %
2026/08/30 14:48:01.113, 14785 MiB, 67 %
2026/08/30 14:48:03.113, 14785 MiB, 100 %
2026/08/30 14:48:05.113, 14785 MiB, 98 %
2026/08/30 14:48:07.114, 14785 MiB, 97 %
2026/08/30 14:48:09.114, 14785 MiB, 100 %
2026/08/30 14:48:11.114, 14785 MiB, 65 %
2026/08/30 14:48:13.115, 14785 MiB, 100 %
2026/08/30 14:48:15.115, 14785 MiB, 90 %
2026/08/30 14:48:17.116, 14785 MiB, 100 %
2026/08/30 14:48:19.116, 14785 MiB, 100 %
2026/08/30 14:48:21.116, 14785 MiB, 66 %
2026/08/30 14:48:23.117, 14785 MiB, 100 %
2026/08/30 14:48:25.117, 14785 MiB, 84 %
2026/08/30 14:48:27.117, 14785 MiB, 100 %
2026/08/30 14:48:29.118, 14785 MiB, 100 %
2026/08/30 14:48:31.118, 14785 MiB, 83 %
2026/08/30 14:48:33.119, 14785 MiB, 100 %
2026/08/30 14:48:35.119, 14785 MiB, 68 %
2026/08/30 14:48:37.119, 14785 MiB, 100 %
2026/08/30 14:48:39.120, 14785 MiB, 100 %
2026/08/30 14:48:41.120, 14785 MiB, 90 %
2026/08/30 14:48:43.121, 14785 MiB, 100 %
2026/08/30 14:48:45.121, 14785 MiB, 67 %
2026/08/30 14:48:47.121, 14785 MiB, 100 %
2026/08/30 14:48:49.122, 14785 MiB, 73 %
2026/08/30 14:48:51.122, 14785 MiB, 100 %
2026/08/30 14:48:53.122, 14785 MiB, 100 %
2026/08/30 14:48:55.123, 14785 MiB, 66 %
2026/08/30 14:48:57.123, 14785 MiB, 100 %
2026/08/30 14:48:59.123, 14785 MiB, 73 %
2026/08/30 14:49:01.124, 14785 MiB, 100 %
2026/08/30 14:49:03.124, 14785 MiB, 100 %
2026/08/30 14:49:05.124, 14785 MiB, 65 %
2026/08/30 14:49:07.125, 14785 MiB, 100 %
2026/08/30 14:49:09.125, 14785 MiB, 98 %
2026/08/30 14:49:11.125, 14785 MiB, 83 %
2026/08/30 14:49:13.126, 14785 MiB, 100 %
2026/08/30 14:49:15.126, 14785 MiB, 68 %
2026/08/30 14:49:17.127, 14785 MiB, 100 %
2026/08/30 14:49:19.127, 14785 MiB, 100 %
2026/08/30 14:49:21.127, 14785 MiB, 72 %
2026/08/30 14:49:23.128, 14785 MiB, 100 %
2026/08/30 14:49:25.128, 14785 MiB, 100 %
2026/08/30 14:49:27.128, 14785 MiB, 80 %
2026/08/30 14:49:29.129, 14785 MiB, 100 %
2026/08/30 14:49:31.129, 14785 MiB, 71 %
2026/08/30 14:49:33.130, 14785 MiB, 100 %
2026/08/30 14:49:35.130, 14785 MiB, 100 %
2026/08/30 14:49:37.130, 14785 MiB, 58 %
2026/08/30 14:49:39.131, 14785 MiB, 100 %
2026/08/30 14:49:41.131, 14785 MiB, 100 %
2026/08/30 14:49:43.131, 14785 MiB, 65 %
2026/08/30 14:49:45.132, 14785 MiB, 100 %
2026/08/30 14:49:47.132, 14785 MiB, 82 %
2026/08/30 14:49:49.133, 14785 MiB, 100 %
2026/08/30 14:49:51.133, 14785 MiB, 100 %
2026/08/30 14:49:53.133, 14785 MiB, 71 %
2026/08/30 14:49:55.134, 14785 MiB, 100 %
2026/08/30 14:49:57.134, 14785 MiB, 66 %
2026/08/30 14:49:59.134, 14785 MiB, 100 %
2026/08/30 14:50:01.135, 14785 MiB, 100 %
2026/08/30 14:50:03.135, 14785 MiB, 84 %
2026/08/30 14:50:05.136, 14785 MiB, 100 %
2026/08/30 14:50:07.136, 14785 MiB, 67 %
2026/08/30 14:50:09.136, 14785 MiB, 100 %
2026/08/30 14:50:11.137, 14785 MiB, 100 %
2026/08/30 14:50:13.137, 14785 MiB, 88 %
2026/08/30 14:50:15.138, 14785 MiB, 100 %
2026/08/30 14:50:17.138, 14785 MiB, 65 %
2026/08/30 14:50:19.138, 14785 MiB, 100 %
2026/08/30 14:50:21.139, 14785 MiB, 100 %
2026/08/30 14:50:23.139, 14785 MiB, 67 %
2026/08/30 14:50:25.139, 14785 MiB, 100 %
2026/08/30 14:50:27.140, 14785 MiB, 67 %
2026/08/30 14:50:29.140, 14785 MiB, 100 %
2026/08/30 14:50:31.140, 14785 MiB, 100 %
2026/08/30 14:50:33.141, 14785 MiB, 87 %
2026/08/30 14:50:35.141, 14785 MiB, 100 %
2026/08/30 14:50:37.142, 14785 MiB, 66 %
2026/08/30 14:50:39.142, 14785 MiB, 100 %
2026/08/30 14:50:41.142, 14785 MiB, 96 %
2026/08/30 14:50:43.143, 14785 MiB, 92 %
2026/08/30 14:50:45.143, 14785 MiB, 100 %
2026/08/30 14:50:47.143, 14785 MiB, 63 %
2026/08/30 14:50:49.144, 14785 MiB, 100 %
2026/08/30 14:50:51.144, 14785 MiB, 77 %
2026/08/30 14:50:53.144, 14785 MiB, 100 %
2026/08/30 14:50:55.145, 14785 MiB, 100 %
2026/08/30 14:50:57.145, 14785 MiB, 68 %
2026/08/30 14:50:59.146, 14785 MiB, 100 %
2026/08/30 14:51:01.146, 14785 MiB, 81 %
2026/08/30 14:51:03.146, 14785 MiB, 100 %
2026/08/30 14:51:05.147, 14785 MiB, 100 %
2026/08/30 14:51:07.147, 14785 MiB, 66 %
2026/08/30 14:51:09.147, 14785 MiB, 100 %
2026/08/30 14:51:11.148, 14785 MiB, 83 %
2026/08/30 14:51:13.148, 14785 MiB, 100 %
2026/08/30 14:51:15.149, 14785 MiB, 100 %
2026/08/30 14:51:17.149, 14785 MiB, 71 %
2026/08/30 14:51:19.149, 14785 MiB, 100 %
2026/08/30 14:51:21.150, 14785 MiB, 72 %
2026/08/30 14:51:23.150, 14785 MiB, 100 %
2026/08/30 14:51:25.150, 14785 MiB, 100 %
2026/08/30 14:51:27.151, 14785 MiB, 100 %
2026/08/30 14:51:29.151, 14785 MiB, 79 %
2026/08/30 14:51:31.151, 14780 MiB, 0 %
2026/08/30 14:51:33.152, 0 MiB, 0 %
2026/08/30 14:51:35.152, 0 MiB, 0 %
2026/08/30 14:51:37.153, 0 MiB, 0 %
2026/08/30 14:51:39.153, 0 MiB, 0 %
2026/08/30 14:51:41.154, 0 MiB, 0 %
2026/08/30 14:51:43.154, 0 MiB, 0 %
2026/08/30 14:51:45.154, 0 MiB, 0 %
2026/08/30 14:51:47.155, 0 MiB, 0 %
2026/08/30 14:51:49.155, 0 MiB, 0 %
2026/08/30 14:51:51.155, 0 MiB, 0 %
2026/08/30 14:51:53.156, 0 MiB, 0 %
2026/08/30 14:51:55.156, 0 MiB, 0 %
2026/08/30 14:51:57.156, 0 MiB, 0 %
2026/08/30 14:51:59.157, 0 MiB, 0 %
2026/08/30 14:52:01.157, 0 MiB, 0 %
2026/08/30 14:52:03.158, 0 MiB, 0 %
2026/08/30 14:52:05.158, 0 MiB, 0 %
2026/08/30 14:52:07.158, 0 MiB, 0 %
2026/08/30 14:52:09.159, 0 MiB, 0 %
2026/08/30 14:52:11.159, 0 MiB, 0 %
2026/08/30 14:52:13.159, 0 MiB, 0 %
2026/08/30 14:52:15.160, 0 MiB, 0 %
2026/08/30 14:52:17.160, 0 MiB, 0 %
2026/08/30 14:52:19.160, 0 MiB, 0 %
2026/08/30 14:52:21.161, 0 MiB, 0 %
2026/08/30 14:52:23.161, 0 MiB, 0 %
2026/08/30 14:52:25.162, 0 MiB, 0 %
2026/08/30 14:52:27.162, 0 MiB, 0 %
2026/08/30 14:52:29.162, 0 MiB, 0 %
2026/08/30 14:52:31.163, 0 MiB, 0 %
2026/08/30 14:52:33.163, 0 MiB, 0 %
2026/08/30 14:52:35.163, 0 MiB, 0 %
2026/08/30 14:52:37.164, 0 MiB, 0 %
2026/08/30 14:52:39.164, 0 MiB, 0 %
2026/08/30 14:52:41.165, 0 MiB, 0 %
2026/08/30 14:52:43.165, 0 MiB, 0 %
2026/08/30 14:52:45.165, 0 MiB, 0 %
2026/08/30 14:52:47.166, 0 MiB, 0 %
2026/08/30 14:52:49.166, 0 MiB, 0 %
2026/08/30 14:52:51.167, 0 MiB, 0 %
2026/08/30 14:52:53.167, 0 MiB, 0 %
2026/08/30 14:52:55.167, 0 MiB, 0 %
2026/08/30 14:52:57.168, 0 MiB, 0 %
2026/08/30 14:52:59.168, 0 MiB, 0 %
2026/08/30 14:53:01.168, 0 MiB, 0 %
2026/08/30 14:53:03.169, 0 MiB, 0 %
2026/08/30 14:53:05.169, 0 MiB, 0 %
2026/08/30 14:53:07.169, 0 MiB, 0 %
2026/08/30 14:53:09.170, 0 MiB, 0 %
2026/08/30 14:53:11.170, 0 MiB, 0 %
2026/08/30 14:53:13.170, 0 MiB, 0 %
2026/08/30 14:53:15.171, 0 MiB, 0 %
2026/08/30 14:53:17.171, 0 MiB, 0 %
2026/08/30 14:53:19.171, 0 MiB, 0 %
2026/08/30 14:53:21.172, 0 MiB, 0 %
2026/08/30 14:53:23.172, 0 MiB, 0 %
2026/08/30 14:53:25.173, 0 MiB, 0 %
2026/08/30 14:53:27.173, 0 MiB, 0 %
2026/08/30 14:53:29.173, 0 MiB, 0 %
2026/08/30 14:53:31.174, 0 MiB, 0 %
2026/08/30 14:53:33.174, 0 MiB, 0 %
2026/08/30 14:53:35.174, 0 MiB, 0 %
2026/08/30 14:53:37.175, 0 MiB, 0 %
2026/08/30 14:53:39.175, 0 MiB, 0 %
2026/08/30 14:53:41.175, 0 MiB, 0 %
2026/08/30 14:53:43.176, 0 MiB, 0 %
2026/08/30 14:53:45.176, 0 MiB, 0 %
2026/08/30 14:53:47.177, 0 MiB, 0 %
2026/08/30 14:53:49.177, 0 MiB, 0 %
2026/08/30 14:53:51.177, 0 MiB, 0 %
2026/08/30 14:53:53.178, 0 MiB, 0 %
2026/08/30 14:53:55.178, 0 MiB, 0 %
2026/08/30 14:53:57.178, 0 MiB, 0 %
2026/08/30 14:53:59.179, 0 MiB, 0 %
2026/08/30 14:54:01.179, 0 MiB, 0 %
2026/08/30 14:54:03.180, 0 MiB, 0 %
2026/08/30 14:54:05.180, 0 MiB, 0 %
2026/08/30 14:54:07.180, 0 MiB, 0 %
2026/08/30 14:54:09.181, 0 MiB, 0 %
2026/08/30 14:54:11.181, 0 MiB, 0 %
2026/08/30 14:54:13.181, 0 MiB, 0 %
2026/08/30 14:54:15.182, 0 MiB, 0 %
2026/08/30 14:54:17.182, 0 MiB, 0 %
2026/08/30 14:54:19.182, 0 MiB, 0 %
2026/08/30 14:54:21.183, 0 MiB, 0 %
2026/08/30 14:54:23.183, 0 MiB, 0 %
2026/08/30 14:54:25.184, 0 MiB, 0 %
2026/08/30 14:54:27.184, 0 MiB, 0 %
2026/08/30 14:54:29.184, 0 MiB, 0 %
2026/08/30 14:54:31.185, 0 MiB, 0 %
2026/08/30 14:54:33.185, 0 MiB, 0 %
2026/08/30 14:54:35.186, 0 MiB, 0 %
2026/08/30 14:54:37.186, 0 MiB, 0 %
2026/08/30 14:54:39.186, 0 MiB, 0 %
2026/08/30 14:54:41.187, 0 MiB, 0 %
2026/08/30 14:54:43.187, 0 MiB, 0 %
2026/08/30 14:54:45.187, 0 MiB, 0 %
2026/08/30 14:54:47.188, 0 MiB, 0 %
2026/08/30 14:54:49.188, 0 MiB, 0 %
2026/08/30 14:54:51.189, 0 MiB, 0 %
2026/08/30 14:54:53.189, 0 MiB, 0 %
2026/08/30 14:54:55.189, 0 MiB, 0 %
2026/08/30 14:54:57.190, 0 MiB, 0 %
2026/08/30 14:54:59.190, 0 MiB, 0 %
2026/08/30 14:55:01.191, 0 MiB, 0 %
2026/08/30 14:55:03.191, 0 MiB, 0 %
2026/08/30 14:55:05.191, 0 MiB, 0 %
2026/08/30 14:55:07.192, 0 MiB, 0 %
2026/08/30 14:55:09.192, 0 MiB, 0 %
2026/08/30 14:55:11.192, 0 MiB, 0 %
2026/08/30 14:55:13.193, 0 MiB, 0 %
2026/08/30 14:55:15.193, 0 MiB, 0 %
2026/08/30 14:55:17.194, 0 MiB, 0 %
2026/08/30 14:55:19.194, 0 MiB, 0 %
2026/08/30 14:55:21.194, 0 MiB, 0 %
2026/08/30 14:55:23.195, 0 MiB, 0 %
2026/08/30 14:55:25.195, 0 MiB, 0 %
2026/08/30 14:55:27.195, 0 MiB, 0 %
2026/08/30 14:55:29.196, 0 MiB, 0 %
2026/08/30 14:55:31.196, 0 MiB, 0 %
2026/08/30 14:55:33.196, 0 MiB, 0 %
2026/08/30 14:55:35.197, 0 MiB, 0 %
2026/08/30 14:55:37.197, 0 MiB, 0 %
2026/08/30 14:55:39.198, 0 MiB, 0 %
2026/08/30 14:55:41.198, 0 MiB, 0 %
2026/08/30 14:55:43.198, 0 MiB, 0 %
2026/08/30 14:55:45.199, 0 MiB, 0 %
2026/08/30 14:55:47.199, 0 MiB, 0 %
2026/08/30 14:55:49.199, 0 MiB, 0 %
2026/08/30 14:55:51.200, 0 MiB, 0 %
2026/08/30 14:55:53.200, 0 MiB, 0 %
2026/08/30 14:55:55.200, 0 MiB, 0 %
2026/08/30 14:55:57.201, 0 MiB, 0 %
2026/08/30 14:55:59.201, 0 MiB, 0 %
2026/08/30 14:56:01.201, 0 MiB, 0 %
2026/08/30 14:56:03.202, 0 MiB, 0 %
2026/08/30 14:56:05.202, 0 MiB, 0 %
2026/08/30 14:56:07.202, 0 MiB, 0 %
2026/08/30 14:56:09.203, 0 MiB, 0 %
2026/08/30 14:56:11.203, 0 MiB, 0 %
2026/08/30 14:56:13.204, 0 MiB, 0 %
2026/08/30 14:56:15.204, 0 MiB, 0 %
2026/08/30 14:56:17.204, 0 MiB, 0 %
2026/08/30 14:56:19.205, 0 MiB, 0 %
2026/08/30 14:56:21.205, 0 MiB, 0 %
2026/08/30 14:56:23.205, 0 MiB, 0 %
2026/08/30 14:56:25.206, 0 MiB, 0 %
2026/08/30 14:56:27.206, 0 MiB, 0 %
2026/08/30 14:56:29.207, 0 MiB, 0 %
2026/08/30 14:56:31.207, 0 MiB, 0 %
2026/08/30 14:56:33.207, 0 MiB, 0 %
2026/08/30 14:56:35.208, 0 MiB, 0 %
2026/08/30 14:56:37.208, 0 MiB, 0 %
2026/08/30 14:56:39.208, 0 MiB, 0 %
2026/08/30 14:56:41.209, 0 MiB, 0 %
2026/08/30 14:56:43.209, 0 MiB, 0 %
2026/08/30 14:56:45.210, 0 MiB, 0 %
2026/08/30 14:56:47.210, 0 MiB, 0 %
2026/08/30 14:56:49.210, 0 MiB, 0 %
2026/08/30 14:56:51.211, 0 MiB, 0 %
2026/08/30 14:56:53.211, 0 MiB, 0 %
2026/08/30 14:56:55.212, 0 MiB, 0 %
2026/08/30 14:56:57.212, 0 MiB, 0 %
2026/08/30 14:56:59.212, 0 MiB, 0 %
2026/08/30 14:57:01.213, 0 MiB, 0 %
2026/08/30 14:57:03.213, 0 MiB, 0 %
2026/08/30 14:57:05.213, 0 MiB, 0 %
2026/08/30 14:57:07.214, 0 MiB, 0 %
2026/08/30 14:57:09.214, 0 MiB, 0 %
2026/08/30 14:57:11.214, 0 MiB, 0 %
2026/08/30 14:57:13.246, 0 MiB, 0 %
2026/08/30 14:57:15.246, 0 MiB, 0 %
2026/08/30 14:57:17.246, 0 MiB, 0 %
2026/08/30 14:57:19.247, 0 MiB, 0 %
2026/08/30 14:57:21.247, 0 MiB, 0 %
2026/08/30 14:57:23.248, 0 MiB, 0 %
2026/08/30 14:57:25.248, 0 MiB, 0 %
2026/08/30 14:57:27.248, 0 MiB, 0 %
2026/08/30 14:57:29.249, 0 MiB, 0 %
2026/08/30 14:57:31.249, 0 MiB, 0 %
2026/08/30 14:57:33.249, 0 MiB, 0 %
2026/08/30 14:57:35.250, 0 MiB, 0 %
2026/08/30 14:57:37.250, 0 MiB, 0 %
2026/08/30 14:57:39.251, 0 MiB, 0 %
2026/08/30 14:57:41.251, 0 MiB, 0 %
2026/08/30 14:57:43.251, 0 MiB, 0 %
2026/08/30 14:57:45.252, 0 MiB, 0 %
2026/08/30 14:57:47.252, 0 MiB, 0 %
2026/08/30 14:57:49.252, 0 MiB, 0 %
2026/08/30 14:57:51.253, 0 MiB, 0 %
2026/08/30 14:57:53.253, 0 MiB, 0 %
2026/08/30 14:57:55.254, 0 MiB, 0 %
2026/08/30 14:57:57.254, 0 MiB, 0 %
2026/08/30 14:57:59.254, 0 MiB, 0 %
2026/08/30 14:58:01.255, 0 MiB, 0 %
2026/08/30 14:58:03.255, 0 MiB, 0 %
2026/08/30 14:58:05.255, 0 MiB, 0 %
2026/08/30 14:58:07.256, 0 MiB, 0 %
2026/08/30 14:58:09.256, 0 MiB, 0 %
2026/08/30 14:58:11.257, 0 MiB, 0 %
2026/08/30 14:58:13.257, 0 MiB, 0 %
2026/08/30 14:58:15.257, 0 MiB, 0 %
2026/08/30 14:58:17.258, 0 MiB, 0 %
2026/08/30 14:58:19.258, 0 MiB, 0 %
2026/08/30 14:58:21.259, 0 MiB, 0 %
2026/08/30 14:58:23.259, 0 MiB, 0 %
2026/08/30 14:58:25.259, 0 MiB, 0 %
2026/08/30 14:58:27.260, 0 MiB, 0 %
2026/08/30 14:58:29.260, 0 MiB, 0 %
2026/08/30 14:58:31.261, 0 MiB, 0 %
2026/08/30 14:58:33.261, 0 MiB, 0 %
2026/08/30 14:58:35.261, 0 MiB, 0 %
2026/08/30 14:58:37.262, 0 MiB, 0 %
2026/08/30 14:58:39.262, 0 MiB, 0 %
2026/08/30 14:58:41.262, 0 MiB, 0 %
2026/08/30 14:58:43.263, 0 MiB, 0 %
2026/08/30 14:58:45.263, 0 MiB, 0 %
2026/08/30 14:58:47.264, 0 MiB, 0 %
2026/08/30 14:58:49.264, 0 MiB, 0 %
2026/08/30 14:58:51.264, 0 MiB, 0 %
2026/08/30 14:58:53.265, 0 MiB, 0 %
2026/08/30 14:58:55.265, 0 MiB, 0 %
2026/08/30 14:58:57.265, 0 MiB, 0 %
2026/08/30 14:58:59.266, 0 MiB, 0 %
2026/08/30 14:59:01.266, 0 MiB, 0 %
2026/08/30 14:59:03.267, 0 MiB, 0 %
2026/08/30 14:59:05.267, 0 MiB, 0 %
2026/08/30 14:59:07.267, 0 MiB, 0 %
2026/08/30 14:59:09.268, 0 MiB, 0 %
2026/08/30 14:59:11.268, 0 MiB, 0 %
2026/08/30 14:59:13.268, 0 MiB, 0 %
2026/08/30 14:59:15.269, 0 MiB, 0 %
2026/08/30 14:59:17.269, 0 MiB, 0 %
2026/08/30 14:59:19.270, 0 MiB, 0 %
2026/08/30 14:59:21.270, 0 MiB, 0 %
2026/08/30 14:59:23.270, 0 MiB, 0 %
2026/08/30 14:59:25.283, 0 MiB, 0 %
2026/08/30 14:59:27.283, 0 MiB, 0 %
2026/08/30 14:59:29.284, 0 MiB, 0 %
2026/08/30 14:59:31.284, 0 MiB, 0 %
2026/08/30 14:59:33.285, 0 MiB, 0 %
2026/08/30 14:59:35.285, 0 MiB, 0 %
2026/08/30 14:59:37.285, 0 MiB, 0 %
2026/08/30 14:59:39.286, 0 MiB, 0 %
2026/08/30 14:59:41.286, 0 MiB, 0 %
2026/08/30 14:59:43.286, 0 MiB, 0 %
2026/08/30 14:59:45.287, 0 MiB, 0 %
2026/08/30 14:59:47.287, 0 MiB, 0 %
2026/08/30 14:59:49.287, 0 MiB, 0 %
2026/08/30 14:59:51.288, 0 MiB, 0 %
2026/08/30 14:59:53.288, 0 MiB, 0 %
2026/08/30 14:59:55.289, 0 MiB, 0 %
2026/08/30 14:59:57.289, 0 MiB, 0 %
2026/08/30 14:59:59.289, 0 MiB, 0 %
2026/08/30 15:00:01.290, 0 MiB, 0 %
2026/08/30 15:00:03.290, 0 MiB, 0 %
2026/08/30 15:00:05.290, 0 MiB, 0 %
2026/08/30 15:00:07.291, 0 MiB, 0 %
2026/08/30 15:00:09.291, 0 MiB, 0 %
2026/08/30 15:00:11.292, 0 MiB, 0 %
2026/08/30 15:00:13.292, 0 MiB, 0 %
2026/08/30 15:00:15.292, 0 MiB, 0 %
2026/08/30 15:00:17.293, 0 MiB, 0 %
2026/08/30 15:00:19.293, 0 MiB, 0 %
2026/08/30 15:00:21.294, 0 MiB, 0 %
2026/08/30 15:00:23.294, 0 MiB, 0 %
2026/08/30 15:00:25.294, 0 MiB, 0 %
2026/08/30 15:00:27.295, 0 MiB, 0 %
2026/08/30 15:00:29.295, 0 MiB, 0 %
2026/08/30 15:00:31.296, 0 MiB, 0 %
2026/08/30 15:00:33.296, 0 MiB, 0 %
2026/08/30 15:00:35.296, 0 MiB, 0 %
2026/08/30 15:00:37.297, 0 MiB, 0 %
2026/08/30 15:00:39.297, 0 MiB, 0 %
2026/08/30 15:00:41.297, 0 MiB, 0 %
2026/08/30 15:00:43.298, 0 MiB, 0 %
2026/08/30 15:00:45.298, 0 MiB, 0 %
2026/08/30 15:00:47.299, 0 MiB, 0 %
2026/08/30 15:00:49.299, 0 MiB, 0 %
2026/08/30 15:00:51.299, 0 MiB, 0 %
2026/08/30 15:00:53.300, 0 MiB, 0 %
2026/08/30 15:00:55.300, 0 MiB, 0 %
2026/08/30 15:00:57.300, 0 MiB, 0 %
2026/08/30 15:00:59.314, 0 MiB, 0 %
2026/08/30 15:01:01.314, 0 MiB, 0 %
2026/08/30 15:01:03.314, 0 MiB, 0 %
2026/08/30 15:01:05.334, 0 MiB, 0 %
2026/08/30 15:01:07.334, 0 MiB, 0 %
2026/08/30 15:01:09.335, 0 MiB, 0 %
2026/08/30 15:01:11.335, 0 MiB, 0 %
2026/08/30 15:01:13.336, 0 MiB, 0 %
2026/08/30 15:01:15.336, 0 MiB, 0 %
2026/08/30 15:01:17.336, 0 MiB, 0 %
2026/08/30 15:01:19.337, 0 MiB, 0 %
2026/08/30 15:01:21.337, 0 MiB, 0 %
2026/08/30 15:01:23.337, 0 MiB, 0 %
2026/08/30 15:01:25.338, 0 MiB, 0 %
2026/08/30 15:01:27.338, 0 MiB, 0 %
2026/08/30 15:01:29.338, 0 MiB, 0 %
2026/08/30 15:01:31.339, 0 MiB, 0 %
2026/08/30 15:01:33.339, 0 MiB, 0 %
2026/08/30 15:01:35.340, 0 MiB, 0 %
2026/08/30 15:01:37.340, 0 MiB, 0 %
2026/08/30 15:01:39.340, 0 MiB, 0 %
2026/08/30 15:01:41.341, 0 MiB, 0 %
2026/08/30 15:01:43.341, 0 MiB, 0 %
2026/08/30 15:01:45.341, 0 MiB, 0 %
2026/08/30 15:01:47.342, 0 MiB, 0 %
2026/08/30 15:01:49.342, 0 MiB, 0 %
2026/08/30 15:01:51.343, 0 MiB, 0 %
2026/08/30 15:01:53.343, 0 MiB, 0 %
2026/08/30 15:01:55.343, 0 MiB, 0 %
2026/08/30 15:01:57.344, 0 MiB, 0 %
2026/08/30 15:01:59.344, 0 MiB, 0 %
2026/08/30 15:02:01.344, 0 MiB, 0 %
2026/08/30 15:02:03.345, 0 MiB, 0 %
2026/08/30 15:02:05.345, 0 MiB, 0 %
2026/08/30 15:02:07.345, 0 MiB, 0 %
2026/08/30 15:02:09.346, 0 MiB, 0 %
2026/08/30 15:02:11.346, 0 MiB, 0 %
2026/08/30 15:02:13.346, 0 MiB, 0 %
2026/08/30 15:02:15.347, 0 MiB, 0 %
2026/08/30 15:02:17.347, 0 MiB, 0 %
2026/08/30 15:02:19.347, 0 MiB, 0 %
2026/08/30 15:02:21.348, 0 MiB, 0 %
2026/08/30 15:02:23.348, 0 MiB, 0 %
2026/08/30 15:02:25.349, 0 MiB, 0 %
2026/08/30 15:02:27.349, 0 MiB, 0 %
2026/08/30 15:02:29.349, 0 MiB, 0 %
2026/08/30 15:02:31.350, 0 MiB, 0 %
2026/08/30 15:02:33.350, 0 MiB, 0 %
2026/08/30 15:02:35.351, 0 MiB, 0 %
2026/08/30 15:02:37.351, 0 MiB, 0 %
2026/08/30 15:02:39.351, 0 MiB, 0 %
2026/08/30 15:02:41.352, 0 MiB, 0 %
2026/08/30 15:02:43.352, 0 MiB, 0 %
2026/08/30 15:02:45.352, 0 MiB, 0 %
2026/08/30 15:02:47.353, 0 MiB, 0 %
2026/08/30 15:02:49.353, 0 MiB, 0 %
2026/08/30 15:02:51.353, 0 MiB, 0 %
2026/08/30 15:02:53.354, 0 MiB, 0 %
2026/08/30 15:02:55.354, 0 MiB, 0 %
2026/08/30 15:02:57.355, 0 MiB, 0 %
2026/08/30 15:02:59.355, 0 MiB, 0 %
2026/08/30 15:03:01.355, 0 MiB, 0 %
2026/08/30 15:03:03.356, 0 MiB, 0 %
2026/08/30 15:03:05.356, 0 MiB, 0 %
2026/08/30 15:03:07.356, 0 MiB, 0 %
2026/08/30 15:03:09.357, 0 MiB, 0 %
2026/08/30 15:03:11.357, 0 MiB, 0 %
2026/08/30 15:03:13.357, 0 MiB, 0 %
2026/08/30 15:03:15.358, 0 MiB, 0 %
2026/08/30 15:03:17.358, 0 MiB, 0 %
2026/08/30 15:03:19.359, 0 MiB, 0 %
2026/08/30 15:03:21.359, 0 MiB, 0 %
2026/08/30 15:03:23.359, 0 MiB, 0 %
2026/08/30 15:03:25.360, 0 MiB, 0 %
2026/08/30 15:03:27.360, 0 MiB, 0 %
2026/08/30 15:03:29.361, 0 MiB, 0 %
2026/08/30 15:03:31.361, 0 MiB, 0 %
2026/08/30 15:03:33.361, 0 MiB, 0 %
2026/08/30 15:03:35.362, 0 MiB, 0 %
2026/08/30 15:03:37.362, 0 MiB, 0 %
2026/08/30 15:03:39.362, 0 MiB, 0 %
2026/08/30 15:03:41.363, 0 MiB, 0 %
2026/08/30 15:03:43.363, 0 MiB, 0 %
2026/08/30 15:03:45.363, 0 MiB, 0 %
2026/08/30 15:03:47.364, 0 MiB, 0 %
2026/08/30 15:03:49.364, 0 MiB, 0 %
2026/08/30 15:03:51.364, 0 MiB, 0 %
2026/08/30 15:03:53.365, 0 MiB, 0 %
2026/08/30 15:03:55.365, 0 MiB, 0 %
2026/08/30 15:03:57.366, 0 MiB, 0 %
2026/08/30 15:03:59.366, 0 MiB, 0 %
2026/08/30 15:04:01.366, 0 MiB, 0 %
2026/08/30 15:04:03.367, 0 MiB, 0 %
2026/08/30 15:04:05.367, 0 MiB, 0 %
2026/08/30 15:04:07.368, 0 MiB, 0 %
2026/08/30 15:04:09.368, 0 MiB, 0 %
2026/08/30 15:04:11.369, 0 MiB, 0 %
2026/08/30 15:04:13.369, 0 MiB, 0 %
2026/08/30 15:04:15.370, 0 MiB, 0 %
2026/08/30 15:04:17.370, 0 MiB, 0 %
2026/08/30 15:04:19.370, 0 MiB, 0 %
2026/08/30 15:04:21.371, 0 MiB, 0 %
2026/08/30 15:04:23.371, 0 MiB, 0 %
2026/08/30 15:04:25.371, 0 MiB, 0 %
2026/08/30 15:04:27.372, 0 MiB, 0 %
2026/08/30 15:04:29.372, 0 MiB, 0 %
2026/08/30 15:04:31.372, 0 MiB, 0 %
2026/08/30 15:04:33.373, 0 MiB, 0 %
2026/08/30 15:04:35.373, 0 MiB, 0 %
2026/08/30 15:04:37.373, 0 MiB, 0 %
2026/08/30 15:04:39.374, 0 MiB, 0 %
2026/08/30 15:04:41.374, 0 MiB, 0 %
2026/08/30 15:04:43.374, 0 MiB, 0 %
2026/08/30 15:04:45.375, 0 MiB, 0 %
2026/08/30 15:04:47.375, 0 MiB, 0 %
2026/08/30 15:04:49.376, 0 MiB, 0 %
2026/08/30 15:04:51.377, 0 MiB, 0 %
2026/08/30 15:04:53.378, 0 MiB, 0 %
2026/08/30 15:04:55.378, 0 MiB, 0 %
2026/08/30 15:04:57.379, 0 MiB, 0 %
2026/08/30 15:04:59.379, 0 MiB, 0 %
2026/08/30 15:05:01.380, 0 MiB, 0 %
2026/08/30 15:05:03.380, 0 MiB, 0 %
2026/08/30 15:05:05.380, 0 MiB, 0 %
2026/08/30 15:05:07.381, 0 MiB, 0 %
2026/08/30 15:05:09.381, 0 MiB, 0 %
2026/08/30 15:05:11.381, 0 MiB, 0 %
2026/08/30 15:05:13.382, 0 MiB, 0 %
2026/08/30 15:05:15.382, 0 MiB, 0 %
2026/08/30 15:05:17.382, 0 MiB, 0 %
2026/08/30 15:05:19.383, 0 MiB, 0 %
2026/08/30 15:05:21.383, 0 MiB, 0 %
2026/08/30 15:05:23.383, 0 MiB, 0 %
2026/08/30 15:05:25.384, 0 MiB, 0 %
2026/08/30 15:05:27.384, 0 MiB, 0 %
2026/08/30 15:05:29.384, 0 MiB, 0 %
2026/08/30 15:05:31.385, 0 MiB, 0 %
2026/08/30 15:05:33.385, 0 MiB, 0 %
2026/08/30 15:05:35.385, 0 MiB, 0 %
2026/08/30 15:05:37.386, 0 MiB, 0 %
2026/08/30 15:05:39.386, 0 MiB, 0 %
2026/08/30 15:05:41.402, 0 MiB, 0 %
2026/08/30 15:05:43.402, 0 MiB, 0 %
2026/08/30 15:05:45.403, 0 MiB, 0 %
2026/08/30 15:05:47.403, 0 MiB, 0 %
2026/08/30 15:05:49.403, 0 MiB, 0 %
2026/08/30 15:05:51.404, 0 MiB, 0 %
2026/08/30 15:05:53.404, 0 MiB, 0 %
2026/08/30 15:05:55.404, 0 MiB, 0 %
2026/08/30 15:05:57.405, 0 MiB, 0 %
2026/08/30 15:05:59.405, 0 MiB, 0 %
2026/08/30 15:06:01.405, 0 MiB, 0 %
2026/08/30 15:06:03.406, 0 MiB, 0 %
2026/08/30 15:06:05.406, 0 MiB, 0 %
2026/08/30 15:06:07.406, 0 MiB, 0 %
2026/08/30 15:06:09.407, 0 MiB, 0 %
2026/08/30 15:06:11.407, 0 MiB, 0 %
2026/08/30 15:06:13.408, 0 MiB, 0 %
2026/08/30 15:06:15.408, 0 MiB, 0 %
2026/08/30 15:06:17.408, 0 MiB, 0 %
2026/08/30 15:06:19.409, 0 MiB, 0 %
2026/08/30 15:06:21.409, 0 MiB, 0 %
2026/08/30 15:06:23.409, 0 MiB, 0 %
2026/08/30 15:06:25.410, 0 MiB, 0 %
2026/08/30 15:06:27.410, 0 MiB, 0 %
2026/08/30 15:06:29.410, 0 MiB, 0 %
2026/08/30 15:06:31.411, 0 MiB, 0 %
2026/08/30 15:06:33.411, 0 MiB, 0 %
2026/08/30 15:06:35.411, 0 MiB, 0 %
2026/08/30 15:06:37.412, 0 MiB, 0 %
2026/08/30 15:06:39.412, 0 MiB, 0 %
2026/08/30 15:06:41.412, 0 MiB, 0 %
2026/08/30 15:06:43.413, 0 MiB, 0 %
2026/08/30 15:06:45.413, 0 MiB, 0 %
2026/08/30 15:06:47.413, 0 MiB, 0 %
2026/08/30 15:06:49.414, 0 MiB, 0 %
2026/08/30 15:06:51.414, 0 MiB, 0 %
2026/08/30 15:06:53.415, 0 MiB, 0 %
2026/08/30 15:06:55.415, 0 MiB, 0 %
2026/08/30 15:06:57.415, 0 MiB, 0 %
2026/08/30 15:06:59.416, 0 MiB, 0 %
2026/08/30 15:07:01.416, 0 MiB, 0 %
2026/08/30 15:07:03.416, 0 MiB, 0 %
2026/08/30 15:07:05.417, 0 MiB, 0 %
2026/08/30 15:07:07.417, 0 MiB, 0 %
2026/08/30 15:07:09.423, 0 MiB, 0 %
2026/08/30 15:07:11.423, 0 MiB, 0 %
2026/08/30 15:07:13.423, 0 MiB, 0 %
2026/08/30 15:07:15.424, 0 MiB, 0 %
2026/08/30 15:07:17.424, 0 MiB, 0 %
2026/08/30 15:07:19.424, 0 MiB, 0 %
2026/08/30 15:07:21.425, 0 MiB, 0 %
2026/08/30 15:07:23.425, 0 MiB, 0 %
2026/08/30 15:07:25.425, 0 MiB, 0 %
2026/08/30 15:07:27.426, 0 MiB, 0 %
2026/08/30 15:07:29.426, 0 MiB, 0 %
2026/08/30 15:07:31.426, 0 MiB, 0 %
2026/08/30 15:07:33.427, 0 MiB, 0 %
2026/08/30 15:07:35.427, 0 MiB, 0 %
2026/08/30 15:07:37.428, 0 MiB, 0 %
2026/08/30 15:07:39.428, 0 MiB, 0 %
2026/08/30 15:07:41.428, 0 MiB, 0 %
2026/08/30 15:07:43.429, 0 MiB, 0 %
2026/08/30 15:07:45.429, 0 MiB, 0 %
2026/08/30 15:07:47.429, 0 MiB, 0 %
2026/08/30 15:07:49.430, 0 MiB, 0 %
2026/08/30 15:07:51.430, 0 MiB, 0 %
2026/08/30 15:07:53.430, 0 MiB, 0 %
2026/08/30 15:07:55.431, 0 MiB, 0 %
2026/08/30 15:07:57.431, 0 MiB, 0 %
2026/08/30 15:07:59.432, 0 MiB, 0 %
2026/08/30 15:08:01.432, 0 MiB, 0 %
2026/08/30 15:08:03.432, 0 MiB, 0 %
2026/08/30 15:08:05.433, 0 MiB, 0 %
2026/08/30 15:08:07.433, 0 MiB, 0 %
2026/08/30 15:08:09.433, 0 MiB, 0 %
2026/08/30 15:08:11.434, 0 MiB, 0 %
2026/08/30 15:08:13.434, 0 MiB, 0 %
2026/08/30 15:08:15.435, 0 MiB, 0 %
2026/08/30 15:08:17.435, 0 MiB, 0 %
2026/08/30 15:08:19.435, 0 MiB, 0 %
2026/08/30 15:08:21.436, 0 MiB, 0 %
2026/08/30 15:08:23.436, 0 MiB, 0 %
2026/08/30 15:08:25.436, 0 MiB, 0 %
2026/08/30 15:08:27.437, 0 MiB, 0 %
2026/08/30 15:08:29.437, 0 MiB, 0 %
2026/08/30 15:08:31.438, 0 MiB, 0 %
2026/08/30 15:08:33.438, 0 MiB, 0 %
2026/08/30 15:08:35.438, 0 MiB, 0 %
2026/08/30 15:08:37.439, 0 MiB, 0 %
2026/08/30 15:08:39.439, 0 MiB, 0 %
2026/08/30 15:08:41.439, 0 MiB, 0 %
2026/08/30 15:08:43.440, 0 MiB, 0 %
2026/08/30 15:08:45.440, 0 MiB, 0 %
2026/08/30 15:08:47.440, 0 MiB, 0 %
2026/08/30 15:08:49.441, 0 MiB, 0 %
2026/08/30 15:08:51.441, 0 MiB, 0 %
2026/08/30 15:08:53.442, 0 MiB, 0 %
2026/08/30 15:08:55.442, 0 MiB, 0 %
2026/08/30 15:08:57.442, 0 MiB, 0 %
2026/08/30 15:08:59.443, 0 MiB, 0 %
2026/08/30 15:09:01.443, 0 MiB, 0 %
2026/08/30 15:09:03.443, 0 MiB, 0 %
 0 %
2026/08/30 15:08:13.413, 0 MiB, 0 %
2026/08/30 15:08:15.413, 0 MiB, 0 %
2026/08/30 15:08:17.413, 0 MiB, 0 %
2026/08/30 15:08:19.414, 0 MiB, 0 %
2026/08/30 15:08:21.414, 0 MiB, 0 %
2026/08/30 15:08:23.414, 0 MiB, 0 %
2026/08/30 15:08:25.415, 0 MiB, 0 %
2026/08/30 15:08:27.415, 0 MiB, 0 %
2026/08/30 15:08:29.415, 0 MiB, 0 %
2026/08/30 15:08:31.416, 0 MiB, 0 %
2026/08/30 15:08:33.418, 0 MiB, 0 %
2026/08/30 15:08:35.418, 0 MiB, 0 %
2026/08/30 15:08:37.418, 0 MiB, 0 %
2026/08/30 15:08:39.419, 0 MiB, 0 %
2026/08/30 15:08:41.419, 0 MiB, 0 %
2026/08/30 15:08:43.419, 0 MiB, 0 %
2026/08/30 15:08:45.420, 0 MiB, 0 %
2026/08/30 15:08:47.420, 0 MiB, 0 %
2026/08/30 15:08:49.420, 0 MiB, 0 %
2026/08/30 15:08:51.421, 0 MiB, 0 %
2026/08/30 15:08:53.421, 0 MiB, 0 %
2026/08/30 15:08:55.422, 0 MiB, 0 %
2026/08/30 15:08:57.422, 0 MiB, 0 %
2026/08/30 15:08:59.422, 0 MiB, 0 %
2026/08/30 15:09:01.423, 0 MiB, 0 %
2026/08/30 15:09:03.423, 0 MiB, 0 %
2026/08/30 15:09:05.423, 0 MiB, 0 %
2026/08/30 15:09:07.424, 0 MiB, 0 %
2026/08/30 15:09:09.424, 0 MiB, 0 %
